{
  "total_trades": 6,
  "wins": 2,
  "losses": 4,
  "neural_accuracy": 0.43801653385162354,
  "ensemble_accuracy": 0.512396694214876,
  "last_retrain": "2026-02-07T15:00:52.166089",
  "model_version": 1,
  "confidence_history": [],
  "thought_history": []
}