{
  "w": [
    0.11361023771664566,
    0.0,
    0.0,
    0.0,
    0.0,
    0.0,
    0.0,
    0.0
  ],
  "b": 0.1108856727897556,
  "n": 596
}