time,open,high,low,close
2026-03-20 15:14:00,72.1495,72.2115,72.1375,72.1565
2026-03-20 15:15:00,72.1615,72.2455,72.1565,72.2195
2026-03-20 15:16:00,72.2185,72.3245,72.2095,72.3045
2026-03-20 15:17:00,72.3085,72.3385,72.2715,72.2745
2026-03-20 15:18:00,72.2725,72.2865,72.2335,72.2445
2026-03-20 15:19:00,72.2475,72.3615,72.1645,72.3495
2026-03-20 15:20:00,72.3455,72.3605,72.2965,72.3205
2026-03-20 15:21:00,72.3275,72.3825,72.3085,72.3465
2026-03-20 15:22:00,72.3455,72.3845,72.3175,72.3845
2026-03-20 15:23:00,72.3825,72.4935,72.3825,72.4235
2026-03-20 15:24:00,72.4255,72.5305,72.4045,72.5095
2026-03-20 15:25:00,72.5105,72.5175,72.4545,72.4585
2026-03-20 15:26:00,72.4605,72.4895,72.3045,72.3075
2026-03-20 15:27:00,72.3055,72.3835,72.3055,72.3625
2026-03-20 15:28:00,72.3605,72.4835,72.3465,72.4755
2026-03-20 15:29:00,72.4795,72.6165,72.4245,72.6055
2026-03-20 15:30:00,72.6145,72.6245,72.4945,72.5285
2026-03-20 15:31:00,72.5335,72.6175,72.5075,72.5515
2026-03-20 15:32:00,72.5535,72.6295,72.5455,72.6205
2026-03-20 15:33:00,72.6225,72.6865,72.5995,72.6445
2026-03-20 15:34:00,72.6405,72.6715,72.5455,72.5625
2026-03-20 15:35:00,72.5595,72.6055,72.5255,72.5675
2026-03-20 15:36:00,72.5655,72.5905,72.5395,72.5405
2026-03-20 15:37:00,72.5385,72.5535,72.3835,72.4735
2026-03-20 15:38:00,72.4755,72.5225,72.4675,72.5095
2026-03-20 15:39:00,72.5045,72.5945,72.4915,72.5645
2026-03-20 15:40:00,72.5665,72.5915,72.5235,72.5485
2026-03-20 15:41:00,72.5455,72.5455,72.4715,72.4985
2026-03-20 15:42:00,72.4975,72.6485,72.4975,72.6385
2026-03-20 15:43:00,72.6395,72.7455,72.6325,72.7455
2026-03-20 15:44:00,72.7415,72.7925,72.7395,72.7615
2026-03-20 15:45:00,72.7625,72.7755,72.6925,72.7065
2026-03-20 15:46:00,72.7105,72.7745,72.6595,72.7055
2026-03-20 15:47:00,72.7015,72.7015,72.6185,72.6185
2026-03-20 15:48:00,72.6165,72.6725,72.6095,72.6195
2026-03-20 15:49:00,72.6215,72.6875,72.6085,72.6465
2026-03-20 15:50:00,72.6515,72.6655,72.5715,72.5995
2026-03-20 15:51:00,72.5655,72.6155,72.5315,72.5375
2026-03-20 15:52:00,72.5345,72.5395,72.4835,72.5325
2026-03-20 15:53:00,72.5295,72.5875,72.4995,72.5485
2026-03-20 15:54:00,72.5455,72.5615,72.4065,72.4185
2026-03-20 15:55:00,72.4255,72.4325,72.3925,72.4315
2026-03-20 15:56:00,72.4305,72.4775,72.3505,72.3555
2026-03-20 15:57:00,72.3575,72.3805,72.2785,72.2995
2026-03-20 15:58:00,72.2985,72.3295,72.2465,72.2585
2026-03-20 15:59:00,72.2575,72.2815,72.1725,72.2005
2026-03-20 16:00:00,72.2035,72.2325,72.1785,72.1795
2026-03-20 16:01:00,72.1755,72.1825,72.1225,72.1695
2026-03-20 16:02:00,72.1665,72.1795,72.1095,72.1245
2026-03-20 16:03:00,72.1265,72.1845,72.1265,72.1385
2026-03-20 16:04:00,72.1515,72.1855,72.0755,72.0795
2026-03-20 16:05:00,72.0755,72.1605,72.0105,72.1225
2026-03-20 16:06:00,72.1255,72.2025,72.0715,72.2005
2026-03-20 16:07:00,72.2035,72.2225,72.1815,72.2225
2026-03-20 16:08:00,72.2275,72.2285,72.1165,72.1305
2026-03-20 16:09:00,72.1285,72.1785,72.1015,72.1545
2026-03-20 16:10:00,72.1515,72.2665,72.1485,72.1805
2026-03-20 16:11:00,72.1835,72.1875,72.0225,72.1295
2026-03-20 16:12:00,72.1345,72.1935,72.0945,72.1605
2026-03-20 16:13:00,72.1615,72.1935,72.0885,72.1185
2026-03-20 16:14:00,72.1175,72.2225,72.0915,72.2075
2026-03-20 16:15:00,72.2065,72.2925,72.1355,72.1625
2026-03-20 16:16:00,72.1615,72.2245,72.1295,72.2145
2026-03-20 16:17:00,72.2165,72.3765,72.2155,72.3675
2026-03-20 16:18:00,72.3635,72.4835,72.3175,72.4445
2026-03-20 16:19:00,72.4485,72.5305,72.4435,72.5235
2026-03-20 16:20:00,72.5245,72.5335,72.4885,72.5035
2026-03-20 16:21:00,72.5005,72.5005,72.4295,72.4345
2026-03-20 16:22:00,72.4355,72.4995,72.4355,72.4795
2026-03-20 16:23:00,72.4805,72.4805,72.3945,72.4185
2026-03-20 16:24:00,72.4075,72.5445,72.3295,72.5345
2026-03-20 16:25:00,72.5305,72.6605,72.5225,72.6515
2026-03-20 16:26:00,72.6475,72.6845,72.6225,72.6345
2026-03-20 16:27:00,72.6375,72.6675,72.5895,72.5895
2026-03-20 16:28:00,72.5935,72.6055,72.4865,72.5155
2026-03-20 16:29:00,72.5205,72.5255,72.4865,72.4995
2026-03-20 16:30:00,72.5015,72.5385,72.2935,72.3725
2026-03-20 16:31:00,72.3745,72.3865,72.2455,72.2515
2026-03-20 16:32:00,72.2475,72.2875,72.1745,72.2545
2026-03-20 16:33:00,72.2555,72.2985,72.0325,72.0965
2026-03-20 16:34:00,72.0975,72.1075,71.9945,72.0365
2026-03-20 16:35:00,72.0355,72.1135,72.0285,72.1015
2026-03-20 16:36:00,72.0995,72.2015,72.0835,72.1905
2026-03-20 16:37:00,72.1915,72.2075,72.0845,72.0875
2026-03-20 16:38:00,72.0925,72.0985,72.0585,72.0695
2026-03-20 16:39:00,72.0675,72.1985,72.0645,72.1605
2026-03-20 16:40:00,72.1375,72.2995,72.1345,72.2915
2026-03-20 16:41:00,72.2935,72.3695,72.2535,72.3615
2026-03-20 16:42:00,72.3595,72.3635,72.2645,72.2865
2026-03-20 16:43:00,72.2895,72.3735,72.2365,72.3735
2026-03-20 16:44:00,72.3695,72.3925,72.2775,72.3325
2026-03-20 16:45:00,72.3295,72.3585,72.2575,72.2645
2026-03-20 16:46:00,72.2605,72.3015,72.2395,72.2925
2026-03-20 16:47:00,72.2915,72.3425,72.2595,72.2755
2026-03-20 16:48:00,72.2715,72.3535,72.2575,72.3065
2026-03-20 16:49:00,72.3085,72.3275,72.2325,72.2445
2026-03-20 16:50:00,72.2485,72.3315,72.2485,72.3155
2026-03-20 16:51:00,72.3205,72.3325,72.2595,72.2975
2026-03-20 16:52:00,72.3005,72.3345,72.2135,72.2155
2026-03-20 16:53:00,72.2145,72.2795,72.2025,72.2715
2026-03-20 16:54:00,72.2745,72.2835,72.2265,72.2675
2026-03-20 16:55:00,72.2695,72.3325,72.2635,72.3105
2026-03-20 16:56:00,72.3145,72.3255,72.2245,72.2355
2026-03-20 16:57:00,72.2315,72.2815,72.1795,72.1855
2026-03-20 16:58:00,72.1835,72.2915,72.1615,72.2655
2026-03-20 16:59:00,72.2685,72.4295,72.2215,72.4285
2026-03-20 17:00:00,72.4345,72.5575,72.3735,72.3805
2026-03-20 17:01:00,72.3785,72.4365,72.3195,72.4085
2026-03-20 17:02:00,72.4075,72.5185,72.3895,72.5185
2026-03-20 17:03:00,72.5185,72.5285,72.3855,72.3905
2026-03-20 17:04:00,72.3895,72.4515,72.2615,72.3905
2026-03-20 17:05:00,72.3885,72.4435,72.3335,72.3635
2026-03-20 17:06:00,72.3765,72.4055,72.3115,72.3665
2026-03-20 17:07:00,72.3655,72.3705,72.2785,72.2995
2026-03-20 17:08:00,72.2975,72.3135,72.1825,72.1905
2026-03-20 17:09:00,72.1885,72.2535,72.1735,72.1985
2026-03-20 17:10:00,72.1975,72.2305,72.1595,72.1695
2026-03-20 17:11:00,72.1655,72.2185,72.0315,72.0315
2026-03-20 17:12:00,72.0275,72.0605,71.9575,72.0415
2026-03-20 17:13:00,72.0455,72.0575,71.9755,71.9925
2026-03-20 17:14:00,71.9895,72.0535,71.9825,72.0495
2026-03-20 17:15:00,72.0515,72.2165,72.0395,72.1175
2026-03-20 17:16:00,72.1195,72.1875,72.1055,72.1215
2026-03-20 17:17:00,72.1235,72.3615,72.1195,72.2735
2026-03-20 17:18:00,72.2725,72.2755,72.2285,72.2655
2026-03-20 17:19:00,72.2695,72.2755,72.1645,72.1905
2026-03-20 17:20:00,72.1865,72.3255,72.1835,72.3125
2026-03-20 17:21:00,72.3145,72.4265,72.3015,72.3515
2026-03-20 17:22:00,72.3505,72.3665,72.1945,72.2495
2026-03-20 17:23:00,72.2525,72.2525,72.1455,72.1615
2026-03-20 17:24:00,72.1625,72.2285,72.1215,72.2125
2026-03-20 17:25:00,72.2075,72.2075,72.1195,72.1585
2026-03-20 17:26:00,72.1575,72.2495,72.1515,72.2365
2026-03-20 17:27:00,72.2405,72.2655,72.1605,72.1885
2026-03-20 17:28:00,72.1955,72.2565,72.1755,72.1955
2026-03-20 17:29:00,72.1945,72.2515,72.0455,72.0715
2026-03-20 17:30:00,72.0755,72.1315,72.0045,72.0625
2026-03-20 17:31:00,72.0585,72.0765,72.0225,72.0475
2026-03-20 17:32:00,72.0465,72.0965,72.0125,72.0545
2026-03-20 17:33:00,72.0515,72.0685,71.9895,72.0535
2026-03-20 17:34:00,72.0645,72.0735,71.9345,71.9675
2026-03-20 17:35:00,71.9695,72.1245,71.9645,72.1085
2026-03-20 17:36:00,72.1055,72.1725,72.0745,72.1335
2026-03-20 17:37:00,72.1345,72.1635,72.0855,72.1625
2026-03-20 17:38:00,72.1615,72.1785,72.1025,72.1505
2026-03-20 17:39:00,72.1475,72.2315,72.0135,72.0175
2026-03-20 17:40:00,72.0185,72.0275,71.8275,71.8905
2026-03-20 17:41:00,71.8895,71.9015,71.7135,71.7135
2026-03-20 17:42:00,71.7145,71.7415,71.6915,71.7295
2026-03-20 17:43:00,71.7285,71.7865,71.7045,71.7255
2026-03-20 17:44:00,71.7285,71.7285,71.5655,71.6045
2026-03-20 17:45:00,71.6015,71.6335,71.5235,71.6025
2026-03-20 17:46:00,71.6035,71.7165,71.6035,71.6935
2026-03-20 17:47:00,71.6915,71.6965,71.5885,71.6745
2026-03-20 17:48:00,71.6715,71.7075,71.6615,71.6765
2026-03-20 17:49:00,71.6805,71.6805,71.5265,71.5585
2026-03-20 17:50:00,71.5565,71.6065,71.5365,71.5875
2026-03-20 17:51:00,71.5865,71.6055,71.5575,71.5935
2026-03-20 17:52:00,71.5955,71.6195,71.5675,71.6125
2026-03-20 17:53:00,71.6195,71.7245,71.6025,71.6845
2026-03-20 17:54:00,71.6865,71.6995,71.6335,71.6375
2026-03-20 17:55:00,71.6395,71.7615,71.6385,71.7565
2026-03-20 17:56:00,71.7535,72.0705,71.7505,72.0375
2026-03-20 17:57:00,72.0335,72.2175,72.0335,72.2005
2026-03-20 17:58:00,72.2015,72.2365,72.1445,72.1675
2026-03-20 17:59:00,72.1665,72.1895,72.0275,72.0315
2026-03-20 18:00:00,72.0335,72.2145,72.0215,72.2115
2026-03-20 18:01:00,72.2075,72.2165,72.1125,72.1415
2026-03-20 18:02:00,72.1435,72.1875,72.1055,72.1855
2026-03-20 18:03:00,72.1875,72.3495,72.1825,72.3205
2026-03-20 18:04:00,72.3235,72.4115,72.2755,72.4075
2026-03-20 18:05:00,72.4055,72.4275,72.3325,72.3385
2026-03-20 18:06:00,72.3345,72.3535,72.2255,72.2325
2026-03-20 18:07:00,72.2345,72.2355,72.0625,72.0655
2026-03-20 18:08:00,72.0665,72.2145,72.0645,72.1885
2026-03-20 18:09:00,72.1845,72.2615,72.1725,72.2005
2026-03-20 18:10:00,72.1975,72.2775,72.1455,72.1645
2026-03-20 18:11:00,72.1635,72.3825,72.1605,72.3445
2026-03-20 18:12:00,72.3485,72.4095,72.3095,72.3395
2026-03-20 18:13:00,72.3355,72.3875,72.3205,72.3875
2026-03-20 18:14:00,72.3865,72.4405,72.3735,72.4305
2026-03-20 18:15:00,72.4325,72.4455,72.4035,72.4345
2026-03-20 18:16:00,72.4355,72.4795,72.1865,72.1905
2026-03-20 18:17:00,72.1865,72.2215,72.1355,72.1575
2026-03-20 18:18:00,72.1625,72.1705,72.0405,72.1285
2026-03-20 18:19:00,72.1265,72.1625,72.0795,72.1175
2026-03-20 18:20:00,72.1195,72.2035,72.1165,72.1575
2026-03-20 18:21:00,72.1595,72.2435,72.1175,72.1185
2026-03-20 18:22:00,72.1205,72.1235,72.0605,72.0635
2026-03-20 18:23:00,72.0595,72.0615,71.9575,72.0345
2026-03-20 18:24:00,72.0315,72.0395,71.9705,72.0285
2026-03-20 18:25:00,72.0315,72.2285,72.0225,72.2285
2026-03-20 18:26:00,72.2295,72.3225,72.2275,72.3225
2026-03-20 18:27:00,72.3215,72.3745,72.2605,72.2605
2026-03-20 18:28:00,72.2615,72.3005,72.2455,72.2655
2026-03-20 18:29:00,72.2685,72.3465,72.2595,72.3065
2026-03-20 18:30:00,72.3105,72.3105,72.0115,72.0115
2026-03-20 18:31:00,72.0085,72.1435,72.0085,72.1115
2026-03-20 18:32:00,72.1135,72.2135,72.1075,72.2065
2026-03-20 18:33:00,72.2015,72.3135,72.1885,72.3135
2026-03-20 18:34:00,72.3105,72.3825,72.3105,72.3715
2026-03-20 18:35:00,72.3725,72.3855,72.2895,72.3305
2026-03-20 18:36:00,72.3295,72.3595,72.1815,72.3085
2026-03-20 18:37:00,72.3095,72.4505,72.3095,72.4015
2026-03-20 18:38:00,72.3995,72.5065,72.3865,72.4925
2026-03-20 18:39:00,72.4905,72.5015,72.4535,72.4725
2026-03-20 18:40:00,72.4815,72.4855,72.4065,72.4065
2026-03-20 18:41:00,72.4085,72.4865,72.3865,72.4535
2026-03-20 18:42:00,72.4625,72.4685,72.3145,72.3245
2026-03-20 18:43:00,72.3285,72.3315,72.2115,72.3125
2026-03-20 18:44:00,72.3085,72.3545,72.2785,72.3425
2026-03-20 18:45:00,72.3445,72.3605,72.2455,72.3575
2026-03-20 18:46:00,72.3535,72.3925,72.2835,72.2835
2026-03-20 18:47:00,72.2815,72.2975,72.2215,72.2235
2026-03-20 18:48:00,72.2205,72.2715,72.1895,72.2145
2026-03-20 18:49:00,72.2135,72.2365,72.1395,72.2355
2026-03-20 18:50:00,72.2315,72.2485,72.1665,72.1675
2026-03-20 18:51:00,72.1705,72.2215,72.1345,72.2125
2026-03-20 18:52:00,72.2095,72.2135,72.1365,72.1685
2026-03-20 18:53:00,72.1665,72.2615,72.1535,72.1915
2026-03-20 18:54:00,72.1945,72.2295,72.1565,72.1685
2026-03-20 18:55:00,72.1725,72.2045,72.0365,72.0415
2026-03-20 18:56:00,72.0425,72.1375,72.0405,72.1315
2026-03-20 18:57:00,72.1335,72.1385,72.0815,72.1125
2026-03-20 18:58:00,72.1095,72.1245,72.0055,72.1245
2026-03-20 18:59:00,72.1255,72.1595,72.0205,72.0955
2026-03-20 19:00:00,72.0995,72.1215,72.0315,72.1125
2026-03-20 19:01:00,72.1165,72.1895,72.0575,72.0575
2026-03-20 19:02:00,72.0565,72.0665,71.9805,71.9975
2026-03-20 19:03:00,72.0005,72.1815,71.9995,72.1765
2026-03-20 19:04:00,72.1725,72.2045,72.1035,72.1175
2026-03-20 19:05:00,72.1205,72.1885,72.1005,72.1185
2026-03-20 19:06:00,72.1225,72.1765,72.0975,72.1485
2026-03-20 19:07:00,72.1525,72.1745,72.0705,72.0945
2026-03-20 19:08:00,72.0975,72.1525,72.0655,72.1215
2026-03-20 19:09:00,72.1195,72.1475,72.0755,72.0865
2026-03-20 19:10:00,72.0835,72.1745,71.9985,72.1615
2026-03-20 19:11:00,72.1565,72.1685,72.0555,72.1465
2026-03-20 19:12:00,72.1475,72.2495,72.1375,72.1765
2026-03-20 19:13:00,72.1845,72.2075,72.1225,72.1765
2026-03-20 19:14:00,72.1775,72.2315,72.1505,72.2155
2026-03-20 19:15:00,72.2135,72.2685,72.2025,72.2685
2026-03-20 19:16:00,72.2645,72.3375,72.2275,72.3375
2026-03-20 19:17:00,72.3405,72.3765,72.2915,72.3355
2026-03-20 19:18:00,72.3395,72.3445,72.2755,72.3175
2026-03-20 19:19:00,72.3155,72.3295,72.2385,72.2555
2026-03-20 19:20:00,72.2545,72.3455,72.2485,72.3275
2026-03-20 19:21:00,72.3235,72.4525,72.3125,72.4445
2026-03-20 19:22:00,72.4485,72.4635,72.3605,72.4165
2026-03-20 19:23:00,72.4135,72.5425,72.3995,72.5025
2026-03-20 19:24:00,72.4975,72.5225,72.4345,72.4445
2026-03-20 19:25:00,72.4405,72.4935,72.4265,72.4395
2026-03-20 19:26:00,72.4475,72.4475,72.2275,72.2695
2026-03-20 19:27:00,72.2705,72.2775,72.1135,72.1145
2026-03-20 19:28:00,72.1115,72.1505,72.0795,72.0885
2026-03-20 19:29:00,72.0895,72.1485,72.0495,72.0835
2026-03-20 19:30:00,72.0845,72.1105,72.0315,72.0935
2026-03-20 19:31:00,72.0925,72.0975,71.9215,71.9385
2026-03-20 19:32:00,71.9405,71.9415,71.8725,71.9065
2026-03-20 19:33:00,71.9035,71.9055,71.8375,71.8605
2026-03-20 19:34:00,71.8645,71.8645,71.6685,71.6865
2026-03-20 19:35:00,71.6905,71.7505,71.6815,71.7185
2026-03-20 19:36:00,71.7175,71.7215,71.6195,71.6785
2026-03-20 19:37:00,71.6815,71.6955,71.4665,71.4785
2026-03-20 19:38:00,71.4795,71.5825,71.4795,71.5665
2026-03-20 19:39:00,71.5645,71.5645,71.4585,71.4745
2026-03-20 19:40:00,71.4785,71.4795,71.3705,71.3705
2026-03-20 19:41:00,71.3695,71.3855,71.2205,71.2445
2026-03-20 19:42:00,71.2425,71.2525,71.1325,71.1805
2026-03-20 19:43:00,71.1795,71.1835,71.0725,71.0905
2026-03-20 19:44:00,71.0945,71.1775,71.0075,71.0275
2026-03-20 19:45:00,71.0235,71.0475,70.9345,70.9475
2026-03-20 19:46:00,70.9485,71.1825,70.9435,71.1215
2026-03-20 19:47:00,71.1235,71.1265,70.9785,71.0355
2026-03-20 19:48:00,71.0315,71.0695,70.9865,71.0075
2026-03-20 19:49:00,71.0085,71.0295,70.9425,70.9775
2026-03-20 19:50:00,70.9755,71.0055,70.9115,70.9835
2026-03-20 19:51:00,70.9805,71.0385,70.8365,70.8525
2026-03-20 19:52:00,70.8515,70.9185,70.8025,70.9165
2026-03-20 19:53:00,70.9125,70.9585,70.8475,70.9585
2026-03-20 19:54:00,70.9605,71.1085,70.9515,71.0955
2026-03-20 19:55:00,71.1075,71.2005,71.1005,71.1915
2026-03-20 19:56:00,71.1915,71.2085,71.1245,71.1465
2026-03-20 19:57:00,71.1475,71.1725,70.9895,71.0345
2026-03-20 19:58:00,71.0385,71.0445,70.8605,70.8675
2026-03-20 19:59:00,70.8715,70.9875,70.8695,70.8805
2026-03-20 20:00:00,70.8845,70.9505,70.8545,70.9345
2026-03-20 20:01:00,70.9325,71.0745,70.9015,71.0725
2026-03-20 20:02:00,71.0715,71.1335,71.0665,71.1115
2026-03-20 20:03:00,71.1075,71.1555,71.0615,71.1185
2026-03-20 20:04:00,71.1215,71.2485,71.0995,71.2435
2026-03-20 20:05:00,71.2395,71.2955,71.2335,71.2585
2026-03-20 20:06:00,71.2605,71.3045,71.1225,71.1315
2026-03-20 20:07:00,71.1275,71.2065,71.0805,71.1785
2026-03-20 20:08:00,71.1805,71.2955,71.1805,71.2695
2026-03-20 20:09:00,71.2675,71.5465,71.2085,71.5465
2026-03-20 20:10:00,71.5415,71.5865,71.4735,71.5815
2026-03-20 20:11:00,71.5835,71.6495,71.4635,71.4715
2026-03-20 20:12:00,71.4745,71.5925,71.4505,71.5665
2026-03-20 20:13:00,71.5715,71.6545,71.5535,71.6145
2026-03-20 20:14:00,71.6175,71.6345,71.5515,71.6095
2026-03-20 20:15:00,71.6145,71.7055,71.6095,71.6975
2026-03-20 20:16:00,71.6965,71.6965,71.5925,71.6155
2026-03-20 20:17:00,71.6145,71.6395,71.4985,71.5215
2026-03-20 20:18:00,71.5185,71.5625,71.4675,71.4745
2026-03-20 20:19:00,71.4815,71.4815,71.4225,71.4385
2026-03-20 20:20:00,71.4345,71.5045,71.4335,71.4725
2026-03-20 20:21:00,71.4695,71.5415,71.4695,71.5055
2026-03-20 20:22:00,71.5095,71.6225,71.5065,71.6085
2026-03-20 20:23:00,71.5985,71.6045,71.5385,71.5695
2026-03-20 20:24:00,71.5755,71.6795,71.5625,71.6385
2026-03-20 20:25:00,71.6365,71.7105,71.5755,71.7035
2026-03-20 20:26:00,71.7045,71.7105,71.6235,71.7105
2026-03-20 20:27:00,71.7055,71.7685,71.6945,71.7135
2026-03-20 20:28:00,71.7145,71.7145,71.5995,71.6895
2026-03-20 20:29:00,71.6845,71.7325,71.6415,71.7235
2026-03-20 20:30:00,71.7215,71.7525,71.6295,71.6445
2026-03-20 20:31:00,71.6475,71.6745,71.6125,71.6525
2026-03-20 20:32:00,71.6515,71.6955,71.5775,71.5805
2026-03-20 20:33:00,71.5775,71.7435,71.5605,71.7325
2026-03-20 20:34:00,71.7305,71.7565,71.6645,71.6895
2026-03-20 20:35:00,71.6875,71.7195,71.5865,71.5905
2026-03-20 20:36:00,71.5925,71.6455,71.5855,71.6045
2026-03-20 20:37:00,71.6075,71.6155,71.4535,71.4695
2026-03-20 20:38:00,71.4675,71.4915,71.3955,71.4545
2026-03-20 20:39:00,71.4505,71.5135,71.4185,71.4885
2026-03-20 20:40:00,71.4865,71.5465,71.4265,71.4955
2026-03-20 20:41:00,71.4995,71.5945,71.4965,71.5335
2026-03-20 20:42:00,71.5255,71.6205,71.5255,71.6125
2026-03-20 20:43:00,71.6115,71.7435,71.5995,71.7415
2026-03-20 20:44:00,71.7425,71.8205,71.6975,71.7465
2026-03-20 20:45:00,71.7445,71.8145,71.6915,71.8145
2026-03-20 20:46:00,71.8195,71.8575,71.8045,71.8305
2026-03-20 20:47:00,71.8275,71.9005,71.8075,71.8715
2026-03-20 20:48:00,71.8735,71.8845,71.7095,71.7425
2026-03-20 20:49:00,71.6975,71.7085,71.6085,71.6085
2026-03-20 20:50:00,71.6055,71.6565,71.5655,71.5685
2026-03-20 20:51:00,71.5665,71.8145,71.5625,71.8015
2026-03-20 20:52:00,71.8005,71.8215,71.7175,71.8065
2026-03-20 20:53:00,71.8025,71.8075,71.7335,71.7425
2026-03-20 20:54:00,71.7435,71.7515,71.6845,71.7205
2026-03-20 20:55:00,71.7155,71.8285,71.7035,71.8135
2026-03-20 20:56:00,71.8155,71.8715,71.7955,71.8525
2026-03-20 20:57:00,71.8555,71.8655,71.7765,71.7815
2026-03-20 20:58:00,71.7795,71.8145,71.7425,71.7945
2026-03-20 20:59:00,71.7905,71.8405,71.7805,71.8025
2026-03-20 21:00:00,71.8045,71.9745,71.7935,71.9555
2026-03-20 21:01:00,71.9525,71.9605,71.8835,71.9585
2026-03-20 21:02:00,71.9575,72.1825,71.9325,72.1455
2026-03-20 21:03:00,72.1485,72.2065,72.1245,72.2065
2026-03-20 21:04:00,72.2025,72.2755,72.2025,72.2175
2026-03-20 21:05:00,72.2155,72.2155,72.1155,72.1565
2026-03-20 21:06:00,72.1585,72.1665,72.0355,72.0605
2026-03-20 21:07:00,72.0625,72.1005,71.9825,72.0995
2026-03-20 21:08:00,72.0975,72.1265,72.0505,72.0565
2026-03-20 21:09:00,72.0585,72.0655,71.9295,71.9405
2026-03-20 21:10:00,71.9395,71.9655,71.9015,71.9225
2026-03-20 21:11:00,71.9245,71.9805,71.8505,71.8605
2026-03-20 21:12:00,71.8645,72.0275,71.8505,72.0175
2026-03-20 21:13:00,72.0145,72.0175,71.8795,71.8795
2026-03-20 21:14:00,71.8815,71.9155,71.8295,71.9005
2026-03-20 21:15:00,71.8995,71.9145,71.7925,71.7925
2026-03-20 21:16:00,71.7895,71.8475,71.7495,71.7505
2026-03-20 21:17:00,71.7545,71.8265,71.7265,71.8055
2026-03-20 21:18:00,71.8065,71.8095,71.6175,71.6195
2026-03-20 21:19:00,71.6205,71.6395,71.5725,71.6335
2026-03-20 21:20:00,71.6325,71.7255,71.6275,71.6335
2026-03-20 21:21:00,71.6315,71.7155,71.6065,71.6695
2026-03-20 21:22:00,71.6665,71.6695,71.5885,71.6045
2026-03-20 21:23:00,71.6075,71.6105,71.4785,71.5725
2026-03-20 21:24:00,71.5755,71.7025,71.5505,71.6515
2026-03-20 21:25:00,71.6555,71.6785,71.6085,71.6105
2026-03-20 21:26:00,71.6145,71.6785,71.5815,71.6725
2026-03-20 21:27:00,71.6715,71.7815,71.6575,71.7705
2026-03-20 21:28:00,71.7725,71.7725,71.6765,71.7165
2026-03-20 21:29:00,71.7105,71.7155,71.6075,71.6405
2026-03-20 21:30:00,71.6385,71.6445,71.5475,71.5525
2026-03-20 21:31:00,71.5535,71.5895,71.4925,71.5085
2026-03-20 21:32:00,71.5065,71.5065,71.3035,71.3675
2026-03-20 21:33:00,71.3735,71.4315,71.3645,71.4095
2026-03-20 21:34:00,71.4065,71.6165,71.3725,71.5725
2026-03-20 21:35:00,71.5735,71.5835,71.4565,71.4745
2026-03-20 21:36:00,71.4515,71.5235,71.4035,71.5005
2026-03-20 21:37:00,71.4995,71.5435,71.4425,71.5265
2026-03-20 21:38:00,71.5385,71.6065,71.5245,71.5865
2026-03-20 21:39:00,71.5895,71.7165,71.5725,71.6895
2026-03-20 21:40:00,71.6925,71.6945,71.5915,71.5945
2026-03-20 21:41:00,71.5895,71.6615,71.5595,71.6575
2026-03-20 21:42:00,71.6595,71.7645,71.6425,71.7515
2026-03-20 21:43:00,71.7555,71.7925,71.7215,71.7925
2026-03-20 21:44:00,71.7885,71.8295,71.7625,71.8265
2026-03-20 21:45:00,71.8175,71.9465,71.8135,71.9245
2026-03-20 21:46:00,71.9275,71.9505,71.8255,71.8345
2026-03-20 21:47:00,71.8355,71.8785,71.7875,71.8635
2026-03-20 21:48:00,71.8605,71.9165,71.8265,71.9125
2026-03-20 21:49:00,71.9115,71.9745,71.8905,71.9485
2026-03-20 21:50:00,71.9495,71.9925,71.9385,71.9875
2026-03-20 21:51:00,71.9855,72.1415,71.9625,72.0935
2026-03-20 21:52:00,72.0915,72.1345,72.0755,72.1185
2026-03-20 21:53:00,72.1225,72.1945,72.0045,72.0085
2026-03-20 21:54:00,72.0055,72.0685,71.9945,72.0065
2026-03-20 21:55:00,72.0025,72.0285,71.9565,71.9585
2026-03-20 21:56:00,71.9605,71.9975,71.9015,71.9625
2026-03-20 21:57:00,71.9595,72.1335,71.9545,72.1325
2026-03-20 21:58:00,72.1285,72.1285,72.0795,72.0805
2026-03-20 21:59:00,72.0795,72.1115,72.0375,72.0785
2026-03-20 22:00:00,72.0825,72.1605,72.0825,72.1425
2026-03-20 22:01:00,72.1395,72.1395,72.0365,72.1275
2026-03-20 22:02:00,72.1225,72.1685,72.0585,72.1115
2026-03-20 22:03:00,72.1065,72.1645,72.0845,72.1505
2026-03-20 22:04:00,72.1535,72.2045,72.0785,72.1905
2026-03-20 22:05:00,72.1895,72.3245,72.1895,72.2975
2026-03-20 22:06:00,72.2985,72.3495,72.2595,72.3015
2026-03-20 22:07:00,72.3025,72.3155,72.1825,72.1945
2026-03-20 22:08:00,72.1985,72.2975,72.1955,72.2505
2026-03-20 22:09:00,72.2525,72.2605,72.0175,72.0415
2026-03-20 22:10:00,72.0525,72.2025,72.0325,72.1695
2026-03-20 22:11:00,72.1825,72.3435,72.1645,72.3195
2026-03-20 22:12:00,72.3235,72.3405,72.3085,72.3225
2026-03-20 22:13:00,72.3205,72.4735,72.3205,72.3835
2026-03-20 22:14:00,72.3805,72.3935,72.3005,72.3555
2026-03-20 22:15:00,72.3595,72.4245,72.3485,72.3485
2026-03-20 22:16:00,72.3525,72.3525,72.2585,72.3085
2026-03-20 22:17:00,72.3135,72.4135,72.3055,72.3565
2026-03-20 22:18:00,72.3605,72.4205,72.2735,72.3115
2026-03-20 22:19:00,72.3125,72.3125,72.2005,72.2385
2026-03-20 22:20:00,72.2415,72.4055,72.2305,72.3845
2026-03-20 22:21:00,72.3965,72.4365,72.3525,72.4325
2026-03-20 22:22:00,72.4445,72.5105,72.4385,72.4885
2026-03-20 22:23:00,72.4835,72.5485,72.4485,72.5435
2026-03-20 22:24:00,72.5415,72.6595,72.4855,72.6425
2026-03-20 22:25:00,72.6395,72.6395,72.5435,72.5555
2026-03-20 22:26:00,72.5605,72.5835,72.5065,72.5705
2026-03-20 22:27:00,72.5695,72.6185,72.5585,72.5995
2026-03-20 22:28:00,72.5965,72.5995,72.4375,72.4425
2026-03-20 22:29:00,72.4375,72.5055,72.3635,72.3655
2026-03-20 22:30:00,72.3675,72.4285,72.3435,72.4245
2026-03-20 22:31:00,72.4195,72.4995,72.3835,72.3885
2026-03-20 22:32:00,72.3845,72.3895,72.2815,72.3495
2026-03-20 22:33:00,72.3535,72.4655,72.3335,72.4355
2026-03-20 22:34:00,72.4365,72.5015,72.3515,72.3515
2026-03-20 22:35:00,72.3585,72.4275,72.3445,72.3635
2026-03-20 22:36:00,72.3675,72.3975,72.2635,72.2635
2026-03-20 22:37:00,72.2585,72.2815,72.2465,72.2595
2026-03-20 22:38:00,72.2635,72.4755,72.2305,72.4495
2026-03-20 22:39:00,72.4465,72.4985,72.3995,72.4365
2026-03-20 22:40:00,72.4405,72.5055,72.3715,72.3795
2026-03-20 22:41:00,72.3765,72.3885,72.2725,72.3845
2026-03-20 22:42:00,72.3825,72.4455,72.3825,72.4345
2026-03-20 22:43:00,72.4315,72.4855,72.4215,72.4645
2026-03-20 22:44:00,72.4635,72.5255,72.3845,72.4005
2026-03-20 22:45:00,72.3995,72.4445,72.3065,72.3445
2026-03-20 22:46:00,72.3405,72.3785,72.3215,72.3645
2026-03-20 22:47:00,72.3675,72.4325,72.3655,72.3985
2026-03-20 22:48:00,72.3865,72.5215,72.3695,72.4715
2026-03-20 22:49:00,72.4745,72.4845,72.4245,72.4405
2026-03-20 22:50:00,72.4395,72.4855,72.3695,72.3745
2026-03-20 22:51:00,72.3735,72.4065,72.3105,72.3475
2026-03-20 22:52:00,72.3455,72.3745,72.2795,72.2895
2026-03-20 22:53:00,72.2865,72.3585,72.2435,72.3485
2026-03-20 22:54:00,72.3465,72.4095,72.2735,72.3885
2026-03-20 22:55:00,72.3845,72.4795,72.3615,72.4395
2026-03-20 22:56:00,72.4415,72.4965,72.4225,72.4445
2026-03-20 22:57:00,72.4455,72.4575,72.2285,72.2425
2026-03-20 22:58:00,72.2575,72.4765,72.2575,72.3945
2026-03-20 22:59:00,72.3955,72.5635,72.2785,72.4485
2026-03-20 23:00:00,72.4465,72.5395,72.4415,72.5175
2026-03-20 23:01:00,72.5145,72.5145,72.3975,72.4395
2026-03-20 23:02:00,72.4425,72.5235,72.4375,72.5235
2026-03-20 23:03:00,72.5195,72.5725,72.4185,72.4315
2026-03-20 23:04:00,72.4325,72.4395,72.3145,72.3375
2026-03-20 23:05:00,72.3415,72.3935,72.2775,72.2855
2026-03-20 23:06:00,72.2815,72.3115,72.2205,72.2475
2026-03-20 23:07:00,72.2445,72.2895,72.2165,72.2895
2026-03-20 23:08:00,72.2885,72.3025,72.1215,72.2025
2026-03-20 23:09:00,72.1995,72.2905,72.1625,72.2865
2026-03-20 23:10:00,72.2905,72.3335,72.2505,72.3155
2026-03-20 23:11:00,72.3165,72.4015,72.3075,72.3955
2026-03-20 23:12:00,72.3945,72.4025,72.3485,72.3595
2026-03-20 23:13:00,72.3585,72.3705,72.2875,72.3395
2026-03-20 23:14:00,72.3365,72.3615,72.2635,72.2815
2026-03-20 23:15:00,72.2805,72.3205,72.2445,72.3025
2026-03-20 23:16:00,72.3005,72.3625,72.2595,72.2665
2026-03-20 23:17:00,72.2655,72.2845,72.2285,72.2845
2026-03-20 23:18:00,72.2885,72.3695,72.2655,72.3085
2026-03-20 23:19:00,72.3055,72.3395,72.2375,72.2745
2026-03-20 23:20:00,72.2765,72.3575,72.2225,72.3185
2026-03-20 23:21:00,72.3165,72.3935,72.2855,72.2895
2026-03-20 23:22:00,72.2735,72.3825,72.2545,72.3745
2026-03-20 23:23:00,72.3715,72.3875,72.3215,72.3725
2026-03-20 23:24:00,72.3695,72.3825,72.2545,72.2665
2026-03-20 23:25:00,72.2655,72.3745,72.2365,72.3495
2026-03-20 23:26:00,72.3525,72.3675,72.2935,72.3565
2026-03-20 23:27:00,72.3515,72.3755,72.2355,72.2705
2026-03-20 23:28:00,72.2675,72.2725,72.1505,72.1685
2026-03-20 23:29:00,72.1725,72.2055,72.1435,72.1965
2026-03-20 23:30:00,72.1985,72.2885,72.1985,72.2755
2026-03-20 23:31:00,72.2705,72.3655,72.2575,72.3275
2026-03-20 23:32:00,72.3345,72.4745,72.3175,72.4065
2026-03-20 23:33:00,72.4005,72.4735,72.3315,72.4625
2026-03-20 23:34:00,72.4635,72.4775,72.3975,72.4775
2026-03-20 23:35:00,72.4815,72.6795,72.4485,72.6305
2026-03-20 23:36:00,72.6285,72.8365,72.6115,72.7855
2026-03-20 23:37:00,72.7895,72.8835,72.7895,72.8455
2026-03-20 23:38:00,72.8425,72.8915,72.7725,72.7745
2026-03-20 23:39:00,72.7735,72.7925,72.7425,72.7815
2026-03-20 23:40:00,72.7805,72.8865,72.7715,72.8805
2026-03-20 23:41:00,72.8785,72.9595,72.8755,72.9315
2026-03-20 23:42:00,72.9355,72.9735,72.8565,72.8915
2026-03-20 23:43:00,72.8885,72.9065,72.8375,72.8995
2026-03-20 23:44:00,72.8965,72.9595,72.8725,72.9565
2026-03-20 23:45:00,72.9605,73.1255,72.9535,73.1255
2026-03-20 23:46:00,73.1295,73.1435,73.0825,73.0835
2026-03-20 23:47:00,73.0845,73.1255,73.0445,73.0775
2026-03-20 23:48:00,73.0765,73.1365,73.0725,73.1275
2026-03-20 23:49:00,73.1255,73.2355,73.1255,73.1905
2026-03-20 23:50:00,73.1925,73.2135,73.1405,73.1875
2026-03-20 23:51:00,73.1895,73.1905,73.0985,73.1455
2026-03-20 23:52:00,73.1485,73.1995,73.1135,73.1755
2026-03-20 23:53:00,73.1715,73.2045,73.1265,73.1705
2026-03-20 23:54:00,73.1655,73.1805,73.1055,73.1755
2026-03-20 23:55:00,73.1775,73.2395,73.1285,73.1335
2026-03-20 23:56:00,73.1455,73.1495,73.0245,73.0655
2026-03-20 23:57:00,73.0635,73.0765,72.8975,72.9065
2026-03-20 23:58:00,72.9025,73.0285,72.8295,72.8325
2026-03-20 23:59:00,72.8275,72.8505,72.7095,72.7265
2026-03-21 00:00:00,72.7275,72.7325,72.6755,72.7185
2026-03-21 00:01:00,72.7195,72.7585,72.6645,72.7495
2026-03-21 00:02:00,72.7535,72.7615,72.7255,72.7585
2026-03-21 00:03:00,72.7565,72.8415,72.7285,72.7285
2026-03-21 00:04:00,72.7255,72.7715,72.6885,72.7385
2026-03-21 00:05:00,72.7415,72.8535,72.7405,72.8265
2026-03-21 00:06:00,72.8185,72.8475,72.7685,72.8475
2026-03-21 00:07:00,72.8465,72.9225,72.8385,72.9005
2026-03-21 00:08:00,72.8995,73.0005,72.8945,72.9395
2026-03-21 00:09:00,72.9375,72.9385,72.8605,72.8945
2026-03-21 00:10:00,72.9025,73.0175,72.8915,72.9675
2026-03-21 00:11:00,72.9665,73.0495,72.9525,72.9675
2026-03-21 00:12:00,72.9695,73.1415,72.9365,73.1415
2026-03-21 00:13:00,73.1375,73.1645,73.1075,73.1275
2026-03-21 00:14:00,73.1285,73.2255,73.1275,73.1495
2026-03-21 00:15:00,73.1475,73.1885,73.1135,73.1395
2026-03-21 00:16:00,73.1345,73.1345,73.0175,73.0375
2026-03-21 00:17:00,73.0415,73.2185,73.0415,73.2155
2026-03-21 00:18:00,73.2165,73.2165,73.0005,73.0075
2026-03-21 00:19:00,73.0085,73.0275,72.9335,72.9535
2026-03-21 00:20:00,72.9575,73.1675,72.9545,73.1525
2026-03-21 00:21:00,73.1565,73.1845,73.0805,73.1055
2026-03-21 00:22:00,73.1075,73.1425,73.0295,73.1395
2026-03-21 00:23:00,73.1405,73.1695,72.9925,73.0155
2026-03-21 00:24:00,73.0165,73.0515,72.9615,72.9915
2026-03-21 00:25:00,72.9935,73.0175,72.8825,72.8995
2026-03-21 00:26:00,72.8985,72.8985,72.7795,72.8125
2026-03-21 00:27:00,72.8025,72.8085,72.6105,72.6145
2026-03-21 00:28:00,72.6125,72.6335,72.3695,72.3855
2026-03-21 00:29:00,72.3835,72.4035,72.2585,72.2665
2026-03-21 00:30:00,72.2685,72.4165,72.2105,72.4125
2026-03-21 00:31:00,72.4075,72.5815,72.4035,72.5815
2026-03-21 00:32:00,72.5745,72.6375,72.5635,72.6015
2026-03-21 00:33:00,72.6025,72.6025,72.4945,72.5225
2026-03-21 00:34:00,72.5215,72.5215,72.3905,72.4105
2026-03-21 00:35:00,72.4015,72.4735,72.3945,72.4475
2026-03-21 00:36:00,72.4505,72.5185,72.4505,72.4805
2026-03-21 00:37:00,72.4795,72.6025,72.4245,72.5835
2026-03-21 00:38:00,72.5825,72.7395,72.5695,72.6335
2026-03-21 00:39:00,72.6345,72.7225,72.6335,72.6665
2026-03-21 00:40:00,72.6705,72.6795,72.6095,72.6205
2026-03-21 00:41:00,72.6165,72.6665,72.5655,72.5905
2026-03-21 00:42:00,72.5925,72.6435,72.5525,72.5555
2026-03-21 00:43:00,72.5575,72.6125,72.5305,72.5305
2026-03-21 00:44:00,72.5285,72.7465,72.5195,72.7455
2026-03-21 00:45:00,72.7485,72.7505,72.6345,72.6785
2026-03-21 00:46:00,72.6755,72.6785,72.5935,72.6065
2026-03-21 00:47:00,72.6035,72.7895,72.5985,72.7755
2026-03-21 00:48:00,72.7745,72.8175,72.7415,72.8165
2026-03-21 00:49:00,72.8155,72.9465,72.8115,72.9155
2026-03-21 00:50:00,72.9135,72.9205,72.8315,72.8355
2026-03-21 00:51:00,72.8315,72.8445,72.7825,72.7835
2026-03-21 00:52:00,72.7785,72.8065,72.7295,72.7765
2026-03-21 00:53:00,72.7735,72.8085,72.7515,72.7795
2026-03-21 00:54:00,72.7785,72.8185,72.6635,72.6725
2026-03-21 00:55:00,72.6685,72.7235,72.6195,72.6645
2026-03-21 00:56:00,72.6685,72.7345,72.6325,72.7125
2026-03-21 00:57:00,72.7135,72.7795,72.7135,72.7455
2026-03-21 00:58:00,72.7505,73.0255,72.7475,73.0245
2026-03-21 00:59:00,73.0215,73.0475,72.9035,72.9115
2026-03-21 01:00:00,72.9125,72.9505,72.8575,72.8925
2026-03-21 01:01:00,72.8915,72.9715,72.8915,72.9425
2026-03-21 01:02:00,72.9405,72.9555,72.8015,72.8415
2026-03-21 01:03:00,72.8425,72.8495,72.7335,72.7945
2026-03-21 01:04:00,72.7965,72.9165,72.7885,72.8895
2026-03-21 01:05:00,72.8855,73.0565,72.8855,73.0375
2026-03-21 01:06:00,73.0365,73.2795,73.0175,73.2565
2026-03-21 01:07:00,73.2545,73.2845,73.1335,73.1335
2026-03-21 01:08:00,73.1355,73.1895,73.0805,73.1085
2026-03-21 01:09:00,73.1075,73.1255,73.0615,73.1165
2026-03-21 01:10:00,73.1135,73.2045,73.1095,73.1775
2026-03-21 01:11:00,73.1765,73.1765,73.0205,73.0875
2026-03-21 01:12:00,73.0845,73.1985,73.0805,73.1985
2026-03-21 01:13:00,73.2005,73.2315,73.1525,73.2085
2026-03-21 01:14:00,73.2055,73.3225,73.2035,73.3205
2026-03-21 01:15:00,73.3225,73.4225,73.3125,73.3735
2026-03-21 01:16:00,73.3705,73.5155,73.3135,73.4645
2026-03-21 01:17:00,73.4605,73.5195,73.4555,73.4795
2026-03-21 01:18:00,73.4815,73.5075,73.4365,73.4755
2026-03-21 01:19:00,73.4765,73.5025,73.4245,73.4405
2026-03-21 01:20:00,73.4425,73.6335,73.3905,73.6295
2026-03-21 01:21:00,73.6255,73.7175,73.6155,73.6785
2026-03-21 01:22:00,73.6775,73.7195,73.6425,73.6845
2026-03-21 01:23:00,73.6885,73.7175,73.6205,73.6795
2026-03-21 01:24:00,73.6835,73.7765,73.6775,73.7615
2026-03-21 01:25:00,73.7575,73.7845,73.6235,73.6985
2026-03-21 01:26:00,73.7005,73.7385,73.6515,73.6555
2026-03-21 01:27:00,73.6565,73.7045,73.5955,73.7035
2026-03-21 01:28:00,73.7015,73.8535,73.6855,73.8465
2026-03-21 01:29:00,73.8485,73.8845,73.7725,73.8845
2026-03-21 01:30:00,73.8865,73.8865,73.7895,73.8115
2026-03-21 01:31:00,73.8145,73.9235,73.8125,73.8965
2026-03-21 01:32:00,73.8925,73.9055,73.5945,73.6325
2026-03-21 01:33:00,73.6365,73.7625,73.6065,73.7595
2026-03-21 01:34:00,73.7545,73.7545,73.6645,73.6675
2026-03-21 01:35:00,73.6645,73.7145,73.6585,73.7105
2026-03-21 01:36:00,73.7075,73.8705,73.7075,73.8645
2026-03-21 01:37:00,73.8625,73.8865,73.7825,73.7885
2026-03-21 01:38:00,73.7865,74.0105,73.7865,74.0105
2026-03-21 01:39:00,74.0145,74.1025,73.9775,74.0745
2026-03-21 01:40:00,74.0795,74.1365,74.0285,74.0365
2026-03-21 01:41:00,74.0355,74.1175,74.0295,74.1035
2026-03-21 01:42:00,74.0995,74.1235,74.0505,74.1135
2026-03-21 01:43:00,74.1175,74.2525,74.1005,74.2435
2026-03-21 01:44:00,74.2445,74.2565,74.1965,74.1975
2026-03-21 01:45:00,74.1995,74.3375,74.1885,74.3015
2026-03-21 01:46:00,74.3025,74.3355,74.2735,74.3275
2026-03-21 01:47:00,74.3315,74.3805,74.2995,74.3615
2026-03-21 01:48:00,74.3565,74.4895,74.3445,74.4625
2026-03-21 01:49:00,74.4605,74.5335,74.4185,74.5335
2026-03-21 01:50:00,74.5285,74.5345,74.4005,74.4185
2026-03-21 01:51:00,74.4195,74.5115,74.3935,74.5095
2026-03-21 01:52:00,74.5115,74.5365,74.4735,74.5355
2026-03-21 01:53:00,74.5315,74.5505,74.4335,74.4825
2026-03-21 01:54:00,74.4855,74.5215,74.4565,74.4855
2026-03-21 01:55:00,74.4885,74.5345,74.4235,74.4725
2026-03-21 01:56:00,74.4705,74.4705,74.4175,74.4665
2026-03-21 01:57:00,74.4685,74.4755,74.2445,74.2495
2026-03-21 01:58:00,74.2455,74.2885,74.2215,74.2295
2026-03-21 01:59:00,74.2305,74.2305,74.1145,74.1215
2026-03-21 02:00:00,74.1255,74.1255,73.7455,73.8565
2026-03-21 02:01:00,73.8525,73.9025,73.8185,73.8515
2026-03-21 02:02:00,73.8485,73.8815,73.8055,73.8735
2026-03-21 02:03:00,73.8715,74.0985,73.8715,74.0985
2026-03-21 02:04:00,74.0955,74.1095,74.0095,74.0115
2026-03-21 02:05:00,74.0215,74.0465,73.9425,73.9875
2026-03-21 02:06:00,73.9835,74.0005,73.7305,73.7605
2026-03-21 02:07:00,73.7595,73.8275,73.7455,73.7465
2026-03-21 02:08:00,73.7615,73.7725,73.6775,73.7715
2026-03-21 02:09:00,73.7705,73.8745,73.7495,73.8405
2026-03-21 02:10:00,73.8395,73.8495,73.7735,73.7735
2026-03-21 02:11:00,73.7755,73.7825,73.7065,73.7225
2026-03-21 02:12:00,73.7235,73.7405,73.5955,73.6505
2026-03-21 02:13:00,73.6485,73.6585,73.5685,73.5755
2026-03-21 02:14:00,73.5795,73.6315,73.5305,73.6275
2026-03-21 02:15:00,73.6285,73.6545,73.5925,73.6185
2026-03-21 02:16:00,73.6205,73.6765,73.6065,73.6695
2026-03-21 02:17:00,73.6655,73.7035,73.6235,73.6235
2026-03-21 02:18:00,73.6245,73.9345,73.5945,73.8645
2026-03-21 02:19:00,73.8685,73.8875,73.8055,73.8535
2026-03-21 02:20:00,73.8505,73.9925,73.8415,73.8985
2026-03-21 02:21:00,73.9025,73.9225,73.8495,73.9015
2026-03-21 02:22:00,73.8995,73.9115,73.7405,73.7745
2026-03-21 02:23:00,73.7775,73.8065,73.6355,73.6645
2026-03-21 02:24:00,73.6545,73.7245,73.6285,73.7075
2026-03-21 02:25:00,73.7045,73.7095,73.5285,73.5745
2026-03-21 02:26:00,73.5735,73.7335,73.5605,73.7135
2026-03-21 02:27:00,73.6985,73.7505,73.6835,73.7295
2026-03-21 02:28:00,73.7315,73.7355,73.6005,73.6395
2026-03-21 02:29:00,73.6415,73.6475,73.5295,73.5345
2026-03-21 02:30:00,73.5355,73.6925,73.4555,73.6185
2026-03-21 02:31:00,73.6155,73.6455,73.5925,73.6135
2026-03-21 02:32:00,73.6095,73.7035,73.5465,73.5485
2026-03-21 02:33:00,73.5455,73.5495,73.3835,73.3855
2026-03-21 02:34:00,73.3835,73.4455,73.3645,73.4425
2026-03-21 02:35:00,73.4435,73.5295,73.4005,73.5055
2026-03-21 02:36:00,73.5015,73.5215,73.4365,73.4875
2026-03-21 02:37:00,73.4865,73.5445,73.4345,73.5175
2026-03-21 02:38:00,73.5205,73.5615,73.4245,73.4695
2026-03-21 02:39:00,73.5035,73.6725,73.4745,73.6725
2026-03-21 02:40:00,73.6745,73.7055,73.4435,73.6315
2026-03-21 02:41:00,73.6265,73.7845,73.6115,73.7205
2026-03-21 02:42:00,73.7175,73.7315,73.6575,73.6575
2026-03-21 02:43:00,73.6585,73.6785,73.5025,73.5185
2026-03-21 02:44:00,73.5215,73.5525,73.4905,73.5065
2026-03-21 02:45:00,73.5055,73.8015,73.4845,73.7285
2026-03-21 02:46:00,73.7255,73.8055,73.7125,73.7305
2026-03-21 02:47:00,73.7265,73.7325,73.6005,73.6115
2026-03-21 02:48:00,73.6155,73.6295,73.5675,73.5745
2026-03-21 02:49:00,73.5765,73.6975,73.5605,73.6545
2026-03-21 02:50:00,73.6535,73.7925,73.6505,73.7675
2026-03-21 02:51:00,73.7725,73.8035,73.7245,73.7315
2026-03-21 02:52:00,73.7335,73.8165,73.7155,73.8045
2026-03-21 02:53:00,73.8005,73.8075,73.6185,73.6355
2026-03-21 02:54:00,73.6485,73.6585,73.5645,73.6445
2026-03-21 02:55:00,73.6475,73.7225,73.6245,73.7195
2026-03-21 02:56:00,73.7185,73.8065,73.6795,73.7195
2026-03-21 02:57:00,73.7165,73.7675,73.6105,73.6105
2026-03-21 02:58:00,73.6145,73.6895,73.5965,73.6735
2026-03-21 02:59:00,73.6765,73.7585,73.6355,73.7315
2026-03-21 03:00:00,73.7295,73.8475,73.7115,73.8265
2026-03-21 03:01:00,73.8285,73.9485,73.8005,73.9105
2026-03-21 03:02:00,73.9155,73.9815,73.9045,73.9215
2026-03-21 03:03:00,73.9195,74.0675,73.9095,74.0275
2026-03-21 03:04:00,74.0245,74.0275,73.9745,73.9905
2026-03-21 03:05:00,73.9925,73.9925,73.8945,73.9305
2026-03-21 03:06:00,73.9275,74.0565,73.9255,74.0515
2026-03-21 03:07:00,74.0485,74.0945,73.9965,74.0725
2026-03-21 03:08:00,74.0755,74.1395,74.0415,74.0545
2026-03-21 03:09:00,74.0575,74.1465,74.0485,74.1465
2026-03-21 03:10:00,74.1425,74.1425,73.9645,73.9675
2026-03-21 03:11:00,73.9695,73.9935,73.8835,73.8865
2026-03-21 03:12:00,73.8855,73.9065,73.8575,73.8575
2026-03-21 03:13:00,73.8585,73.9055,73.8005,73.8225
2026-03-21 03:14:00,73.8245,73.8385,73.7495,73.7845
2026-03-21 03:15:00,73.7865,73.8305,73.7725,73.8055
2026-03-21 03:16:00,73.8065,73.8185,73.7545,73.7905
2026-03-21 03:17:00,73.7935,73.8515,73.7645,73.8515
2026-03-21 03:18:00,73.8555,73.8595,73.6925,73.7485
2026-03-21 03:19:00,73.7535,73.8015,73.7355,73.8015
2026-03-21 03:20:00,73.8055,73.8215,73.5855,73.6525
2026-03-21 03:21:00,73.6555,73.7595,73.6535,73.7345
2026-03-21 03:22:00,73.7325,73.7935,73.7015,73.7345
2026-03-21 03:23:00,73.7325,73.8615,73.7285,73.7845
2026-03-21 03:24:00,73.7875,73.7985,73.6395,73.7015
2026-03-21 03:25:00,73.7105,73.8435,73.6775,73.8125
2026-03-21 03:26:00,73.8145,73.8245,73.7625,73.8075
2026-03-21 03:27:00,73.8065,73.8395,73.7245,73.8295
2026-03-21 03:28:00,73.8325,73.8415,73.7085,73.7475
2026-03-21 03:29:00,73.7555,73.7875,73.6825,73.6985
2026-03-21 03:30:00,73.7015,73.7145,73.6235,73.6355
2026-03-21 03:31:00,73.6335,73.6585,73.5105,73.5135
2026-03-21 03:32:00,73.5275,73.5385,73.3525,73.3625
2026-03-21 03:33:00,73.3665,73.3905,73.3135,73.3725
2026-03-21 03:34:00,73.3765,73.4215,73.3415,73.3785
2026-03-21 03:35:00,73.3735,73.4305,73.3245,73.4305
2026-03-21 03:36:00,73.4275,73.4775,73.4135,73.4585
2026-03-21 03:37:00,73.4595,73.5085,73.4115,73.4195
2026-03-21 03:38:00,73.4215,73.4695,73.3965,73.4075
2026-03-21 03:39:00,73.4105,73.5015,73.3755,73.4915
2026-03-21 03:40:00,73.4925,73.5345,73.4535,73.4745
2026-03-21 03:41:00,73.4725,73.4735,73.3825,73.3835
2026-03-21 03:42:00,73.3885,73.4705,73.3625,73.4395
2026-03-21 03:43:00,73.4375,73.4435,73.3295,73.3655
2026-03-21 03:44:00,73.3635,73.3695,73.2395,73.2455
2026-03-21 03:45:00,73.2365,73.2605,73.1525,73.1525
2026-03-21 03:46:00,73.1505,73.1825,73.1165,73.1625
2026-03-21 03:47:00,73.1655,73.1885,73.1135,73.1315
2026-03-21 03:48:00,73.1285,73.1475,73.0305,73.0315
2026-03-21 03:49:00,73.0305,73.0615,72.9945,73.0565
2026-03-21 03:50:00,73.0585,73.0675,72.9405,72.9975
2026-03-21 03:51:00,73.0025,73.1695,72.9865,73.1585
2026-03-21 03:52:00,73.1575,73.1575,73.0415,73.0545
2026-03-21 03:53:00,73.0535,73.0895,73.0045,73.0895
2026-03-21 03:54:00,73.0935,73.0975,72.9735,73.0115
2026-03-21 03:55:00,73.0125,73.0125,72.8895,72.9115
2026-03-21 03:56:00,72.9155,72.9455,72.7095,72.7115
2026-03-21 03:57:00,72.7145,72.7405,72.6695,72.7375
2026-03-21 03:58:00,72.7355,72.8075,72.7195,72.7765
2026-03-21 03:59:00,72.7755,72.7905,72.5895,72.6095
2026-03-21 04:00:00,72.6145,72.6945,72.5805,72.6865
2026-03-21 04:01:00,72.6905,72.7415,72.6815,72.6945
2026-03-21 04:02:00,72.6995,72.7875,72.6885,72.7585
2026-03-21 04:03:00,72.7625,72.7805,72.6305,72.6305
2026-03-21 04:04:00,72.6345,72.7665,72.6285,72.7645
2026-03-21 04:05:00,72.7695,72.7995,72.7065,72.7875
2026-03-21 04:06:00,72.7845,72.9125,72.7595,72.8485
2026-03-21 04:07:00,72.8465,72.9355,72.8385,72.9055
2026-03-21 04:08:00,72.9075,72.9315,72.8655,72.9155
2026-03-21 04:09:00,72.9195,73.0195,72.8925,72.9775
2026-03-21 04:10:00,72.9765,72.9925,72.8085,72.8145
2026-03-21 04:11:00,72.8165,72.8695,72.7725,72.8425
2026-03-21 04:12:00,72.8415,72.8905,72.8135,72.8255
2026-03-21 04:13:00,72.8285,72.9665,72.8125,72.9425
2026-03-21 04:14:00,72.9415,72.9535,72.8725,72.8775
2026-03-21 04:15:00,72.8805,72.9275,72.8335,72.8335
2026-03-21 04:16:00,72.8365,72.8775,72.7845,72.8155
2026-03-21 04:17:00,72.8105,72.8795,72.8035,72.8505
2026-03-21 04:18:00,72.8535,73.0295,72.8465,73.0045
2026-03-21 04:19:00,73.0055,73.1165,72.9915,73.0785
2026-03-21 04:20:00,73.0805,73.1385,73.0725,73.1035
2026-03-21 04:21:00,73.1075,73.1695,73.0745,73.0895
2026-03-21 04:22:00,73.0935,73.0935,72.9685,72.9945
2026-03-21 04:23:00,72.9915,73.0805,72.9695,73.0665
2026-03-21 04:24:00,73.0635,73.1155,72.9245,72.9265
2026-03-21 04:25:00,72.9295,72.9385,72.8585,72.8675
2026-03-21 04:26:00,72.8645,72.8705,72.7615,72.7635
2026-03-21 04:27:00,72.7595,72.8165,72.7095,72.7505
2026-03-21 04:28:00,72.7475,72.8865,72.7235,72.8795
2026-03-21 04:29:00,72.8805,72.8915,72.8135,72.8215
2026-03-21 04:30:00,72.8255,72.8845,72.7955,72.8065
2026-03-21 04:31:00,72.8085,72.8475,72.7385,72.7485
2026-03-21 04:32:00,72.7465,72.7515,72.6115,72.6305
2026-03-21 04:33:00,72.5815,72.6965,72.5645,72.6925
2026-03-21 04:34:00,72.6875,72.7725,72.6875,72.7375
2026-03-21 04:35:00,72.7505,72.8435,72.7115,72.8315
2026-03-21 04:36:00,72.8345,72.8695,72.8105,72.8625
2026-03-21 04:37:00,72.8655,73.0005,72.8345,72.9865
2026-03-21 04:38:00,72.9875,73.0355,72.9535,72.9885
2026-03-21 04:39:00,72.9925,73.0665,72.9815,72.9815
2026-03-21 04:40:00,72.9775,72.9815,72.7895,72.8545
2026-03-21 04:41:00,72.8525,72.9025,72.8305,72.8515
2026-03-21 04:42:00,72.8475,72.8885,72.7635,72.8095
2026-03-21 04:43:00,72.8115,72.8275,72.7115,72.7285
2026-03-21 04:44:00,72.7325,72.7635,72.6775,72.6915
2026-03-21 04:45:00,72.6895,72.7125,72.6145,72.6275
2026-03-21 04:46:00,72.6055,72.7125,72.6015,72.6735
2026-03-21 04:47:00,72.6755,72.7775,72.6615,72.7775
2026-03-21 04:48:00,72.7825,72.8575,72.7385,72.8505
2026-03-21 04:49:00,72.8465,72.8465,72.5955,72.6015
2026-03-21 04:50:00,72.6035,72.6795,72.6035,72.6665
2026-03-21 04:51:00,72.6675,72.6675,72.5695,72.6595
2026-03-21 04:52:00,72.6635,72.6835,72.6165,72.6365
2026-03-21 04:53:00,72.6385,72.7685,72.6255,72.7275
2026-03-21 04:54:00,72.7315,72.8615,72.6915,72.6985
2026-03-21 04:55:00,72.7015,72.7215,72.6715,72.7025
2026-03-21 04:56:00,72.7015,72.7605,72.6945,72.7335
2026-03-21 04:57:00,72.7375,72.8335,72.7375,72.7955
2026-03-21 04:58:00,72.7995,72.8435,72.6895,72.7525
2026-03-21 04:59:00,72.7515,72.8245,72.7205,72.7245
2026-03-21 05:00:00,72.7255,72.7985,72.6875,72.7955
2026-03-21 05:01:00,72.7905,72.7945,72.6955,72.7015
2026-03-21 05:02:00,72.6985,72.7705,72.6775,72.7015
2026-03-21 05:03:00,72.7035,72.7475,72.6935,72.7435
2026-03-21 05:04:00,72.7445,72.8815,72.7425,72.8215
2026-03-21 05:05:00,72.8185,72.9265,72.8095,72.8545
2026-03-21 05:06:00,72.8565,72.8785,72.7805,72.8615
2026-03-21 05:07:00,72.8585,72.9635,72.8585,72.9635
2026-03-21 05:08:00,72.9595,73.0795,72.9595,73.0205
2026-03-21 05:09:00,73.0245,73.1225,72.9635,73.0885
2026-03-21 05:10:00,73.0915,73.1535,73.0875,73.1525
2026-03-21 05:11:00,73.1815,73.2085,73.1635,73.1785
2026-03-21 05:12:00,73.1815,73.1815,73.0055,73.0495
2026-03-21 05:13:00,73.0525,73.1665,72.9965,73.1655
2026-03-21 05:14:00,73.1625,73.1975,73.1235,73.1605
2026-03-21 05:15:00,73.1645,73.1885,73.0275,73.0715
2026-03-21 05:16:00,73.0745,73.1285,73.0655,73.0845
2026-03-21 05:17:00,73.0885,73.1065,73.0075,73.0375
2026-03-21 05:18:00,73.0415,73.2275,73.0415,73.2165
2026-03-21 05:19:00,73.2335,73.2375,73.1905,73.2105
2026-03-21 05:20:00,73.2065,73.2845,73.1915,73.1915
2026-03-21 05:21:00,73.1955,73.2605,73.1375,73.1495
2026-03-21 05:22:00,73.1525,73.2345,73.1205,73.2165
2026-03-21 05:23:00,73.2155,73.2175,73.1045,73.1545
2026-03-21 05:24:00,73.1525,73.3695,73.1485,73.3665
2026-03-21 05:25:00,73.3705,73.3875,73.2995,73.3065
2026-03-21 05:26:00,73.3035,73.3315,73.1125,73.1135
2026-03-21 05:27:00,73.1115,73.1825,73.0635,73.1685
2026-03-21 05:28:00,73.1645,73.2035,73.1105,73.2005
2026-03-21 05:29:00,73.2035,73.2305,73.1575,73.1795
2026-03-21 05:30:00,73.2185,73.2235,73.1245,73.1755
2026-03-21 05:31:00,73.1745,73.2745,73.1665,73.2375
2026-03-21 05:32:00,73.2415,73.2935,73.2015,73.2485
2026-03-21 05:33:00,73.2455,73.3085,73.2315,73.2835
2026-03-21 05:34:00,73.2985,73.3735,73.2485,73.3585
2026-03-21 05:35:00,73.3615,73.3615,73.1625,73.1625
2026-03-21 05:36:00,73.1615,73.1905,72.8675,72.8695
2026-03-21 05:37:00,72.8725,72.9775,72.8535,72.9645
2026-03-21 05:38:00,72.9625,72.9975,72.8305,72.8565
2026-03-21 05:39:00,72.8595,72.9625,72.8305,72.8475
2026-03-21 05:40:00,72.8445,73.0055,72.8445,72.9975
2026-03-21 05:41:00,72.9895,73.1295,72.9775,73.1135
2026-03-21 05:42:00,73.1095,73.2565,73.1005,73.2245
2026-03-21 05:43:00,73.2265,73.3885,73.2185,73.3175
2026-03-21 05:44:00,73.3155,73.3155,73.2145,73.3105
2026-03-21 05:45:00,73.3075,73.3415,73.2665,73.2905
2026-03-21 05:46:00,73.2925,73.3255,73.2495,73.2665
2026-03-21 05:47:00,73.2645,73.4475,73.2535,73.4475
2026-03-21 05:48:00,73.4505,73.4855,73.4105,73.4685
2026-03-21 05:49:00,73.4755,73.4875,73.3185,73.3405
2026-03-21 05:50:00,73.3365,73.4715,73.3145,73.4595
2026-03-21 05:51:00,73.4585,73.4805,73.2975,73.3125
2026-03-21 05:52:00,73.3095,73.4305,73.2935,73.4035
2026-03-21 05:53:00,73.4085,73.4245,73.2935,73.3345
2026-03-21 05:54:00,73.3365,73.5095,73.3235,73.4495
2026-03-21 05:55:00,73.4465,73.5015,73.3555,73.3575
2026-03-21 05:56:00,73.3615,73.4115,73.3415,73.4065
2026-03-21 05:57:00,73.4035,73.5795,73.3865,73.5715
2026-03-21 05:58:00,73.5465,73.6315,73.5405,73.6035
2026-03-21 05:59:00,73.5995,73.6845,73.5965,73.6105
2026-03-21 06:00:00,73.6115,73.7075,73.5935,73.6985
2026-03-21 06:01:00,73.6965,73.7825,73.6375,73.7605
2026-03-21 06:02:00,73.7555,73.8025,73.7025,73.7065
2026-03-21 06:03:00,73.7045,73.9085,73.6955,73.8265
2026-03-21 06:04:00,73.8245,73.8615,73.7445,73.7485
2026-03-21 06:05:00,73.7505,73.8225,73.7395,73.7435
2026-03-21 06:06:00,73.7465,73.8855,73.7045,73.8485
2026-03-21 06:07:00,73.8465,73.8825,73.7425,73.7805
2026-03-21 06:08:00,73.7765,73.8415,73.7665,73.8245
2026-03-21 06:09:00,73.8285,74.0235,73.8265,73.9285
2026-03-21 06:10:00,73.9245,74.0625,73.9045,74.0615
2026-03-21 06:11:00,74.0725,74.1605,74.0585,74.1435
2026-03-21 06:12:00,74.1385,74.1835,74.0605,74.0955
2026-03-21 06:13:00,74.0935,74.1475,74.0815,74.1385
2026-03-21 06:14:00,74.1425,74.2265,74.1365,74.1755
2026-03-21 06:15:00,74.1735,74.2995,74.1735,74.2735
2026-03-21 06:16:00,74.2715,74.2825,74.1765,74.1975
2026-03-21 06:17:00,74.2025,74.2445,74.1315,74.1445
2026-03-21 06:18:00,74.1425,74.2035,74.1255,74.1955
2026-03-21 06:19:00,74.1905,74.3185,74.1785,74.3035
2026-03-21 06:20:00,74.3025,74.3755,74.2965,74.3595
2026-03-21 06:21:00,74.3575,74.4775,74.3365,74.4165
2026-03-21 06:22:00,74.4205,74.4205,74.3095,74.3495
2026-03-21 06:23:00,74.3525,74.3625,74.3045,74.3105
2026-03-21 06:24:00,74.3135,74.4325,74.3035,74.4175
2026-03-21 06:25:00,74.4165,74.5215,74.3715,74.5105
2026-03-21 06:26:00,74.5185,74.5285,74.4095,74.4105
2026-03-21 06:27:00,74.4145,74.4445,74.3815,74.3845
2026-03-21 06:28:00,74.3815,74.3845,74.2745,74.3075
2026-03-21 06:29:00,74.3065,74.3175,74.1405,74.2075
2026-03-21 06:30:00,74.2055,74.3385,74.1725,74.3255
2026-03-21 06:31:00,74.3285,74.3285,74.2505,74.2665
2026-03-21 06:32:00,74.2655,74.3235,74.2495,74.2905
2026-03-21 06:33:00,74.2895,74.3315,74.2565,74.3135
2026-03-21 06:34:00,74.3165,74.3755,74.2705,74.3365
2026-03-21 06:35:00,74.3385,74.3455,74.2725,74.2945
2026-03-21 06:36:00,74.2895,74.2895,74.0905,74.1185
2026-03-21 06:37:00,74.1215,74.1435,74.0645,74.0645
2026-03-21 06:38:00,74.0615,74.0795,74.0215,74.0565
2026-03-21 06:39:00,74.0605,74.1445,74.0435,74.1115
2026-03-21 06:40:00,74.1095,74.1395,73.9965,74.0025
2026-03-21 06:41:00,74.0015,74.0285,73.9715,73.9755
2026-03-21 06:42:00,73.9735,74.0185,73.8975,73.9065
2026-03-21 06:43:00,73.9075,73.9385,73.6955,73.6975
2026-03-21 06:44:00,73.6995,73.7955,73.6915,73.7685
2026-03-21 06:45:00,73.7675,73.8505,73.7315,73.8495
2026-03-21 06:46:00,73.8525,73.8795,73.8115,73.8615
2026-03-21 06:47:00,73.8605,74.0455,73.8565,74.0395
2026-03-21 06:48:00,74.0375,74.1005,74.0245,74.0425
2026-03-21 06:49:00,74.0385,74.0795,73.9805,74.0775
2026-03-21 06:50:00,74.0745,74.0775,73.9235,73.9235
2026-03-21 06:51:00,73.9255,73.9595,73.8575,73.9295
2026-03-21 06:52:00,73.9445,73.9675,73.8995,73.9585
2026-03-21 06:53:00,73.9595,73.9595,73.8995,73.9095
2026-03-21 06:54:00,73.9055,73.9385,73.8665,73.9335
2026-03-21 06:55:00,73.9315,73.9985,73.9005,73.9685
2026-03-21 06:56:00,73.9635,74.2625,73.9275,74.2365
2026-03-21 06:57:00,74.2415,74.3295,74.2105,74.2755
2026-03-21 06:58:00,74.2995,74.3005,74.0945,74.1085
2026-03-21 06:59:00,74.1105,74.1245,74.0205,74.0695
2026-03-21 07:00:00,74.0685,74.2195,74.0645,74.1935
2026-03-21 07:01:00,74.1985,74.2515,74.1425,74.1425
2026-03-21 07:02:00,74.1455,74.2025,74.1005,74.1565
2026-03-21 07:03:00,74.1595,74.1675,74.0505,74.0735
2026-03-21 07:04:00,74.0785,74.1815,74.0395,74.1615
2026-03-21 07:05:00,74.1635,74.2285,74.1575,74.1795
2026-03-21 07:06:00,74.1755,74.2545,74.1025,74.1285
2026-03-21 07:07:00,74.1255,74.1585,74.0675,74.1335
2026-03-21 07:08:00,74.1285,74.1665,74.0605,74.0605
2026-03-21 07:09:00,74.0645,74.0755,73.9575,74.0275
2026-03-21 07:10:00,74.0255,74.1035,74.0085,74.0735
2026-03-21 07:11:00,74.0705,74.1025,74.0205,74.0865
2026-03-21 07:12:00,74.0895,74.1685,74.0725,74.1555
2026-03-21 07:13:00,74.1535,74.2075,74.1215,74.1225
2026-03-21 07:14:00,74.1245,74.3015,74.0995,74.2825
2026-03-21 07:15:00,74.2865,74.2885,74.1565,74.2215
2026-03-21 07:16:00,74.2255,74.3405,74.2205,74.2245
2026-03-21 07:17:00,74.2285,74.2315,74.1325,74.2235
2026-03-21 07:18:00,74.2205,74.2765,74.1815,74.2515
2026-03-21 07:19:00,74.2495,74.4275,74.2495,74.4185
2026-03-21 07:20:00,74.4175,74.4305,74.2685,74.3445
2026-03-21 07:21:00,74.3405,74.3625,74.2725,74.2885
2026-03-21 07:22:00,74.2865,74.3315,74.2485,74.3265
2026-03-21 07:23:00,74.3245,74.3355,74.2755,74.2945
2026-03-21 07:24:00,74.2965,74.3615,74.1995,74.2205
2026-03-21 07:25:00,74.2195,74.4165,74.1545,74.4115
2026-03-21 07:26:00,74.4095,74.4505,74.3605,74.3835
2026-03-21 07:27:00,74.3805,74.4045,74.1645,74.1725
2026-03-21 07:28:00,74.1745,74.1975,74.0565,74.0695
2026-03-21 07:29:00,74.0685,74.1165,74.0305,74.0825
2026-03-21 07:30:00,74.0895,74.0935,73.8455,73.8525
2026-03-21 07:31:00,73.8545,73.9515,73.8465,73.9475
2026-03-21 07:32:00,73.9525,73.9555,73.7995,73.8015
2026-03-21 07:33:00,73.7995,73.9675,73.7955,73.9445
2026-03-21 07:34:00,73.9415,73.9545,73.8765,73.9065
2026-03-21 07:35:00,73.9095,73.9845,73.9095,73.9565
2026-03-21 07:36:00,73.9575,74.0395,73.9315,74.0155
2026-03-21 07:37:00,74.0195,74.0325,73.9095,73.9145
2026-03-21 07:38:00,73.9075,73.9225,73.7285,73.7395
2026-03-21 07:39:00,73.7415,73.7415,73.6915,73.6945
2026-03-21 07:40:00,73.6905,73.7375,73.6145,73.7105
2026-03-21 07:41:00,73.7125,73.7715,73.7055,73.7665
2026-03-21 07:42:00,73.7685,73.7795,73.6685,73.6995
2026-03-21 07:43:00,73.7025,73.7775,73.6245,73.7415
2026-03-21 07:44:00,73.7345,73.7865,73.7285,73.7715
2026-03-21 07:45:00,73.7725,73.9535,73.7545,73.8555
2026-03-21 07:46:00,73.8565,73.9525,73.8335,73.9465
2026-03-21 07:47:00,73.9485,73.9565,73.8565,73.8905
2026-03-21 07:48:00,73.8935,73.9225,73.7575,73.7715
2026-03-21 07:49:00,73.7705,73.7895,73.6915,73.6975
2026-03-21 07:50:00,73.7005,73.7005,73.5835,73.6475
2026-03-21 07:51:00,73.6255,73.6355,73.4505,73.4605
2026-03-21 07:52:00,73.4635,73.5535,73.4165,73.5345
2026-03-21 07:53:00,73.5305,73.5395,73.4015,73.4015
2026-03-21 07:54:00,73.3985,73.4395,73.3065,73.3105
2026-03-21 07:55:00,73.3135,73.3825,73.2735,73.3605
2026-03-21 07:56:00,73.3565,73.3885,73.3325,73.3445
2026-03-21 07:57:00,73.3375,73.4555,73.3155,73.4475
2026-03-21 07:58:00,73.4505,73.4625,73.3275,73.3315
2026-03-21 07:59:00,73.3335,73.3785,73.2905,73.3265
2026-03-21 08:00:00,73.3285,73.4015,73.3105,73.3825
2026-03-21 08:01:00,73.3795,73.3885,73.3135,73.3435
2026-03-21 08:02:00,73.3405,73.4205,73.3055,73.3745
2026-03-21 08:03:00,73.3755,73.4245,73.3395,73.4245
2026-03-21 08:04:00,73.4275,73.4685,73.4095,73.4595
2026-03-21 08:10:00,73.4595,74.4605,73.4595,74.4055
2026-03-21 08:11:00,74.4065,74.4465,74.3765,74.4265
2026-03-21 08:12:00,74.4225,74.4955,74.4205,74.4275
2026-03-21 08:13:00,74.4295,74.5275,74.4215,74.4745
2026-03-21 08:14:00,74.4705,74.5465,74.4575,74.5245
2026-03-21 08:15:00,74.5205,74.5315,74.4725,74.5105
2026-03-21 08:16:00,74.5235,74.7175,74.5235,74.6905
2026-03-21 08:17:00,74.6665,74.7065,74.6035,74.6375
2026-03-21 08:18:00,74.6415,74.7475,74.6205,74.7215
2026-03-21 08:19:00,74.7245,74.7295,74.5955,74.5995
2026-03-21 08:20:00,74.6015,74.6835,74.5805,74.5835
2026-03-21 08:21:00,74.5825,74.6155,74.4855,74.4855
2026-03-21 08:22:00,74.4835,74.5955,74.4785,74.5895
2026-03-21 08:23:00,74.5885,74.5925,74.5365,74.5675
2026-03-21 08:24:00,74.5655,74.6955,74.5535,74.6465
2026-03-21 08:25:00,74.6375,74.6975,74.6065,74.6685
2026-03-21 08:26:00,74.6695,74.6745,74.6205,74.6735
2026-03-21 08:27:00,74.6715,74.7395,74.6575,74.6845
2026-03-21 08:28:00,74.6885,74.7025,74.6285,74.6355
2026-03-21 08:29:00,74.6395,74.6445,74.5885,74.6385
2026-03-21 08:30:00,74.6435,74.7645,74.6035,74.7075
2026-03-21 08:31:00,74.7095,74.8905,74.7065,74.8375
2026-03-21 08:32:00,74.8395,74.8885,74.7475,74.7665
2026-03-21 08:33:00,74.7655,74.7685,74.6225,74.6225
2026-03-21 08:34:00,74.6255,74.7605,74.6255,74.7505
2026-03-21 08:35:00,74.7495,74.8025,74.7165,74.7555
2026-03-21 08:36:00,74.7635,74.7785,74.6645,74.6715
2026-03-21 08:37:00,74.6735,74.6975,74.6135,74.6765
2026-03-21 08:38:00,74.6815,74.7235,74.6385,74.7235
2026-03-21 08:39:00,74.7205,74.8015,74.6005,74.6115
2026-03-21 08:40:00,74.6145,74.6725,74.5885,74.6665
2026-03-21 08:41:00,74.6675,74.6875,74.6025,74.6635
2026-03-21 08:42:00,74.6655,74.6735,74.5685,74.5685
2026-03-21 08:43:00,74.5665,74.7865,74.5195,74.7485
2026-03-21 08:44:00,74.7505,74.8755,74.7185,74.8565
2026-03-21 08:45:00,74.8555,74.8915,74.8335,74.8785
2026-03-21 08:46:00,74.8765,74.9535,74.8265,74.8345
2026-03-21 08:47:00,74.8355,75.0015,74.8065,74.9615
2026-03-21 08:48:00,74.9655,75.0075,74.9275,74.9625
2026-03-21 08:49:00,74.9525,75.0265,74.9515,75.0215
2026-03-21 08:50:00,75.0235,75.1165,75.0175,75.1005
2026-03-21 08:51:00,75.0985,75.1495,75.0105,75.1365
2026-03-21 08:52:00,75.1375,75.1375,75.0475,75.1045
2026-03-21 08:53:00,75.0995,75.1865,75.0805,75.1755
2026-03-21 08:54:00,75.1765,75.3645,75.1545,75.3225
2026-03-21 08:55:00,75.3265,75.4175,75.2855,75.4045
2026-03-21 08:56:00,75.4035,75.4365,75.3295,75.3375
2026-03-21 08:57:00,75.3385,75.4085,75.3205,75.3255
2026-03-21 08:58:00,75.3275,75.3295,75.2515,75.2995
2026-03-21 08:59:00,75.2975,75.3095,75.0765,75.0895
2026-03-21 09:00:00,75.0885,75.1285,75.0655,75.0985
2026-03-21 09:01:00,75.0955,75.1925,75.0675,75.1895
2026-03-21 09:02:00,75.1865,75.3315,75.1825,75.2965
2026-03-21 09:03:00,75.2955,75.3265,75.2535,75.2765
2026-03-21 09:04:00,75.2735,75.3635,75.2735,75.2975
2026-03-21 09:05:00,75.2935,75.3355,75.2455,75.2885
2026-03-21 09:06:00,75.2925,75.4405,75.2515,75.4125
2026-03-21 09:07:00,75.4105,75.4815,75.4005,75.4085
2026-03-21 09:08:00,75.4105,75.4115,75.3195,75.3685
2026-03-21 09:09:00,75.3695,75.4425,75.3305,75.3585
2026-03-21 09:10:00,75.3535,75.4385,75.3355,75.4245
2026-03-21 09:11:00,75.4285,75.5605,75.4275,75.5485
2026-03-21 09:12:00,75.5475,75.6045,75.5345,75.5565
2026-03-21 09:13:00,75.5555,75.5765,75.4735,75.4765
2026-03-21 09:14:00,75.4805,75.5495,75.4085,75.5215
2026-03-21 09:15:00,75.5205,75.5675,75.4805,75.4905
2026-03-21 09:16:00,75.4875,75.7895,75.4685,75.6255
2026-03-21 09:17:00,75.6275,75.6905,75.6265,75.6735
2026-03-21 09:18:00,75.6695,75.7205,75.6085,75.6915
2026-03-21 09:19:00,75.6935,75.7215,75.6515,75.6945
2026-03-21 09:20:00,75.6965,75.6965,75.5165,75.5245
2026-03-21 09:21:00,75.5325,75.5695,75.4925,75.5355
2026-03-21 09:22:00,75.5415,75.5475,75.3735,75.3915
2026-03-21 09:23:00,75.3885,75.4255,75.2885,75.3225
2026-03-21 09:24:00,75.3255,75.3565,75.2725,75.3085
2026-03-21 09:25:00,75.3165,75.3795,75.2875,75.3265
2026-03-21 09:26:00,75.3295,75.4375,75.3165,75.4375
2026-03-21 09:27:00,75.4195,75.5545,75.4175,75.5395
2026-03-21 09:28:00,75.5355,75.6045,75.5185,75.5555
2026-03-21 09:29:00,75.5515,75.6445,75.4785,75.6405
2026-03-21 09:30:00,75.6435,75.6995,75.5165,75.5335
2026-03-21 09:31:00,75.5325,75.6305,75.5305,75.6135
2026-03-21 09:32:00,75.6145,75.6165,75.5015,75.5895
2026-03-21 09:33:00,75.5905,75.6685,75.5765,75.5845
2026-03-21 09:34:00,75.5865,75.7265,75.5865,75.6215
2026-03-21 09:35:00,75.6225,75.7175,75.6075,75.6085
2026-03-21 09:36:00,75.6065,75.6785,75.5605,75.6705
2026-03-21 09:37:00,75.6735,75.6835,75.5615,75.6065
2026-03-21 09:38:00,75.6175,75.6545,75.5695,75.5775
2026-03-21 09:39:00,75.5785,75.6505,75.5705,75.5705
2026-03-21 09:40:00,75.5695,75.5695,75.4985,75.4985
2026-03-21 09:41:00,75.4995,75.5705,75.4835,75.5555
2026-03-21 09:42:00,75.5545,75.5835,75.4445,75.4475
2026-03-21 09:43:00,75.4485,75.4785,75.4065,75.4435
2026-03-21 09:44:00,75.4405,75.4535,75.3575,75.3715
2026-03-21 09:45:00,75.3765,75.3915,75.3525,75.3585
2026-03-21 09:46:00,75.3535,75.4045,75.2085,75.2635
2026-03-21 09:47:00,75.2595,75.2895,75.1655,75.1855
2026-03-21 09:48:00,75.1875,75.2715,75.1255,75.2245
2026-03-21 09:49:00,75.2225,75.2255,74.9465,75.0505
2026-03-21 09:50:00,75.0485,75.0715,74.9605,74.9605
2026-03-21 09:51:00,74.9585,75.0005,74.9045,74.9045
2026-03-21 09:52:00,74.9075,74.9285,74.8805,74.8805
2026-03-21 09:53:00,74.8755,75.1935,74.8175,75.1575
2026-03-21 09:54:00,75.1585,75.1615,75.0395,75.0535
2026-03-21 09:55:00,75.0545,75.0865,74.9975,75.0225
2026-03-21 09:56:00,75.0255,75.0465,74.9105,74.9705
2026-03-21 09:57:00,74.9725,75.0975,74.9175,75.0975
2026-03-21 09:58:00,75.1005,75.1085,75.0215,75.0435
2026-03-21 09:59:00,75.0415,75.1175,74.9885,75.1065
2026-03-21 10:00:00,75.1105,75.2935,75.1045,75.2675
2026-03-21 10:01:00,75.2625,75.2895,75.1415,75.2045
2026-03-21 10:02:00,75.2085,75.2105,75.0105,75.0975
2026-03-21 10:03:00,75.1015,75.2075,75.0635,75.1825
2026-03-21 10:04:00,75.1835,75.3205,75.1765,75.2875
2026-03-21 10:05:00,75.2845,75.4275,75.2775,75.4245
2026-03-21 10:06:00,75.4235,75.4845,75.3895,75.4785
2026-03-21 10:07:00,75.4815,75.5125,75.4165,75.4265
2026-03-21 10:08:00,75.4255,75.4275,75.3385,75.3575
2026-03-21 10:09:00,75.3525,75.3595,75.2495,75.2635
2026-03-21 10:10:00,75.2665,75.3945,75.2665,75.3805
2026-03-21 10:11:00,75.3755,75.3755,75.2955,75.3405
2026-03-21 10:12:00,75.3365,75.3625,75.2515,75.3335
2026-03-21 10:13:00,75.3375,75.3685,75.2205,75.2205
2026-03-21 10:14:00,75.2225,75.3625,75.2145,75.3395
2026-03-21 10:15:00,75.3425,75.3935,75.3155,75.3595
2026-03-21 10:16:00,75.3635,75.4845,75.3525,75.3725
2026-03-21 10:17:00,75.3735,75.4985,75.3615,75.4835
2026-03-21 10:18:00,75.4805,75.4885,75.3155,75.3355
2026-03-21 10:19:00,75.3345,75.4705,75.3335,75.4675
2026-03-21 10:20:00,75.4645,75.4855,75.3505,75.3705
2026-03-21 10:21:00,75.3665,75.4205,75.3435,75.3555
2026-03-21 10:22:00,75.3585,75.3655,75.2795,75.3155
2026-03-21 10:23:00,75.3145,75.3795,75.2985,75.3575
2026-03-21 10:24:00,75.3565,75.6805,75.3205,75.6745
2026-03-21 10:25:00,75.6705,75.7415,75.6275,75.7375
2026-03-21 10:26:00,75.7275,75.8025,75.7105,75.7845
2026-03-21 10:27:00,75.7855,75.8365,75.7245,75.7365
2026-03-21 10:28:00,75.7405,75.7525,75.6165,75.6355
2026-03-21 10:29:00,75.6365,75.7265,75.6215,75.6805
2026-03-21 10:30:00,75.6815,75.8325,75.6695,75.8045
2026-03-21 10:31:00,75.8115,75.9585,75.8115,75.9545
2026-03-21 10:32:00,75.9575,76.1545,75.9575,76.0515
2026-03-21 10:33:00,76.0545,76.0975,76.0425,76.0805
2026-03-21 10:34:00,76.0835,76.0965,75.9475,75.9725
2026-03-21 10:35:00,75.9685,76.0925,75.9435,76.0265
2026-03-21 10:36:00,76.0305,76.0385,75.9355,75.9625
2026-03-21 10:37:00,75.9595,75.9815,75.8995,75.9035
2026-03-21 10:38:00,75.9055,75.9695,75.9035,75.9595
2026-03-21 10:39:00,75.9625,76.0455,75.9055,75.9085
2026-03-21 10:40:00,75.8955,75.9295,75.8065,75.8105
2026-03-21 10:41:00,75.8075,75.8785,75.7925,75.8115
2026-03-21 10:42:00,75.8155,75.8675,75.7385,75.8055
2026-03-21 10:43:00,75.7915,75.8225,75.7605,75.7925
2026-03-21 10:44:00,75.7885,75.8285,75.6885,75.8175
2026-03-21 10:45:00,75.8215,75.8215,75.6395,75.7045
2026-03-21 10:46:00,75.7085,75.7085,75.5915,75.6455
2026-03-21 10:47:00,75.6445,75.8075,75.6445,75.7425
2026-03-21 10:48:00,75.7455,75.7635,75.6445,75.6485
2026-03-21 10:49:00,75.6525,75.6965,75.6195,75.6475
2026-03-21 10:50:00,75.6515,75.6855,75.5975,75.6085
2026-03-21 10:51:00,75.6055,75.6455,75.4935,75.5045
2026-03-21 10:52:00,75.5085,75.5355,75.4445,75.4865
2026-03-21 10:53:00,75.4535,75.8295,75.4295,75.7335
2026-03-21 10:54:00,75.7375,75.7755,75.6095,75.6355
2026-03-21 10:55:00,75.6305,75.7075,75.6205,75.6605
2026-03-21 10:56:00,75.6635,75.7275,75.6495,75.6825
2026-03-21 10:57:00,75.6845,75.6885,75.5205,75.5415
2026-03-21 10:58:00,75.5455,75.6905,75.5445,75.6835
2026-03-21 10:59:00,75.6855,75.7365,75.6825,75.7245
2026-03-21 11:00:00,75.7265,75.8775,75.7105,75.8295
2026-03-21 11:01:00,75.8255,75.8555,75.7195,75.8475
2026-03-21 11:02:00,75.8525,75.8755,75.7575,75.7755
2026-03-21 11:03:00,75.7805,75.7925,75.7035,75.7035
2026-03-21 11:04:00,75.7015,75.7045,75.6515,75.6565
2026-03-21 11:05:00,75.6555,75.7215,75.6545,75.6925
2026-03-21 11:06:00,75.6975,75.6975,75.5815,75.6425
2026-03-21 11:07:00,75.6435,75.7405,75.6295,75.7135
2026-03-21 11:08:00,75.7355,75.8625,75.7315,75.8245
2026-03-21 11:09:00,75.8255,75.8535,75.7855,75.7995
2026-03-21 11:10:00,75.7985,75.7985,75.6925,75.6985
2026-03-21 11:11:00,75.6955,75.7285,75.6015,75.6285
2026-03-21 11:12:00,75.6265,75.6435,75.5255,75.5265
2026-03-21 11:13:00,75.5255,75.6025,75.4535,75.4615
2026-03-21 11:14:00,75.4575,75.5675,75.4545,75.5635
2026-03-21 11:15:00,75.5675,75.6085,75.5585,75.5625
2026-03-21 11:16:00,75.5585,75.6455,75.4975,75.6225
2026-03-21 11:17:00,75.6245,75.7165,75.6245,75.6395
2026-03-21 11:18:00,75.6355,75.7135,75.6165,75.6835
2026-03-21 11:19:00,75.6845,75.6895,75.5905,75.5905
2026-03-21 11:20:00,75.5955,75.6705,75.5895,75.6705
2026-03-21 11:21:00,75.6675,75.6745,75.5335,75.5725
2026-03-21 11:22:00,75.5675,75.6225,75.5585,75.6125
2026-03-21 11:23:00,75.6085,75.6385,75.5655,75.5975
2026-03-21 11:24:00,75.5965,75.6275,75.5295,75.5295
2026-03-21 11:25:00,75.5275,75.5375,75.4455,75.4635
2026-03-21 11:26:00,75.4605,75.4675,75.1245,75.1565
2026-03-21 11:27:00,75.1605,75.2015,75.1055,75.1825
2026-03-21 11:28:00,75.1855,75.4105,75.1815,75.3175
2026-03-21 11:29:00,75.3195,75.3295,75.2225,75.2425
2026-03-21 11:30:00,75.2455,75.2585,75.2105,75.2155
2026-03-21 11:31:00,75.2135,75.3135,75.2035,75.2975
2026-03-21 11:32:00,75.2945,75.2945,75.1185,75.1355
2026-03-21 11:33:00,75.1375,75.2195,75.1285,75.1725
2026-03-21 11:34:00,75.1765,75.1935,75.1385,75.1595
2026-03-21 11:35:00,75.1615,75.1765,75.1155,75.1245
2026-03-21 11:36:00,75.1285,75.1895,75.0915,75.0915
2026-03-21 11:37:00,75.0885,75.2005,75.0655,75.1635
2026-03-21 11:38:00,75.1665,75.2385,75.1465,75.2185
2026-03-21 11:39:00,75.2235,75.2235,75.0855,75.1045
2026-03-21 11:40:00,75.1015,75.1205,75.0435,75.0695
2026-03-21 11:41:00,75.0725,75.0905,74.9795,74.9795
2026-03-21 11:42:00,74.9765,75.0255,74.9155,74.9495
2026-03-21 11:43:00,74.9465,75.0385,74.9235,75.0325
2026-03-21 11:44:00,75.0285,75.0805,74.8995,74.9635
2026-03-21 11:45:00,74.9645,74.9795,74.8285,74.8575
2026-03-21 11:46:00,74.8535,74.9105,74.7785,74.8995
2026-03-21 11:47:00,74.8965,74.9415,74.8345,74.9415
2026-03-21 11:48:00,74.9435,75.0225,74.9415,74.9935
2026-03-21 11:49:00,74.9955,74.9975,74.8475,74.9205
2026-03-21 11:50:00,74.9195,74.9445,74.7885,74.7975
2026-03-21 11:51:00,74.7955,74.7955,74.6805,74.6935
2026-03-21 11:52:00,74.6975,74.7365,74.6475,74.6475
2026-03-21 11:53:00,74.6435,74.7675,74.6425,74.7675
2026-03-21 11:54:00,74.7695,74.7695,74.6575,74.6575
2026-03-21 11:55:00,74.6585,74.6845,74.5885,74.6075
2026-03-21 11:56:00,74.6095,74.6795,74.5885,74.6615
2026-03-21 11:57:00,74.6605,74.8405,74.6445,74.8375
2026-03-21 11:58:00,74.8385,74.9285,74.8195,74.9065
2026-03-21 11:59:00,74.9095,74.9615,74.8495,74.8815
2026-03-21 12:00:00,74.8845,74.9435,74.5525,74.5665
2026-03-21 12:01:00,74.5635,74.6645,74.5425,74.6505
2026-03-21 12:02:00,74.6495,74.6885,74.5815,74.6145
2026-03-21 12:03:00,74.6155,74.6885,74.5995,74.6845
2026-03-21 12:04:00,74.6865,74.8315,74.6855,74.8285
2026-03-21 12:05:00,74.8305,74.8335,74.7045,74.7165
2026-03-21 12:06:00,74.7205,74.8045,74.7165,74.7595
2026-03-21 12:07:00,74.7565,74.7795,74.7175,74.7355
2026-03-21 12:08:00,74.7365,74.7955,74.7175,74.7865
2026-03-21 12:09:00,74.7885,74.8115,74.7425,74.7965
2026-03-21 12:10:00,74.7915,74.8785,74.7915,74.8225
2026-03-21 12:11:00,74.8245,74.9705,74.8115,74.9265
2026-03-21 12:12:00,74.9305,74.9495,74.8415,74.8825
2026-03-21 12:13:00,74.8775,74.9245,74.7825,74.7995
2026-03-21 12:14:00,74.7955,74.8825,74.7625,74.8825
2026-03-21 12:15:00,74.8975,74.9315,74.8485,74.8715
2026-03-21 12:16:00,74.8705,74.9405,74.8615,74.9025
2026-03-21 12:17:00,74.8995,74.9795,74.8875,74.9565
2026-03-21 12:18:00,74.9545,75.0805,74.9545,75.0775
2026-03-21 12:19:00,75.0805,75.1325,75.0365,75.0625
2026-03-21 12:20:00,75.0655,75.1075,75.0065,75.0525
2026-03-21 12:21:00,75.0535,75.0775,74.8755,74.8755
2026-03-21 12:22:00,74.8795,74.9635,74.8525,74.9485
2026-03-21 12:23:00,74.9465,74.9635,74.8685,74.8845
2026-03-21 12:24:00,74.8895,75.0645,74.8895,75.0525
2026-03-21 12:25:00,75.0545,75.0715,74.9565,74.9855
2026-03-21 12:26:00,74.9885,75.0665,74.9255,74.9325
2026-03-21 12:27:00,74.9315,74.9745,74.8155,74.8395
2026-03-21 12:28:00,74.8435,74.8655,74.7885,74.8015
2026-03-21 12:29:00,74.8005,74.8085,74.6985,74.7405
2026-03-21 12:30:00,74.7385,74.8245,74.6855,74.7805
2026-03-21 12:31:00,74.7785,74.8415,74.7425,74.8265
2026-03-21 12:32:00,74.8255,74.9095,74.8245,74.8625
2026-03-21 12:33:00,74.8585,74.8705,74.7985,74.8225
2026-03-21 12:34:00,74.8185,74.8485,74.6655,74.6725
2026-03-21 12:35:00,74.6735,74.7525,74.6355,74.7145
2026-03-21 12:36:00,74.7105,74.7585,74.6685,74.6885
2026-03-21 12:37:00,74.6865,74.7245,74.6515,74.6665
2026-03-21 12:38:00,74.6675,74.6735,74.6055,74.6475
2026-03-21 12:39:00,74.6435,74.7785,74.6015,74.7695
2026-03-21 12:40:00,74.7675,74.8965,74.7055,74.8965
2026-03-21 12:41:00,74.8985,75.0155,74.8775,75.0035
2026-03-21 12:42:00,74.9995,75.0525,74.9635,74.9695
2026-03-21 12:43:00,74.9725,75.0015,74.8875,74.9315
2026-03-21 12:44:00,74.9355,74.9515,74.8855,74.8895
2026-03-21 12:45:00,74.8915,74.9195,74.8445,74.9155
2026-03-21 12:46:00,74.9165,74.9165,74.8135,74.8935
2026-03-21 12:47:00,74.8915,75.0155,74.8185,74.9815
2026-03-21 12:48:00,74.9655,75.0965,74.9165,75.0835
2026-03-21 12:49:00,75.0815,75.3085,75.0815,75.2055
2026-03-21 12:50:00,75.2025,75.2085,74.9455,74.9715
2026-03-21 12:51:00,74.9695,75.0835,74.9515,75.0815
2026-03-21 12:52:00,75.0785,75.1025,74.9325,75.0915
2026-03-21 12:53:00,75.0935,75.2155,75.0535,75.1645
2026-03-21 12:54:00,75.1675,75.2395,75.1095,75.1775
2026-03-21 12:55:00,75.1765,75.1855,75.0535,75.0625
2026-03-21 12:56:00,75.0605,75.1075,74.9575,74.9625
2026-03-21 12:57:00,74.9405,74.9645,74.8405,74.8685
2026-03-21 12:58:00,74.8645,74.9295,74.8265,74.9185
2026-03-21 12:59:00,74.9195,74.9455,74.7945,74.8475
2026-03-21 13:00:00,74.8505,75.0245,74.8455,74.8745
2026-03-21 13:01:00,74.8735,74.8735,74.7265,74.7615
2026-03-21 13:02:00,74.7605,74.8775,74.7485,74.8535
2026-03-21 13:03:00,74.8485,74.8795,74.7995,74.8065
2026-03-21 13:04:00,74.8075,74.8155,74.6005,74.6395
2026-03-21 13:05:00,74.6445,74.6595,74.5785,74.5915
2026-03-21 13:06:00,74.5895,74.5895,74.4665,74.4845
2026-03-21 13:07:00,74.4855,74.5275,74.4505,74.4745
2026-03-21 13:08:00,74.4705,74.5255,74.3665,74.3665
2026-03-21 13:09:00,74.3655,74.8365,74.3575,74.8285
2026-03-21 13:10:00,74.8315,75.0745,74.7895,75.0445
2026-03-21 13:11:00,75.0395,75.0395,74.9495,74.9945
2026-03-21 13:12:00,74.9955,75.0105,74.8415,74.8985
2026-03-21 13:13:00,74.8995,74.9245,74.8585,74.9065
2026-03-21 13:14:00,74.9075,74.9185,74.8205,74.8755
2026-03-21 13:15:00,74.8765,74.8765,74.7815,74.8485
2026-03-21 13:16:00,74.8525,74.8975,74.7665,74.8245
2026-03-21 13:17:00,74.8285,74.9415,74.8205,74.8985
2026-03-21 13:18:00,74.8915,74.9215,74.8505,74.8805
2026-03-21 13:19:00,74.8825,74.9025,74.8045,74.8215
2026-03-21 13:20:00,74.8185,74.8425,74.7675,74.7775
2026-03-21 13:21:00,74.7805,74.8685,74.7405,74.7405
2026-03-21 13:22:00,74.7365,74.7675,74.6215,74.6215
2026-03-21 13:23:00,74.6185,74.6365,74.5235,74.5285
2026-03-21 13:24:00,74.5325,74.5655,74.4625,74.5175
2026-03-21 13:25:00,74.5165,74.5455,74.4475,74.4735
2026-03-21 13:26:00,74.4765,74.4995,74.4135,74.4445
2026-03-21 13:27:00,74.4455,74.4735,74.3915,74.3945
2026-03-21 13:28:00,74.3955,74.4015,74.2885,74.3035
2026-03-21 13:29:00,74.3065,74.3215,74.2315,74.3005
2026-03-21 13:30:00,74.2985,74.3905,74.2475,74.3905
2026-03-21 13:31:00,74.3945,74.4245,74.3255,74.3315
2026-03-21 13:32:00,74.3305,74.3475,74.2445,74.2585
2026-03-21 13:33:00,74.2615,74.2815,74.1855,74.2445
2026-03-21 13:34:00,74.2465,74.2465,74.1515,74.1685
2026-03-21 13:35:00,74.1665,74.3055,74.1635,74.2995
2026-03-21 13:36:00,74.3025,74.4735,74.2835,74.4735
2026-03-21 13:37:00,74.4695,74.5455,74.4455,74.4935
2026-03-21 13:38:00,74.4905,74.5235,74.3755,74.3755
2026-03-21 13:39:00,74.3765,74.3935,74.2915,74.3335
2026-03-21 13:40:00,74.3305,74.3775,74.2555,74.2875
2026-03-21 13:41:00,74.2905,74.3245,74.2645,74.2935
2026-03-21 13:42:00,74.2975,74.3115,74.1285,74.1485
2026-03-21 13:43:00,74.1445,74.2575,74.1265,74.2425
2026-03-21 13:44:00,74.2475,74.2575,74.1375,74.1775
2026-03-21 13:45:00,74.1755,74.1885,74.0625,74.0675
2026-03-21 13:46:00,74.0695,74.1275,73.9225,74.1275
2026-03-21 13:47:00,74.1255,74.1915,74.0835,74.1285
2026-03-21 13:48:00,74.1315,74.1605,74.0695,74.1145
2026-03-21 13:49:00,74.1135,74.1985,74.1095,74.1825
2026-03-21 13:50:00,74.1795,74.2985,74.1645,74.2755
2026-03-21 13:51:00,74.2745,74.4245,74.2665,74.4175
2026-03-21 13:52:00,74.4135,74.4755,74.4135,74.4385
2026-03-21 13:53:00,74.4395,74.6485,74.4015,74.5785
2026-03-21 13:54:00,74.5825,74.6175,74.5505,74.5675
2026-03-21 13:55:00,74.5695,74.5715,74.5085,74.5435
2026-03-21 13:56:00,74.5305,74.5305,74.3595,74.4435
2026-03-21 13:57:00,74.4415,74.4775,74.3395,74.4105
2026-03-21 13:58:00,74.4115,74.4115,74.1685,74.1685
2026-03-21 13:59:00,74.1715,74.1965,74.1235,74.1255
2026-03-21 14:00:00,74.1025,74.1555,74.0915,74.1265
2026-03-21 14:01:00,74.1235,74.1535,74.0015,74.0255
2026-03-21 14:02:00,74.0265,74.0425,73.9105,73.9155
2026-03-21 14:03:00,73.9185,74.0095,73.9185,73.9795
2026-03-21 14:04:00,73.9815,74.0765,73.9745,73.9975
2026-03-21 14:05:00,73.9965,74.1305,73.9815,74.1115
2026-03-21 14:06:00,74.1075,74.1315,74.0355,74.0415
2026-03-21 14:07:00,74.0435,74.0535,73.9215,73.9275
2026-03-21 14:08:00,73.9285,74.0735,73.9245,74.0005
2026-03-21 14:09:00,74.0015,74.1325,73.9735,74.1215
2026-03-21 14:10:00,74.1235,74.1285,74.0145,74.0345
2026-03-21 14:11:00,74.0335,74.1415,73.9955,74.1055
2026-03-21 14:12:00,74.1075,74.1825,74.0945,74.1175
2026-03-21 14:13:00,74.1185,74.1485,74.0665,74.0925
2026-03-21 14:14:00,74.1175,74.1595,74.0815,74.1595
2026-03-21 14:15:00,74.1575,74.1605,74.0595,74.1295
2026-03-21 14:16:00,74.1335,74.1995,74.0835,74.1735
2026-03-21 14:17:00,74.1715,74.2115,74.0895,74.1465
2026-03-21 14:18:00,74.1375,74.1425,74.0105,74.0405
2026-03-21 14:19:00,74.0365,74.0445,73.9055,73.9235
2026-03-21 14:20:00,73.9205,74.0465,73.9205,74.0425
2026-03-21 14:21:00,74.0385,74.0955,74.0055,74.0055
2026-03-21 14:22:00,74.0045,74.1225,73.9925,74.1215
2026-03-21 14:23:00,74.1305,74.1425,73.9975,74.0055
2026-03-21 14:24:00,74.0035,74.0635,73.9455,73.9505
2026-03-21 14:25:00,73.9535,74.0285,73.9425,74.0155
2026-03-21 14:26:00,74.0135,74.0465,73.9455,74.0255
2026-03-21 14:27:00,74.0285,74.1145,74.0095,74.1145
2026-03-21 14:28:00,74.1135,74.2205,74.0715,74.1715
2026-03-21 14:29:00,74.1745,74.2955,74.1665,74.2465
2026-03-21 14:30:00,74.2495,74.2525,74.1295,74.1325
2026-03-21 14:31:00,74.1305,74.2215,74.1075,74.2215
2026-03-21 14:32:00,74.2245,74.2935,74.2165,74.2935
2026-03-21 14:33:00,74.2905,74.3185,74.0265,74.0705
2026-03-21 14:34:00,74.0685,74.1725,74.0685,74.0965
2026-03-21 14:35:00,74.1005,74.1055,74.0415,74.0605
2026-03-21 14:36:00,74.0595,74.1195,74.0265,74.1165
2026-03-21 14:37:00,74.1125,74.1625,74.0605,74.1015
2026-03-21 14:38:00,74.0965,74.0995,73.9865,74.0095
2026-03-21 14:39:00,74.0125,74.0125,73.9465,73.9625
2026-03-21 14:40:00,73.9615,74.0295,73.9205,73.9255
2026-03-21 14:41:00,73.9245,73.9435,73.8905,73.9155
2026-03-21 14:42:00,73.9345,73.9625,73.8275,73.8375
2026-03-21 14:43:00,73.8405,73.9435,73.7575,73.9365
2026-03-21 14:44:00,73.9465,73.9595,73.8475,73.9075
2026-03-21 14:45:00,73.9095,74.0515,73.9095,73.9465
2026-03-21 14:46:00,73.9505,73.9795,73.8625,73.8815
2026-03-21 14:47:00,73.8835,73.8835,73.7615,73.8255
2026-03-21 14:48:00,73.8275,73.8295,73.7325,73.7725
2026-03-21 14:49:00,73.7685,73.8605,73.7565,73.8385
2026-03-21 14:50:00,73.8325,73.8445,73.6985,73.7025
2026-03-21 14:51:00,73.7005,73.7295,73.6385,73.7255
2026-03-21 14:52:00,73.7175,73.7555,73.6675,73.7065
2026-03-21 14:53:00,73.7085,73.7095,73.5905,73.6405
2026-03-21 14:54:00,73.6425,73.7365,73.6385,73.7265
2026-03-21 14:55:00,73.7405,73.7415,73.6455,73.7145
2026-03-21 14:56:00,73.7175,73.9115,73.7175,73.8835
2026-03-21 14:57:00,73.8785,73.8875,73.7865,73.7935
2026-03-21 14:58:00,73.7925,73.8105,73.7495,73.7495
2026-03-21 14:59:00,73.7505,73.7595,73.6745,73.6815
2026-03-21 15:00:00,73.6785,73.8545,73.6705,73.8375
2026-03-21 15:01:00,73.8355,73.8855,73.8165,73.8345
2026-03-21 15:02:00,73.8355,73.9065,73.8355,73.8525
2026-03-21 15:03:00,73.8555,73.9875,73.8265,73.9665
2026-03-21 15:04:00,73.9675,73.9945,73.8975,73.8975
2026-03-21 15:05:00,73.8995,73.9425,73.8405,73.8575
2026-03-21 15:06:00,73.8595,73.8795,73.8185,73.8625
2026-03-21 15:07:00,73.8635,73.8825,73.7705,73.7805
2026-03-21 15:08:00,73.7815,73.8515,73.7195,73.7495
2026-03-21 15:09:00,73.7425,73.7455,73.6915,73.7065
2026-03-21 15:10:00,73.7115,73.8555,73.6745,73.8345
2026-03-21 15:11:00,73.8375,73.9425,73.7925,73.9075
2026-03-21 15:12:00,73.9035,73.9385,73.8535,73.8985
2026-03-21 15:13:00,73.8965,73.9315,73.8015,73.8235
2026-03-21 15:14:00,73.8205,73.8685,73.8005,73.8435
2026-03-21 15:15:00,73.8465,73.8655,73.6545,73.6685
2026-03-21 15:16:00,73.6675,73.6975,73.6165,73.6235
2026-03-21 15:17:00,73.6185,73.6505,73.5185,73.5185
2026-03-21 15:18:00,73.5215,73.6005,73.5015,73.5825
2026-03-21 15:19:00,73.5795,73.6255,73.5425,73.5615
2026-03-21 15:20:00,73.5585,73.5745,73.3925,73.4075
2026-03-21 15:21:00,73.4045,73.4555,73.3995,73.4285
2026-03-21 15:22:00,73.4265,73.5385,73.3785,73.5095
2026-03-21 15:23:00,73.5045,73.5805,73.4775,73.5175
2026-03-21 15:24:00,73.5135,73.5465,73.4425,73.4425
2026-03-21 15:25:00,73.4465,73.5045,73.4115,73.4855
2026-03-21 15:26:00,73.4965,73.5105,73.4305,73.4455
2026-03-21 15:27:00,73.4425,73.5075,73.4255,73.4875
2026-03-21 15:28:00,73.4885,73.5165,73.3855,73.3935
2026-03-21 15:29:00,73.3945,73.5695,73.3945,73.5285
2026-03-21 15:30:00,73.5325,73.5725,73.4655,73.4815
2026-03-21 15:31:00,73.4805,73.6325,73.4755,73.6275
2026-03-21 15:32:00,73.6235,73.6525,73.5585,73.6075
2026-03-21 15:33:00,73.6035,73.6215,73.4805,73.4925
2026-03-21 15:34:00,73.4965,73.6005,73.4915,73.5965
2026-03-21 15:35:00,73.5935,73.6245,73.5815,73.6165
2026-03-21 15:36:00,73.6135,73.6775,73.5215,73.5915
2026-03-21 15:37:00,73.5905,73.6075,73.5415,73.5495
2026-03-21 15:38:00,73.5505,73.6995,73.4835,73.6975
2026-03-21 15:39:00,73.7005,73.8705,73.6915,73.8245
2026-03-21 15:40:00,73.8205,73.8355,73.7375,73.8175
2026-03-21 15:41:00,73.8205,73.8845,73.7715,73.8835
2026-03-21 15:42:00,73.8785,73.9335,73.8195,73.8905
2026-03-21 15:43:00,73.8865,73.9685,73.8865,73.9105
2026-03-21 15:44:00,73.9155,73.9445,73.8825,73.9095
2026-03-21 15:45:00,73.9055,73.9295,73.7745,73.7755
2026-03-21 15:46:00,73.7745,73.8105,73.7285,73.7745
2026-03-21 15:47:00,73.7735,73.7795,73.7175,73.7765
2026-03-21 15:48:00,73.7785,73.7875,73.7025,73.7875
2026-03-21 15:49:00,73.7885,73.9385,73.7715,73.9315
2026-03-21 15:50:00,73.9345,74.0005,73.9315,73.9695
2026-03-21 15:51:00,73.9705,74.0425,73.9285,74.0425
2026-03-21 15:52:00,74.0395,74.0785,73.9955,73.9995
2026-03-21 15:53:00,74.0025,74.0025,73.8835,73.9145
2026-03-21 15:54:00,73.9135,73.9685,73.8645,73.9585
2026-03-21 15:55:00,73.9605,73.9705,73.8745,73.8825
2026-03-21 15:56:00,73.8815,73.9395,73.8265,73.9175
2026-03-21 15:57:00,73.9135,73.9135,73.8105,73.8105
2026-03-21 15:58:00,73.8135,73.8515,73.7965,73.7985
2026-03-21 15:59:00,73.8025,73.8205,73.7305,73.7455
2026-03-21 16:00:00,73.7435,73.7815,73.6935,73.7405
2026-03-21 16:01:00,73.7415,73.7545,73.6835,73.7045
2026-03-21 16:02:00,73.7095,73.7495,73.5875,73.5965
2026-03-21 16:03:00,73.5945,73.6385,73.5635,73.5635
2026-03-21 16:04:00,73.5645,73.6355,73.5485,73.6255
2026-03-21 16:05:00,73.6265,73.6355,73.5575,73.5575
2026-03-21 16:06:00,73.5535,73.5975,73.5305,73.5355
2026-03-21 16:07:00,73.5395,73.5445,73.4875,73.5155
2026-03-21 16:08:00,73.5125,73.6305,73.5105,73.6295
2026-03-21 16:09:00,73.6265,73.6595,73.5575,73.5645
2026-03-21 16:10:00,73.5595,73.6065,73.4875,73.4995
2026-03-21 16:11:00,73.4965,73.5435,73.4825,73.5145
2026-03-21 16:12:00,73.5095,73.5635,73.3985,73.4025
2026-03-21 16:13:00,73.3995,73.4455,73.3815,73.4275
2026-03-21 16:14:00,73.4265,73.4675,73.3965,73.4395
2026-03-21 16:15:00,73.4445,73.4835,73.4105,73.4295
2026-03-21 16:16:00,73.4265,73.4515,73.3885,73.4005
2026-03-21 16:17:00,73.4035,73.5575,73.3705,73.5575
2026-03-21 16:18:00,73.5595,73.5675,73.2785,73.2935
2026-03-21 16:19:00,73.2895,73.3365,73.2335,73.2665
2026-03-21 16:20:00,73.2625,73.3315,73.2625,73.3305
2026-03-21 16:21:00,73.3375,73.3955,73.3185,73.3285
2026-03-21 16:22:00,73.3315,73.3835,73.3085,73.3465
2026-03-21 16:23:00,73.3485,73.3645,73.2575,73.3085
2026-03-21 16:24:00,73.3685,73.3995,73.2675,73.2985
2026-03-21 16:25:00,73.3005,73.3335,73.2385,73.2825
2026-03-21 16:26:00,73.3085,73.3295,73.2335,73.2535
2026-03-21 16:27:00,73.2495,73.3405,73.2025,73.2125
2026-03-21 16:28:00,73.2135,73.2575,73.1745,73.2275
2026-03-21 16:29:00,73.2065,73.2325,73.1685,73.2165
2026-03-21 16:30:00,73.2205,73.2735,73.2105,73.2485
2026-03-21 16:31:00,73.2505,73.2505,73.1495,73.1515
2026-03-21 16:32:00,73.1495,73.1575,73.0415,73.0655
2026-03-21 16:33:00,73.0635,73.2055,73.0625,73.1765
2026-03-21 16:34:00,73.1815,73.2465,73.1275,73.2025
2026-03-21 16:35:00,73.2055,73.2235,73.1075,73.2085
2026-03-21 16:36:00,73.2045,73.3585,73.1955,73.3415
2026-03-21 16:37:00,73.3455,73.3685,73.3085,73.3245
2026-03-21 16:38:00,73.3235,73.4145,73.3035,73.3925
2026-03-21 16:39:00,73.3895,73.3965,73.2645,73.3275
2026-03-21 16:40:00,73.3235,73.3235,73.1775,73.2255
2026-03-21 16:41:00,73.2285,73.3015,73.2235,73.2605
2026-03-21 16:42:00,73.2565,73.3625,73.2495,73.3395
2026-03-21 16:43:00,73.3405,73.3405,73.1995,73.2185
2026-03-21 16:44:00,73.2205,73.2355,73.1625,73.1785
2026-03-21 16:45:00,73.1815,73.1875,72.9785,72.9825
2026-03-21 16:46:00,72.9865,73.0165,72.9525,72.9865
2026-03-21 16:47:00,72.9815,72.9905,72.8735,72.8815
2026-03-21 16:48:00,72.8795,72.9155,72.8145,72.8205
2026-03-21 16:49:00,72.8175,72.8175,72.7015,72.7045
2026-03-21 16:50:00,72.7085,72.7555,72.6355,72.6635
2026-03-21 16:51:00,72.6615,72.6655,72.4835,72.5555
2026-03-21 16:52:00,72.5595,72.6465,72.5595,72.5915
2026-03-21 16:53:00,72.5885,72.5935,72.4825,72.4975
2026-03-21 16:54:00,72.5125,72.5385,72.4445,72.5295
2026-03-21 16:55:00,72.5315,72.5515,72.4545,72.4915
2026-03-21 16:56:00,72.4945,72.5935,72.4815,72.5735
2026-03-21 16:57:00,72.5805,72.6195,72.4545,72.5015
2026-03-21 16:58:00,72.5025,72.5115,72.4225,72.4515
2026-03-21 16:59:00,72.4535,72.4895,72.3625,72.3935
2026-03-21 17:00:00,72.3895,72.4165,72.3555,72.3685
2026-03-21 17:01:00,72.3735,72.3735,72.2625,72.3605
2026-03-21 17:02:00,72.3635,72.4365,72.3635,72.4345
2026-03-21 17:03:00,72.4375,72.4965,72.4145,72.4575
2026-03-21 17:04:00,72.4615,72.4615,72.3105,72.3105
2026-03-21 17:05:00,72.3115,72.3325,72.2325,72.2875
2026-03-21 17:06:00,72.2915,72.2995,72.0695,72.0885
2026-03-21 17:07:00,72.0875,72.2255,72.0815,72.2225
2026-03-21 17:08:00,72.2245,72.2605,72.2005,72.2375
2026-03-21 17:09:00,72.2415,72.3405,72.2335,72.3285
2026-03-21 17:10:00,72.3265,72.3945,72.3085,72.3695
2026-03-21 17:11:00,72.3635,72.5195,72.3275,72.5195
2026-03-21 17:12:00,72.5165,72.6495,72.4465,72.5585
2026-03-21 17:13:00,72.5605,72.5655,72.2925,72.2975
2026-03-21 17:14:00,72.3005,72.4365,72.3005,72.3685
2026-03-21 17:15:00,72.3645,72.4575,72.3645,72.4575
2026-03-21 17:16:00,72.4535,72.5495,72.4085,72.5365
2026-03-21 17:17:00,72.5325,72.8545,72.5225,72.6465
2026-03-21 17:18:00,72.6495,72.7115,72.6005,72.6955
2026-03-21 17:19:00,72.6935,72.7415,72.6245,72.6245
2026-03-21 17:20:00,72.6165,72.6415,72.5815,72.6035
2026-03-21 17:21:00,72.6055,72.6065,72.4085,72.4575
2026-03-21 17:22:00,72.4535,72.5785,72.3825,72.5495
2026-03-21 17:23:00,72.5505,72.6505,72.5505,72.6225
2026-03-21 17:24:00,72.6205,72.7055,72.5635,72.6735
2026-03-21 17:25:00,72.6705,72.8265,72.6705,72.8215
2026-03-21 17:26:00,72.8165,72.9145,72.8165,72.9105
2026-03-21 17:27:00,72.9095,72.9095,72.7675,72.8185
2026-03-21 17:28:00,72.8155,72.8795,72.8145,72.8435
2026-03-21 17:29:00,72.8445,72.8685,72.7275,72.7575
2026-03-21 17:30:00,72.7555,72.8335,72.7315,72.8085
2026-03-21 17:31:00,72.8055,72.8395,72.7765,72.8065
2026-03-21 17:32:00,72.8045,72.8805,72.7865,72.8655
2026-03-21 17:33:00,72.8695,72.9415,72.8475,72.8715
2026-03-21 17:34:00,72.8745,72.9205,72.8225,72.8995
2026-03-21 17:35:00,72.8985,73.1095,72.8615,73.0905
2026-03-21 17:36:00,73.0925,73.0945,73.0175,73.0365
2026-03-21 17:37:00,73.0335,73.0755,72.9755,73.0745
2026-03-21 17:38:00,73.0785,73.2265,73.0785,73.2005
2026-03-21 17:39:00,73.2015,73.2365,73.1365,73.1455
2026-03-21 17:40:00,73.1505,73.2075,73.1415,73.2035
2026-03-21 17:41:00,73.2155,73.3045,73.2115,73.2705
2026-03-21 17:42:00,73.2495,73.3025,73.1815,73.1815
2026-03-21 17:43:00,73.1785,73.1925,73.0665,73.0835
2026-03-21 17:44:00,73.0975,73.1335,73.0385,73.0635
2026-03-21 17:45:00,73.0645,73.0665,72.9555,72.9575
2026-03-21 17:46:00,72.9535,72.9975,72.9025,72.9095
2026-03-21 17:47:00,72.9085,72.9085,72.7875,72.7935
2026-03-21 17:48:00,72.7955,72.9645,72.7955,72.9345
2026-03-21 17:49:00,72.9315,73.0235,72.9035,72.9695
2026-03-21 17:50:00,72.9685,73.0615,72.9665,73.0315
2026-03-21 17:51:00,73.0335,73.0335,72.9635,72.9925
2026-03-21 17:52:00,72.9955,73.0295,72.9355,72.9695
2026-03-21 17:53:00,72.9715,72.9835,72.8725,72.9015
2026-03-21 17:54:00,72.9045,72.9275,72.7875,72.7885
2026-03-21 17:55:00,72.7855,72.8825,72.7715,72.8525
2026-03-21 17:56:00,72.8555,72.8815,72.7795,72.8165
2026-03-21 17:57:00,72.8155,72.8215,72.7535,72.8085
2026-03-21 17:58:00,72.8125,72.9625,72.8065,72.9625
2026-03-21 17:59:00,72.9595,72.9855,72.9315,72.9505
2026-03-21 18:00:00,72.9525,73.0465,72.9495,73.0025
2026-03-21 18:01:00,73.0065,73.0105,72.9485,72.9625
2026-03-21 18:02:00,72.9655,72.9925,72.8995,72.9695
2026-03-21 18:03:00,72.9725,72.9955,72.8025,72.8305
2026-03-21 18:04:00,72.8335,72.8365,72.7155,72.7355
2026-03-21 18:05:00,72.7315,72.8155,72.7095,72.7415
2026-03-21 18:06:00,72.7425,72.8055,72.7305,72.7705
2026-03-21 18:07:00,72.7665,72.7965,72.6885,72.7875
2026-03-21 18:08:00,72.7895,72.8015,72.7255,72.7265
2026-03-21 18:09:00,72.7305,72.7525,72.5975,72.6125
2026-03-21 18:10:00,72.6105,72.6505,72.5795,72.5925
2026-03-21 18:11:00,72.5955,72.6085,72.5235,72.5405
2026-03-21 18:12:00,72.5415,72.6375,72.5385,72.6355
2026-03-21 18:13:00,72.6345,72.7555,72.6305,72.7545
2026-03-21 18:14:00,72.7535,72.8415,72.6925,72.8195
2026-03-21 18:15:00,72.8205,72.9525,72.8145,72.8325
2026-03-21 18:16:00,72.8365,72.8755,72.7865,72.8215
2026-03-21 18:17:00,72.8195,72.8785,72.8195,72.8385
2026-03-21 18:18:00,72.8395,72.8805,72.8135,72.8645
2026-03-21 18:19:00,72.8665,72.8685,72.7455,72.7695
2026-03-21 18:20:00,72.7715,72.7715,72.6735,72.6855
2026-03-21 18:21:00,72.6815,72.6905,72.4965,72.4985
2026-03-21 18:22:00,72.4885,72.5425,72.4685,72.5165
2026-03-21 18:23:00,72.5135,72.6395,72.5115,72.6395
2026-03-21 18:24:00,72.6415,72.7805,72.6355,72.6585
2026-03-21 18:25:00,72.6545,72.6545,72.5085,72.5615
2026-03-21 18:26:00,72.5575,72.6145,72.5315,72.6035
2026-03-21 18:27:00,72.6055,72.6625,72.5725,72.6365
2026-03-21 18:28:00,72.6395,72.6755,72.5765,72.5845
2026-03-21 18:29:00,72.5855,72.6045,72.5105,72.5155
2026-03-21 18:30:00,72.5205,72.5465,72.4865,72.4975
2026-03-21 18:31:00,72.5005,72.5625,72.4735,72.5485
2026-03-21 18:32:00,72.5445,72.5545,72.4235,72.4595
2026-03-21 18:33:00,72.4565,72.4635,72.3775,72.4365
2026-03-21 18:34:00,72.4375,72.4455,72.3815,72.4365
2026-03-21 18:35:00,72.4395,72.5045,72.4165,72.4445
2026-03-21 18:36:00,72.4465,72.4945,72.3975,72.4175
2026-03-21 18:37:00,72.4185,72.4365,72.3345,72.4065
2026-03-21 18:38:00,72.3835,72.3895,72.2895,72.3365
2026-03-21 18:39:00,72.3375,72.4075,72.1495,72.2745
2026-03-21 18:40:00,72.2645,72.2985,72.2325,72.2525
2026-03-21 18:41:00,72.2515,72.3205,72.1165,72.1165
2026-03-21 18:42:00,72.1145,72.1585,72.0555,72.1445
2026-03-21 18:43:00,72.1435,72.1525,71.9745,72.0075
2026-03-21 18:44:00,72.0025,72.0575,71.9805,72.0555
2026-03-21 18:45:00,72.0495,72.0515,71.8935,71.8975
2026-03-21 18:46:00,71.8985,71.8985,71.6775,71.6895
2026-03-21 18:47:00,71.6865,71.6865,71.6085,71.6345
2026-03-21 18:48:00,71.6245,71.6345,71.5345,71.5615
2026-03-21 18:49:00,71.5625,71.5655,71.4885,71.4925
2026-03-21 18:50:00,71.4795,71.5945,71.4305,71.5595
2026-03-21 18:51:00,71.5575,71.7115,71.4515,71.7075
2026-03-21 18:52:00,71.7095,71.7525,71.5975,71.5975
2026-03-21 18:53:00,71.5995,71.6115,71.4905,71.5395
2026-03-21 18:54:00,71.5365,71.6485,71.5295,71.6405
2026-03-21 18:55:00,71.6425,71.8535,71.6175,71.8475
2026-03-21 18:56:00,71.8435,71.9025,71.8355,71.8475
2026-03-21 18:57:00,71.8445,71.8465,71.7455,71.8095
2026-03-21 18:58:00,71.8115,71.8835,71.7105,71.7175
2026-03-21 18:59:00,71.7145,71.7195,71.6195,71.6315
2026-03-21 19:00:00,71.6305,71.6945,71.6195,71.6885
2026-03-21 19:01:00,71.6905,71.8095,71.6855,71.6855
2026-03-21 19:02:00,71.6805,71.9805,71.6765,71.9135
2026-03-21 19:03:00,71.9125,71.9765,71.8725,71.9645
2026-03-21 19:04:00,71.9665,71.9835,71.9245,71.9485
2026-03-21 19:05:00,71.9455,71.9505,71.7605,71.7645
2026-03-21 19:06:00,71.7655,71.8245,71.7235,71.8235
2026-03-21 19:07:00,71.8195,71.8355,71.7335,71.7465
2026-03-21 19:08:00,71.7445,71.7725,71.7055,71.7705
2026-03-21 19:09:00,71.7685,71.7765,71.7165,71.7765
2026-03-21 19:10:00,71.7815,71.7875,71.6985,71.6985
2026-03-21 19:11:00,71.6965,71.7425,71.6725,71.7275
2026-03-21 19:12:00,71.7155,71.7595,71.6915,71.6915
2026-03-21 19:13:00,71.6905,71.7285,71.6235,71.7035
2026-03-21 19:14:00,71.6995,71.7445,71.6685,71.6865
2026-03-21 19:15:00,71.6835,71.6855,71.5655,71.6015
2026-03-21 19:16:00,71.6045,71.8335,71.5995,71.8295
2026-03-21 19:17:00,71.8255,71.8375,71.7435,71.7605
2026-03-21 19:18:00,71.7645,71.8405,71.7645,71.8205
2026-03-21 19:19:00,71.8165,71.8225,71.5895,71.6165
2026-03-21 19:20:00,71.6245,71.6695,71.5925,71.6695
2026-03-21 19:21:00,71.6685,71.7595,71.6575,71.7435
2026-03-21 19:22:00,71.7445,71.7565,71.7025,71.7405
2026-03-21 19:23:00,71.7365,71.7805,71.6945,71.7505
2026-03-21 19:24:00,71.7475,71.7935,71.7185,71.7905
2026-03-21 19:25:00,71.7935,71.8265,71.6735,71.6835
2026-03-21 19:26:00,71.6835,71.7735,71.6805,71.7675
2026-03-21 19:27:00,71.7665,71.9185,71.7665,71.9045
2026-03-21 19:28:00,71.9075,71.9075,71.7675,71.7675
2026-03-21 19:29:00,71.7685,71.8535,71.7595,71.8415
2026-03-21 19:30:00,71.8395,71.8775,71.7985,71.8255
2026-03-21 19:31:00,71.8205,71.9445,71.8105,71.8715
2026-03-21 19:32:00,71.8735,71.9505,71.8735,71.9435
2026-03-21 19:33:00,71.9375,71.9705,71.8595,71.8905
2026-03-21 19:34:00,71.8955,71.9155,71.8165,71.8175
2026-03-21 19:35:00,71.8135,71.8585,71.7595,71.8215
2026-03-21 19:36:00,71.8255,71.9215,71.8255,71.9025
2026-03-21 19:37:00,71.9005,71.9855,71.8795,71.9485
2026-03-21 19:38:00,71.9505,71.9975,71.9065,71.9975
2026-03-21 19:39:00,71.9945,72.0045,71.8865,71.9255
2026-03-21 19:40:00,71.9215,71.9675,71.8995,71.9675
2026-03-21 19:41:00,71.9665,72.0125,71.9265,71.9655
2026-03-21 19:42:00,71.9525,72.0625,71.9525,71.9845
2026-03-21 19:43:00,71.9835,72.0075,71.9015,71.9195
2026-03-21 19:44:00,71.9205,71.9645,71.8725,71.8725
2026-03-21 19:45:00,71.8715,72.0515,71.8675,72.0145
2026-03-21 19:46:00,72.0125,72.1745,71.9705,72.1595
2026-03-21 19:47:00,72.1565,72.2485,72.1195,72.2485
2026-03-21 19:48:00,72.2445,72.2705,72.1065,72.1135
2026-03-21 19:49:00,72.1095,72.1625,72.0145,72.0785
2026-03-21 19:50:00,72.0815,72.1045,72.0515,72.0645
2026-03-21 19:51:00,72.0665,72.1345,72.0485,72.0755
2026-03-21 19:52:00,72.0675,72.0705,71.9125,71.9505
2026-03-21 19:53:00,71.9485,71.9935,71.8825,71.8825
2026-03-21 19:54:00,71.8805,71.9955,71.8545,71.9915
2026-03-21 19:55:00,71.9925,72.0595,71.9585,72.0535
2026-03-21 19:56:00,72.0495,72.1395,72.0325,72.1305
2026-03-21 19:57:00,72.1275,72.1635,72.0875,72.1635
2026-03-21 19:58:00,72.1655,72.1715,72.1335,72.1565
2026-03-21 19:59:00,72.1605,72.1975,72.1395,72.1955
2026-03-21 20:00:00,72.1945,72.3485,72.1775,72.3345
2026-03-21 20:01:00,72.3315,72.4805,72.2785,72.4655
2026-03-21 20:02:00,72.4685,72.5735,72.4685,72.5615
2026-03-21 20:03:00,72.5515,72.5555,72.4885,72.5175
2026-03-21 20:04:00,72.5135,72.5895,72.4725,72.5305
2026-03-21 20:05:00,72.5335,72.5625,72.4665,72.4815
2026-03-21 20:06:00,72.4835,72.6105,72.4395,72.6075
2026-03-21 20:07:00,72.5955,72.7625,72.5945,72.7605
2026-03-21 20:08:00,72.7645,72.8545,72.7625,72.8225
2026-03-21 20:09:00,72.8245,72.8745,72.8105,72.8285
2026-03-21 20:10:00,72.8325,72.8525,72.7655,72.7775
2026-03-21 20:11:00,72.7785,72.8645,72.7785,72.7835
2026-03-21 20:12:00,72.7855,72.8175,72.7085,72.7405
2026-03-21 20:13:00,72.7435,72.8325,72.7095,72.8065
2026-03-21 20:14:00,72.8075,72.8415,72.7395,72.7415
2026-03-21 20:15:00,72.7425,72.8175,72.6965,72.7435
2026-03-21 20:16:00,72.7475,72.8135,72.7075,72.7785
2026-03-21 20:17:00,72.7795,72.7815,72.5735,72.6165
2026-03-21 20:18:00,72.6125,72.6475,72.5565,72.5795
2026-03-21 20:19:00,72.5825,72.6765,72.5595,72.6645
2026-03-21 20:20:00,72.6715,72.7255,72.6665,72.7245
2026-03-21 20:21:00,72.7205,72.7235,72.6105,72.6565
2026-03-21 20:22:00,72.6505,72.7085,72.6215,72.7055
2026-03-21 20:23:00,72.7065,72.7065,72.5215,72.5275
2026-03-21 20:24:00,72.5245,72.6545,72.5245,72.6055
2026-03-21 20:25:00,72.6065,72.7005,72.5695,72.6845
2026-03-21 20:26:00,72.6795,72.8175,72.6565,72.8045
2026-03-21 20:27:00,72.8075,72.8635,72.7835,72.8205
2026-03-21 20:28:00,72.8195,72.8575,72.6035,72.6035
2026-03-21 20:29:00,72.6115,72.7435,72.5905,72.7435
2026-03-21 20:30:00,72.7455,72.7885,72.7425,72.7805
2026-03-21 20:31:00,72.7815,72.9145,72.7585,72.9085
2026-03-21 20:32:00,72.9245,72.9665,72.9095,72.9145
2026-03-21 20:33:00,72.9105,72.9725,72.8635,72.8855
2026-03-21 20:34:00,72.8875,72.9885,72.8585,72.9725
2026-03-21 20:35:00,72.9685,72.9865,72.8225,72.8475
2026-03-21 20:36:00,72.8505,72.8505,72.7625,72.8135
2026-03-21 20:37:00,72.8175,72.8405,72.7315,72.7645
2026-03-21 20:38:00,72.7695,72.8355,72.7115,72.7855
2026-03-21 20:39:00,72.7885,72.7925,72.7455,72.7525
2026-03-21 20:40:00,72.7535,72.8945,72.7435,72.8805
2026-03-21 20:41:00,72.8835,72.9425,72.8615,72.8655
2026-03-21 20:42:00,72.8725,72.8725,72.7115,72.7835
2026-03-21 20:43:00,72.7855,73.0435,72.7755,73.0065
2026-03-21 20:44:00,73.0095,73.0235,72.8935,72.9465
2026-03-21 20:45:00,72.9515,72.9565,72.8665,72.8875
2026-03-21 20:46:00,72.8835,72.8905,72.8365,72.8625
2026-03-21 20:47:00,72.8645,72.8645,72.7655,72.7805
2026-03-21 20:48:00,72.7815,72.8065,72.6235,72.6635
2026-03-21 20:49:00,72.6675,72.6675,72.5875,72.6625
2026-03-21 20:50:00,72.6605,72.7975,72.6585,72.7295
2026-03-21 20:51:00,72.7315,72.7495,72.6155,72.6265
2026-03-21 20:52:00,72.6285,72.6465,72.5615,72.5675
2026-03-21 20:53:00,72.5655,72.5795,72.4525,72.4865
2026-03-21 20:54:00,72.4855,72.5295,72.4675,72.4875
2026-03-21 20:55:00,72.4835,72.5165,72.4335,72.4675
2026-03-21 20:56:00,72.4645,72.4845,72.4155,72.4785
2026-03-21 20:57:00,72.4815,72.5705,72.4705,72.5355
2026-03-21 20:58:00,72.5335,72.5375,72.4015,72.4205
2026-03-21 20:59:00,72.4175,72.5495,72.4115,72.5285
2026-03-21 21:00:00,72.5275,72.5395,72.4355,72.4615
2026-03-21 21:01:00,72.4625,72.5285,72.4505,72.5025
2026-03-21 21:02:00,72.5055,72.5115,72.3515,72.3525
2026-03-21 21:03:00,72.3545,72.3965,72.2775,72.3495
2026-03-21 21:04:00,72.3465,72.4385,72.3355,72.4105
2026-03-21 21:05:00,72.4065,72.5005,72.3975,72.4395
2026-03-21 21:06:00,72.4435,72.5015,72.4345,72.4525
2026-03-21 21:07:00,72.4535,72.5065,72.4265,72.4265
2026-03-21 21:08:00,72.4285,72.4465,72.4045,72.4295
2026-03-21 21:09:00,72.4315,72.7065,72.4195,72.6795
2026-03-21 21:10:00,72.6825,72.7225,72.5945,72.6845
2026-03-21 21:11:00,72.6815,72.7075,72.6035,72.6345
2026-03-21 21:12:00,72.6395,72.7585,72.6275,72.7525
2026-03-21 21:13:00,72.7435,72.7435,72.6165,72.6295
2026-03-21 21:14:00,72.6265,72.6645,72.5885,72.6425
2026-03-21 21:15:00,72.6395,72.7135,72.5955,72.5955
2026-03-21 21:16:00,72.5935,72.8195,72.5845,72.8195
2026-03-21 21:17:00,72.8165,72.8465,72.7595,72.7655
2026-03-21 21:18:00,72.7745,72.8015,72.6835,72.6895
2026-03-21 21:19:00,72.6885,72.8125,72.6755,72.7785
2026-03-21 21:20:00,72.7735,72.7905,72.7135,72.7555
2026-03-21 21:21:00,72.7535,72.7835,72.6215,72.6765
2026-03-21 21:22:00,72.6795,72.6795,72.5085,72.5085
2026-03-21 21:23:00,72.5045,72.5335,72.4285,72.4455
2026-03-21 21:24:00,72.4475,72.4645,72.3625,72.3995
2026-03-21 21:25:00,72.4015,72.4705,72.3485,72.4625
2026-03-21 21:26:00,72.4615,72.4615,72.3815,72.4135
2026-03-21 21:27:00,72.4105,72.4105,72.3395,72.3495
2026-03-21 21:28:00,72.3505,72.3735,72.2815,72.2895
2026-03-21 21:29:00,72.2815,72.3005,72.1295,72.1795
2026-03-21 21:30:00,72.1785,72.1945,72.0345,72.0405
2026-03-21 21:31:00,72.0355,72.0675,71.9945,72.0405
2026-03-21 21:32:00,72.0425,72.0665,71.9645,72.0095
2026-03-21 21:33:00,72.0125,72.2065,72.0125,72.1535
2026-03-21 21:34:00,72.1495,72.1655,72.0805,72.1085
2026-03-21 21:35:00,72.1045,72.1385,72.0625,72.0625
2026-03-21 21:36:00,72.0665,72.1105,72.0185,72.0495
2026-03-21 21:37:00,72.0515,72.1015,72.0145,72.0195
2026-03-21 21:38:00,72.0155,72.0485,71.9325,71.9605
2026-03-21 21:39:00,71.9625,72.0005,71.9035,71.9745
2026-03-21 21:40:00,71.9785,72.0555,71.9685,71.9815
2026-03-21 21:41:00,71.9835,71.9925,71.8065,71.8515
2026-03-21 21:42:00,71.8495,71.8925,71.7865,71.8185
2026-03-21 21:43:00,71.8165,71.8315,71.7335,71.8315
2026-03-21 21:44:00,71.8355,71.8995,71.8205,71.8855
2026-03-21 21:45:00,71.8815,72.0415,71.8435,72.0025
2026-03-21 21:46:00,72.0035,72.1165,71.9975,72.1065
2026-03-21 21:47:00,72.1055,72.1365,72.0575,72.1115
2026-03-21 21:48:00,72.1065,72.1575,72.0595,72.1005
2026-03-21 21:49:00,72.1025,72.1335,72.0765,72.1015
2026-03-21 21:50:00,72.1025,72.3055,72.1025,72.2735
2026-03-21 21:51:00,72.2715,72.2845,72.1135,72.1615
2026-03-21 21:52:00,72.1595,72.2075,72.1225,72.1285
2026-03-21 21:53:00,72.1265,72.2165,72.1235,72.2095
2026-03-21 21:54:00,72.2075,72.2105,72.0275,72.1065
2026-03-21 21:55:00,72.1035,72.1265,71.9405,71.9635
2026-03-21 21:56:00,71.9595,71.9635,71.8305,71.8735
2026-03-21 21:57:00,71.8715,71.9635,71.8495,71.9515
2026-03-21 21:58:00,71.9665,72.0775,71.9545,72.0265
2026-03-21 21:59:00,72.0075,72.0445,71.9615,71.9825
2026-03-21 22:00:00,71.9795,72.1185,71.9725,72.1185
2026-03-21 22:01:00,72.1175,72.1195,72.0335,72.1015
2026-03-21 22:02:00,72.0965,72.1835,72.0575,72.1795
2026-03-21 22:03:00,72.1715,72.1715,72.0505,72.0615
2026-03-21 22:04:00,72.0535,72.0775,72.0105,72.0105
2026-03-21 22:05:00,72.0075,72.0395,71.9755,71.9855
2026-03-21 22:06:00,71.9865,72.0105,71.8635,71.8675
2026-03-21 22:07:00,71.8715,71.9045,71.8405,71.8515
2026-03-21 22:08:00,71.8505,71.8885,71.8295,71.8635
2026-03-21 22:09:00,71.8615,71.8885,71.8315,71.8505
2026-03-21 22:10:00,71.8515,71.8865,71.8355,71.8785
2026-03-21 22:11:00,71.8805,71.9025,71.8425,71.8865
2026-03-21 22:12:00,71.8875,71.8955,71.8285,71.8945
2026-03-21 22:13:00,71.8985,71.9045,71.7545,71.7695
2026-03-21 22:14:00,71.7665,71.8005,71.6945,71.7405
2026-03-21 22:15:00,71.7435,71.7935,71.6815,71.7035
2026-03-21 22:16:00,71.7175,71.7405,71.6445,71.7385
2026-03-21 22:17:00,71.7395,71.8205,71.6625,71.6685
2026-03-21 22:18:00,71.6715,71.6985,71.6135,71.6865
2026-03-21 22:19:00,71.6725,71.7025,71.5905,71.6065
2026-03-21 22:20:00,71.6045,71.6075,71.4495,71.4625
2026-03-21 22:21:00,71.4645,71.4675,71.3175,71.3715
2026-03-21 22:22:00,71.3615,71.3835,71.2575,71.2665
2026-03-21 22:23:00,71.2675,71.2675,71.1055,71.1325
2026-03-21 22:24:00,71.1315,71.1575,71.0705,71.0805
2026-03-21 22:25:00,71.0835,71.0915,70.9725,71.0225
2026-03-21 22:26:00,71.0215,71.0555,70.9015,70.9075
2026-03-21 22:27:00,70.9095,70.9555,70.8955,70.9065
2026-03-21 22:28:00,70.9075,70.9395,70.8335,70.8415
2026-03-21 22:29:00,70.8435,70.8795,70.7675,70.8725
2026-03-21 22:30:00,70.8695,70.9255,70.7695,70.7995
2026-03-21 22:31:00,70.7985,70.8895,70.7875,70.8395
2026-03-21 22:32:00,70.8375,70.8515,70.7595,70.8415
2026-03-21 22:33:00,70.8445,70.9085,70.8355,70.8415
2026-03-21 22:34:00,70.8375,70.9045,70.8375,70.8805
2026-03-21 22:35:00,70.8815,70.9095,70.8045,70.8915
2026-03-21 22:36:00,70.8875,70.8895,70.8065,70.8135
2026-03-21 22:37:00,70.8105,70.9265,70.7955,70.9165
2026-03-21 22:38:00,70.9125,71.0035,70.9095,71.0035
2026-03-21 22:39:00,71.0025,71.0685,70.9755,71.0295
2026-03-21 22:40:00,71.0335,71.1505,71.0265,71.1015
2026-03-21 22:41:00,71.1005,71.1005,71.0225,71.0745
2026-03-21 22:42:00,71.0775,71.1465,71.0595,71.1255
2026-03-21 22:43:00,71.1265,71.1725,71.0195,71.0205
2026-03-21 22:44:00,71.0235,71.0325,70.9415,70.9575
2026-03-21 22:45:00,70.9595,71.0395,70.9545,71.0015
2026-03-21 22:46:00,71.0035,71.0525,70.9565,71.0475
2026-03-21 22:47:00,71.0465,71.0485,70.8705,70.9125
2026-03-21 22:48:00,70.9145,71.0095,70.9025,70.9775
2026-03-21 22:49:00,70.9785,70.9875,70.9005,70.9165
2026-03-21 22:50:00,70.9135,70.9485,70.8775,70.9375
2026-03-21 22:51:00,70.9365,70.9595,70.8555,70.9325
2026-03-21 22:52:00,70.9315,70.9555,70.8265,70.8805
2026-03-21 22:53:00,70.8845,70.9265,70.8575,70.9235
2026-03-21 22:54:00,70.9265,70.9845,70.9095,70.9315
2026-03-21 22:55:00,70.9325,70.9905,70.9165,70.9805
2026-03-21 22:56:00,70.9765,71.0645,70.9615,71.0495
2026-03-21 22:57:00,71.0505,71.0625,70.9875,71.0585
2026-03-21 22:58:00,71.0555,71.0775,71.0165,71.0425
2026-03-21 22:59:00,71.0405,71.0505,70.9415,71.0025
2026-03-21 23:00:00,71.0165,71.0925,71.0115,71.0465
2026-03-21 23:01:00,71.0565,71.1725,71.0565,71.1205
2026-03-21 23:02:00,71.1235,71.2855,71.1235,71.2375
2026-03-21 23:03:00,71.2355,71.3295,71.2295,71.2655
2026-03-21 23:04:00,71.2605,71.2845,71.2295,71.2495
2026-03-21 23:05:00,71.2465,71.2545,71.1285,71.1345
2026-03-21 23:06:00,71.1585,71.1995,71.0855,71.1835
2026-03-21 23:07:00,71.1865,71.2485,71.1425,71.1825
2026-03-21 23:08:00,71.1815,71.2695,71.1405,71.2065
2026-03-21 23:09:00,71.2095,71.2255,71.1225,71.1385
2026-03-21 23:10:00,71.1315,71.1675,71.1145,71.1575
2026-03-21 23:11:00,71.1615,71.2585,71.1605,71.2465
2026-03-21 23:12:00,71.2455,71.3685,71.2155,71.3215
2026-03-21 23:13:00,71.3255,71.3615,71.2485,71.2495
2026-03-21 23:14:00,71.2445,71.2795,71.2115,71.2775
2026-03-21 23:15:00,71.2755,71.3065,71.1465,71.1635
2026-03-21 23:16:00,71.1655,71.2855,71.1615,71.1785
2026-03-21 23:17:00,71.1795,71.3495,71.1795,71.3485
2026-03-21 23:18:00,71.3495,71.3785,71.3245,71.3615
2026-03-21 23:19:00,71.3635,71.3995,71.2975,71.3685
2026-03-21 23:20:00,71.3635,71.5055,71.3535,71.4165
2026-03-21 23:21:00,71.4145,71.4505,71.3175,71.3175
2026-03-21 23:22:00,71.3195,71.3275,71.2395,71.2815
2026-03-21 23:23:00,71.2805,71.2825,71.2275,71.2585
2026-03-21 23:24:00,71.2625,71.2945,71.1175,71.1335
2026-03-21 23:25:00,71.1315,71.1735,71.1075,71.1365
2026-03-21 23:26:00,71.1335,71.1745,71.1045,71.1255
2026-03-21 23:27:00,71.1275,71.2715,71.1175,71.2415
2026-03-21 23:28:00,71.2375,71.2545,71.1545,71.2135
2026-03-21 23:29:00,71.2095,71.2425,71.1825,71.2385
2026-03-21 23:30:00,71.2405,71.3055,71.2185,71.2415
2026-03-21 23:31:00,71.2435,71.2995,71.1815,71.2885
2026-03-21 23:32:00,71.2845,71.3555,71.2835,71.3275
2026-03-21 23:33:00,71.3295,71.4075,71.3295,71.4075
2026-03-21 23:34:00,71.4065,71.4365,71.3295,71.3595
2026-03-21 23:35:00,71.3555,71.3955,71.2825,71.3895
2026-03-21 23:36:00,71.3925,71.3925,71.3045,71.3175
2026-03-21 23:37:00,71.3145,71.3765,71.2715,71.3425
2026-03-21 23:38:00,71.3435,71.4375,71.2845,71.2905
2026-03-21 23:39:00,71.2925,71.3355,71.2335,71.2695
2026-03-21 23:40:00,71.2735,71.3045,71.2205,71.2685
2026-03-21 23:41:00,71.2665,71.3175,71.1905,71.2945
2026-03-21 23:42:00,71.2965,71.3005,71.1225,71.1485
2026-03-21 23:43:00,71.1495,71.2135,71.1085,71.1985
2026-03-21 23:44:00,71.1995,71.2155,71.0845,71.1935
2026-03-21 23:45:00,71.1955,71.2125,71.1485,71.1725
2026-03-21 23:46:00,71.1735,71.2415,71.1275,71.1625
2026-03-21 23:47:00,71.1605,71.2465,71.1565,71.2245
2026-03-21 23:48:00,71.2275,71.2275,71.1355,71.1655
2026-03-21 23:49:00,71.1705,71.2385,71.1175,71.1455
2026-03-21 23:50:00,71.1485,71.1515,71.0325,71.0595
2026-03-21 23:51:00,71.0625,71.1105,71.0415,71.0885
2026-03-21 23:52:00,71.0695,71.0985,71.0225,71.0525
2026-03-21 23:53:00,71.0555,71.1085,71.0105,71.1045
2026-03-21 23:54:00,71.1005,71.1835,71.0955,71.1385
2026-03-21 23:55:00,71.1415,71.1715,71.0465,71.0515
2026-03-21 23:56:00,71.0485,71.0965,70.9555,70.9555
2026-03-21 23:57:00,70.9515,71.0405,70.9415,70.9555
2026-03-21 23:58:00,70.9525,71.0325,70.9355,71.0205
2026-03-21 23:59:00,71.0175,71.0535,70.9865,71.0535
2026-03-22 00:00:00,71.0555,71.1415,71.0285,71.0835
2026-03-22 00:01:00,71.0875,71.0965,71.0185,71.0265
2026-03-22 00:02:00,71.0275,71.0365,70.9035,70.9585
2026-03-22 00:03:00,70.9555,70.9815,70.9165,70.9555
2026-03-22 00:04:00,70.9595,70.9895,70.8275,70.8315
2026-03-22 00:05:00,70.8275,70.8565,70.7745,70.7745
2026-03-22 00:06:00,70.7715,70.9745,70.7675,70.9675
2026-03-22 00:07:00,70.9785,71.0275,70.9395,70.9975
2026-03-22 00:08:00,70.9945,71.0095,70.8885,70.8885
2026-03-22 00:09:00,70.8905,71.0535,70.8835,70.9755
2026-03-22 00:10:00,70.9745,71.0635,70.9745,70.9935
2026-03-22 00:11:00,70.9925,70.9965,70.8835,70.9515
2026-03-22 00:12:00,70.9545,70.9825,70.9205,70.9765
2026-03-22 00:13:00,70.9255,70.9565,70.8765,70.9145
2026-03-22 00:14:00,70.9165,70.9415,70.8415,70.9115
2026-03-22 00:15:00,70.9135,70.9475,70.8485,70.8485
2026-03-22 00:16:00,70.8505,70.9415,70.8115,70.9135
2026-03-22 00:17:00,70.9095,70.9565,70.8905,70.9345
2026-03-22 00:18:00,70.9335,70.9375,70.8845,70.9305
2026-03-22 00:19:00,70.9335,70.9795,70.9115,70.9425
2026-03-22 00:20:00,70.9445,71.0225,70.8745,70.9095
2026-03-22 00:21:00,70.9065,70.9685,70.8555,70.8655
2026-03-22 00:22:00,70.8695,70.9375,70.8575,70.8615
2026-03-22 00:23:00,70.8605,70.9695,70.8435,70.9245
2026-03-22 00:24:00,70.9275,70.9805,70.8835,70.9305
2026-03-22 00:25:00,70.9315,71.1075,70.9215,71.0745
2026-03-22 00:26:00,71.0755,71.1165,71.0475,71.1035
2026-03-22 00:27:00,71.0935,71.2535,71.0465,71.2295
2026-03-22 00:28:00,71.2325,71.3035,71.1805,71.2945
2026-03-22 00:29:00,71.2955,71.3425,71.2605,71.3215
2026-03-22 00:30:00,71.3205,71.3215,71.1925,71.2775
2026-03-22 00:31:00,71.2685,71.2995,71.2535,71.2695
2026-03-22 00:32:00,71.2665,71.3685,71.2665,71.3505
2026-03-22 00:33:00,71.3545,71.4285,71.3095,71.4025
2026-03-22 00:34:00,71.3985,71.4165,71.3385,71.3925
2026-03-22 00:35:00,71.3915,71.6545,71.3665,71.6035
2026-03-22 00:36:00,71.6065,71.6425,71.5595,71.5735
2026-03-22 00:37:00,71.5775,71.6715,71.5615,71.6685
2026-03-22 00:38:00,71.6655,71.6675,71.5665,71.5745
2026-03-22 00:39:00,71.5765,71.7285,71.5765,71.6885
2026-03-22 00:40:00,71.6905,71.7405,71.6215,71.6215
2026-03-22 00:41:00,71.6185,71.6385,71.5775,71.6375
2026-03-22 00:42:00,71.6385,71.6755,71.6195,71.6305
2026-03-22 00:43:00,71.6345,71.7425,71.6345,71.6735
2026-03-22 00:44:00,71.6705,71.7045,71.6075,71.6225
2026-03-22 00:45:00,71.6235,71.6545,71.5795,71.6505
2026-03-22 00:46:00,71.6535,71.6815,71.6085,71.6145
2026-03-22 00:47:00,71.6155,71.7355,71.6145,71.7075
2026-03-22 00:48:00,71.7035,71.7055,71.5625,71.5865
2026-03-22 00:49:00,71.5855,71.6315,71.5595,71.5975
2026-03-22 00:50:00,71.6015,71.6215,71.4845,71.4905
2026-03-22 00:51:00,71.4915,71.5225,71.4305,71.5165
2026-03-22 00:52:00,71.5175,71.5245,71.4575,71.4955
2026-03-22 00:53:00,71.4915,71.6685,71.4885,71.6645
2026-03-22 00:54:00,71.6655,71.6965,71.6395,71.6505
2026-03-22 00:55:00,71.6525,71.7615,71.5635,71.5965
2026-03-22 00:56:00,71.5985,71.6125,71.5565,71.5735
2026-03-22 00:57:00,71.5745,71.5825,71.3665,71.3955
2026-03-22 00:58:00,71.3945,71.4135,71.3265,71.3265
2026-03-22 00:59:00,71.3285,71.3525,71.2395,71.2475
2026-03-22 01:00:00,71.2445,71.3585,71.2275,71.3285
2026-03-22 01:01:00,71.3295,71.4715,71.2955,71.4185
2026-03-22 01:02:00,71.4155,71.4855,71.4075,71.4675
2026-03-22 01:03:00,71.4715,71.5025,71.3135,71.3375
2026-03-22 01:04:00,71.3385,71.3755,71.2215,71.2215
2026-03-22 01:05:00,71.2255,71.2485,71.2035,71.2275
2026-03-22 01:06:00,71.2235,71.3285,71.2155,71.2175
2026-03-22 01:07:00,71.2215,71.3175,71.1925,71.3135
2026-03-22 01:08:00,71.3105,71.3335,71.2935,71.2975
2026-03-22 01:09:00,71.2955,71.3225,71.0965,71.2015
2026-03-22 01:10:00,71.2005,71.2015,71.0125,71.0165
2026-03-22 01:11:00,71.0175,71.0905,70.9975,71.0855
2026-03-22 01:12:00,71.0895,71.1615,71.0525,71.0535
2026-03-22 01:13:00,71.0555,71.1125,71.0325,71.1035
2026-03-22 01:14:00,71.1075,71.1255,70.9775,70.9775
2026-03-22 01:15:00,70.9535,70.9535,70.8825,70.8825
2026-03-22 01:16:00,70.8785,70.9635,70.8415,70.8415
2026-03-22 01:17:00,70.8435,70.8665,70.8205,70.8665
2026-03-22 01:18:00,70.8705,70.8855,70.7705,70.8145
2026-03-22 01:19:00,70.8195,70.8305,70.7405,70.7925
2026-03-22 01:20:00,70.7965,70.9015,70.7705,70.8905
2026-03-22 01:21:00,70.8935,70.9375,70.8315,70.9365
2026-03-22 01:22:00,70.9405,70.9845,70.9115,70.9725
2026-03-22 01:23:00,70.9665,71.0805,70.9145,71.0415
2026-03-22 01:24:00,71.0375,71.1985,71.0315,71.1765
2026-03-22 01:25:00,71.2015,71.2725,71.1725,71.2195
2026-03-22 01:26:00,71.2105,71.2155,71.1025,71.1125
2026-03-22 01:27:00,71.1115,71.1365,71.0805,71.1365
2026-03-22 01:28:00,71.1395,71.1435,70.9945,70.9955
2026-03-22 01:29:00,70.9995,71.0985,70.9785,71.0595
2026-03-22 01:30:00,71.0645,71.0825,71.0355,71.0615
2026-03-22 01:31:00,71.0585,71.1185,71.0475,71.0525
2026-03-22 01:32:00,71.0515,71.0705,70.9705,71.0095
2026-03-22 01:33:00,71.0105,71.0815,70.9885,71.0195
2026-03-22 01:34:00,71.0155,71.0615,70.9655,71.0055
2026-03-22 01:35:00,71.0065,71.0305,70.9475,70.9665
2026-03-22 01:36:00,70.9575,71.0545,70.9385,70.9755
2026-03-22 01:37:00,70.9735,70.9745,70.8425,70.8735
2026-03-22 01:38:00,70.8705,70.9365,70.8305,70.9225
2026-03-22 01:39:00,70.9185,70.9425,70.8765,70.9205
2026-03-22 01:40:00,70.9215,70.9415,70.8645,70.8785
2026-03-22 01:41:00,70.8825,70.8855,70.7325,70.8215
2026-03-22 01:42:00,70.8185,70.8915,70.8005,70.8805
2026-03-22 01:43:00,70.8815,70.9875,70.8625,70.9755
2026-03-22 01:44:00,70.9725,71.2985,70.9585,71.2935
2026-03-22 01:45:00,71.2965,71.3125,71.2385,71.2655
2026-03-22 01:46:00,71.2735,71.3905,71.2585,71.3905
2026-03-22 01:47:00,71.3945,71.4375,71.3725,71.4135
2026-03-22 01:48:00,71.4175,71.4425,71.3535,71.3595
2026-03-22 01:49:00,71.3665,71.4005,71.3265,71.3405
2026-03-22 01:50:00,71.3385,71.4525,71.3025,71.4165
2026-03-22 01:51:00,71.4195,71.5035,71.4175,71.4965
2026-03-22 01:52:00,71.4955,71.5445,71.4135,71.5445
2026-03-22 01:53:00,71.5455,71.6495,71.5285,71.5425
2026-03-22 01:54:00,71.5385,71.5625,71.4235,71.4785
2026-03-22 01:55:00,71.4765,71.5005,71.4215,71.4235
2026-03-22 01:56:00,71.4265,71.4485,71.3685,71.4195
2026-03-22 01:57:00,71.4225,71.4825,71.3965,71.4615
2026-03-22 01:58:00,71.4635,71.6995,71.4555,71.6725
2026-03-22 01:59:00,71.6775,71.8485,71.6685,71.8385
2026-03-22 02:00:00,71.8415,71.8455,71.7735,71.7775
2026-03-22 02:01:00,71.7795,71.8065,71.7125,71.7295
2026-03-22 02:02:00,71.7305,71.8345,71.7245,71.8225
2026-03-22 02:03:00,71.8235,71.9355,71.8035,71.8685
2026-03-22 02:04:00,71.8565,71.9725,71.8435,71.9315
2026-03-22 02:05:00,71.9355,71.9615,71.7985,71.8065
2026-03-22 02:06:00,71.8095,71.8685,71.7775,71.7805
2026-03-22 02:07:00,71.7765,71.7855,71.6745,71.6865
2026-03-22 02:08:00,71.6885,71.7035,71.6655,71.6915
2026-03-22 02:09:00,71.6935,71.6975,71.6055,71.6345
2026-03-22 02:10:00,71.6305,71.7725,71.6305,71.7725
2026-03-22 02:11:00,71.7545,71.8005,71.7445,71.7685
2026-03-22 02:12:00,71.7665,71.7675,71.6905,71.7155
2026-03-22 02:13:00,71.7235,71.7345,71.5965,71.7275
2026-03-22 02:14:00,71.7295,71.8615,71.7265,71.8235
2026-03-22 02:15:00,71.8205,71.8495,71.7165,71.7185
2026-03-22 02:16:00,71.7205,71.7535,71.7045,71.7475
2026-03-22 02:17:00,71.7555,71.7905,71.7335,71.7335
2026-03-22 02:18:00,71.7295,71.7465,71.6175,71.6205
2026-03-22 02:19:00,71.6235,71.6455,71.5865,71.5975
2026-03-22 02:20:00,71.5965,71.6785,71.5915,71.6255
2026-03-22 02:21:00,71.6275,71.6645,71.5205,71.6515
2026-03-22 02:22:00,71.6695,71.7565,71.6005,71.7565
2026-03-22 02:23:00,71.7595,71.8835,71.7595,71.8055
2026-03-22 02:24:00,71.8045,71.8805,71.7565,71.8715
2026-03-22 02:25:00,71.8745,71.9625,71.8445,71.8925
2026-03-22 02:26:00,71.9045,71.9345,71.8335,71.8675
2026-03-22 02:27:00,71.8685,72.0785,71.8655,72.0695
2026-03-22 02:28:00,72.0685,72.0685,71.9965,72.0445
2026-03-22 02:29:00,72.0425,72.0675,72.0095,72.0345
2026-03-22 02:30:00,72.0365,72.0435,71.9555,71.9735
2026-03-22 02:31:00,71.9705,72.0035,71.8885,71.9475
2026-03-22 02:32:00,71.9435,71.9595,71.6845,71.7065
2026-03-22 02:33:00,71.7105,71.7215,71.6085,71.6145
2026-03-22 02:34:00,71.6155,71.6275,71.4995,71.5415
2026-03-22 02:35:00,71.5445,71.5755,71.4715,71.5015
2026-03-22 02:36:00,71.4975,71.5165,71.2785,71.3785
2026-03-22 02:37:00,71.3825,71.3935,71.3065,71.3085
2026-03-22 02:38:00,71.3135,71.3995,71.3105,71.3285
2026-03-22 02:39:00,71.3365,71.3655,71.2775,71.3105
2026-03-22 02:40:00,71.3075,71.3115,71.2155,71.2925
2026-03-22 02:41:00,71.2895,71.3435,71.2875,71.3255
2026-03-22 02:42:00,71.3235,71.4435,71.3215,71.3885
2026-03-22 02:43:00,71.3925,71.4425,71.3465,71.4405
2026-03-22 02:44:00,71.4445,71.4925,71.3505,71.3545
2026-03-22 02:45:00,71.3585,71.4155,71.2155,71.2205
2026-03-22 02:46:00,71.2235,71.2865,71.1595,71.2355
2026-03-22 02:47:00,71.2365,71.2535,71.1345,71.1355
2026-03-22 02:48:00,71.1385,71.3025,71.1275,71.2565
2026-03-22 02:49:00,71.2555,71.2815,71.1575,71.1625
2026-03-22 02:50:00,71.1595,71.2595,71.1435,71.2205
2026-03-22 02:51:00,71.2195,71.2455,71.1585,71.2045
2026-03-22 02:52:00,71.2035,71.2145,71.1195,71.1845
2026-03-22 02:53:00,71.1825,71.1965,71.0255,71.0255
2026-03-22 02:54:00,71.0125,71.0485,70.9585,70.9765
2026-03-22 02:55:00,70.9735,71.0525,70.9515,71.0315
2026-03-22 02:56:00,71.0325,71.1555,70.9985,71.1355
2026-03-22 02:57:00,71.1365,71.1505,71.0275,71.0935
2026-03-22 02:58:00,71.0965,71.2045,71.0585,71.1965
2026-03-22 02:59:00,71.1945,71.2155,71.1625,71.1945
2026-03-22 03:00:00,71.1985,71.2075,71.1065,71.1235
2026-03-22 03:01:00,71.1195,71.1285,71.0475,71.1135
2026-03-22 03:02:00,71.1145,71.1695,71.1005,71.1315
2026-03-22 03:03:00,71.1355,71.1355,70.8295,70.8405
2026-03-22 03:04:00,70.8415,71.1155,70.7675,71.1155
2026-03-22 03:05:00,71.1135,71.1445,71.0635,71.0635
2026-03-22 03:06:00,71.0595,71.0975,70.9995,71.0935
2026-03-22 03:07:00,71.0915,71.1605,71.0415,71.0725
2026-03-22 03:08:00,71.0765,71.1205,71.0215,71.0245
2026-03-22 03:09:00,71.0265,71.1155,70.9965,71.0815
2026-03-22 03:10:00,71.0855,71.1305,71.0255,71.0275
2026-03-22 03:11:00,71.0295,71.0455,70.9845,71.0455
2026-03-22 03:12:00,71.0735,71.0895,71.0225,71.0435
2026-03-22 03:13:00,71.0415,71.1235,71.0115,71.0725
2026-03-22 03:14:00,71.0735,71.1705,71.0515,71.1495
2026-03-22 03:15:00,71.1465,71.1965,71.1215,71.1275
2026-03-22 03:16:00,71.1245,71.1605,71.0665,71.1035
2026-03-22 03:17:00,71.1075,71.1765,71.0725,71.1385
2026-03-22 03:18:00,71.1305,71.2465,71.1265,71.2005
2026-03-22 03:19:00,71.2025,71.2525,71.1585,71.2055
2026-03-22 03:20:00,71.2065,71.2565,71.1905,71.2475
2026-03-22 03:21:00,71.2595,71.3165,71.2555,71.2775
2026-03-22 03:22:00,71.2735,71.5215,71.2735,71.4915
2026-03-22 03:23:00,71.4895,71.4975,71.4245,71.4425
2026-03-22 03:24:00,71.4395,71.4395,71.3025,71.3535
2026-03-22 03:25:00,71.3445,71.3835,71.3115,71.3475
2026-03-22 03:26:00,71.3505,71.3585,71.2265,71.2415
2026-03-22 03:27:00,71.2385,71.3685,71.2055,71.3395
2026-03-22 03:28:00,71.3405,71.4335,71.3405,71.3985
2026-03-22 03:29:00,71.3995,71.5055,71.3885,71.4355
2026-03-22 03:30:00,71.4335,71.4365,71.2245,71.2585
2026-03-22 03:31:00,71.2545,71.2545,71.0755,71.1985
2026-03-22 03:32:00,71.2005,71.2325,71.1675,71.2225
2026-03-22 03:33:00,71.2195,71.2475,70.9715,70.9715
2026-03-22 03:34:00,70.9735,70.9865,70.7945,70.8115
2026-03-22 03:35:00,70.8135,70.8205,70.7215,70.7795
2026-03-22 03:36:00,70.7805,70.8035,70.6325,70.6385
2026-03-22 03:37:00,70.6415,70.6685,70.5775,70.6505
2026-03-22 03:38:00,70.6495,70.6585,70.5875,70.6095
2026-03-22 03:39:00,70.6075,70.7435,70.5915,70.7305
2026-03-22 03:40:00,70.7275,70.7685,70.6935,70.7635
2026-03-22 03:41:00,70.7675,70.8265,70.7265,70.8255
2026-03-22 03:42:00,70.8285,70.8335,70.5435,70.5725
2026-03-22 03:43:00,70.5755,70.6545,70.5585,70.6135
2026-03-22 03:44:00,70.6125,70.6875,70.6085,70.6765
2026-03-22 03:45:00,70.6725,70.6845,70.4715,70.4765
2026-03-22 03:46:00,70.4735,70.4985,70.4295,70.4605
2026-03-22 03:47:00,70.4635,70.5595,70.4595,70.5595
2026-03-22 03:48:00,70.5625,70.6145,70.5465,70.6095
2026-03-22 03:49:00,70.6075,70.6705,70.6045,70.6535
2026-03-22 03:50:00,70.6555,70.8085,70.6305,70.7415
2026-03-22 03:51:00,70.7535,70.7925,70.7445,70.7665
2026-03-22 03:52:00,70.7705,70.8665,70.7585,70.7965
2026-03-22 03:53:00,70.7995,70.8095,70.6835,70.7385
2026-03-22 03:54:00,70.7335,70.9135,70.7235,70.8935
2026-03-22 03:55:00,70.8895,70.9635,70.8525,70.8575
2026-03-22 03:56:00,70.8535,70.8835,70.7415,70.7505
2026-03-22 03:57:00,70.7475,70.8455,70.7365,70.8205
2026-03-22 03:58:00,70.8245,70.8365,70.7685,70.8045
2026-03-22 03:59:00,70.8015,70.8625,70.7655,70.8075
2026-03-22 04:00:00,70.8115,70.8115,70.6805,70.6925
2026-03-22 04:01:00,70.6965,70.7485,70.6895,70.7055
2026-03-22 04:02:00,70.7015,70.7835,70.6265,70.7025
2026-03-22 04:03:00,70.7065,70.8325,70.6885,70.8265
2026-03-22 04:04:00,70.8255,70.8875,70.8175,70.8485
2026-03-22 04:05:00,70.8475,70.8505,70.7085,70.7425
2026-03-22 04:06:00,70.7395,70.7635,70.7245,70.7455
2026-03-22 04:07:00,70.7465,70.8615,70.7255,70.8275
2026-03-22 04:08:00,70.8265,70.8985,70.8045,70.8685
2026-03-22 04:09:00,70.8715,70.9395,70.8255,70.8325
2026-03-22 04:10:00,70.8355,70.8995,70.7875,70.8455
2026-03-22 04:11:00,70.8415,70.8415,70.7475,70.7645
2026-03-22 04:12:00,70.7635,70.7655,70.6625,70.7635
2026-03-22 04:13:00,70.7685,70.8055,70.6775,70.7135
2026-03-22 04:14:00,70.7185,70.7245,70.5965,70.6665
2026-03-22 04:15:00,70.6655,70.6705,70.5715,70.5975
2026-03-22 04:16:00,70.5945,70.6455,70.5765,70.6055
2026-03-22 04:17:00,70.6045,70.7005,70.5995,70.6485
2026-03-22 04:18:00,70.6445,70.6815,70.5915,70.6225
2026-03-22 04:19:00,70.6215,70.7455,70.5995,70.7405
2026-03-22 04:20:00,70.7435,70.7815,70.7135,70.7295
2026-03-22 04:21:00,70.7305,70.7725,70.7115,70.7205
2026-03-22 04:22:00,70.7225,70.7405,70.6715,70.7305
2026-03-22 04:23:00,70.7335,70.7575,70.6835,70.7105
2026-03-22 04:24:00,70.7115,70.7135,70.6355,70.6765
2026-03-22 04:25:00,70.6755,70.8055,70.6725,70.8045
2026-03-22 04:26:00,70.8005,70.8135,70.6065,70.6105
2026-03-22 04:27:00,70.6145,70.6255,70.4775,70.4775
2026-03-22 04:28:00,70.4765,70.4825,70.3685,70.3915
2026-03-22 04:29:00,70.3945,70.4555,70.3925,70.4265
2026-03-22 04:30:00,70.4325,70.4685,70.3755,70.3945
2026-03-22 04:31:00,70.3955,70.4865,70.3585,70.4165
2026-03-22 04:32:00,70.4175,70.4985,70.3715,70.4355
2026-03-22 04:33:00,70.4385,70.4565,70.3665,70.3665
2026-03-22 04:34:00,70.3655,70.4225,70.3345,70.3595
2026-03-22 04:35:00,70.3615,70.4075,70.3095,70.3705
2026-03-22 04:36:00,70.3745,70.3745,70.2975,70.3315
2026-03-22 04:37:00,70.3305,70.3605,70.2455,70.3585
2026-03-22 04:38:00,70.3615,70.4285,70.3445,70.3665
2026-03-22 04:39:00,70.3705,70.3745,70.2465,70.3205
2026-03-22 04:40:00,70.3225,70.3515,70.2695,70.3305
2026-03-22 04:41:00,70.3345,70.3435,70.2485,70.2675
2026-03-22 04:42:00,70.2705,70.2765,70.2115,70.2485
2026-03-22 04:43:00,70.2525,70.3175,70.2475,70.2975
2026-03-22 04:44:00,70.3005,70.3255,70.2475,70.2695
2026-03-22 04:45:00,70.2685,70.3385,70.2605,70.3365
2026-03-22 04:46:00,70.3405,70.3405,70.1295,70.2405
2026-03-22 04:47:00,70.2435,70.2475,70.1105,70.1185
2026-03-22 04:48:00,70.1205,70.1425,70.0585,70.0695
2026-03-22 04:49:00,70.0725,70.1415,70.0605,70.1215
2026-03-22 04:50:00,70.1245,70.1515,70.0605,70.1375
2026-03-22 04:51:00,70.1415,70.2225,70.1395,70.1495
2026-03-22 04:52:00,70.1485,70.1905,70.1065,70.1705
2026-03-22 04:53:00,70.1735,70.1975,70.1365,70.1385
2026-03-22 04:54:00,70.1345,70.1445,70.0785,70.1105
2026-03-22 04:55:00,70.1095,70.1515,70.0425,70.1325
2026-03-22 04:56:00,70.1275,70.2075,70.1165,70.1635
2026-03-22 04:57:00,70.1445,70.1445,70.0275,70.0355
2026-03-22 04:58:00,70.0375,70.0605,70.0195,70.0535
2026-03-22 04:59:00,70.0515,70.0965,70.0125,70.0425
2026-03-22 05:00:00,70.0395,70.0845,70.0355,70.0595
2026-03-22 05:01:00,70.0615,70.1225,70.0505,70.0825
2026-03-22 05:02:00,70.0815,70.1245,70.0515,70.1095
2026-03-22 05:03:00,70.1085,70.1885,70.1005,70.1605
2026-03-22 05:04:00,70.1575,70.1965,70.1325,70.1615
2026-03-22 05:05:00,70.1595,70.1855,70.1145,70.1355
2026-03-22 05:06:00,70.1395,70.2645,70.1395,70.2605
2026-03-22 05:07:00,70.2575,70.2655,70.1925,70.2135
2026-03-22 05:08:00,70.2105,70.3545,70.2025,70.3365
2026-03-22 05:09:00,70.3325,70.3505,70.2785,70.3335
2026-03-22 05:10:00,70.3355,70.3645,70.2225,70.2655
2026-03-22 05:11:00,70.2635,70.3515,70.2415,70.3335
2026-03-22 05:12:00,70.3365,70.3675,70.2655,70.2665
2026-03-22 05:13:00,70.2695,70.3105,70.2015,70.2115
2026-03-22 05:14:00,70.2125,70.2125,70.0975,70.1285
2026-03-22 05:15:00,70.1275,70.2375,70.0775,70.2375
2026-03-22 05:16:00,70.2365,70.3735,70.2315,70.3735
2026-03-22 05:17:00,70.3775,70.3875,70.3005,70.3655
2026-03-22 05:18:00,70.3695,70.4555,70.3695,70.3805
2026-03-22 05:19:00,70.3815,70.5235,70.3755,70.5005
2026-03-22 05:20:00,70.5045,70.5075,70.4175,70.4755
2026-03-22 05:21:00,70.4785,70.5295,70.4455,70.4885
2026-03-22 05:22:00,70.4925,70.5155,70.3615,70.3825
2026-03-22 05:23:00,70.3945,70.4305,70.3215,70.3225
2026-03-22 05:24:00,70.3195,70.5085,70.3195,70.5085
2026-03-22 05:25:00,70.5165,70.5885,70.5025,70.5685
2026-03-22 05:26:00,70.5675,70.6235,70.5195,70.5225
2026-03-22 05:27:00,70.5245,70.5995,70.5215,70.5605
2026-03-22 05:28:00,70.5555,70.5865,70.5075,70.5075
2026-03-22 05:29:00,70.5095,70.6345,70.5025,70.6285
2026-03-22 05:30:00,70.6365,70.6365,70.5715,70.5945
2026-03-22 05:31:00,70.5915,70.5915,70.4785,70.4835
2026-03-22 05:32:00,70.4885,70.5855,70.4675,70.5535
2026-03-22 05:33:00,70.5495,70.5505,70.3895,70.4085
2026-03-22 05:34:00,70.4105,70.4425,70.3415,70.4095
2026-03-22 05:35:00,70.4065,70.4595,70.3745,70.3745
2026-03-22 05:36:00,70.3755,70.4575,70.3605,70.4155
2026-03-22 05:37:00,70.4185,70.4995,70.4185,70.4975
2026-03-22 05:38:00,70.4965,70.5715,70.4735,70.5625
2026-03-22 05:39:00,70.5665,70.6035,70.5155,70.6035
2026-03-22 05:40:00,70.6055,70.6405,70.5355,70.5515
2026-03-22 05:41:00,70.5525,70.5685,70.4615,70.5035
2026-03-22 05:42:00,70.5205,70.5795,70.5075,70.5645
2026-03-22 05:43:00,70.5675,70.5995,70.4855,70.4945
2026-03-22 05:44:00,70.4975,70.5585,70.4745,70.5305
2026-03-22 05:45:00,70.5325,70.5325,70.3765,70.3875
2026-03-22 05:46:00,70.3885,70.4205,70.3515,70.3575
2026-03-22 05:47:00,70.3655,70.3655,70.2365,70.2465
2026-03-22 05:48:00,70.2445,70.2565,70.1375,70.2095
2026-03-22 05:49:00,70.2085,70.2695,70.2015,70.2635
2026-03-22 05:50:00,70.2605,70.3665,70.2465,70.3535
2026-03-22 05:51:00,70.3505,70.3505,70.2065,70.3245
2026-03-22 05:52:00,70.3275,70.3645,70.3045,70.3105
2026-03-22 05:53:00,70.3065,70.3635,70.2895,70.2895
2026-03-22 05:54:00,70.2935,70.3555,70.2755,70.3555
2026-03-22 05:55:00,70.3565,70.4885,70.3165,70.4845
2026-03-22 05:56:00,70.4875,70.5515,70.4545,70.4855
2026-03-22 05:57:00,70.4875,70.5355,70.4105,70.4235
2026-03-22 05:58:00,70.4275,70.5745,70.4275,70.5745
2026-03-22 05:59:00,70.5735,70.6405,70.5555,70.6065
2026-03-22 06:00:00,70.6095,70.7275,70.5955,70.6875
2026-03-22 06:01:00,70.6915,70.7055,70.5225,70.5315
2026-03-22 06:02:00,70.5345,70.5535,70.4515,70.4585
2026-03-22 06:03:00,70.4575,70.5055,70.4055,70.5055
2026-03-22 06:04:00,70.5035,70.5555,70.5035,70.5105
2026-03-22 06:05:00,70.5115,70.5535,70.4585,70.4685
2026-03-22 06:06:00,70.4525,70.4605,70.3635,70.3735
2026-03-22 06:07:00,70.3715,70.4215,70.3465,70.4175
2026-03-22 06:08:00,70.4145,70.4215,70.3485,70.4165
2026-03-22 06:09:00,70.4145,70.5225,70.3565,70.3865
2026-03-22 06:10:00,70.3895,70.4525,70.3705,70.4145
2026-03-22 06:11:00,70.4185,70.5295,70.4145,70.4655
2026-03-22 06:12:00,70.4675,70.5825,70.4235,70.5695
2026-03-22 06:13:00,70.5715,70.5715,70.4775,70.4775
2026-03-22 06:14:00,70.4745,70.4845,70.4415,70.4435
2026-03-22 06:15:00,70.4415,70.5505,70.4305,70.5465
2026-03-22 06:16:00,70.5425,70.6765,70.5305,70.6345
2026-03-22 06:17:00,70.6315,70.7085,70.6035,70.7015
2026-03-22 06:18:00,70.7055,70.7225,70.6425,70.7215
2026-03-22 06:19:00,70.7265,70.7345,70.6455,70.6545
2026-03-22 06:20:00,70.6555,70.7015,70.5995,70.6985
2026-03-22 06:21:00,70.6995,70.7305,70.6415,70.6585
2026-03-22 06:22:00,70.6535,70.7105,70.5985,70.6385
2026-03-22 06:23:00,70.6415,70.6785,70.6185,70.6625
2026-03-22 06:24:00,70.6635,70.7735,70.6605,70.7545
2026-03-22 06:25:00,70.7535,70.7565,70.4315,70.4975
2026-03-22 06:26:00,70.5035,70.5955,70.4515,70.5675
2026-03-22 06:27:00,70.5645,70.6135,70.5625,70.5855
2026-03-22 06:28:00,70.5825,70.6045,70.5345,70.6045
2026-03-22 06:29:00,70.6055,70.6205,70.5125,70.5615
2026-03-22 06:30:00,70.5595,70.5675,70.4055,70.4155
2026-03-22 06:31:00,70.4165,70.4225,70.3135,70.3545
2026-03-22 06:32:00,70.3515,70.3855,70.2955,70.3325
2026-03-22 06:33:00,70.3285,70.3425,70.2455,70.2575
2026-03-22 06:34:00,70.2485,70.2735,70.1925,70.2735
2026-03-22 06:35:00,70.2775,70.4515,70.2705,70.4305
2026-03-22 06:36:00,70.4495,70.4505,70.3905,70.4155
2026-03-22 06:37:00,70.4175,70.5035,70.4175,70.4995
2026-03-22 06:38:00,70.4975,70.6595,70.4975,70.6185
2026-03-22 06:39:00,70.6155,70.6215,70.5265,70.5555
2026-03-22 06:40:00,70.5525,70.5695,70.4355,70.4615
2026-03-22 06:41:00,70.4575,70.4975,70.3895,70.4505
2026-03-22 06:42:00,70.4465,70.5685,70.4195,70.5335
2026-03-22 06:43:00,70.5415,70.5445,70.4205,70.4855
2026-03-22 06:44:00,70.4825,70.4905,70.3685,70.4105
2026-03-22 06:45:00,70.4145,70.4255,70.3275,70.3345
2026-03-22 06:46:00,70.3325,70.3465,70.2745,70.2875
2026-03-22 06:47:00,70.2885,70.2985,70.1935,70.2465
2026-03-22 06:48:00,70.2475,70.2775,70.1995,70.2085
2026-03-22 06:49:00,70.2095,70.2975,70.1915,70.2025
2026-03-22 06:50:00,70.2005,70.2025,70.0965,70.1055
2026-03-22 06:51:00,70.1085,70.1225,69.9475,69.9905
2026-03-22 06:52:00,69.9925,70.1145,69.9525,70.1145
2026-03-22 06:53:00,70.1155,70.1235,70.0015,70.0215
2026-03-22 06:54:00,70.0195,70.0465,69.9715,70.0245
2026-03-22 06:55:00,70.0205,70.0405,69.8515,69.8515
2026-03-22 06:56:00,69.8495,69.9585,69.8445,69.9265
2026-03-22 06:57:00,69.9255,69.9385,69.8425,69.8465
2026-03-22 06:58:00,69.8425,69.8425,69.6735,69.6765
2026-03-22 06:59:00,69.6725,69.8545,69.6545,69.8135
2026-03-22 07:00:00,69.8165,69.8165,69.7425,69.7515
2026-03-22 07:01:00,69.7495,69.8895,69.7495,69.8775
2026-03-22 07:02:00,69.8785,69.8825,69.7995,69.8265
2026-03-22 07:03:00,69.8275,69.8805,69.7935,69.8505
2026-03-22 07:04:00,69.8475,69.8915,69.8295,69.8505
2026-03-22 07:05:00,69.8215,69.8565,69.8035,69.8435
2026-03-22 07:06:00,69.8395,69.8395,69.7135,69.7175
2026-03-22 07:07:00,69.7135,69.7155,69.6055,69.6075
2026-03-22 07:08:00,69.6045,69.6665,69.5945,69.6415
2026-03-22 07:09:00,69.6305,69.6705,69.5685,69.5755
2026-03-22 07:10:00,69.5715,69.5915,69.4855,69.5075
2026-03-22 07:11:00,69.5125,69.5415,69.4765,69.5325
2026-03-22 07:12:00,69.5335,69.5755,69.5095,69.5725
2026-03-22 07:13:00,69.5735,69.6665,69.5605,69.6665
2026-03-22 07:14:00,69.6645,69.6775,69.5725,69.6075
2026-03-22 07:15:00,69.6065,69.6755,69.5575,69.5765
2026-03-22 07:16:00,69.5755,69.5985,69.5465,69.5755
2026-03-22 07:17:00,69.5765,69.6785,69.5235,69.6045
2026-03-22 07:18:00,69.6035,69.8115,69.5665,69.7975
2026-03-22 07:19:00,69.8025,69.8765,69.7635,69.8765
2026-03-22 07:20:00,69.8645,69.9405,69.8205,69.9375
2026-03-22 07:21:00,69.9395,70.1225,69.9285,70.0875
2026-03-22 07:22:00,70.0855,70.1745,70.0625,70.1585
2026-03-22 07:23:00,70.1625,70.1885,70.1085,70.1105
2026-03-22 07:24:00,70.1065,70.2755,70.1015,70.2515
2026-03-22 07:25:00,70.2525,70.2595,70.1715,70.2355
2026-03-22 07:26:00,70.2365,70.2995,70.1945,70.2805
2026-03-22 07:27:00,70.2835,70.2915,70.2205,70.2665
2026-03-22 07:28:00,70.2675,70.2935,70.2035,70.2565
2026-03-22 07:29:00,70.2525,70.2825,70.1665,70.1785
2026-03-22 07:30:00,70.1775,70.2505,70.1775,70.2415
2026-03-22 07:31:00,70.2455,70.3185,70.1725,70.2885
2026-03-22 07:32:00,70.2875,70.3065,70.2395,70.2765
2026-03-22 07:33:00,70.2785,70.2785,70.1775,70.1825
2026-03-22 07:34:00,70.1795,70.2465,70.1675,70.2385
2026-03-22 07:35:00,70.2475,70.2985,70.2265,70.2705
2026-03-22 07:36:00,70.2665,70.3255,70.2485,70.2485
2026-03-22 07:37:00,70.2445,70.3655,70.2445,70.3635
2026-03-22 07:38:00,70.3655,70.3685,70.2345,70.2655
2026-03-22 07:39:00,70.2675,70.2685,70.0065,70.0065
2026-03-22 07:40:00,70.0095,70.0125,69.9525,69.9625
2026-03-22 07:41:00,69.9605,69.9615,69.8285,69.9075
2026-03-22 07:42:00,69.9095,69.9435,69.7695,69.7765
2026-03-22 07:43:00,69.7585,69.7995,69.7485,69.7955
2026-03-22 07:44:00,69.7965,69.7995,69.7505,69.7825
2026-03-22 07:45:00,69.7855,69.8365,69.7335,69.7565
2026-03-22 07:46:00,69.7595,69.7675,69.6885,69.7325
2026-03-22 07:47:00,69.7365,69.7455,69.6195,69.6425
2026-03-22 07:48:00,69.6445,69.6475,69.5315,69.5335
2026-03-22 07:49:00,69.5275,69.5465,69.4955,69.5085
2026-03-22 07:50:00,69.5075,69.6005,69.4985,69.5975
2026-03-22 07:51:00,69.5965,69.6805,69.5855,69.6575
2026-03-22 07:52:00,69.6605,69.6805,69.5665,69.5895
2026-03-22 07:53:00,69.5865,69.6015,69.5445,69.5445
2026-03-22 07:54:00,69.5415,69.5875,69.4935,69.5625
2026-03-22 07:55:00,69.5645,69.6145,69.5295,69.5995
2026-03-22 07:56:00,69.5955,69.7125,69.5875,69.6175
2026-03-22 07:57:00,69.6215,69.6835,69.6185,69.6405
2026-03-22 07:58:00,69.6435,69.7035,69.6425,69.6995
2026-03-22 07:59:00,69.6975,69.7925,69.6955,69.7845
2026-03-22 08:00:00,69.7865,69.8435,69.7355,69.8345
2026-03-22 08:01:00,69.8365,69.9095,69.7865,69.7975
2026-03-22 08:02:00,69.8005,69.8365,69.7725,69.7755
2026-03-22 08:03:00,69.7765,69.7885,69.6835,69.6875
2026-03-22 08:04:00,69.6695,69.7645,69.6625,69.7375
2026-03-22 08:10:00,69.7375,69.7375,69.7375,69.7375
2026-03-22 08:11:00,69.7375,74.4505,69.7375,74.4435
2026-03-22 08:12:00,74.4405,74.4975,74.3715,74.4475
2026-03-22 08:13:00,74.4515,74.4985,74.4055,74.4975
2026-03-22 08:14:00,74.4965,74.5975,74.4755,74.5895
2026-03-22 08:15:00,74.5905,74.7035,74.5905,74.6975
2026-03-22 08:16:00,74.6955,74.7545,74.6515,74.7525
2026-03-22 08:17:00,74.7475,74.7895,74.6695,74.7285
2026-03-22 08:18:00,74.7315,74.9105,74.6955,74.9075
2026-03-22 08:19:00,74.9095,74.9245,74.8405,74.8405
2026-03-22 08:20:00,74.8375,74.8925,74.7985,74.8195
2026-03-22 08:21:00,74.8215,74.8245,74.7325,74.7595
2026-03-22 08:22:00,74.7525,74.7525,74.6435,74.6815
2026-03-22 08:23:00,74.6855,74.8635,74.6855,74.8535
2026-03-22 08:24:00,74.8495,74.9925,74.8125,74.9585
2026-03-22 08:25:00,74.9605,74.9685,74.8255,74.8915
2026-03-22 08:26:00,74.8865,74.9405,74.8445,74.8815
2026-03-22 08:27:00,74.8855,74.9875,74.8805,74.9425
2026-03-22 08:28:00,74.9465,74.9895,74.9235,74.9715
2026-03-22 08:29:00,74.9805,74.9885,74.5405,74.5405
2026-03-22 08:30:00,74.5425,74.6505,74.5345,74.6475
2026-03-22 08:31:00,74.6465,74.6545,74.5375,74.6355
2026-03-22 08:32:00,74.6025,74.6025,74.4735,74.4775
2026-03-22 08:33:00,74.4795,74.5005,74.3745,74.3755
2026-03-22 08:34:00,74.3735,74.4215,74.3085,74.4085
2026-03-22 08:35:00,74.3995,74.4375,74.3565,74.3915
2026-03-22 08:36:00,74.3885,74.4525,74.3515,74.3565
2026-03-22 08:37:00,74.3575,74.4285,74.3225,74.3975
2026-03-22 08:38:00,74.3995,74.6785,74.3975,74.6775
2026-03-22 08:39:00,74.6735,74.7375,74.6615,74.7115
2026-03-22 08:40:00,74.7095,74.7975,74.7025,74.7765
2026-03-22 08:41:00,74.7775,74.8525,74.7705,74.8065
2026-03-22 08:42:00,74.8025,74.8105,74.7045,74.7045
2026-03-22 08:43:00,74.7035,74.7425,74.6605,74.7195
2026-03-22 08:44:00,74.7155,74.7925,74.6895,74.7705
2026-03-22 08:45:00,74.7745,74.9055,74.7645,74.9035
2026-03-22 08:46:00,74.9045,74.9535,74.8225,74.8395
2026-03-22 08:47:00,74.8355,74.8355,74.6865,74.7005
2026-03-22 08:48:00,74.6985,74.7115,74.6575,74.6695
2026-03-22 08:49:00,74.6705,74.6905,74.5755,74.6555
2026-03-22 08:50:00,74.6525,74.6795,74.6235,74.6375
2026-03-22 08:51:00,74.6395,74.7175,74.6145,74.6445
2026-03-22 08:52:00,74.6395,74.6745,74.5825,74.6035
2026-03-22 08:53:00,74.6055,74.6765,74.5955,74.6765
2026-03-22 08:54:00,74.6785,74.7395,74.6665,74.7185
2026-03-22 08:55:00,74.7205,74.7645,74.6675,74.6675
2026-03-22 08:56:00,74.6725,74.6985,74.5695,74.5855
2026-03-22 08:57:00,74.5885,74.6245,74.5605,74.6045
2026-03-22 08:58:00,74.6095,74.6345,74.5515,74.6235
2026-03-22 08:59:00,74.6245,74.6395,74.2705,74.3275
2026-03-22 09:00:00,74.3295,74.3325,74.2235,74.2555
2026-03-22 09:01:00,74.2545,74.2725,74.1485,74.1695
2026-03-22 09:02:00,74.1665,74.4035,74.1125,74.4015
2026-03-22 09:03:00,74.4025,74.4705,74.3465,74.3545
2026-03-22 09:04:00,74.3555,74.3715,74.3245,74.3505
2026-03-22 09:05:00,74.3525,74.3835,74.2505,74.2505
2026-03-22 09:06:00,74.2535,74.3145,74.2275,74.2975
2026-03-22 09:07:00,74.3005,74.4905,74.2785,74.4845
2026-03-22 09:08:00,74.4815,74.4845,74.3255,74.3585
2026-03-22 09:09:00,74.3575,74.3895,74.3275,74.3505
2026-03-22 09:10:00,74.3485,74.5125,74.3485,74.4755
2026-03-22 09:11:00,74.4705,74.5425,74.4045,74.4095
2026-03-22 09:12:00,74.4055,74.4195,74.2585,74.2675
2026-03-22 09:13:00,74.2715,74.3255,74.2125,74.3255
2026-03-22 09:14:00,74.3295,74.3745,74.2985,74.3085
2026-03-22 09:15:00,74.3125,74.3525,74.1395,74.1415
2026-03-22 09:16:00,74.1465,74.1835,74.1065,74.1145
2026-03-22 09:17:00,74.1125,74.2005,74.0655,74.2005
2026-03-22 09:18:00,74.2045,74.2995,74.1995,74.2625
2026-03-22 09:19:00,74.2675,74.2865,74.1925,74.2265
2026-03-22 09:20:00,74.2155,74.2465,74.1865,74.2145
2026-03-22 09:21:00,74.2215,74.2265,74.1165,74.1395
2026-03-22 09:22:00,74.1345,74.1475,74.0765,74.0855
2026-03-22 09:23:00,74.0845,74.2295,74.0775,74.2225
2026-03-22 09:24:00,74.2205,74.2205,74.0935,74.1615
2026-03-22 09:25:00,74.1645,74.1965,74.0585,74.0805
2026-03-22 09:26:00,74.0795,74.1615,73.9565,73.9765
2026-03-22 09:27:00,73.9715,73.9895,73.9285,73.9425
2026-03-22 09:28:00,73.9435,73.9435,73.7985,73.8555
2026-03-22 09:29:00,73.8535,73.9075,73.8335,73.8535
2026-03-22 09:30:00,73.8565,73.9845,73.8485,73.9765
2026-03-22 09:31:00,73.9725,74.0655,73.9685,74.0275
2026-03-22 09:32:00,74.0295,74.1395,74.0295,74.0695
2026-03-22 09:33:00,74.1285,74.2485,74.1025,74.1875
2026-03-22 09:34:00,74.1915,74.2875,74.1815,74.1875
2026-03-22 09:35:00,74.1865,74.1915,74.1005,74.1025
2026-03-22 09:36:00,74.0975,74.1165,73.9905,74.0055
2026-03-22 09:37:00,74.0035,74.1045,73.9915,74.0395
2026-03-22 09:38:00,74.0375,74.1825,74.0175,74.1645
2026-03-22 09:39:00,74.1655,74.3465,74.1645,74.3335
2026-03-22 09:40:00,74.3365,74.3585,74.2055,74.2095
2026-03-22 09:41:00,74.2075,74.3345,74.1865,74.2825
2026-03-22 09:42:00,74.2765,74.3425,74.2145,74.2855
2026-03-22 09:43:00,74.2825,74.4925,74.2715,74.4755
2026-03-22 09:44:00,74.4765,74.5085,74.4425,74.4535
2026-03-22 09:45:00,74.4585,74.5115,74.3995,74.4595
2026-03-22 09:46:00,74.4605,74.4755,74.3525,74.3845
2026-03-22 09:47:00,74.3865,74.4005,74.3045,74.3585
2026-03-22 09:48:00,74.3565,74.4775,74.3425,74.4705
2026-03-22 09:49:00,74.4685,74.4765,74.3075,74.3075
2026-03-22 09:50:00,74.3055,74.3535,74.2715,74.2775
2026-03-22 09:51:00,74.2795,74.2805,74.1015,74.1145
2026-03-22 09:52:00,74.1155,74.1565,74.0575,74.0845
2026-03-22 09:53:00,74.0815,74.1665,74.0615,74.0885
2026-03-22 09:54:00,74.0925,74.1055,73.9075,73.9415
2026-03-22 09:55:00,73.9445,73.9445,73.8445,73.8475
2026-03-22 09:56:00,73.8495,74.0175,73.8105,73.9805
2026-03-22 09:57:00,73.9785,74.1105,73.9595,74.1065
2026-03-22 09:58:00,74.1075,74.1505,74.0815,74.1395
2026-03-22 09:59:00,74.1215,74.1235,73.9165,73.9165
2026-03-22 10:00:00,73.9125,73.9285,73.8065,73.8275
2026-03-22 10:01:00,73.8295,73.8595,73.7685,73.7745
2026-03-22 10:02:00,73.7765,73.8465,73.7685,73.8055
2026-03-22 10:03:00,73.8075,73.8915,73.7975,73.8725
2026-03-22 10:04:00,73.8705,74.0325,73.8435,74.0295
2026-03-22 10:05:00,74.0285,74.0635,73.9865,74.0255
2026-03-22 10:06:00,74.0285,74.0755,73.9835,74.0715
2026-03-22 10:07:00,74.0695,74.1495,74.0345,74.1225
2026-03-22 10:08:00,74.1205,74.1995,74.1125,74.1765
2026-03-22 10:09:00,74.1725,74.2575,74.1365,74.2495
2026-03-22 10:10:00,74.2545,74.2625,74.1995,74.2115
2026-03-22 10:11:00,74.2085,74.2235,73.9835,74.0295
2026-03-22 10:12:00,74.0265,74.1055,73.9815,73.9845
2026-03-22 10:13:00,73.9855,74.0845,73.9765,74.0845
2026-03-22 10:14:00,74.0835,74.1915,74.0805,74.1575
2026-03-22 10:15:00,74.1615,74.1715,74.1105,74.1485
2026-03-22 10:16:00,74.1505,74.2565,74.0875,74.0935
2026-03-22 10:17:00,74.0965,74.1305,74.0235,74.1305
2026-03-22 10:18:00,74.1285,74.1815,74.0955,74.1335
2026-03-22 10:19:00,74.1345,74.1835,74.1185,74.1465
2026-03-22 10:20:00,74.1365,74.1485,74.0195,74.1045
2026-03-22 10:21:00,74.1005,74.1915,74.0895,74.1835
2026-03-22 10:22:00,74.1855,74.2515,74.1815,74.1825
2026-03-22 10:23:00,74.1775,74.2555,74.1295,74.2005
2026-03-22 10:24:00,74.1965,74.2205,74.1095,74.1095
2026-03-22 10:25:00,74.1105,74.1155,73.9635,74.0025
2026-03-22 10:26:00,74.0005,74.1725,73.9935,74.1725
2026-03-22 10:27:00,74.1695,74.1715,74.0635,74.0635
2026-03-22 10:28:00,74.0715,74.1965,74.0715,74.1865
2026-03-22 10:29:00,74.1845,74.3165,74.1725,74.2875
2026-03-22 10:30:00,74.2925,74.3055,74.1705,74.1865
2026-03-22 10:31:00,74.1855,74.2505,74.1485,74.1705
2026-03-22 10:32:00,74.1675,74.1815,74.1065,74.1545
2026-03-22 10:33:00,74.1555,74.2125,74.1265,74.1415
2026-03-22 10:34:00,74.1435,74.1885,74.1055,74.1405
2026-03-22 10:35:00,74.1365,74.1635,74.0245,74.0295
2026-03-22 10:36:00,74.0305,74.0935,74.0125,74.0345
2026-03-22 10:37:00,74.0365,74.0545,73.9485,74.0055
2026-03-22 10:38:00,73.9995,74.0065,73.8425,73.8895
2026-03-22 10:39:00,73.8865,73.9065,73.8425,73.9045
2026-03-22 10:40:00,73.9055,73.9275,73.8455,73.8885
2026-03-22 10:41:00,73.8915,73.9225,73.8475,73.9065
2026-03-22 10:42:00,73.9055,73.9055,73.7615,73.7615
2026-03-22 10:43:00,73.7595,73.8995,73.7355,73.8795
2026-03-22 10:44:00,73.8775,73.8805,73.7945,73.7945
2026-03-22 10:45:00,73.7935,73.7995,73.7035,73.7175
2026-03-22 10:46:00,73.7145,73.7155,73.6375,73.6645
2026-03-22 10:47:00,73.6675,73.6735,73.5795,73.6055
2026-03-22 10:48:00,73.6105,73.6335,73.5085,73.5085
2026-03-22 10:49:00,73.5115,73.5125,73.4275,73.4825
2026-03-22 10:50:00,73.4855,73.5765,73.4845,73.5265
2026-03-22 10:51:00,73.5315,73.5735,73.4805,73.5655
2026-03-22 10:52:00,73.5615,73.6285,73.5205,73.6145
2026-03-22 10:53:00,73.6125,73.6615,73.5305,73.6455
2026-03-22 10:54:00,73.6435,73.7675,73.6385,73.7355
2026-03-22 10:55:00,73.7395,73.7795,73.6265,73.6295
2026-03-22 10:56:00,73.6285,73.6865,73.5875,73.6255
2026-03-22 10:57:00,73.6235,73.6655,73.5965,73.6145
2026-03-22 10:58:00,73.6185,73.6445,73.5275,73.5275
2026-03-22 10:59:00,73.5245,73.6245,73.5125,73.6225
2026-03-22 11:00:00,73.6235,73.7385,73.5785,73.7325
2026-03-22 11:01:00,73.7305,73.7455,73.6235,73.6365
2026-03-22 11:02:00,73.6315,73.6555,73.5785,73.6145
2026-03-22 11:03:00,73.6125,73.7525,73.6055,73.7095
2026-03-22 11:04:00,73.7065,73.7085,73.5855,73.6175
2026-03-22 11:05:00,73.6195,73.6195,73.5485,73.5575
2026-03-22 11:06:00,73.5525,73.5865,73.5155,73.5545
2026-03-22 11:07:00,73.5565,73.5565,73.4725,73.5485
2026-03-22 11:08:00,73.5525,73.6045,73.5155,73.5895
2026-03-22 11:09:00,73.5915,73.6295,73.5315,73.6295
2026-03-22 11:10:00,73.6255,73.6565,73.5575,73.5685
2026-03-22 11:11:00,73.5705,73.5835,73.4765,73.4885
2026-03-22 11:12:00,73.4895,73.5495,73.4605,73.5385
2026-03-22 11:13:00,73.5425,73.5695,73.4945,73.5365
2026-03-22 11:14:00,73.5355,73.5355,73.3495,73.3775
2026-03-22 11:15:00,73.3805,73.4245,73.3495,73.4215
2026-03-22 11:16:00,73.4255,73.4815,73.3885,73.4725
2026-03-22 11:17:00,73.4775,73.6195,73.4645,73.6095
2026-03-22 11:18:00,73.6135,73.6485,73.5885,73.6275
2026-03-22 11:19:00,73.6265,73.6385,73.4885,73.5065
2026-03-22 11:20:00,73.5085,73.5425,73.4895,73.5075
2026-03-22 11:21:00,73.5055,73.5055,73.3685,73.4895
2026-03-22 11:22:00,73.4905,73.5005,73.3305,73.4185
2026-03-22 11:23:00,73.4175,73.4245,73.2495,73.2495
2026-03-22 11:24:00,73.2385,73.2635,73.1515,73.2275
2026-03-22 11:25:00,73.2245,73.2775,73.1945,73.2175
2026-03-22 11:26:00,73.2215,73.2525,73.1725,73.2175
2026-03-22 11:27:00,73.2185,73.3105,73.1785,73.3065
2026-03-22 11:28:00,73.3055,73.3325,72.9965,72.9975
2026-03-22 11:29:00,72.9945,72.9995,72.7865,72.8375
2026-03-22 11:30:00,72.8395,72.8995,72.8255,72.8695
2026-03-22 11:31:00,72.8735,72.9015,72.8025,72.8315
2026-03-22 11:32:00,72.8275,72.8855,72.8085,72.8205
2026-03-22 11:33:00,72.8225,72.8755,72.8015,72.8625
2026-03-22 11:34:00,72.8615,72.8675,72.7885,72.8095
2026-03-22 11:35:00,72.8135,72.8155,72.7015,72.7285
2026-03-22 11:36:00,72.7275,72.8175,72.7125,72.8025
2026-03-22 11:37:00,72.8015,72.8025,72.7085,72.7145
2026-03-22 11:38:00,72.7135,72.9335,72.7015,72.9055
2026-03-22 11:39:00,72.9075,72.9115,72.7845,72.8285
2026-03-22 11:40:00,72.8275,72.8775,72.8215,72.8585
2026-03-22 11:41:00,72.8575,72.9265,72.8335,72.8405
2026-03-22 11:42:00,72.8455,72.9085,72.7975,72.8175
2026-03-22 11:43:00,72.8195,72.8215,72.7505,72.8105
2026-03-22 11:44:00,72.8125,72.8195,72.7775,72.7885
2026-03-22 11:45:00,72.7855,72.7855,72.7095,72.7545
2026-03-22 11:46:00,72.7575,72.8715,72.7535,72.8625
2026-03-22 11:47:00,72.8655,72.9095,72.8105,72.9045
2026-03-22 11:48:00,72.9225,72.9955,72.7985,72.9775
2026-03-22 11:49:00,72.9785,73.0215,72.9395,72.9455
2026-03-22 11:50:00,72.9465,72.9575,72.7845,72.8005
2026-03-22 11:51:00,72.8015,72.8355,72.7885,72.7955
2026-03-22 11:52:00,72.7925,72.8415,72.7815,72.7945
2026-03-22 11:53:00,72.7965,72.8215,72.6885,72.6925
2026-03-22 11:54:00,72.6965,72.7105,72.6565,72.7055
2026-03-22 11:55:00,72.7075,72.7145,72.6385,72.6715
2026-03-22 11:56:00,72.6465,72.6945,72.6145,72.6945
2026-03-22 11:57:00,72.6915,72.7255,72.6135,72.6135
2026-03-22 11:58:00,72.6145,72.6915,72.6045,72.6735
2026-03-22 11:59:00,72.6725,72.7615,72.5785,72.6025
2026-03-22 12:00:00,72.6065,72.6085,72.4705,72.4805
2026-03-22 12:01:00,72.4855,72.5055,72.4125,72.4725
2026-03-22 12:02:00,72.4765,72.5905,72.4735,72.5355
2026-03-22 12:03:00,72.5325,72.6005,72.5015,72.5735
2026-03-22 12:04:00,72.5715,72.6445,72.5715,72.5765
2026-03-22 12:05:00,72.5755,72.6975,72.5655,72.6875
2026-03-22 12:06:00,72.6915,72.6945,72.6235,72.6255
2026-03-22 12:07:00,72.6265,72.7545,72.6185,72.7515
2026-03-22 12:08:00,72.7565,72.8805,72.7355,72.8455
2026-03-22 12:09:00,72.8415,72.9335,72.7655,72.8575
2026-03-22 12:10:00,72.8555,72.8865,72.7515,72.8015
2026-03-22 12:11:00,72.8035,72.8195,72.7615,72.7985
2026-03-22 12:12:00,72.7975,72.8025,72.5955,72.6105
2026-03-22 12:13:00,72.6145,72.7445,72.6145,72.7125
2026-03-22 12:14:00,72.7095,72.7135,72.6645,72.7065
2026-03-22 12:15:00,72.7095,72.7985,72.7095,72.7935
2026-03-22 12:16:00,72.7885,72.9885,72.7405,72.9505
2026-03-22 12:17:00,72.9475,72.9535,72.8535,72.8605
2026-03-22 12:18:00,72.8615,73.0355,72.8595,72.8915
2026-03-22 12:19:00,72.8875,72.9045,72.8565,72.8965
2026-03-22 12:20:00,72.9005,73.0465,72.8605,73.0465
2026-03-22 12:21:00,73.0185,73.0795,73.0105,73.0795
2026-03-22 12:22:00,73.0775,73.0815,72.9825,73.0485
2026-03-22 12:23:00,73.0505,73.1525,73.0465,73.0915
2026-03-22 12:24:00,73.0885,73.1775,73.0545,73.1705
2026-03-22 12:25:00,73.1675,73.2725,73.1605,73.2565
2026-03-22 12:26:00,73.2575,73.2895,73.1785,73.2195
2026-03-22 12:27:00,73.2155,73.2175,73.0875,73.1715
2026-03-22 12:28:00,73.1645,73.2655,73.1575,73.2515
2026-03-22 12:29:00,73.2505,73.2545,73.1315,73.1415
2026-03-22 12:30:00,73.1375,73.1405,73.0605,73.1105
2026-03-22 12:31:00,73.1145,73.1235,73.0365,73.0615
2026-03-22 12:32:00,73.0665,73.1615,73.0515,73.1595
2026-03-22 12:33:00,73.1555,73.2105,73.0355,73.0495
2026-03-22 12:34:00,73.0505,73.1185,72.9745,72.9885
2026-03-22 12:35:00,72.9895,73.2275,72.9895,73.2105
2026-03-22 12:36:00,73.2075,73.2135,73.0665,73.0755
2026-03-22 12:37:00,73.0765,73.1415,73.0595,73.0595
2026-03-22 12:38:00,73.0475,73.0585,72.9335,72.9555
2026-03-22 12:39:00,72.9525,72.9865,72.9305,72.9575
2026-03-22 12:40:00,72.9585,73.0215,72.8885,73.0055
2026-03-22 12:41:00,73.0095,73.0495,72.9025,72.9135
2026-03-22 12:42:00,72.9115,72.9145,72.7285,72.7585
2026-03-22 12:43:00,72.7615,72.8355,72.7455,72.8055
2026-03-22 12:44:00,72.8025,72.8115,72.7435,72.7895
2026-03-22 12:45:00,72.7865,72.9495,72.7865,72.9135
2026-03-22 12:46:00,72.9105,72.9175,72.7495,72.7555
2026-03-22 12:47:00,72.7595,72.9225,72.6895,72.9165
2026-03-22 12:48:00,72.9145,72.9205,72.8525,72.8725
2026-03-22 12:49:00,72.8735,72.9185,72.8145,72.8755
2026-03-22 12:50:00,72.8745,72.9615,72.8735,72.9185
2026-03-22 12:51:00,72.9205,72.9285,72.8525,72.8945
2026-03-22 12:52:00,72.8925,72.9935,72.8795,72.9625
2026-03-22 12:53:00,72.9675,73.0845,72.9675,73.0805
2026-03-22 12:54:00,73.0925,73.1395,73.0755,73.1005
2026-03-22 12:55:00,73.0975,73.1245,73.0295,73.1105
2026-03-22 12:56:00,73.1135,73.2275,73.1115,73.2275
2026-03-22 12:57:00,73.2215,73.3055,73.1655,73.2735
2026-03-22 12:58:00,73.2625,73.3885,73.2625,73.3345
2026-03-22 12:59:00,73.3335,73.3435,73.2335,73.2485
2026-03-22 13:00:00,73.2315,73.2655,73.2185,73.2335
2026-03-22 13:01:00,73.2285,73.2845,73.1815,73.2575
2026-03-22 13:02:00,73.2625,73.2795,73.1615,73.2045
2026-03-22 13:03:00,73.2055,73.3315,73.1835,73.2725
2026-03-22 13:04:00,73.2685,73.3165,73.2595,73.2925
2026-03-22 13:05:00,73.2955,73.3235,73.2325,73.2605
2026-03-22 13:06:00,73.2575,73.3685,73.2525,73.3415
2026-03-22 13:07:00,73.3455,73.3735,73.2705,73.2805
2026-03-22 13:08:00,73.2795,73.3515,73.2485,73.3365
2026-03-22 13:09:00,73.3345,73.3505,73.0155,73.0445
2026-03-22 13:10:00,73.0435,73.1585,73.0395,73.1265
2026-03-22 13:11:00,73.1295,73.1925,73.1135,73.1255
2026-03-22 13:12:00,73.1265,73.1565,73.0915,73.1005
2026-03-22 13:13:00,73.0985,73.1045,72.9865,72.9875
2026-03-22 13:14:00,72.9905,73.0005,72.8735,72.9155
2026-03-22 13:15:00,72.9195,72.9905,72.9085,72.9345
2026-03-22 13:16:00,72.9325,72.9335,72.8055,72.8185
2026-03-22 13:17:00,72.8205,72.8505,72.7485,72.8255
2026-03-22 13:18:00,72.8285,72.9185,72.7305,72.7545
2026-03-22 13:19:00,72.7555,72.8625,72.7125,72.8355
2026-03-22 13:20:00,72.8325,72.8555,72.7295,72.7635
2026-03-22 13:21:00,72.7785,72.8165,72.7655,72.7735
2026-03-22 13:22:00,72.7795,72.7905,72.7055,72.7365
2026-03-22 13:23:00,72.7385,72.7965,72.7155,72.7795
2026-03-22 13:24:00,72.7785,72.8175,72.7735,72.8155
2026-03-22 13:25:00,72.8125,72.8595,72.7355,72.7985
2026-03-22 13:26:00,72.7945,72.7995,72.6655,72.6655
2026-03-22 13:27:00,72.6705,72.7105,72.6205,72.6895
2026-03-22 13:28:00,72.6885,72.7075,72.5975,72.6275
2026-03-22 13:29:00,72.6255,72.6655,72.5645,72.5685
2026-03-22 13:30:00,72.5695,72.5875,72.4855,72.4885
2026-03-22 13:31:00,72.4895,72.5405,72.4385,72.4835
2026-03-22 13:32:00,72.4885,72.5735,72.4055,72.5505
2026-03-22 13:33:00,72.5485,72.6225,72.5385,72.5645
2026-03-22 13:34:00,72.5685,72.6235,72.5545,72.5935
2026-03-22 13:35:00,72.5965,72.6185,72.5145,72.5315
2026-03-22 13:36:00,72.5345,72.6025,72.5335,72.6025
2026-03-22 13:37:00,72.5995,72.6285,72.5535,72.5845
2026-03-22 13:38:00,72.5815,72.6445,72.5505,72.6425
2026-03-22 13:39:00,72.6465,72.7305,72.6385,72.6905
2026-03-22 13:40:00,72.6875,72.7095,72.6355,72.6455
2026-03-22 13:41:00,72.6495,72.7405,72.6045,72.7405
2026-03-22 13:42:00,72.7395,72.7725,72.6835,72.7245
2026-03-22 13:43:00,72.7285,72.7695,72.5895,72.5965
2026-03-22 13:44:00,72.6015,72.6505,72.5725,72.5965
2026-03-22 13:45:00,72.5935,72.6185,72.4855,72.4855
2026-03-22 13:46:00,72.4905,72.5805,72.4905,72.5785
2026-03-22 13:47:00,72.5755,72.6085,72.5135,72.5985
2026-03-22 13:48:00,72.5965,72.7195,72.5795,72.7155
2026-03-22 13:49:00,72.7135,72.7455,72.6595,72.6965
2026-03-22 13:50:00,72.6955,72.7035,72.6285,72.6375
2026-03-22 13:51:00,72.6405,72.7375,72.6275,72.6695
2026-03-22 13:52:00,72.6665,72.7975,72.6605,72.7385
2026-03-22 13:53:00,72.7375,72.7465,72.6305,72.7105
2026-03-22 13:54:00,72.7115,72.8065,72.7015,72.7935
2026-03-22 13:55:00,72.7915,72.7955,72.5845,72.6305
2026-03-22 13:56:00,72.6345,72.6525,72.5735,72.5785
2026-03-22 13:57:00,72.5825,72.6205,72.5095,72.5125
2026-03-22 13:58:00,72.5135,72.6435,72.5035,72.6245
2026-03-22 13:59:00,72.6265,72.8185,72.6105,72.8135
2026-03-22 14:00:00,72.8155,72.8965,72.7055,72.8965
2026-03-22 14:01:00,72.8945,72.9555,72.8685,72.9255
2026-03-22 14:02:00,72.9285,72.9715,72.9075,72.9075
2026-03-22 14:03:00,72.9035,72.9535,72.8765,72.9265
2026-03-22 14:04:00,72.9245,72.9555,72.8245,72.8955
2026-03-22 14:05:00,72.8935,72.9285,72.8495,72.8515
2026-03-22 14:06:00,72.8545,72.8795,72.7825,72.8355
2026-03-22 14:07:00,72.8365,72.8695,72.8035,72.8595
2026-03-22 14:08:00,72.8585,72.9445,72.7595,72.9285
2026-03-22 14:09:00,72.9265,72.9525,72.8345,72.8645
2026-03-22 14:10:00,72.8625,72.8885,72.8315,72.8565
2026-03-22 14:11:00,72.8605,72.8995,72.8125,72.8485
2026-03-22 14:12:00,72.8515,72.9095,72.8315,72.8565
2026-03-22 14:13:00,72.8575,72.9175,72.8575,72.9115
2026-03-22 14:14:00,72.9065,72.9065,72.7185,72.7725
2026-03-22 14:15:00,72.7685,72.8425,72.7085,72.8385
2026-03-22 14:16:00,72.8365,72.8995,72.8315,72.8625
2026-03-22 14:17:00,72.8585,72.8775,72.7915,72.8135
2026-03-22 14:18:00,72.8085,72.8575,72.7635,72.8575
2026-03-22 14:19:00,72.8615,72.8615,72.7525,72.7815
2026-03-22 14:20:00,72.7795,72.7985,72.7385,72.7575
2026-03-22 14:21:00,72.7545,72.8015,72.7205,72.8015
2026-03-22 14:22:00,72.7995,72.8155,72.7045,72.7275
2026-03-22 14:23:00,72.7295,72.7485,72.6615,72.6755
2026-03-22 14:24:00,72.6795,72.7085,72.6185,72.6195
2026-03-22 14:25:00,72.6225,72.6425,72.5745,72.5855
2026-03-22 14:26:00,72.5875,72.7255,72.5635,72.6745
2026-03-22 14:27:00,72.6765,72.6765,72.5945,72.6175
2026-03-22 14:28:00,72.6255,72.6735,72.5895,72.6185
2026-03-22 14:29:00,72.6225,72.6595,72.5975,72.6065
2026-03-22 14:30:00,72.6045,72.6195,72.4945,72.5005
2026-03-22 14:31:00,72.5015,72.5495,72.4805,72.5145
2026-03-22 14:32:00,72.5155,72.5265,72.3915,72.4885
2026-03-22 14:33:00,72.4875,72.5065,72.4495,72.4655
2026-03-22 14:34:00,72.4645,72.5195,72.4365,72.4365
2026-03-22 14:35:00,72.4355,72.5155,72.4165,72.4745
2026-03-22 14:36:00,72.4765,72.5215,72.4615,72.5075
2026-03-22 14:37:00,72.5045,72.5455,72.4815,72.4885
2026-03-22 14:38:00,72.4935,72.5715,72.4805,72.5185
2026-03-22 14:39:00,72.5215,72.6095,72.5015,72.5865
2026-03-22 14:40:00,72.5885,72.6095,72.4985,72.5015
2026-03-22 14:41:00,72.5005,72.5695,72.4495,72.5285
2026-03-22 14:42:00,72.5115,72.5675,72.4705,72.5595
2026-03-22 14:43:00,72.5565,72.6635,72.5565,72.5785
2026-03-22 14:44:00,72.5765,72.6205,72.5435,72.5605
2026-03-22 14:45:00,72.5635,72.6415,72.5325,72.6375
2026-03-22 14:46:00,72.6355,72.7005,72.6095,72.6635
2026-03-22 14:47:00,72.6625,72.6725,72.5865,72.6715
2026-03-22 14:48:00,72.6705,72.7275,72.6425,72.6805
2026-03-22 14:49:00,72.6835,72.7705,72.6765,72.7345
2026-03-22 14:50:00,72.7355,72.8135,72.7155,72.8015
2026-03-22 14:51:00,72.8055,72.8455,72.7495,72.7795
2026-03-22 14:52:00,72.7745,72.8525,72.7535,72.8345
2026-03-22 14:53:00,72.8365,72.8685,72.7885,72.8285
2026-03-22 14:54:00,72.8305,72.9055,72.8125,72.9025
2026-03-22 14:55:00,72.8985,73.2335,72.8895,73.1365
2026-03-22 14:56:00,73.1325,73.3055,73.1295,73.2425
2026-03-22 14:57:00,73.2455,73.3125,73.2095,73.3015
2026-03-22 14:58:00,73.3035,73.4275,73.3035,73.3405
2026-03-22 14:59:00,73.3435,73.3545,73.2395,73.3015
2026-03-22 15:00:00,73.2995,73.4305,73.2975,73.4305
2026-03-22 15:01:00,73.4255,73.4455,73.3745,73.3775
2026-03-22 15:02:00,73.3795,73.3795,73.0375,73.3265
2026-03-22 15:03:00,73.3275,73.4195,73.2815,73.2815
2026-03-22 15:04:00,73.2785,73.3335,73.2365,73.3335
2026-03-22 15:05:00,73.3375,73.4095,73.3325,73.3875
2026-03-22 15:06:00,73.3845,73.4625,73.3645,73.3905
2026-03-22 15:07:00,73.3895,73.3975,73.3225,73.3565
2026-03-22 15:08:00,73.3535,73.3835,73.2735,73.3475
2026-03-22 15:09:00,73.3495,73.4185,73.3305,73.4085
2026-03-22 15:10:00,73.4105,73.5625,73.4075,73.4965
2026-03-22 15:11:00,73.4935,73.5535,73.4675,73.5275
2026-03-22 15:12:00,73.5255,73.6645,73.5105,73.6225
2026-03-22 15:13:00,73.6255,73.6315,73.4055,73.4085
2026-03-22 15:14:00,73.4075,73.4225,73.3155,73.3185
2026-03-22 15:15:00,73.3155,73.3335,73.2175,73.2365
2026-03-22 15:16:00,73.2415,73.2445,73.1635,73.2325
2026-03-22 15:17:00,73.2275,73.2465,73.1455,73.1455
2026-03-22 15:18:00,73.1425,73.1465,73.0345,73.0815
2026-03-22 15:19:00,73.0775,73.0775,72.8445,72.8805
2026-03-22 15:20:00,72.8765,72.8765,72.8005,72.8495
2026-03-22 15:21:00,72.8535,72.8675,72.7965,72.8155
2026-03-22 15:22:00,72.8135,72.8675,72.7505,72.7965
2026-03-22 15:23:00,72.7935,72.9185,72.7625,72.9155
2026-03-22 15:24:00,72.9115,72.9115,72.6935,72.7045
2026-03-22 15:25:00,72.6965,72.8105,72.6795,72.7465
2026-03-22 15:26:00,72.7485,72.7775,72.6965,72.7755
2026-03-22 15:27:00,72.7715,72.7725,72.7045,72.7115
2026-03-22 15:28:00,72.7075,72.8025,72.7035,72.7835
2026-03-22 15:29:00,72.7815,72.8515,72.7775,72.8475
2026-03-22 15:30:00,72.8495,72.9005,72.7965,72.8035
2026-03-22 15:31:00,72.8045,73.0025,72.8045,73.0025
2026-03-22 15:32:00,72.9985,73.1215,72.9555,73.0795
2026-03-22 15:33:00,73.0825,73.0825,72.9845,73.0025
2026-03-22 15:34:00,72.9995,73.0125,72.9315,72.9815
2026-03-22 15:35:00,72.9855,72.9875,72.8335,72.8585
2026-03-22 15:36:00,72.8545,72.8865,72.8115,72.8715
2026-03-22 15:37:00,72.8695,72.9475,72.8675,72.8905
2026-03-22 15:38:00,72.8955,72.9525,72.8365,72.9475
2026-03-22 15:39:00,72.9465,73.1285,72.8485,73.1285
2026-03-22 15:40:00,73.1295,73.1805,73.0485,73.0685
2026-03-22 15:41:00,73.0695,73.0715,72.9145,72.9185
2026-03-22 15:42:00,72.9155,72.9415,72.7455,72.7515
2026-03-22 15:43:00,72.7485,72.8365,72.7355,72.8295
2026-03-22 15:44:00,72.8275,72.8435,72.7595,72.7715
2026-03-22 15:45:00,72.7725,72.8115,72.7205,72.8085
2026-03-22 15:46:00,72.8095,73.0095,72.8075,72.9955
2026-03-22 15:47:00,72.9975,72.9975,72.9055,72.9405
2026-03-22 15:48:00,72.9425,73.0165,72.8735,72.8955
2026-03-22 15:49:00,72.8985,72.9275,72.7675,72.7775
2026-03-22 15:50:00,72.7765,72.8005,72.7475,72.7945
2026-03-22 15:51:00,72.7995,72.8755,72.7995,72.8095
2026-03-22 15:52:00,72.8065,72.8135,72.7195,72.7895
2026-03-22 15:53:00,72.7935,72.8845,72.7875,72.8295
2026-03-22 15:54:00,72.8335,72.9065,72.8165,72.8645
2026-03-22 15:55:00,72.8635,72.8785,72.8275,72.8525
2026-03-22 15:56:00,72.8555,72.9355,72.8555,72.9115
2026-03-22 15:57:00,72.9135,73.0185,72.9075,72.9955
2026-03-22 15:58:00,72.9915,73.0355,72.9505,72.9615
2026-03-22 15:59:00,72.9565,72.9685,72.8395,72.9005
2026-03-22 16:00:00,72.8985,72.8995,72.8005,72.8345
2026-03-22 16:01:00,72.8315,72.8575,72.7795,72.7935
2026-03-22 16:02:00,72.7905,72.8035,72.6725,72.6875
2026-03-22 16:03:00,72.6855,72.6985,72.5885,72.5915
2026-03-22 16:04:00,72.5945,72.6635,72.5945,72.6175
2026-03-22 16:05:00,72.6165,72.6865,72.5875,72.6065
2026-03-22 16:06:00,72.6075,72.6895,72.5445,72.6885
2026-03-22 16:07:00,72.6855,72.7325,72.6485,72.6505
2026-03-22 16:08:00,72.6515,72.7165,72.6475,72.7165
2026-03-22 16:09:00,72.7155,72.7325,72.6205,72.6255
2026-03-22 16:10:00,72.6265,72.6265,72.5475,72.5585
2026-03-22 16:11:00,72.5565,72.6355,72.5515,72.6015
2026-03-22 16:12:00,72.5985,72.7615,72.5935,72.7555
2026-03-22 16:13:00,72.7535,72.9025,72.7525,72.9025
2026-03-22 16:14:00,72.9075,72.9995,72.9075,72.9885
2026-03-22 16:15:00,72.9925,73.0215,72.9775,73.0015
2026-03-22 16:16:00,73.0035,73.1065,73.0025,73.0585
2026-03-22 16:17:00,73.0605,73.0865,72.9875,73.0825
2026-03-22 16:18:00,73.0805,73.0985,72.9615,72.9665
2026-03-22 16:19:00,72.9925,73.0765,72.9855,73.0565
2026-03-22 16:20:00,73.0605,73.1435,73.0485,73.1435
2026-03-22 16:21:00,73.1415,73.1715,73.0895,73.1675
2026-03-22 16:22:00,73.1715,73.2045,73.0735,73.2015
2026-03-22 16:23:00,73.2045,73.2705,73.1945,73.2645
2026-03-22 16:24:00,73.2655,73.2995,73.2095,73.2595
2026-03-22 16:25:00,73.2565,73.2825,72.9805,72.9995
2026-03-22 16:26:00,73.0025,73.2195,72.9995,73.2075
2026-03-22 16:27:00,73.2065,73.2465,73.1875,73.1895
2026-03-22 16:28:00,73.1875,73.2405,73.1555,73.2075
2026-03-22 16:29:00,73.2035,73.3305,73.1875,73.3235
2026-03-22 16:30:00,73.3195,73.4695,73.3185,73.3985
2026-03-22 16:31:00,73.3945,73.4695,73.3925,73.4325
2026-03-22 16:32:00,73.4365,73.4805,73.3965,73.4325
2026-03-22 16:33:00,73.4695,73.6025,73.4605,73.5985
2026-03-22 16:34:00,73.6035,73.6035,73.4505,73.4505
2026-03-22 16:35:00,73.4485,73.5855,73.4485,73.5305
2026-03-22 16:36:00,73.5275,73.5735,73.4555,73.4615
2026-03-22 16:37:00,73.4655,73.5915,73.4075,73.5855
2026-03-22 16:38:00,73.5845,73.8205,73.5755,73.7995
2026-03-22 16:39:00,73.7985,73.8275,73.6695,73.7095
2026-03-22 16:40:00,73.7075,73.7495,73.6395,73.6425
2026-03-22 16:41:00,73.6415,73.7615,73.6305,73.7565
2026-03-22 16:42:00,73.7525,73.7635,73.7005,73.7445
2026-03-22 16:43:00,73.7435,73.7985,73.7315,73.7925
2026-03-22 16:44:00,73.7905,73.8095,73.6985,73.7065
2026-03-22 16:45:00,73.7075,73.7595,73.6265,73.6265
2026-03-22 16:46:00,73.6275,73.6745,73.5915,73.6465
2026-03-22 16:47:00,73.6505,73.6785,73.4875,73.4875
2026-03-22 16:48:00,73.4865,73.5555,73.4195,73.4465
2026-03-22 16:49:00,73.4435,73.4515,73.3535,73.3585
2026-03-22 16:50:00,73.3625,73.3875,73.3105,73.3445
2026-03-22 16:51:00,73.3405,73.4335,73.3325,73.3485
2026-03-22 16:52:00,73.3515,73.3755,73.3375,73.3415
2026-03-22 16:53:00,73.3295,73.3815,73.3085,73.3105
2026-03-22 16:54:00,73.3135,73.3415,73.2275,73.2645
2026-03-22 16:55:00,73.2545,73.2675,73.1955,73.2235
2026-03-22 16:56:00,73.2305,73.3105,73.2035,73.3075
2026-03-22 16:57:00,73.3065,73.3935,73.3045,73.3935
2026-03-22 16:58:00,73.3975,73.4835,73.3825,73.4375
2026-03-22 16:59:00,73.4425,73.6315,73.4225,73.6285
2026-03-22 17:00:00,73.6245,73.6915,73.5755,73.5765
2026-03-22 17:01:00,73.5815,73.7645,73.5705,73.7555
2026-03-22 17:02:00,73.7565,73.7655,73.6675,73.6775
2026-03-22 17:03:00,73.6735,73.6795,73.6045,73.6155
2026-03-22 17:04:00,73.6195,73.7345,73.6165,73.6615
2026-03-22 17:05:00,73.6595,73.7795,73.6595,73.7745
2026-03-22 17:06:00,73.7735,73.7955,73.7085,73.7445
2026-03-22 17:07:00,73.7425,73.7835,73.6835,73.7825
2026-03-22 17:08:00,73.7855,73.7855,73.6535,73.6655
2026-03-22 17:09:00,73.6695,73.7815,73.6525,73.7535
2026-03-22 17:10:00,73.7505,73.8825,73.7505,73.8795
2026-03-22 17:11:00,73.8765,73.9395,73.8395,73.8915
2026-03-22 17:12:00,73.8935,73.9185,73.8415,73.8825
2026-03-22 17:13:00,73.8845,73.9385,73.8385,73.8995
2026-03-22 17:14:00,73.9005,73.9205,73.7695,73.8075
2026-03-22 17:15:00,73.8035,73.9105,73.8035,73.8665
2026-03-22 17:16:00,73.8645,73.9565,73.8275,73.9255
2026-03-22 17:17:00,73.9265,74.0465,73.9085,74.0435
2026-03-22 17:18:00,74.0475,74.0785,73.9965,73.9965
2026-03-22 17:19:00,73.9985,74.0555,73.9845,74.0345
2026-03-22 17:20:00,74.0375,74.0375,73.9775,74.0075
2026-03-22 17:21:00,74.0105,74.0215,73.9435,73.9725
2026-03-22 17:22:00,73.9775,73.9865,73.8975,73.9575
2026-03-22 17:23:00,73.9535,74.0085,73.9525,73.9835
2026-03-22 17:24:00,73.9865,73.9965,73.8765,73.8835
2026-03-22 17:25:00,73.8825,73.9755,73.8825,73.9475
2026-03-22 17:26:00,73.9445,74.0415,73.9385,73.9455
2026-03-22 17:27:00,73.9475,74.0585,73.9455,74.0075
2026-03-22 17:28:00,74.0085,74.0265,73.9425,73.9555
2026-03-22 17:29:00,73.9575,74.0295,73.9285,73.9845
2026-03-22 17:30:00,73.9835,74.0425,73.9205,74.0385
2026-03-22 17:31:00,74.0405,74.1115,74.0385,74.0915
2026-03-22 17:32:00,74.0945,74.1345,74.0645,74.0985
2026-03-22 17:33:00,74.0995,74.2555,74.0405,74.2175
2026-03-22 17:34:00,74.2135,74.4155,74.2135,74.3995
2026-03-22 17:35:00,74.3975,74.4215,74.2545,74.2545
2026-03-22 17:36:00,74.2575,74.3745,74.2495,74.3525
2026-03-22 17:37:00,74.3565,74.4225,74.3165,74.3185
2026-03-22 17:38:00,74.3165,74.3555,74.2575,74.2765
2026-03-22 17:39:00,74.2785,74.3325,74.1755,74.2165
2026-03-22 17:40:00,74.2185,74.3265,74.2115,74.2735
2026-03-22 17:41:00,74.2755,74.2835,74.1185,74.1315
2026-03-22 17:42:00,74.1335,74.1335,74.0705,74.0895
2026-03-22 17:43:00,74.0605,74.0785,74.0185,74.0205
2026-03-22 17:44:00,74.0225,74.1315,74.0215,74.1205
2026-03-22 17:45:00,74.1235,74.1895,74.1175,74.1655
2026-03-22 17:46:00,74.1615,74.2295,74.1535,74.1655
2026-03-22 17:47:00,74.1625,74.3605,74.1325,74.3605
2026-03-22 17:48:00,74.3645,74.5115,74.3595,74.5025
2026-03-22 17:49:00,74.5035,74.5465,74.4625,74.4625
2026-03-22 17:50:00,74.4665,74.4945,74.3485,74.3605
2026-03-22 17:51:00,74.3575,74.3815,74.2995,74.3355
2026-03-22 17:52:00,74.3405,74.3655,74.2955,74.3395
2026-03-22 17:53:00,74.3415,74.3965,74.3055,74.3085
2026-03-22 17:54:00,74.3125,74.3125,74.2195,74.2935
2026-03-22 17:55:00,74.2945,74.3335,74.2395,74.2395
2026-03-22 17:56:00,74.2355,74.3345,74.2175,74.3105
2026-03-22 17:57:00,74.3135,74.4525,74.3125,74.3795
2026-03-22 17:58:00,74.3765,74.3765,74.2175,74.2645
2026-03-22 17:59:00,74.2675,74.3085,74.2375,74.3015
2026-03-22 18:00:00,74.2995,74.3295,74.2365,74.2555
2026-03-22 18:01:00,74.2525,74.2555,74.1925,74.2125
2026-03-22 18:02:00,74.2115,74.2595,74.1705,74.2275
2026-03-22 18:03:00,74.2265,74.2945,74.2205,74.2835
2026-03-22 18:04:00,74.2875,74.4775,74.2315,74.4615
2026-03-22 18:05:00,74.4635,74.5115,74.4275,74.4285
2026-03-22 18:06:00,74.4275,74.6085,74.4265,74.5825
2026-03-22 18:07:00,74.5865,74.5865,74.4765,74.4765
2026-03-22 18:08:00,74.4775,74.4895,74.4125,74.4565
2026-03-22 18:09:00,74.4525,74.5275,74.4445,74.4655
2026-03-22 18:10:00,74.4705,74.5345,74.4475,74.4685
2026-03-22 18:11:00,74.4695,74.5185,74.4205,74.5155
2026-03-22 18:12:00,74.5115,74.5645,74.4865,74.5275
2026-03-22 18:13:00,74.5245,74.5395,74.4315,74.4665
2026-03-22 18:14:00,74.4675,74.4735,74.3645,74.3645
2026-03-22 18:15:00,74.3655,74.4045,74.3445,74.3995
2026-03-22 18:16:00,74.4025,74.5275,74.3395,74.5085
2026-03-22 18:17:00,74.5125,74.6195,74.5125,74.6035
2026-03-22 18:18:00,74.6025,74.6785,74.5985,74.6445
2026-03-22 18:19:00,74.6415,74.7145,74.6215,74.6615
2026-03-22 18:20:00,74.6605,74.7175,74.6095,74.7145
2026-03-22 18:21:00,74.7105,74.8195,74.7105,74.8095
2026-03-22 18:22:00,74.8045,74.8195,74.7585,74.8195
2026-03-22 18:23:00,74.8205,74.8965,74.8015,74.8385
2026-03-22 18:24:00,74.8365,74.8365,74.7195,74.7815
2026-03-22 18:25:00,74.7805,74.8575,74.7805,74.8535
2026-03-22 18:26:00,74.8575,74.9045,74.7055,74.8605
2026-03-22 18:27:00,74.8525,74.8675,74.7555,74.7565
2026-03-22 18:28:00,74.7575,74.8095,74.7075,74.7075
2026-03-22 18:29:00,74.7085,75.0155,74.6665,74.9705
2026-03-22 18:30:00,74.9735,74.9755,74.8535,74.8535
2026-03-22 18:31:00,74.8525,74.9085,74.8345,74.8385
2026-03-22 18:32:00,74.8405,74.8565,74.7755,74.8465
2026-03-22 18:33:00,74.8505,74.8705,74.7995,74.7995
2026-03-22 18:34:00,74.8205,74.8665,74.8055,74.8525
2026-03-22 18:35:00,74.8495,74.8575,74.7745,74.8505
2026-03-22 18:36:00,74.8465,74.8475,74.7205,74.7555
2026-03-22 18:37:00,74.7545,74.7555,74.6615,74.6845
2026-03-22 18:38:00,74.6815,74.7455,74.6815,74.7205
2026-03-22 18:39:00,74.7165,74.7545,74.6505,74.6535
2026-03-22 18:40:00,74.6525,74.6595,74.5335,74.6005
2026-03-22 18:41:00,74.6025,74.6115,74.5255,74.5675
2026-03-22 18:42:00,74.5725,74.5975,74.3725,74.3725
2026-03-22 18:43:00,74.3605,74.3715,74.2465,74.3035
2026-03-22 18:44:00,74.3075,74.3195,74.1785,74.1825
2026-03-22 18:45:00,74.1855,74.2115,74.1425,74.2075
2026-03-22 18:46:00,74.2115,74.2815,74.1875,74.2205
2026-03-22 18:47:00,74.2225,74.3285,74.2115,74.2725
2026-03-22 18:48:00,74.2715,74.3135,74.2495,74.2725
2026-03-22 18:49:00,74.2705,74.2705,74.1135,74.1215
2026-03-22 18:50:00,74.1195,74.1595,74.0825,74.1535
2026-03-22 18:51:00,74.1505,74.1575,74.0745,74.0875
2026-03-22 18:52:00,74.0855,74.1365,74.0755,74.0935
2026-03-22 18:53:00,74.0975,74.1075,74.0065,74.0145
2026-03-22 18:54:00,74.0175,74.0395,73.9435,73.9875
2026-03-22 18:55:00,73.9895,74.0295,73.9835,74.0125
2026-03-22 18:56:00,74.0155,74.1585,73.9545,74.0935
2026-03-22 18:57:00,74.0895,74.1395,74.0305,74.1275
2026-03-22 18:58:00,74.1325,74.1685,74.0865,74.1475
2026-03-22 18:59:00,74.1435,74.2995,74.1345,74.2815
2026-03-22 19:00:00,74.2795,74.2835,74.0885,74.2045
2026-03-22 19:01:00,74.2085,74.3195,74.2075,74.3165
2026-03-22 19:02:00,74.3155,74.3715,74.2395,74.3635
2026-03-22 19:03:00,74.3685,74.4345,74.3125,74.4345
2026-03-22 19:04:00,74.4305,74.5245,74.3785,74.5075
2026-03-22 19:05:00,74.5095,74.5125,74.4375,74.4415
2026-03-22 19:06:00,74.4455,74.4745,74.4045,74.4235
2026-03-22 19:07:00,74.4265,74.4945,74.4135,74.4665
2026-03-22 19:08:00,74.4655,74.5135,74.4325,74.4505
2026-03-22 19:09:00,74.4475,74.6075,74.4455,74.5795
2026-03-22 19:10:00,74.5825,74.6375,74.5825,74.6245
2026-03-22 19:11:00,74.6255,74.6255,74.5545,74.5755
2026-03-22 19:12:00,74.5725,74.6245,74.5635,74.5965
2026-03-22 19:13:00,74.5955,74.6415,74.5905,74.6105
2026-03-22 19:14:00,74.6055,74.7125,74.5575,74.7095
2026-03-22 19:15:00,74.7115,74.7595,74.6675,74.6715
2026-03-22 19:16:00,74.6675,74.7305,74.6205,74.6205
2026-03-22 19:17:00,74.6195,74.6425,74.6025,74.6425
2026-03-22 19:18:00,74.6385,74.8125,74.6295,74.7925
2026-03-22 19:19:00,74.7865,74.8345,74.7525,74.8005
2026-03-22 19:20:00,74.7995,74.8245,74.7465,74.7785
2026-03-22 19:21:00,74.7795,74.9045,74.7765,74.8215
2026-03-22 19:22:00,74.8225,74.8295,74.7675,74.8015
2026-03-22 19:23:00,74.8055,74.9175,74.8055,74.8695
2026-03-22 19:24:00,74.8735,74.8975,74.8375,74.8795
2026-03-22 19:25:00,74.8775,74.9375,74.7375,74.7485
2026-03-22 19:26:00,74.7525,74.7855,74.7385,74.7845
2026-03-22 19:27:00,74.7805,74.8685,74.7655,74.8255
2026-03-22 19:28:00,74.8135,74.8195,74.7235,74.7645
2026-03-22 19:29:00,74.7685,74.8415,74.7595,74.8235
2026-03-22 19:30:00,74.8205,74.8235,74.6785,74.6805
2026-03-22 19:31:00,74.6895,74.7435,74.5035,74.5035
2026-03-22 19:32:00,74.5055,74.5275,74.4095,74.4855
2026-03-22 19:33:00,74.4885,74.5435,74.4725,74.5035
2026-03-22 19:34:00,74.5025,74.5585,74.4915,74.5585
2026-03-22 19:35:00,74.5605,74.6175,74.5325,74.6155
2026-03-22 19:36:00,74.6205,74.6885,74.6125,74.6565
2026-03-22 19:37:00,74.6655,74.7435,74.6465,74.7295
2026-03-22 19:38:00,74.7285,74.7365,74.6195,74.6615
2026-03-22 19:39:00,74.6575,74.7505,74.6475,74.7255
2026-03-22 19:40:00,74.7235,74.7965,74.7085,74.7625
2026-03-22 19:41:00,74.7645,74.7935,74.7285,74.7845
2026-03-22 19:42:00,74.7855,74.8015,74.6515,74.7185
2026-03-22 19:43:00,74.7215,74.7385,74.6505,74.6565
2026-03-22 19:44:00,74.6535,74.6615,74.5855,74.5925
2026-03-22 19:45:00,74.5915,74.6315,74.5535,74.5535
2026-03-22 19:46:00,74.5545,74.6635,74.5195,74.6635
2026-03-22 19:47:00,74.6675,74.8015,74.6405,74.8015
2026-03-22 19:48:00,74.7985,74.8235,74.7705,74.8215
2026-03-22 19:49:00,74.8265,74.8555,74.7815,74.8295
2026-03-22 19:50:00,74.8305,75.0195,74.8275,75.0125
2026-03-22 19:51:00,75.0135,75.0485,74.9825,75.0335
2026-03-22 19:52:00,75.0345,75.1115,75.0345,75.0555
2026-03-22 19:53:00,75.0585,75.0885,75.0165,75.0845
2026-03-22 19:54:00,75.0815,75.2915,75.0515,75.2565
2026-03-22 19:55:00,75.2575,75.3825,75.2495,75.2675
2026-03-22 19:56:00,75.2775,75.2815,75.2035,75.2105
2026-03-22 19:57:00,75.2135,75.4395,75.2125,75.4065
2026-03-22 19:58:00,75.4035,75.4155,75.2785,75.3565
2026-03-22 19:59:00,75.3525,75.4055,75.3435,75.3815
2026-03-22 20:00:00,75.3835,75.4735,75.3525,75.3935
2026-03-22 20:01:00,75.3945,75.4235,75.3155,75.3525
2026-03-22 20:02:00,75.3535,75.3955,75.3125,75.3235
2026-03-22 20:03:00,75.3265,75.3825,75.2805,75.3305
2026-03-22 20:04:00,75.3315,75.3605,75.1225,75.1445
2026-03-22 20:05:00,75.1475,75.1845,75.1185,75.1215
2026-03-22 20:06:00,75.1205,75.1455,75.0415,75.0475
2026-03-22 20:07:00,75.0495,75.2065,75.0495,75.1875
2026-03-22 20:08:00,75.1915,75.2945,75.1825,75.2035
2026-03-22 20:09:00,75.2175,75.2175,75.0925,75.1645
2026-03-22 20:10:00,75.1605,75.3165,75.1535,75.3135
2026-03-22 20:11:00,75.3115,75.3175,75.2105,75.2115
2026-03-22 20:12:00,75.2095,75.2225,75.1315,75.1675
2026-03-22 20:13:00,75.1625,75.2245,75.1485,75.1975
2026-03-22 20:14:00,75.2035,75.2055,75.0885,75.0965
2026-03-22 20:15:00,75.1005,75.1455,75.0725,75.0955
2026-03-22 20:16:00,75.0995,75.1635,75.0825,75.1625
2026-03-22 20:17:00,75.1595,75.2185,75.1065,75.1795
2026-03-22 20:18:00,75.1745,75.2045,75.1615,75.1785
2026-03-22 20:19:00,75.1835,75.1915,75.1025,75.1355
2026-03-22 20:20:00,75.1325,75.1795,75.0405,75.0405
2026-03-22 20:21:00,75.0445,75.1515,74.9945,75.0895
2026-03-22 20:22:00,75.0915,75.1365,75.0465,75.1135
2026-03-22 20:23:00,75.1175,75.2075,75.1075,75.1775
2026-03-22 20:24:00,75.1945,75.2535,75.1525,75.1885
2026-03-22 20:25:00,75.1855,75.2035,75.1255,75.1475
2026-03-22 20:26:00,75.1435,75.1885,75.0445,75.0665
2026-03-22 20:27:00,75.0685,75.0755,74.9675,75.0175
2026-03-22 20:28:00,75.0215,75.0795,74.9415,74.9495
2026-03-22 20:29:00,74.9515,75.0125,74.9245,74.9975
2026-03-22 20:30:00,74.9925,75.0665,74.9685,75.0335
2026-03-22 20:31:00,75.0295,75.0845,74.9985,75.0745
2026-03-22 20:32:00,75.0785,75.0905,75.0175,75.0345
2026-03-22 20:33:00,75.0335,75.0915,74.9655,75.0735
2026-03-22 20:34:00,75.0705,75.0975,75.0465,75.0715
2026-03-22 20:35:00,75.0705,75.0735,74.9485,74.9745
2026-03-22 20:36:00,74.9705,75.0935,74.9595,75.0705
2026-03-22 20:37:00,75.0665,75.0665,74.9325,74.9545
2026-03-22 20:38:00,74.9515,74.9535,74.8055,74.8165
2026-03-22 20:39:00,74.8245,74.8415,74.7555,74.7845
2026-03-22 20:40:00,74.7815,74.8605,74.7485,74.8305
2026-03-22 20:41:00,74.8285,74.8595,74.7705,74.7715
2026-03-22 20:42:00,74.7695,74.7765,74.5985,74.5995
2026-03-22 20:43:00,74.5965,74.6045,74.4865,74.4905
2026-03-22 20:44:00,74.4915,74.6005,74.4645,74.5205
2026-03-22 20:45:00,74.5155,74.5805,74.4755,74.5455
2026-03-22 20:46:00,74.5285,74.6235,74.5285,74.6105
2026-03-22 20:47:00,74.6095,74.7335,74.5415,74.7295
2026-03-22 20:48:00,74.7325,74.7905,74.6825,74.7055
2026-03-22 20:49:00,74.7075,74.7125,74.5115,74.5325
2026-03-22 20:50:00,74.5285,74.5415,74.3225,74.3535
2026-03-22 20:51:00,74.3495,74.3825,74.3115,74.3225
2026-03-22 20:52:00,74.3185,74.3265,74.2065,74.2185
2026-03-22 20:53:00,74.2195,74.2375,74.1365,74.1655
2026-03-22 20:54:00,74.1635,74.2145,74.1495,74.2005
2026-03-22 20:55:00,74.1985,74.2135,74.1255,74.1895
2026-03-22 20:56:00,74.1865,74.2825,74.1565,74.2615
2026-03-22 20:57:00,74.2605,74.2745,74.1865,74.2055
2026-03-22 20:58:00,74.2025,74.3965,74.1985,74.2795
2026-03-22 20:59:00,74.2765,74.2845,74.1155,74.1265
2026-03-22 21:00:00,74.1295,74.1955,74.1065,74.1945
2026-03-22 21:01:00,74.1935,74.2625,74.1795,74.2225
2026-03-22 21:02:00,74.2245,74.2465,74.1915,74.2045
2026-03-22 21:03:00,74.2035,74.2085,73.9945,74.0535
2026-03-22 21:04:00,74.0565,74.0825,74.0055,74.0665
2026-03-22 21:05:00,74.0655,74.0695,73.9615,74.0525
2026-03-22 21:06:00,74.0535,74.0955,74.0405,74.0665
2026-03-22 21:07:00,74.0685,74.0995,74.0305,74.0475
2026-03-22 21:08:00,74.0455,74.1565,74.0295,74.1055
2026-03-22 21:09:00,74.1065,74.1675,74.0835,74.1525
2026-03-22 21:10:00,74.1555,74.1555,73.9895,73.9905
2026-03-22 21:11:00,73.9885,74.0055,73.9405,73.9765
2026-03-22 21:12:00,73.9795,74.0295,73.9465,74.0055
2026-03-22 21:13:00,74.0085,74.0165,73.8565,73.8625
2026-03-22 21:14:00,73.8605,73.9215,73.8525,73.8535
2026-03-22 21:15:00,73.8565,73.8645,73.7695,73.8315
2026-03-22 21:16:00,73.8305,73.9115,73.8235,73.8845
2026-03-22 21:17:00,73.8815,73.8955,73.8035,73.8125
2026-03-22 21:18:00,73.8155,73.8825,73.7455,73.7455
2026-03-22 21:19:00,73.7365,73.8305,73.7165,73.7165
2026-03-22 21:20:00,73.7205,73.8365,73.7085,73.8055
2026-03-22 21:21:00,73.8035,73.8035,73.7045,73.7335
2026-03-22 21:22:00,73.7305,73.8195,73.6955,73.7835
2026-03-22 21:23:00,73.7875,73.8035,73.5505,73.5685
2026-03-22 21:24:00,73.5695,73.5705,73.4285,73.4395
2026-03-22 21:25:00,73.4375,73.4825,73.3985,73.4065
2026-03-22 21:26:00,73.4035,73.4595,73.3875,73.4565
2026-03-22 21:27:00,73.4595,73.4665,73.3715,73.3795
2026-03-22 21:28:00,73.3805,73.3805,73.2455,73.2585
2026-03-22 21:29:00,73.2595,73.2715,73.1085,73.2115
2026-03-22 21:30:00,73.2145,73.2525,73.1765,73.2325
2026-03-22 21:31:00,73.2315,73.3105,73.2265,73.2575
2026-03-22 21:32:00,73.2565,73.2575,73.0935,73.1165
2026-03-22 21:33:00,73.1185,73.1675,73.0855,73.0955
2026-03-22 21:34:00,73.0985,73.1275,73.0675,73.0875
2026-03-22 21:35:00,73.0825,73.0995,72.8795,72.8825
2026-03-22 21:36:00,72.8845,73.0535,72.8845,73.0415
2026-03-22 21:37:00,73.0445,73.1255,73.0445,73.0835
2026-03-22 21:38:00,73.0805,73.0815,73.0005,73.0505
2026-03-22 21:39:00,73.0495,73.1335,73.0345,73.0455
2026-03-22 21:40:00,73.0405,73.0795,73.0225,73.0255
2026-03-22 21:41:00,73.0275,73.0625,72.9185,72.9185
2026-03-22 21:42:00,72.9205,72.9295,72.7985,72.8325
2026-03-22 21:43:00,72.8285,72.8285,72.7465,72.7465
2026-03-22 21:44:00,72.7485,72.7915,72.7215,72.7465
2026-03-22 21:45:00,72.7485,72.7525,72.6225,72.6315
2026-03-22 21:46:00,72.6245,72.6655,72.5065,72.5085
2026-03-22 21:47:00,72.5045,72.5425,72.4625,72.5335
2026-03-22 21:48:00,72.5345,72.5795,72.5205,72.5615
2026-03-22 21:49:00,72.5725,72.5975,72.5215,72.5525
2026-03-22 21:50:00,72.5515,72.7325,72.5335,72.7115
2026-03-22 21:51:00,72.7185,72.7895,72.6745,72.7335
2026-03-22 21:52:00,72.7355,72.7525,72.6665,72.7285
2026-03-22 21:53:00,72.7245,72.7265,72.5835,72.6695
2026-03-22 21:54:00,72.6665,72.6805,72.5075,72.5125
2026-03-22 21:55:00,72.5105,72.5105,72.4335,72.4405
2026-03-22 21:56:00,72.4355,72.4355,72.0665,72.0735
2026-03-22 21:57:00,72.0765,72.1525,72.0535,72.1125
2026-03-22 21:58:00,72.1105,72.2105,72.1105,72.1675
2026-03-22 21:59:00,72.1635,72.1705,72.0045,72.0325
2026-03-22 22:00:00,72.0335,72.1415,72.0235,72.1015
2026-03-22 22:01:00,72.1055,72.1425,72.0635,72.1115
2026-03-22 22:02:00,72.1075,72.1645,72.0415,72.1615
2026-03-22 22:03:00,72.1685,72.2705,72.1685,72.2405
2026-03-22 22:04:00,72.2385,72.3105,72.2355,72.2465
2026-03-22 22:05:00,72.2495,72.3805,72.2495,72.3575
2026-03-22 22:06:00,72.3555,72.3605,72.2865,72.3605
2026-03-22 22:07:00,72.3575,72.3575,72.2685,72.2915
2026-03-22 22:08:00,72.2895,72.3365,72.2235,72.3285
2026-03-22 22:09:00,72.3335,72.4565,72.3255,72.4495
2026-03-22 22:10:00,72.4485,72.4985,72.4345,72.4925
2026-03-22 22:11:00,72.4965,72.5035,72.4045,72.4165
2026-03-22 22:12:00,72.4175,72.5205,72.3825,72.5145
2026-03-22 22:13:00,72.5185,72.6205,72.5015,72.5975
2026-03-22 22:14:00,72.5945,72.6875,72.5745,72.6445
2026-03-22 22:15:00,72.6415,72.6905,72.6255,72.6595
2026-03-22 22:16:00,72.6565,72.6865,72.6065,72.6085
2026-03-22 22:17:00,72.6065,72.6495,72.5855,72.6215
2026-03-22 22:18:00,72.6185,72.7235,72.5935,72.6405
2026-03-22 22:19:00,72.6415,72.6945,72.6325,72.6325
2026-03-22 22:20:00,72.6345,72.6635,72.5755,72.6565
2026-03-22 22:21:00,72.6525,72.7255,72.6175,72.6665
2026-03-22 22:22:00,72.6675,72.7385,72.6375,72.7385
2026-03-22 22:23:00,72.7395,72.7535,72.6865,72.6865
2026-03-22 22:24:00,72.6845,72.7135,72.6215,72.6235
2026-03-22 22:25:00,72.6205,72.6645,72.5505,72.6635
2026-03-22 22:26:00,72.6665,72.7035,72.6415,72.6865
2026-03-22 22:27:00,72.6845,72.8255,72.6445,72.8195
2026-03-22 22:28:00,72.8225,72.8305,72.7355,72.7435
2026-03-22 22:29:00,72.7415,72.7575,72.6255,72.6355
2026-03-22 22:30:00,72.6365,72.6535,72.5755,72.5895
2026-03-22 22:31:00,72.5925,72.5975,72.5115,72.5435
2026-03-22 22:32:00,72.5405,72.5405,72.4525,72.4975
2026-03-22 22:33:00,72.4935,72.5385,72.4375,72.5255
2026-03-22 22:34:00,72.5275,72.5725,72.4795,72.5005
2026-03-22 22:35:00,72.4975,72.6015,72.4505,72.5405
2026-03-22 22:36:00,72.5365,72.5615,72.4235,72.4595
2026-03-22 22:37:00,72.4605,72.5175,72.4335,72.4565
2026-03-22 22:38:00,72.4525,72.5765,72.4475,72.5555
2026-03-22 22:39:00,72.5445,72.5825,72.5075,72.5215
2026-03-22 22:40:00,72.5205,72.5715,72.4365,72.4735
2026-03-22 22:41:00,72.4705,72.5105,72.4475,72.4545
2026-03-22 22:42:00,72.4535,72.5295,72.4395,72.4925
2026-03-22 22:43:00,72.4885,72.5185,72.4305,72.4345
2026-03-22 22:44:00,72.4335,72.4425,72.3085,72.3195
2026-03-22 22:45:00,72.3235,72.4175,72.2835,72.4175
2026-03-22 22:46:00,72.4165,72.4405,72.2965,72.3145
2026-03-22 22:47:00,72.3125,72.4065,72.2855,72.3935
2026-03-22 22:48:00,72.3925,72.4745,72.3435,72.3755
2026-03-22 22:49:00,72.3705,72.4095,72.3425,72.4055
2026-03-22 22:50:00,72.4095,72.4715,72.3645,72.3845
2026-03-22 22:51:00,72.3805,72.4345,72.3785,72.4225
2026-03-22 22:52:00,72.4255,72.4685,72.3875,72.4175
2026-03-22 22:53:00,72.4205,72.4795,72.3995,72.4045
2026-03-22 22:54:00,72.4015,72.5425,72.4015,72.5425
2026-03-22 22:55:00,72.5475,72.5785,72.5155,72.5755
2026-03-22 22:56:00,72.5845,72.6495,72.4815,72.4975
2026-03-22 22:57:00,72.4955,72.5225,72.4145,72.4625
2026-03-22 22:58:00,72.4615,72.4825,72.3605,72.4005
2026-03-22 22:59:00,72.4065,72.4785,72.3855,72.4595
2026-03-22 23:00:00,72.4625,72.4755,72.4135,72.4265
2026-03-22 23:01:00,72.4305,72.4715,72.4005,72.4535
2026-03-22 23:02:00,72.4525,72.4625,72.3535,72.3695
2026-03-22 23:03:00,72.3725,72.3755,72.2915,72.3545
2026-03-22 23:04:00,72.3495,72.3685,72.2825,72.3035
2026-03-22 23:05:00,72.3015,72.3375,72.2725,72.2935
2026-03-22 23:06:00,72.2975,72.3125,72.2025,72.2825
2026-03-22 23:07:00,72.2835,72.3275,72.2395,72.2695
2026-03-22 23:08:00,72.2655,72.4065,72.2585,72.3725
2026-03-22 23:09:00,72.3685,72.4405,72.3455,72.3825
2026-03-22 23:10:00,72.3845,72.3865,72.2395,72.2865
2026-03-22 23:11:00,72.2905,72.4375,72.2805,72.4305
2026-03-22 23:12:00,72.4335,72.5005,72.4335,72.4915
2026-03-22 23:13:00,72.4885,72.5655,72.4825,72.5595
2026-03-22 23:14:00,72.5615,72.6315,72.5465,72.6315
2026-03-22 23:15:00,72.6285,72.6855,72.5855,72.6785
2026-03-22 23:16:00,72.6805,72.7305,72.6175,72.6595
2026-03-22 23:17:00,72.6575,72.6655,72.5765,72.5765
2026-03-22 23:18:00,72.5805,72.6315,72.5425,72.6075
2026-03-22 23:19:00,72.6105,72.7395,72.6095,72.7355
2026-03-22 23:20:00,72.7375,72.7935,72.7135,72.7815
2026-03-22 23:21:00,72.7765,72.7765,72.7055,72.7615
2026-03-22 23:22:00,72.7575,72.7795,72.6325,72.6355
2026-03-22 23:23:00,72.6275,72.6985,72.6045,72.6745
2026-03-22 23:24:00,72.6735,72.6885,72.5705,72.5855
2026-03-22 23:25:00,72.5895,72.7015,72.5705,72.6215
2026-03-22 23:26:00,72.6175,72.6935,72.5885,72.6735
2026-03-22 23:27:00,72.6765,72.8295,72.6445,72.7835
2026-03-22 23:28:00,72.7815,72.8175,72.7025,72.7075
2026-03-22 23:29:00,72.7095,72.7625,72.6735,72.6965
2026-03-22 23:30:00,72.6955,72.7345,72.6725,72.7275
2026-03-22 23:31:00,72.7255,72.7445,72.6825,72.7255
2026-03-22 23:32:00,72.7285,72.7715,72.6565,72.7365
2026-03-22 23:33:00,72.7345,72.7825,72.6655,72.6795
2026-03-22 23:34:00,72.6785,72.6925,72.5485,72.5575
2026-03-22 23:35:00,72.5615,72.6125,72.5435,72.5955
2026-03-22 23:36:00,72.5945,72.6235,72.5755,72.6085
2026-03-22 23:37:00,72.6075,72.7145,72.5905,72.7145
2026-03-22 23:38:00,72.7115,72.7175,72.6475,72.6595
2026-03-22 23:39:00,72.6635,72.6635,72.5905,72.5905
2026-03-22 23:40:00,72.5865,72.6025,72.4935,72.4935
2026-03-22 23:41:00,72.4925,72.6255,72.4925,72.5835
2026-03-22 23:42:00,72.5825,72.6665,72.5465,72.6565
2026-03-22 23:43:00,72.6555,72.6825,72.6045,72.6175
2026-03-22 23:44:00,72.6135,72.6705,72.6085,72.6545
2026-03-22 23:45:00,72.6555,72.7805,72.6555,72.7585
2026-03-22 23:46:00,72.7595,72.8605,72.7405,72.8465
2026-03-22 23:47:00,72.8425,72.8685,72.7955,72.8525
2026-03-22 23:48:00,72.8515,72.8675,72.6145,72.6165
2026-03-22 23:49:00,72.6125,72.6525,72.5785,72.5845
2026-03-22 23:50:00,72.5875,72.5905,72.4845,72.5075
2026-03-22 23:51:00,72.5115,72.6185,72.5045,72.5925
2026-03-22 23:52:00,72.5965,72.7725,72.5965,72.7205
2026-03-22 23:53:00,72.7185,72.7345,72.2665,72.2665
2026-03-22 23:54:00,72.2485,72.3195,72.2425,72.2815
2026-03-22 23:55:00,72.2785,72.2815,72.2195,72.2605
2026-03-22 23:56:00,72.2625,72.2635,72.0075,72.0185
2026-03-22 23:57:00,72.0205,72.0645,71.9375,71.9675
2026-03-22 23:58:00,71.9655,72.0195,71.9545,71.9845
2026-03-22 23:59:00,71.9875,71.9925,71.8765,71.8895
2026-03-23 00:00:00,71.8865,71.9045,71.7495,71.7535
2026-03-23 00:01:00,71.7455,71.7545,71.5815,71.5955
2026-03-23 00:02:00,71.5995,71.7505,71.5515,71.7475
2026-03-23 00:03:00,71.7495,71.7675,71.6455,71.6635
2026-03-23 00:04:00,71.6615,71.6895,71.6095,71.6495
2026-03-23 00:05:00,71.6475,71.7495,71.6435,71.6515
2026-03-23 00:06:00,71.6555,71.6575,71.5445,71.6255
2026-03-23 00:07:00,71.6265,71.6385,71.5325,71.5325
2026-03-23 00:08:00,71.5305,71.5585,71.4835,71.4835
2026-03-23 00:09:00,71.4815,71.5365,71.4235,71.4245
2026-03-23 00:10:00,71.4265,71.5165,71.4245,71.4995
2026-03-23 00:11:00,71.4985,71.5085,71.4675,71.4825
2026-03-23 00:12:00,71.4815,71.5295,71.4685,71.5035
2026-03-23 00:13:00,71.5065,71.5465,71.3855,71.3875
2026-03-23 00:14:00,71.3835,71.5685,71.3615,71.5685
2026-03-23 00:15:00,71.5715,71.5795,71.5005,71.5255
2026-03-23 00:16:00,71.5215,71.7025,71.4955,71.6955
2026-03-23 00:17:00,71.6995,71.7155,71.6155,71.6395
2026-03-23 00:18:00,71.6415,71.8185,71.6015,71.8135
2026-03-23 00:19:00,71.8175,71.8715,71.8075,71.8245
2026-03-23 00:20:00,71.8285,71.8895,71.7615,71.7985
2026-03-23 00:21:00,71.8155,72.1545,71.7975,72.0975
2026-03-23 00:22:00,72.1015,72.1125,72.0545,72.0745
2026-03-23 00:23:00,72.0825,72.0875,71.9965,72.0335
2026-03-23 00:24:00,72.0365,72.1555,72.0255,72.1245
2026-03-23 00:25:00,72.1255,72.1575,72.0575,72.0915
2026-03-23 00:26:00,72.0945,72.1305,72.0405,72.1305
2026-03-23 00:27:00,72.1335,72.2005,72.1185,72.1295
2026-03-23 00:28:00,72.1255,72.1255,72.0285,72.0375
2026-03-23 00:29:00,72.0335,72.1865,72.0295,72.1655
2026-03-23 00:30:00,72.1615,72.1975,72.0775,72.0935
2026-03-23 00:31:00,72.0855,72.1395,72.0525,72.1235
2026-03-23 00:32:00,72.1205,72.1425,72.0415,72.1265
2026-03-23 00:33:00,72.1255,72.1275,72.0165,72.0585
2026-03-23 00:34:00,72.0595,72.0985,72.0155,72.0685
2026-03-23 00:35:00,72.0655,72.1205,72.0435,72.0475
2026-03-23 00:36:00,72.0435,72.0745,71.8935,71.9105
2026-03-23 00:37:00,71.9085,71.9455,71.8785,71.9305
2026-03-23 00:38:00,71.9285,71.9405,71.8235,71.8315
2026-03-23 00:39:00,71.8345,71.8505,71.7275,71.7315
2026-03-23 00:40:00,71.7295,71.7615,71.6845,71.7295
2026-03-23 00:41:00,71.7275,71.7585,71.6735,71.6795
2026-03-23 00:42:00,71.6805,71.7295,71.6195,71.6285
2026-03-23 00:43:00,71.6315,71.6635,71.6115,71.6215
2026-03-23 00:44:00,71.6235,71.6235,71.5385,71.5625
2026-03-23 00:45:00,71.5595,71.5595,71.4615,71.5005
2026-03-23 00:46:00,71.4985,71.5215,71.4425,71.4905
2026-03-23 00:47:00,71.4915,71.5305,71.4695,71.4995
2026-03-23 00:48:00,71.5015,71.5695,71.4675,71.5025
2026-03-23 00:49:00,71.5055,71.5395,71.4625,71.5075
2026-03-23 00:50:00,71.5095,71.5615,71.4925,71.5465
2026-03-23 00:51:00,71.5475,71.5905,71.5265,71.5625
2026-03-23 00:52:00,71.5585,71.5775,71.4935,71.5175
2026-03-23 00:53:00,71.5145,71.5375,71.4065,71.4065
2026-03-23 00:54:00,71.4055,71.4055,71.2885,71.3865
2026-03-23 00:55:00,71.3825,71.4995,71.3815,71.4735
2026-03-23 00:56:00,71.4685,71.4765,71.3145,71.3205
2026-03-23 00:57:00,71.3235,71.3235,71.1905,71.2335
2026-03-23 00:58:00,71.2375,71.3135,71.2375,71.3135
2026-03-23 00:59:00,71.3115,71.3145,71.1585,71.1905
2026-03-23 01:00:00,71.1865,71.2465,71.0015,71.0185
2026-03-23 01:01:00,71.0225,71.0345,70.9525,70.9795
2026-03-23 01:02:00,70.9815,71.0495,70.9605,71.0465
2026-03-23 01:03:00,71.0475,71.1305,71.0435,71.1285
2026-03-23 01:04:00,71.1295,71.1295,71.0125,71.0435
2026-03-23 01:05:00,71.0405,71.0735,70.9775,71.0515
2026-03-23 01:06:00,71.0485,71.1035,70.9585,70.9585
2026-03-23 01:07:00,70.9605,70.9835,70.8865,70.9325
2026-03-23 01:08:00,70.9365,70.9575,70.9175,70.9205
2026-03-23 01:09:00,70.9215,71.1575,70.9075,71.1275
2026-03-23 01:10:00,71.1315,71.1915,71.1065,71.1265
2026-03-23 01:11:00,71.1235,71.1815,71.0695,71.1695
2026-03-23 01:12:00,71.1725,71.3395,71.1715,71.3185
2026-03-23 01:13:00,71.3205,71.3825,71.3085,71.3425
2026-03-23 01:14:00,71.3415,71.4725,71.3365,71.4395
2026-03-23 01:15:00,71.4405,71.5275,71.4205,71.5015
2026-03-23 01:16:00,71.5025,71.5895,71.4475,71.5835
2026-03-23 01:17:00,71.5865,71.6025,71.5225,71.5285
2026-03-23 01:18:00,71.5315,71.5855,71.5145,71.5245
2026-03-23 01:19:00,71.5255,71.6425,71.5195,71.6365
2026-03-23 01:20:00,71.6355,71.6995,71.6095,71.6205
2026-03-23 01:21:00,71.6245,71.6345,71.5365,71.5825
2026-03-23 01:22:00,71.5865,71.6355,71.5045,71.5175
2026-03-23 01:23:00,71.5135,71.5265,71.4635,71.5175
2026-03-23 01:24:00,71.5165,71.6105,71.4325,71.6075
2026-03-23 01:25:00,71.6055,71.6055,71.5075,71.5485
2026-03-23 01:26:00,71.5515,71.5945,71.5185,71.5695
2026-03-23 01:27:00,71.5655,71.6015,71.5095,71.5475
2026-03-23 01:28:00,71.5515,71.7115,71.5065,71.7065
2026-03-23 01:29:00,71.7045,71.7125,71.6195,71.6195
2026-03-23 01:30:00,71.6215,71.6485,71.5355,71.5605
2026-03-23 01:31:00,71.5575,71.7015,71.5405,71.6795
2026-03-23 01:32:00,71.6775,71.7225,71.5745,71.5965
2026-03-23 01:33:00,71.5985,71.7285,71.5915,71.7275
2026-03-23 01:34:00,71.7255,71.7975,71.6985,71.7965
2026-03-23 01:35:00,71.7945,71.8085,71.7425,71.7595
2026-03-23 01:36:00,71.7585,71.7645,71.6775,71.6905
2026-03-23 01:37:00,71.6895,71.7635,71.6835,71.7225
2026-03-23 01:38:00,71.7265,71.7575,71.6925,71.7405
2026-03-23 01:39:00,71.7385,71.8305,71.7315,71.7895
2026-03-23 01:40:00,71.7865,71.8055,71.7235,71.7495
2026-03-23 01:41:00,71.7475,71.7585,71.6375,71.6665
2026-03-23 01:42:00,71.6745,71.7505,71.6655,71.7375
2026-03-23 01:43:00,71.7345,71.8245,71.6785,71.7895
2026-03-23 01:44:00,71.7925,72.0915,71.7925,72.0125
2026-03-23 01:45:00,72.0135,72.0345,71.9305,71.9335
2026-03-23 01:46:00,71.9385,72.0075,71.9045,71.9605
2026-03-23 01:47:00,71.9645,72.0525,71.9565,72.0265
2026-03-23 01:48:00,72.0225,72.1415,71.9985,72.1365
2026-03-23 01:49:00,72.1415,72.2515,72.1415,72.2405
2026-03-23 01:50:00,72.2395,72.2985,72.1975,72.2315
2026-03-23 01:51:00,72.2345,72.3475,72.2155,72.3225
2026-03-23 01:52:00,72.3195,72.3445,72.1865,72.2125
2026-03-23 01:53:00,72.2145,72.3165,72.1765,72.3125
2026-03-23 01:54:00,72.3135,72.3715,72.2905,72.3005
2026-03-23 01:55:00,72.2995,72.4415,72.2875,72.4185
2026-03-23 01:56:00,72.4215,72.6045,72.4005,72.4675
2026-03-23 01:57:00,72.4685,72.5345,72.4555,72.4855
2026-03-23 01:58:00,72.4865,72.4945,72.4185,72.4905
2026-03-23 01:59:00,72.4885,72.5535,72.4765,72.5205
2026-03-23 02:00:00,72.5185,72.5255,72.3155,72.3355
2026-03-23 02:01:00,72.3485,72.5085,72.3365,72.5065
2026-03-23 02:02:00,72.5045,72.6435,72.4905,72.6205
2026-03-23 02:03:00,72.6235,72.6655,72.5455,72.6655
2026-03-23 02:04:00,72.6695,72.6775,72.5745,72.5905
2026-03-23 02:05:00,72.5885,72.6085,72.5275,72.5925
2026-03-23 02:06:00,72.5915,72.6755,72.5745,72.6585
2026-03-23 02:07:00,72.6625,72.6715,72.5275,72.5755
2026-03-23 02:08:00,72.5705,72.6925,72.5635,72.6845
2026-03-23 02:09:00,72.6825,72.7035,72.6465,72.6865
2026-03-23 02:10:00,72.6895,72.7905,72.6545,72.7615
2026-03-23 02:11:00,72.7625,72.8385,72.7225,72.8185
2026-03-23 02:12:00,72.8165,72.9955,72.8165,72.9955
2026-03-23 02:13:00,72.9915,73.0445,72.9915,72.9995
2026-03-23 02:14:00,72.9975,73.0925,72.9595,72.9625
2026-03-23 02:15:00,72.9515,73.0355,72.9245,72.9965
2026-03-23 02:16:00,73.0025,73.0175,72.9645,72.9895
2026-03-23 02:17:00,72.9865,72.9885,72.8075,72.8305
2026-03-23 02:18:00,72.8295,72.8625,72.7535,72.7565
2026-03-23 02:19:00,72.7595,72.7645,72.6515,72.6645
2026-03-23 02:20:00,72.6625,72.6775,72.5205,72.5335
2026-03-23 02:21:00,72.5245,72.6265,72.5015,72.6185
2026-03-23 02:22:00,72.6255,72.6945,72.6045,72.6295
2026-03-23 02:23:00,72.6325,72.6855,72.6195,72.6535
2026-03-23 02:24:00,72.6495,72.7225,72.5295,72.5335
2026-03-23 02:25:00,72.5315,72.6295,72.5235,72.5645
2026-03-23 02:26:00,72.5635,72.6045,72.5515,72.5795
2026-03-23 02:27:00,72.5765,72.5815,72.5255,72.5645
2026-03-23 02:28:00,72.5675,72.7205,72.5405,72.7135
2026-03-23 02:29:00,72.7115,72.7535,72.6785,72.6985
2026-03-23 02:30:00,72.6975,72.7495,72.5605,72.5865
2026-03-23 02:31:00,72.5835,72.6175,72.4935,72.5075
2026-03-23 02:32:00,72.5085,72.6285,72.4965,72.6235
2026-03-23 02:33:00,72.6225,72.6775,72.6065,72.6395
2026-03-23 02:34:00,72.6365,72.7035,72.6185,72.6895
2026-03-23 02:35:00,72.6855,72.7475,72.6755,72.7475
2026-03-23 02:36:00,72.7465,72.8115,72.7095,72.7505
2026-03-23 02:37:00,72.7375,72.8305,72.7265,72.7945
2026-03-23 02:38:00,72.7915,72.8315,72.7615,72.8285
2026-03-23 02:39:00,72.8305,72.8305,72.7305,72.7585
2026-03-23 02:40:00,72.7575,72.7715,72.7055,72.7375
2026-03-23 02:41:00,72.7385,72.7625,72.6745,72.6815
2026-03-23 02:42:00,72.6775,72.7465,72.5865,72.7155
2026-03-23 02:43:00,72.7125,72.7995,72.6945,72.7785
2026-03-23 02:44:00,72.7745,72.8135,72.7205,72.7825
2026-03-23 02:45:00,72.7845,72.7865,72.6725,72.7195
2026-03-23 02:46:00,72.7175,72.7775,72.6445,72.7455
2026-03-23 02:47:00,72.7465,72.7735,72.6565,72.6565
2026-03-23 02:48:00,72.5405,72.5865,72.4725,72.5735
2026-03-23 02:49:00,72.5705,72.6065,72.5525,72.5965
2026-03-23 02:50:00,72.5955,72.6025,72.4235,72.4365
2026-03-23 02:51:00,72.4395,72.4915,72.4155,72.4695
2026-03-23 02:52:00,72.4705,72.4705,72.3305,72.3905
2026-03-23 02:53:00,72.3925,72.4045,72.2505,72.3385
2026-03-23 02:54:00,72.3425,72.3855,72.3195,72.3805
2026-03-23 02:55:00,72.3775,72.4945,72.3485,72.4645
2026-03-23 02:56:00,72.4655,72.4865,72.3875,72.4005
2026-03-23 02:57:00,72.4015,72.4425,72.3375,72.4425
2026-03-23 02:58:00,72.4435,72.4615,72.3045,72.3455
2026-03-23 02:59:00,72.3425,72.3675,72.2955,72.2995
2026-03-23 03:00:00,72.3025,72.3065,72.2605,72.2705
2026-03-23 03:01:00,72.2695,72.3145,72.2535,72.2865
2026-03-23 03:02:00,72.2835,72.3575,72.2725,72.3185
2026-03-23 03:03:00,72.3225,72.4955,72.3115,72.4835
2026-03-23 03:04:00,72.4815,72.5515,72.4815,72.5255
2026-03-23 03:05:00,72.5245,72.6845,72.5235,72.6725
2026-03-23 03:06:00,72.6755,72.6965,72.6115,72.6115
2026-03-23 03:07:00,72.6145,72.7225,72.5915,72.7065
2026-03-23 03:08:00,72.7025,72.8765,72.6915,72.7615
2026-03-23 03:09:00,72.7625,72.8055,72.7355,72.8045
2026-03-23 03:10:00,72.8085,72.9055,72.8085,72.8975
2026-03-23 03:11:00,72.8875,72.9285,72.8715,72.8785
2026-03-23 03:12:00,72.8735,72.9165,72.8435,72.9115
2026-03-23 03:13:00,72.9095,72.9455,72.8575,72.9365
2026-03-23 03:14:00,72.9375,73.2725,72.9015,73.2675
2026-03-23 03:15:00,73.2625,73.3215,73.2005,73.2375
2026-03-23 03:16:00,73.2345,73.3055,73.2275,73.2345
2026-03-23 03:17:00,73.2325,73.2985,73.2305,73.2665
2026-03-23 03:18:00,73.2785,73.2985,73.2265,73.2435
2026-03-23 03:19:00,73.2465,73.2765,73.2345,73.2525
2026-03-23 03:20:00,73.2495,73.2715,73.2165,73.2225
2026-03-23 03:21:00,73.2245,73.2675,73.1995,73.2125
2026-03-23 03:22:00,73.2085,73.2765,73.1655,73.2665
2026-03-23 03:23:00,73.2625,73.2625,73.1865,73.2035
2026-03-23 03:24:00,73.1955,73.2185,73.1305,73.1865
2026-03-23 03:25:00,73.1845,73.2535,73.1585,73.2075
2026-03-23 03:26:00,73.2105,73.2315,73.1785,73.1785
2026-03-23 03:27:00,73.1795,73.1795,73.0365,73.0625
2026-03-23 03:28:00,73.0635,73.0745,72.9565,72.9615
2026-03-23 03:29:00,72.9665,73.0105,72.9525,72.9935
2026-03-23 03:30:00,72.9895,73.1115,72.9895,73.0795
2026-03-23 03:31:00,73.0835,73.1105,73.0235,73.0435
2026-03-23 03:32:00,73.0395,73.0445,72.8325,72.8365
2026-03-23 03:33:00,72.8335,72.9425,72.8325,72.9095
2026-03-23 03:34:00,72.9055,72.9075,72.8005,72.8555
2026-03-23 03:35:00,72.8505,72.8655,72.7045,72.7335
2026-03-23 03:36:00,72.7375,72.8365,72.7325,72.7865
2026-03-23 03:37:00,72.7995,72.8375,72.7615,72.7915
2026-03-23 03:38:00,72.7885,72.8315,72.7485,72.8315
2026-03-23 03:39:00,72.8275,72.8565,72.7295,72.8415
2026-03-23 03:40:00,72.8445,72.8755,72.8305,72.8745
2026-03-23 03:41:00,72.8735,72.9075,72.8495,72.8905
2026-03-23 03:42:00,72.8875,73.0385,72.8755,73.0225
2026-03-23 03:43:00,73.0185,73.0655,72.9155,72.9165
2026-03-23 03:44:00,72.9215,73.0135,72.8905,72.9745
2026-03-23 03:45:00,72.9775,73.0215,72.9515,73.0145
2026-03-23 03:46:00,73.0105,73.0955,73.0075,73.0735
2026-03-23 03:47:00,73.0705,73.1005,73.0095,73.0435
2026-03-23 03:48:00,73.0445,73.0465,72.9265,72.9785
2026-03-23 03:49:00,72.9835,73.0335,72.9045,72.9135
2026-03-23 03:50:00,72.9105,72.9535,72.7945,72.9435
2026-03-23 03:51:00,72.9465,72.9495,72.7785,72.8035
2026-03-23 03:52:00,72.8145,72.8225,72.6905,72.6905
2026-03-23 03:53:00,72.6865,72.7255,72.6245,72.6385
2026-03-23 03:54:00,72.6415,72.7145,72.5955,72.7145
2026-03-23 03:55:00,72.7155,72.8345,72.7155,72.8345
2026-03-23 03:56:00,72.8335,72.8395,72.7695,72.8045
2026-03-23 03:57:00,72.8065,73.0465,72.7995,73.0455
2026-03-23 03:58:00,73.0415,73.0835,72.9995,73.0445
2026-03-23 03:59:00,73.0415,73.0825,72.9335,72.9375
2026-03-23 04:00:00,72.9355,73.1135,72.9355,73.1135
2026-03-23 04:01:00,73.1125,73.1275,73.0565,73.1145
2026-03-23 04:02:00,73.1175,73.1175,73.0025,73.0025
2026-03-23 04:03:00,73.0045,73.0595,72.9455,73.0595
2026-03-23 04:04:00,73.0585,73.1005,73.0315,73.0525
2026-03-23 04:05:00,73.0495,73.1945,73.0445,73.1945
2026-03-23 04:06:00,73.1955,73.3055,73.1955,73.2065
2026-03-23 04:07:00,73.2055,73.2715,73.1715,73.2045
2026-03-23 04:08:00,73.2075,73.2455,73.1595,73.2105
2026-03-23 04:09:00,73.2055,73.2415,73.1385,73.1795
2026-03-23 04:10:00,73.1765,73.2585,73.1465,73.1765
2026-03-23 04:11:00,73.1755,73.2945,73.1755,73.2205
2026-03-23 04:12:00,73.2195,73.2285,73.1075,73.1425
2026-03-23 04:13:00,73.1375,73.1425,73.0755,73.1065
2026-03-23 04:14:00,73.1045,73.1175,73.0145,73.0495
2026-03-23 04:15:00,73.0465,73.1595,73.0435,73.1155
2026-03-23 04:16:00,73.1145,73.2015,73.0875,73.1505
2026-03-23 04:17:00,73.1465,73.2755,73.1025,73.2425
2026-03-23 04:18:00,73.2375,73.2715,73.1925,73.2495
2026-03-23 04:19:00,73.2515,73.2545,73.1275,73.1725
2026-03-23 04:20:00,73.1735,73.2305,73.1385,73.2185
2026-03-23 04:21:00,73.2195,73.2275,73.0955,73.1175
2026-03-23 04:22:00,73.1195,73.1765,73.0665,73.1755
2026-03-23 04:23:00,73.1765,73.2355,73.1395,73.1595
2026-03-23 04:24:00,73.1635,73.1695,73.0395,73.0705
2026-03-23 04:25:00,73.0745,73.2025,73.0525,73.1865
2026-03-23 04:26:00,73.1835,73.2385,73.1735,73.2175
2026-03-23 04:27:00,73.2145,73.3295,73.2005,73.3155
2026-03-23 04:28:00,73.3095,73.3295,73.2365,73.2655
2026-03-23 04:29:00,73.2665,73.3915,73.2635,73.3455
2026-03-23 04:30:00,73.3465,73.3465,73.2875,73.3055
2026-03-23 04:31:00,73.3035,73.4385,73.2645,73.4345
2026-03-23 04:32:00,73.4335,73.4415,73.3035,73.3695
2026-03-23 04:33:00,73.3705,73.3775,73.2055,73.2725
2026-03-23 04:34:00,73.2765,73.3205,73.2455,73.2655
2026-03-23 04:35:00,73.2705,73.2705,73.1935,73.2205
2026-03-23 04:36:00,73.2175,73.2805,73.1935,73.2655
2026-03-23 04:37:00,73.2525,73.2715,73.1665,73.1735
2026-03-23 04:38:00,73.1705,73.2245,73.1515,73.1945
2026-03-23 04:39:00,73.1985,73.2015,72.9665,73.0385
2026-03-23 04:40:00,73.0355,73.0375,72.9495,72.9805
2026-03-23 04:41:00,72.9765,72.9795,72.8605,72.8975
2026-03-23 04:42:00,72.8955,72.9165,72.7695,72.7845
2026-03-23 04:43:00,72.7875,72.8565,72.7755,72.8015
2026-03-23 04:44:00,72.8005,72.8475,72.7275,72.8445
2026-03-23 04:45:00,72.8415,72.8415,72.7225,72.7455
2026-03-23 04:46:00,72.7465,72.8155,72.7315,72.7635
2026-03-23 04:47:00,72.7735,72.7765,72.7075,72.7565
2026-03-23 04:48:00,72.7545,72.8455,72.7425,72.8455
2026-03-23 04:49:00,72.8485,72.8905,72.8325,72.8785
2026-03-23 04:50:00,72.8825,72.9685,72.8765,72.9645
2026-03-23 04:51:00,72.9665,73.0485,72.9245,72.9905
2026-03-23 04:52:00,72.9875,73.0745,72.9075,72.9265
2026-03-23 04:53:00,72.9225,72.9685,72.9185,72.9255
2026-03-23 04:54:00,72.9225,72.9645,72.9025,72.9345
2026-03-23 04:55:00,72.9335,72.9675,72.8745,72.9345
2026-03-23 04:56:00,72.9325,73.0645,72.9265,73.0515
2026-03-23 04:57:00,73.0435,73.0615,72.9485,73.0325
2026-03-23 04:58:00,73.0365,73.1035,73.0245,73.0865
2026-03-23 04:59:00,73.0835,73.1765,73.0455,73.0735
2026-03-23 05:00:00,73.0695,73.0975,73.0475,73.0695
2026-03-23 05:01:00,73.0675,73.1415,73.0615,73.0925
2026-03-23 05:02:00,73.0945,73.1355,73.0765,73.1195
2026-03-23 05:03:00,73.1215,73.1865,73.0625,73.0985
2026-03-23 05:04:00,73.0945,73.1055,72.9865,73.0095
2026-03-23 05:05:00,73.0115,73.2365,73.0105,73.2365
2026-03-23 05:06:00,73.2375,73.2395,73.1245,73.2175
2026-03-23 05:07:00,73.2225,73.3715,73.2135,73.3285
2026-03-23 05:08:00,73.3275,73.3685,73.2115,73.2245
2026-03-23 05:09:00,73.2275,73.2785,73.1855,73.1885
2026-03-23 05:10:00,73.1875,73.2645,73.1425,73.1455
2026-03-23 05:11:00,73.1465,73.1815,73.0405,73.0415
2026-03-23 05:12:00,73.0445,73.2545,73.0445,73.2335
2026-03-23 05:13:00,73.2315,73.2725,73.1865,73.2725
2026-03-23 05:14:00,73.2715,73.2795,73.0685,73.1035
2026-03-23 05:15:00,73.1025,73.1795,73.0705,73.1125
2026-03-23 05:16:00,73.1115,73.1125,72.9855,73.0715
2026-03-23 05:17:00,73.0735,73.0905,72.9895,73.0265
2026-03-23 05:18:00,73.0305,73.0365,72.9455,72.9665
2026-03-23 05:19:00,72.9545,73.0165,72.8915,72.9095
2026-03-23 05:20:00,72.9125,73.0035,72.9125,72.9915
2026-03-23 05:21:00,72.9895,73.0065,72.8275,72.8645
2026-03-23 05:22:00,72.8685,72.8735,72.6935,72.7515
2026-03-23 05:23:00,72.7475,72.8385,72.7345,72.7995
2026-03-23 05:24:00,72.7955,72.8535,72.7585,72.8535
2026-03-23 05:25:00,72.8505,72.8655,72.7595,72.7595
2026-03-23 05:26:00,72.7565,72.7735,72.5945,72.6785
2026-03-23 05:27:00,72.6805,72.7125,72.5995,72.6445
2026-03-23 05:28:00,72.6605,72.6765,72.5995,72.6175
2026-03-23 05:29:00,72.6185,72.6385,72.5285,72.5445
2026-03-23 05:30:00,72.5485,72.5865,72.5305,72.5675
2026-03-23 05:31:00,72.5705,72.5815,72.5185,72.5695
2026-03-23 05:32:00,72.5715,72.6115,72.4555,72.4615
2026-03-23 05:33:00,72.4565,72.4615,72.3555,72.3755
2026-03-23 05:34:00,72.3715,72.4085,72.3695,72.3965
2026-03-23 05:35:00,72.4015,72.5195,72.3785,72.4935
2026-03-23 05:36:00,72.4885,72.5135,72.4125,72.4475
2026-03-23 05:37:00,72.4495,72.5185,72.4405,72.4825
2026-03-23 05:38:00,72.4795,72.5065,72.4405,72.4815
2026-03-23 05:39:00,72.4785,72.4885,72.4225,72.4385
2026-03-23 05:40:00,72.4355,72.4775,72.3765,72.4215
2026-03-23 05:41:00,72.4225,72.4565,72.3865,72.4565
2026-03-23 05:42:00,72.4585,72.5475,72.4345,72.5375
2026-03-23 05:43:00,72.5415,72.5475,72.3615,72.4075
2026-03-23 05:44:00,72.4155,72.4605,72.3485,72.3695
2026-03-23 05:45:00,72.3715,72.4045,72.3495,72.3855
2026-03-23 05:46:00,72.3885,72.4105,72.2925,72.2925
2026-03-23 05:47:00,72.2905,72.2945,72.1685,72.2215
2026-03-23 05:48:00,72.2235,72.3015,72.1865,72.3005
2026-03-23 05:49:00,72.3045,72.4325,72.2995,72.4055
2026-03-23 05:50:00,72.4085,72.4685,72.3935,72.4645
2026-03-23 05:51:00,72.4625,72.5005,72.3905,72.4275
2026-03-23 05:52:00,72.4255,72.5695,72.4255,72.4765
2026-03-23 05:53:00,72.4735,72.5235,72.4275,72.5085
2026-03-23 05:54:00,72.5075,72.5555,72.4415,72.4535
2026-03-23 05:55:00,72.4495,72.4665,72.3325,72.3685
2026-03-23 05:56:00,72.3735,72.3925,72.3215,72.3565
2026-03-23 05:57:00,72.3605,72.4955,72.3575,72.4685
2026-03-23 05:58:00,72.4585,72.4695,72.3745,72.3855
2026-03-23 05:59:00,72.3815,72.5825,72.3725,72.5795
2026-03-23 06:00:00,72.5805,72.6315,72.5745,72.5855
2026-03-23 06:01:00,72.5885,72.6365,72.5575,72.6085
2026-03-23 06:02:00,72.6135,72.7885,72.5625,72.7405
2026-03-23 06:03:00,72.7395,72.7915,72.7325,72.7735
2026-03-23 06:04:00,72.7695,73.0155,72.7675,73.0095
2026-03-23 06:05:00,73.0145,73.1235,72.9625,73.1125
2026-03-23 06:06:00,73.1105,73.1505,73.0385,73.0565
2026-03-23 06:07:00,73.0595,73.1225,73.0455,73.0825
2026-03-23 06:08:00,73.0855,73.1025,72.9415,72.9455
2026-03-23 06:09:00,72.9475,73.1325,72.9395,73.1305
2026-03-23 06:10:00,73.1255,73.1725,73.0625,73.1305
2026-03-23 06:11:00,73.1315,73.1905,73.0795,73.1425
2026-03-23 06:12:00,73.1445,73.1825,73.0825,73.1115
2026-03-23 06:13:00,73.1085,73.1105,72.9685,72.9745
2026-03-23 06:14:00,72.9695,73.0205,72.9545,72.9555
2026-03-23 06:15:00,72.9545,73.0065,72.9325,72.9465
2026-03-23 06:16:00,72.9425,72.9435,72.8725,72.8895
2026-03-23 06:17:00,72.8915,72.9695,72.8695,72.9025
2026-03-23 06:18:00,72.8995,72.9035,72.7895,72.8225
2026-03-23 06:19:00,72.8365,72.9125,72.8095,72.9125
2026-03-23 06:20:00,72.9175,72.9845,72.8675,72.8855
2026-03-23 06:21:00,72.8835,72.9735,72.8635,72.9605
2026-03-23 06:22:00,72.9625,73.1265,72.9235,73.1115
2026-03-23 06:23:00,73.1145,73.1775,73.0525,73.1415
2026-03-23 06:24:00,73.1265,73.1855,73.1085,73.1855
2026-03-23 06:25:00,73.1895,73.3015,73.1865,73.2035
2026-03-23 06:26:00,73.2025,73.2795,73.1635,73.2795
2026-03-23 06:27:00,73.2825,73.3445,73.2815,73.2845
2026-03-23 06:28:00,73.2995,73.4635,73.2995,73.4495
2026-03-23 06:29:00,73.4535,73.4585,73.3145,73.3675
2026-03-23 06:30:00,73.3645,73.3925,73.2735,73.3065
2026-03-23 06:31:00,73.3045,73.6175,73.3005,73.6165
2026-03-23 06:32:00,73.6145,73.6545,73.5695,73.5805
2026-03-23 06:33:00,73.5675,73.5785,73.4545,73.5245
2026-03-23 06:34:00,73.5255,73.6325,73.4695,73.6325
2026-03-23 06:35:00,73.6355,73.8075,73.5725,73.7705
2026-03-23 06:36:00,73.7665,73.7705,73.6305,73.6305
2026-03-23 06:37:00,73.6315,73.6715,73.5605,73.6015
2026-03-23 06:38:00,73.5985,73.5985,73.4985,73.5425
2026-03-23 06:39:00,73.5395,73.5925,73.5055,73.5545
2026-03-23 06:40:00,73.5535,73.5855,73.4975,73.5445
2026-03-23 06:41:00,73.5405,73.6085,73.4985,73.5285
2026-03-23 06:42:00,73.5325,73.5755,73.4705,73.5625
2026-03-23 06:43:00,73.5665,73.6565,73.5495,73.6185
2026-03-23 06:44:00,73.6205,73.6225,73.4165,73.4375
2026-03-23 06:45:00,73.4335,73.5455,73.4335,73.4695
2026-03-23 06:46:00,73.4715,73.4725,73.3335,73.3495
2026-03-23 06:47:00,73.3505,73.3925,73.3115,73.3475
2026-03-23 06:48:00,73.3465,73.3785,73.3025,73.3385
2026-03-23 06:49:00,73.3355,73.3515,73.2505,73.2665
2026-03-23 06:50:00,73.2625,73.2985,73.1685,73.1845
2026-03-23 06:51:00,73.1815,73.2635,73.1455,73.2605
2026-03-23 06:52:00,73.2585,73.4545,73.2485,73.4545
2026-03-23 06:53:00,73.4555,73.5205,73.4445,73.4515
2026-03-23 06:54:00,73.4525,73.5905,73.4525,73.5535
2026-03-23 06:55:00,73.5545,73.6775,73.5515,73.5925
2026-03-23 06:56:00,73.5895,73.6855,73.5755,73.6735
2026-03-23 06:57:00,73.6765,73.7325,73.6095,73.6595
2026-03-23 06:58:00,73.6575,73.6925,73.6185,73.6745
2026-03-23 06:59:00,73.6735,73.7375,73.6355,73.7315
2026-03-23 07:00:00,73.7305,73.7735,73.7035,73.7135
2026-03-23 07:01:00,73.7095,73.7225,73.6525,73.6935
2026-03-23 07:02:00,73.6945,73.7945,73.6655,73.6855
2026-03-23 07:03:00,73.6825,73.7095,73.6145,73.6735
2026-03-23 07:04:00,73.6685,73.7835,73.6645,73.7835
2026-03-23 07:05:00,73.7875,73.8385,73.7505,73.7705
2026-03-23 07:06:00,73.7685,73.7755,73.6965,73.7245
2026-03-23 07:07:00,73.7215,73.8165,73.6735,73.7705
2026-03-23 07:08:00,73.7665,73.7845,73.7085,73.7565
2026-03-23 07:09:00,73.7555,73.7555,73.6595,73.6965
2026-03-23 07:10:00,73.7015,73.8205,73.6895,73.8015
2026-03-23 07:11:00,73.8045,73.8555,73.7755,73.7805
2026-03-23 07:12:00,73.7835,73.9025,73.7645,73.8945
2026-03-23 07:13:00,73.8985,74.0395,73.8855,74.0255
2026-03-23 07:14:00,74.0215,74.1175,74.0085,74.0665
2026-03-23 07:15:00,74.0935,74.0945,74.0325,74.0375
2026-03-23 07:16:00,74.0415,74.0875,73.9565,73.9675
2026-03-23 07:17:00,73.9715,73.9855,73.7625,73.8265
2026-03-23 07:18:00,73.8275,73.9195,73.8275,73.8815
2026-03-23 07:19:00,73.8825,73.9205,73.8195,73.8415
2026-03-23 07:20:00,73.8405,73.8685,73.7985,73.8295
2026-03-23 07:21:00,73.8305,73.9335,73.8225,73.8755
2026-03-23 07:22:00,73.8745,73.8875,73.8035,73.8295
2026-03-23 07:23:00,73.8275,73.8925,73.8165,73.8685
2026-03-23 07:24:00,73.8665,73.8945,73.7285,73.7285
2026-03-23 07:25:00,73.7325,73.8165,73.7285,73.8075
2026-03-23 07:26:00,73.8055,73.8055,73.7015,73.7235
2026-03-23 07:27:00,73.7275,73.8065,73.7275,73.7555
2026-03-23 07:28:00,73.7565,73.8435,73.7275,73.8195
2026-03-23 07:29:00,73.8165,73.8445,73.7535,73.7945
2026-03-23 07:30:00,73.7915,74.0015,73.7735,73.9965
2026-03-23 07:31:00,73.9955,74.1045,73.9495,74.0955
2026-03-23 07:32:00,74.0965,74.1405,74.0755,74.0955
2026-03-23 07:33:00,74.0935,74.2825,74.0935,74.2605
2026-03-23 07:34:00,74.2555,74.2695,74.1855,74.2325
2026-03-23 07:35:00,74.2315,74.3395,74.1825,74.3395
2026-03-23 07:36:00,74.3435,74.4565,74.3065,74.4465
2026-03-23 07:37:00,74.4425,74.5065,74.4055,74.4055
2026-03-23 07:38:00,74.4065,74.4185,74.2335,74.2475
2026-03-23 07:39:00,74.2495,74.3375,74.2265,74.2815
2026-03-23 07:40:00,74.2825,74.3675,74.2375,74.2515
2026-03-23 07:41:00,74.2495,74.2675,74.1265,74.1345
2026-03-23 07:42:00,74.1375,74.2535,74.0795,74.2435
2026-03-23 07:43:00,74.2405,74.3245,74.1975,74.3245
2026-03-23 07:44:00,74.3285,74.4825,74.3225,74.4515
2026-03-23 07:45:00,74.4465,74.4465,74.3465,74.4085
2026-03-23 07:46:00,74.4125,74.4615,74.2585,74.3135
2026-03-23 07:47:00,74.3175,74.3395,74.2335,74.2715
2026-03-23 07:48:00,74.2615,74.3265,74.2155,74.2155
2026-03-23 07:49:00,74.2145,74.2165,74.0045,74.0205
2026-03-23 07:50:00,74.0255,74.0275,73.8405,73.8405
2026-03-23 07:51:00,73.8385,73.8405,73.7215,73.7665
2026-03-23 07:52:00,73.7675,73.7935,73.6765,73.7925
2026-03-23 07:53:00,73.7965,73.8705,73.7885,73.8625
2026-03-23 07:54:00,73.8655,73.9915,73.8655,73.9915
2026-03-23 07:55:00,73.9905,73.9905,73.8335,73.8945
2026-03-23 07:56:00,73.8905,73.9795,73.8725,73.9545
2026-03-23 07:57:00,73.9565,74.0795,73.9495,74.0485
2026-03-23 07:58:00,74.0535,74.0555,73.8595,73.8695
2026-03-23 07:59:00,73.8685,73.9955,73.8685,73.9895
2026-03-23 08:00:00,73.8915,73.9165,73.7655,73.7925
2026-03-23 08:01:00,73.7885,73.8745,73.7705,73.8675
2026-03-23 08:02:00,73.8685,73.9715,73.8655,73.9705
2026-03-23 08:03:00,73.9725,74.0455,73.9605,74.0455
2026-03-23 08:04:00,74.0485,74.0485,73.8885,73.9005
2026-03-23 08:10:00,73.9005,73.9005,73.9005,73.9005
2026-03-23 08:11:00,73.9005,74.4605,73.9005,74.4445
2026-03-23 08:12:00,74.4385,74.5385,74.4205,74.5375
2026-03-23 08:13:00,74.5335,74.5465,74.4175,74.4175
2026-03-23 08:14:00,74.4215,74.4735,74.2805,74.2965
2026-03-23 08:15:00,74.2935,74.4145,74.2875,74.3345
2026-03-23 08:16:00,74.3325,74.4505,74.2535,74.4385
2026-03-23 08:17:00,74.4375,74.5135,74.3975,74.5105
2026-03-23 08:18:00,74.5145,74.5655,74.4315,74.4315
2026-03-23 08:19:00,74.4285,74.5725,74.4165,74.5275
2026-03-23 08:20:00,74.5235,74.5235,74.4695,74.4855
2026-03-23 08:21:00,74.4895,74.5155,74.4475,74.4905
2026-03-23 08:22:00,74.4875,74.6175,74.4865,74.5825
2026-03-23 08:23:00,74.5795,74.6095,74.5205,74.5205
2026-03-23 08:24:00,74.5165,74.5255,74.4465,74.4555
2026-03-23 08:25:00,74.4575,74.5605,74.3895,74.5435
2026-03-23 08:26:00,74.5405,74.5455,74.4385,74.4445
2026-03-23 08:27:00,74.4425,74.5325,74.4425,74.5085
2026-03-23 08:28:00,74.5055,74.5295,74.3845,74.4065
2026-03-23 08:29:00,74.4075,74.4105,74.3545,74.3865
2026-03-23 08:30:00,74.3905,74.4115,74.3545,74.3545
2026-03-23 08:31:00,74.3565,74.3725,74.3115,74.3495
2026-03-23 08:32:00,74.3535,74.4165,74.3045,74.3895
2026-03-23 08:33:00,74.3855,74.4715,74.3855,74.4525
2026-03-23 08:34:00,74.4565,74.4935,74.3715,74.4405
2026-03-23 08:35:00,74.4415,74.5875,74.4175,74.5495
2026-03-23 08:36:00,74.5475,74.5695,74.5215,74.5685
2026-03-23 08:37:00,74.5725,74.6975,74.5705,74.6905
2026-03-23 08:38:00,74.6955,74.8135,74.6955,74.7985
2026-03-23 08:39:00,74.8025,74.8675,74.7645,74.8675
2026-03-23 08:40:00,74.8625,74.9245,74.8385,74.8495
2026-03-23 08:41:00,74.8515,74.9525,74.8435,74.9415
2026-03-23 08:42:00,74.9375,74.9425,74.8655,74.8895
2026-03-23 08:43:00,74.8885,74.9535,74.8785,74.9335
2026-03-23 08:44:00,74.9145,74.9145,74.8445,74.8705
2026-03-23 08:45:00,74.8845,74.9295,74.8495,74.9035
2026-03-23 08:46:00,74.8995,74.9025,74.7065,74.7135
2026-03-23 08:47:00,74.7115,74.7415,74.6605,74.6605
2026-03-23 08:48:00,74.6655,74.7165,74.6015,74.7015
2026-03-23 08:49:00,74.7055,74.7215,74.3835,74.4285
2026-03-23 08:50:00,74.4235,74.4615,74.3955,74.4255
2026-03-23 08:51:00,74.4215,74.4385,74.3565,74.3995
2026-03-23 08:52:00,74.4005,74.4625,74.3805,74.4125
2026-03-23 08:53:00,74.4115,74.4735,74.3555,74.4625
2026-03-23 08:54:00,74.4645,74.5365,74.4405,74.4825
2026-03-23 08:55:00,74.4805,74.4995,74.3985,74.4535
2026-03-23 08:56:00,74.4545,74.5925,74.4105,74.5895
2026-03-23 08:57:00,74.5935,74.7265,74.5385,74.6855
2026-03-23 08:58:00,74.6885,74.7835,74.6865,74.7205
2026-03-23 08:59:00,74.7215,74.7515,74.6985,74.7255
2026-03-23 09:00:00,74.7235,74.7255,74.4985,74.5085
2026-03-23 09:01:00,74.5135,74.5195,74.4205,74.4215
2026-03-23 09:02:00,74.4025,74.5275,74.3745,74.4675
2026-03-23 09:03:00,74.4705,74.5015,74.3935,74.4195
2026-03-23 09:04:00,74.4155,74.5195,74.4045,74.5195
2026-03-23 09:05:00,74.5235,74.5445,74.4815,74.4825
2026-03-23 09:06:00,74.4855,74.5805,74.4425,74.5535
2026-03-23 09:07:00,74.5505,74.5965,74.5195,74.5195
2026-03-23 09:08:00,74.5125,74.6105,74.4945,74.5615
2026-03-23 09:09:00,74.5605,74.5795,74.4945,74.4985
2026-03-23 09:10:00,74.4995,74.5005,74.3425,74.3995
2026-03-23 09:11:00,74.4005,74.4995,74.3755,74.4975
2026-03-23 09:12:00,74.4935,74.5535,74.4615,74.4615
2026-03-23 09:13:00,74.4625,74.5645,74.4415,74.4465
2026-03-23 09:14:00,74.4495,74.5175,74.4045,74.4525
2026-03-23 09:15:00,74.4545,74.5345,74.4415,74.5235
2026-03-23 09:16:00,74.5205,74.5315,74.3435,74.3485
2026-03-23 09:17:00,74.3495,74.3645,74.2615,74.2805
2026-03-23 09:18:00,74.2765,74.3205,74.2315,74.2615
2026-03-23 09:19:00,74.2575,74.3235,74.2325,74.3195
2026-03-23 09:20:00,74.3185,74.3335,74.2705,74.3075
2026-03-23 09:21:00,74.3085,74.3355,74.2635,74.2915
2026-03-23 09:22:00,74.2955,74.3925,74.2725,74.3675
2026-03-23 09:23:00,74.3685,74.4525,74.3545,74.4235
2026-03-23 09:24:00,74.4255,74.4505,74.2815,74.3225
2026-03-23 09:25:00,74.3215,74.3625,74.2405,74.2595
2026-03-23 09:26:00,74.2635,74.2765,74.0855,74.1265
2026-03-23 09:27:00,74.1275,74.1475,73.9755,74.0135
2026-03-23 09:28:00,74.0145,74.0765,73.9965,74.0625
2026-03-23 09:29:00,74.0775,74.1155,74.0485,74.0935
2026-03-23 09:30:00,74.0955,74.1045,74.0125,74.0715
2026-03-23 09:31:00,74.0695,74.1245,74.0415,74.1085
2026-03-23 09:32:00,74.1045,74.1265,74.0565,74.0575
2026-03-23 09:33:00,74.0625,74.1005,73.9905,73.9905
2026-03-23 09:34:00,73.9955,74.0935,73.9395,74.0665
2026-03-23 09:35:00,74.0675,74.0905,73.9995,74.0875
2026-03-23 09:36:00,74.0895,74.2025,74.0605,74.1565
2026-03-23 09:37:00,74.1555,74.2175,74.1515,74.1815
2026-03-23 09:38:00,74.1835,74.3155,74.1805,74.3005
2026-03-23 09:39:00,74.3035,74.3725,74.2155,74.2155
2026-03-23 09:40:00,74.2135,74.2775,74.1915,74.1935
2026-03-23 09:41:00,74.1985,74.2675,74.1885,74.2545
2026-03-23 09:42:00,74.2535,74.3635,74.2325,74.3585
2026-03-23 09:43:00,74.3565,74.4055,74.3445,74.3785
2026-03-23 09:44:00,74.3765,74.3785,74.2725,74.2725
2026-03-23 09:45:00,74.2755,74.2755,74.0875,74.0885
2026-03-23 09:46:00,74.0855,74.2055,74.0435,74.1865
2026-03-23 09:47:00,74.1825,74.2215,74.1385,74.1485
2026-03-23 09:48:00,74.1615,74.1895,74.0565,74.0565
2026-03-23 09:49:00,74.0575,74.1535,74.0455,74.0805
2026-03-23 09:50:00,74.0845,74.2945,74.0755,74.2945
2026-03-23 09:51:00,74.2975,74.2975,74.2155,74.2825
2026-03-23 09:52:00,74.2835,74.2995,74.2375,74.2535
2026-03-23 09:53:00,74.2525,74.2635,74.1245,74.1825
2026-03-23 09:54:00,74.1835,74.1925,74.1405,74.1745
2026-03-23 09:55:00,74.1755,74.2235,74.1485,74.2235
2026-03-23 09:56:00,74.2265,74.2625,74.2115,74.2175
2026-03-23 09:57:00,74.2155,74.3265,74.2105,74.2825
2026-03-23 09:58:00,74.2815,74.3895,74.2605,74.3635
2026-03-23 09:59:00,74.3615,74.3755,74.2985,74.3265
2026-03-23 10:00:00,74.3225,74.3305,74.1795,74.1795
2026-03-23 10:01:00,74.1835,74.1855,74.0845,74.1625
2026-03-23 10:02:00,74.1575,74.1605,74.0545,74.0875
2026-03-23 10:03:00,74.0885,74.1645,74.0825,74.1575
2026-03-23 10:04:00,74.1605,74.1895,74.1165,74.1805
2026-03-23 10:05:00,74.1815,74.1815,74.0975,74.1065
2026-03-23 10:06:00,74.1035,74.1315,74.0125,74.1245
2026-03-23 10:07:00,74.1205,74.1265,74.0815,74.0975
2026-03-23 10:08:00,74.1025,74.1385,74.0445,74.0715
2026-03-23 10:09:00,74.0755,74.1535,74.0625,74.1035
2026-03-23 10:10:00,74.1025,74.1315,74.0635,74.0715
2026-03-23 10:11:00,74.0675,74.0745,74.0175,74.0605
2026-03-23 10:12:00,74.0565,74.0565,73.8385,73.8385
2026-03-23 10:13:00,73.8395,73.8485,73.6975,73.7915
2026-03-23 10:14:00,73.7885,73.8305,73.7525,73.7525
2026-03-23 10:15:00,73.7505,73.7865,73.6865,73.7785
2026-03-23 10:16:00,73.7815,73.8985,73.7815,73.8765
2026-03-23 10:17:00,73.8715,73.9835,73.8715,73.9835
2026-03-23 10:18:00,73.9805,74.0395,73.9175,73.9515
2026-03-23 10:19:00,73.9535,74.1435,73.9315,74.1075
2026-03-23 10:20:00,74.1055,74.1545,74.0785,74.0785
2026-03-23 10:21:00,74.0825,74.1595,74.0575,74.1585
2026-03-23 10:22:00,74.1625,74.1625,74.0585,74.0635
2026-03-23 10:23:00,74.0675,74.1105,73.9605,74.0685
2026-03-23 10:24:00,74.0695,74.0955,74.0115,74.0165
2026-03-23 10:25:00,74.0115,74.0655,73.9755,74.0125
2026-03-23 10:26:00,74.0095,74.0295,73.9515,74.0015
2026-03-23 10:27:00,74.0055,74.1035,73.9745,74.0475
2026-03-23 10:28:00,74.0455,74.0485,74.0045,74.0305
2026-03-23 10:29:00,74.0295,74.1135,74.0265,74.0965
2026-03-23 10:30:00,74.0975,74.1405,74.0925,74.1045
2026-03-23 10:31:00,74.1085,74.1265,74.0685,74.1135
2026-03-23 10:32:00,74.1095,74.1115,73.9875,73.9895
2026-03-23 10:33:00,73.9835,73.9955,73.8975,73.9445
2026-03-23 10:34:00,73.9415,73.9835,73.9075,73.9645
2026-03-23 10:35:00,73.9665,74.0425,73.9425,73.9865
2026-03-23 10:36:00,73.9825,74.0235,73.9675,74.0095
2026-03-23 10:37:00,74.0055,74.0775,73.9915,74.0775
2026-03-23 10:38:00,74.0765,74.1755,74.0755,74.1295
2026-03-23 10:39:00,74.1315,74.1315,74.0215,74.0345
2026-03-23 10:40:00,74.0365,74.0505,73.9785,73.9995
2026-03-23 10:41:00,73.9965,73.9965,73.9265,73.9805
2026-03-23 10:42:00,73.9875,74.0465,73.9795,73.9935
2026-03-23 10:43:00,73.9945,74.0305,73.9595,73.9785
2026-03-23 10:44:00,73.9765,74.0195,73.9335,73.9545
2026-03-23 10:45:00,73.9595,73.9675,73.8235,73.8775
2026-03-23 10:46:00,73.8785,73.8885,73.7975,73.8025
2026-03-23 10:47:00,73.8065,73.8315,73.7825,73.8125
2026-03-23 10:48:00,73.8115,73.9255,73.8065,73.9035
2026-03-23 10:49:00,73.9015,74.0255,73.8965,74.0035
2026-03-23 10:50:00,73.9995,74.1355,73.9665,74.1345
2026-03-23 10:51:00,74.1335,74.1755,74.0695,74.1705
2026-03-23 10:52:00,74.1725,74.3145,74.1725,74.2855
2026-03-23 10:53:00,74.2815,74.3495,74.2705,74.3135
2026-03-23 10:54:00,74.3115,74.3435,74.1395,74.1395
2026-03-23 10:55:00,74.1405,74.1835,74.1255,74.1345
2026-03-23 10:56:00,74.1295,74.1295,73.9995,74.0265
2026-03-23 10:57:00,74.0235,74.0355,73.9315,74.0215
2026-03-23 10:58:00,74.0235,74.0285,73.8795,73.9515
2026-03-23 10:59:00,73.9535,73.9555,73.8295,73.8405
2026-03-23 11:00:00,73.8445,73.8475,73.7815,73.8275
2026-03-23 11:01:00,73.8295,73.9115,73.7985,73.9115
2026-03-23 11:02:00,73.9075,73.9265,73.7075,73.7095
2026-03-23 11:03:00,73.7105,73.7475,73.6505,73.7265
2026-03-23 11:04:00,73.7245,73.8625,73.6695,73.8525
2026-03-23 11:05:00,73.8515,74.0365,73.8425,74.0365
2026-03-23 11:06:00,74.0335,74.0525,73.9515,74.0525
2026-03-23 11:07:00,74.0475,74.0975,74.0045,74.0675
2026-03-23 11:08:00,74.0615,74.1045,74.0315,74.1005
2026-03-23 11:09:00,74.1015,74.2575,74.1015,74.1975
2026-03-23 11:10:00,74.2015,74.3485,74.2015,74.2695
2026-03-23 11:11:00,74.2675,74.2755,74.1795,74.2115
2026-03-23 11:12:00,74.2125,74.2915,74.2125,74.2375
2026-03-23 11:13:00,74.2405,74.2465,74.1895,74.2135
2026-03-23 11:14:00,74.2155,74.2495,74.1095,74.1315
2026-03-23 11:15:00,74.1345,74.1975,74.1275,74.1285
2026-03-23 11:16:00,74.1335,74.3505,74.1305,74.3455
2026-03-23 11:17:00,74.3505,74.4655,74.3425,74.4195
2026-03-23 11:18:00,74.4175,74.4575,74.3805,74.4025
2026-03-23 11:19:00,74.4035,74.4035,74.2985,74.3435
2026-03-23 11:20:00,74.3425,74.3455,74.1475,74.1595
2026-03-23 11:21:00,74.1585,74.2415,74.1265,74.2335
2026-03-23 11:22:00,74.2365,74.3245,74.2155,74.3025
2026-03-23 11:23:00,74.3065,74.3795,74.2585,74.2605
2026-03-23 11:24:00,74.2585,74.3725,74.2585,74.3405
2026-03-23 11:25:00,74.3385,74.3925,74.3085,74.3375
2026-03-23 11:26:00,74.3335,74.4825,74.3325,74.3845
2026-03-23 11:27:00,74.3965,74.4825,74.3715,74.4605
2026-03-23 11:28:00,74.4595,74.4635,74.3685,74.4055
2026-03-23 11:29:00,74.4095,74.4545,74.3935,74.4235
2026-03-23 11:30:00,74.4185,74.4735,74.3625,74.4285
2026-03-23 11:31:00,74.4315,74.4355,74.3185,74.3965
2026-03-23 11:32:00,74.3915,74.4125,74.2935,74.3125
2026-03-23 11:33:00,74.3075,74.3125,74.1635,74.1895
2026-03-23 11:34:00,74.1865,74.2555,74.1415,74.1435
2026-03-23 11:35:00,74.1405,74.1565,74.0665,74.0665
2026-03-23 11:36:00,74.0655,74.1925,74.0615,74.1775
2026-03-23 11:37:00,74.1795,74.2405,74.1055,74.2295
2026-03-23 11:38:00,74.2245,74.2575,74.1745,74.2015
2026-03-23 11:39:00,74.2055,74.2735,74.1575,74.2735
2026-03-23 11:40:00,74.2765,74.3355,74.2295,74.3025
2026-03-23 11:41:00,74.2985,74.3185,74.1655,74.2355
2026-03-23 11:42:00,74.2345,74.2645,74.0625,74.0875
2026-03-23 11:43:00,74.0835,74.1675,74.0615,74.1095
2026-03-23 11:44:00,74.1075,74.2045,74.0755,74.1935
2026-03-23 11:45:00,74.1895,74.2855,74.1895,74.2755
2026-03-23 11:46:00,74.2765,74.3065,74.2145,74.2145
2026-03-23 11:47:00,74.2135,74.3595,74.2135,74.2695
2026-03-23 11:48:00,74.2725,74.3275,74.2075,74.2895
2026-03-23 11:49:00,74.2865,74.3575,74.2635,74.3185
2026-03-23 11:50:00,74.3155,74.4045,74.2985,74.3535
2026-03-23 11:51:00,74.3575,74.4805,74.3565,74.4215
2026-03-23 11:52:00,74.4175,74.4665,74.3965,74.4325
2026-03-23 11:53:00,74.4335,74.4695,74.3485,74.4225
2026-03-23 11:54:00,74.4235,74.5955,74.4185,74.4965
2026-03-23 11:55:00,74.5015,74.5695,74.4125,74.4475
2026-03-23 11:56:00,74.4445,74.4765,74.4085,74.4715
2026-03-23 11:57:00,74.4625,74.5665,74.4595,74.5635
2026-03-23 11:58:00,74.5595,74.6025,74.5385,74.6025
2026-03-23 11:59:00,74.6055,74.6135,74.5455,74.5785
2026-03-23 12:00:00,74.5835,74.7405,74.5755,74.7405
2026-03-23 12:01:00,74.7445,74.8325,74.7375,74.7855
2026-03-23 12:02:00,74.7885,74.8465,74.7665,74.8425
2026-03-23 12:03:00,74.8395,74.8615,74.7395,74.7475
2026-03-23 12:04:00,74.7455,74.8185,74.6835,74.8185
2026-03-23 12:05:00,74.8145,74.9775,74.7985,74.9245
2026-03-23 12:06:00,74.9285,74.9395,74.8655,74.9365
2026-03-23 12:07:00,74.9335,74.9835,74.9005,74.9525
2026-03-23 12:08:00,74.9555,75.0645,74.9385,75.0395
2026-03-23 12:09:00,75.0415,75.1215,74.9455,74.9575
2026-03-23 12:10:00,74.9565,75.0585,74.9355,75.0305
2026-03-23 12:11:00,75.0325,75.0365,74.8765,74.8865
2026-03-23 12:12:00,74.8895,75.0225,74.8305,74.9685
2026-03-23 12:13:00,74.9485,75.0135,74.8025,74.8295
2026-03-23 12:14:00,74.8275,74.8835,74.7625,74.8805
2026-03-23 12:15:00,74.8675,74.9655,74.8475,74.9635
2026-03-23 12:16:00,74.9675,74.9905,74.9095,74.9875
2026-03-23 12:17:00,74.9855,75.0645,74.9405,74.9615
2026-03-23 12:18:00,74.9635,75.0345,74.9235,75.0215
2026-03-23 12:19:00,75.0175,75.0695,75.0065,75.0215
2026-03-23 12:20:00,75.0225,75.1595,75.0175,75.1555
2026-03-23 12:21:00,75.1585,75.2295,75.1465,75.1465
2026-03-23 12:22:00,75.1425,75.1715,75.0185,75.0365
2026-03-23 12:23:00,75.0335,75.0355,74.9435,75.0235
2026-03-23 12:24:00,75.0265,75.0265,74.9195,74.9485
2026-03-23 12:25:00,74.9515,74.9605,74.8455,74.8485
2026-03-23 12:26:00,74.8595,75.0845,74.8375,75.0835
2026-03-23 12:27:00,75.0875,75.1545,75.0475,75.1535
2026-03-23 12:28:00,75.1545,75.2185,75.1475,75.2155
2026-03-23 12:29:00,75.2195,75.3085,75.2195,75.2915
2026-03-23 12:30:00,75.2865,75.5025,75.2685,75.5025
2026-03-23 12:31:00,75.5045,75.5095,75.4345,75.4935
2026-03-23 12:32:00,75.4955,75.5165,75.4605,75.4605
2026-03-23 12:33:00,75.4615,75.4705,75.3815,75.3825
2026-03-23 12:34:00,75.3815,75.3985,75.3485,75.3955
2026-03-23 12:35:00,75.3975,75.4675,75.3465,75.3465
2026-03-23 12:36:00,75.3475,75.3545,75.2585,75.2705
2026-03-23 12:37:00,75.2735,75.3875,75.2715,75.3615
2026-03-23 12:38:00,75.3575,75.3985,75.3215,75.3805
2026-03-23 12:39:00,75.3815,75.4165,75.3325,75.4085
2026-03-23 12:40:00,75.4045,75.4085,75.2715,75.2775
2026-03-23 12:41:00,75.2755,75.3635,75.2675,75.3145
2026-03-23 12:42:00,75.3185,75.3785,75.2785,75.3435
2026-03-23 12:43:00,75.3415,75.4375,75.3415,75.3735
2026-03-23 12:44:00,75.3775,75.3835,75.2995,75.2995
2026-03-23 12:45:00,75.2965,75.3575,75.2495,75.2555
2026-03-23 12:46:00,75.2565,75.3045,75.2165,75.2805
2026-03-23 12:47:00,75.2775,75.5405,75.2725,75.5375
2026-03-23 12:48:00,75.5395,75.5445,75.4405,75.4715
2026-03-23 12:49:00,75.4685,75.5015,75.3835,75.3855
2026-03-23 12:50:00,75.3905,75.4265,75.3515,75.4265
2026-03-23 12:51:00,75.4305,75.5155,75.3425,75.5105
2026-03-23 12:52:00,75.5145,75.5235,75.4045,75.5025
2026-03-23 12:53:00,75.5055,75.5275,75.4005,75.4035
2026-03-23 12:54:00,75.4065,75.4065,75.2415,75.2595
2026-03-23 12:55:00,75.2605,75.2605,75.1825,75.2365
2026-03-23 12:56:00,75.2325,75.2385,75.0795,75.0815
2026-03-23 12:57:00,75.0835,75.1315,74.9105,74.9125
2026-03-23 12:58:00,74.9095,74.9605,74.8545,74.8905
2026-03-23 12:59:00,74.8915,74.9335,74.8285,74.8485
2026-03-23 13:00:00,74.8505,74.8605,74.7865,74.7935
2026-03-23 13:01:00,74.7975,74.9595,74.7825,74.9145
2026-03-23 13:02:00,74.9135,74.9165,74.6105,74.6215
2026-03-23 13:03:00,74.6245,74.7065,74.5885,74.6315
2026-03-23 13:04:00,74.6285,74.7005,74.6165,74.6815
2026-03-23 13:05:00,74.6785,74.9045,74.6785,74.8985
2026-03-23 13:06:00,74.9025,75.0105,74.8325,74.9915
2026-03-23 13:07:00,74.9935,75.0065,74.8485,74.8745
2026-03-23 13:08:00,74.8755,74.9405,74.8615,74.9325
2026-03-23 13:09:00,74.9315,74.9565,74.8935,74.9065
2026-03-23 13:10:00,74.9075,74.9095,74.7555,74.8305
2026-03-23 13:11:00,74.8295,74.9575,74.7975,74.9555
2026-03-23 13:12:00,74.9585,74.9615,74.8525,74.9315
2026-03-23 13:13:00,74.9295,75.0345,74.8865,74.9435
2026-03-23 13:14:00,74.9425,74.9915,74.8985,74.9315
2026-03-23 13:15:00,74.9325,74.9965,74.9135,74.9835
2026-03-23 13:16:00,74.9805,75.1385,74.9235,75.1315
2026-03-23 13:17:00,75.1305,75.2865,75.1225,75.2605
2026-03-23 13:18:00,75.2655,75.4055,75.1815,75.3845
2026-03-23 13:19:00,75.3895,75.4625,75.3135,75.3525
2026-03-23 13:20:00,75.3485,75.4515,75.3365,75.4365
2026-03-23 13:21:00,75.4395,75.4635,75.4245,75.4615
2026-03-23 13:22:00,75.4575,75.4595,75.2875,75.3355
2026-03-23 13:23:00,75.3375,75.3505,75.2405,75.2935
2026-03-23 13:24:00,75.2915,75.4165,75.2735,75.3735
2026-03-23 13:25:00,75.3695,75.4105,75.2975,75.3065
2026-03-23 13:26:00,75.3045,75.4815,75.2995,75.4815
2026-03-23 13:27:00,75.4865,75.5755,75.4835,75.5665
2026-03-23 13:28:00,75.5615,75.6385,75.5115,75.5845
2026-03-23 13:29:00,75.5815,75.6015,75.5415,75.5515
2026-03-23 13:30:00,75.5485,75.5505,75.4545,75.4755
2026-03-23 13:31:00,75.4735,75.4755,75.3595,75.3705
2026-03-23 13:32:00,75.3395,75.4655,75.3235,75.3635
2026-03-23 13:33:00,75.3595,75.5165,75.3545,75.4835
2026-03-23 13:34:00,75.4815,75.5345,75.4525,75.5255
2026-03-23 13:35:00,75.5225,75.5685,75.4865,75.5545
2026-03-23 13:36:00,75.5525,75.5925,75.4475,75.4475
2026-03-23 13:37:00,75.4455,75.4815,75.4045,75.4725
2026-03-23 13:38:00,75.4685,75.5105,75.3635,75.3675
2026-03-23 13:39:00,75.3625,75.4515,75.3525,75.4275
2026-03-23 13:40:00,75.4265,75.4865,75.4165,75.4645
2026-03-23 13:41:00,75.4605,75.4825,75.3565,75.4355
2026-03-23 13:42:00,75.4315,75.4805,75.3365,75.3465
2026-03-23 13:43:00,75.3515,75.3535,75.2555,75.3015
2026-03-23 13:44:00,75.2985,75.3315,75.2715,75.3035
2026-03-23 13:45:00,75.3015,75.3075,75.2225,75.2885
2026-03-23 13:46:00,75.2915,75.3685,75.2885,75.3485
2026-03-23 13:47:00,75.3465,75.3805,75.2575,75.2765
2026-03-23 13:48:00,75.2755,75.3435,75.2535,75.3435
2026-03-23 13:49:00,75.3465,75.3595,75.2685,75.3415
2026-03-23 13:50:00,75.3425,75.4325,75.3335,75.4165
2026-03-23 13:51:00,75.4215,75.4395,75.1135,75.1205
2026-03-23 13:52:00,75.1185,75.1185,75.0315,75.0445
2026-03-23 13:53:00,75.0455,75.1465,74.9615,75.1435
2026-03-23 13:54:00,75.1475,75.1495,75.0705,75.1085
2026-03-23 13:55:00,75.1045,75.1225,75.0435,75.1225
2026-03-23 13:56:00,75.1205,75.1295,75.0305,75.0445
2026-03-23 13:57:00,75.0465,75.0665,74.9685,74.9955
2026-03-23 13:58:00,74.9915,74.9965,74.8915,74.9015
2026-03-23 13:59:00,74.9065,75.0975,74.8855,75.0555
2026-03-23 14:00:00,75.0575,75.1155,74.9685,74.9745
2026-03-23 14:01:00,74.9605,75.0485,74.9375,75.0055
2026-03-23 14:02:00,75.0065,75.0415,74.9775,75.0395
2026-03-23 14:03:00,75.0365,75.0645,75.0125,75.0165
2026-03-23 14:04:00,75.0115,75.0135,74.9275,74.9645
2026-03-23 14:05:00,74.9595,75.0545,74.9595,75.0135
2026-03-23 14:06:00,75.0105,75.0895,74.9815,75.0885
2026-03-23 14:07:00,75.0845,75.2025,75.0625,75.1875
2026-03-23 14:08:00,75.1845,75.2425,75.0965,75.2175
2026-03-23 14:09:00,75.2145,75.2285,75.1545,75.1705
2026-03-23 14:10:00,75.1685,75.2705,75.1495,75.2645
2026-03-23 14:11:00,75.2695,75.2855,75.2315,75.2545
2026-03-23 14:12:00,75.2515,75.2695,75.2085,75.2585
2026-03-23 14:13:00,75.2605,75.2795,75.2035,75.2705
2026-03-23 14:14:00,75.2735,75.2885,75.1485,75.2085
2026-03-23 14:15:00,75.2125,75.2305,75.0885,75.1285
2026-03-23 14:16:00,75.1305,75.2385,75.1235,75.2065
2026-03-23 14:17:00,75.2245,75.2915,75.1985,75.2245
2026-03-23 14:18:00,75.2205,75.3735,75.2155,75.3135
2026-03-23 14:19:00,75.3165,75.4065,75.3085,75.3935
2026-03-23 14:20:00,75.3915,75.3945,75.2605,75.3905
2026-03-23 14:21:00,75.3945,75.5215,75.3905,75.5205
2026-03-23 14:22:00,75.5235,75.5735,75.4995,75.5045
2026-03-23 14:23:00,75.5055,75.5205,75.4545,75.4595
2026-03-23 14:24:00,75.4615,75.4915,75.4225,75.4745
2026-03-23 14:25:00,75.4795,75.5255,75.4335,75.5095
2026-03-23 14:26:00,75.5115,75.5185,75.4275,75.4675
2026-03-23 14:27:00,75.4635,75.5225,75.4255,75.4635
2026-03-23 14:28:00,75.4675,75.6865,75.4655,75.6215
2026-03-23 14:29:00,75.6205,75.6285,75.5605,75.5945
2026-03-23 14:30:00,75.5905,75.5985,75.5025,75.5025
2026-03-23 14:31:00,75.5015,75.5695,75.4995,75.5585
2026-03-23 14:32:00,75.5575,75.6375,75.5505,75.6375
2026-03-23 14:33:00,75.6325,75.7385,75.6145,75.7355
2026-03-23 14:34:00,75.7305,75.7315,75.6415,75.7085
2026-03-23 14:35:00,75.7075,75.7325,75.6535,75.7175
2026-03-23 14:36:00,75.7185,75.7615,75.6585,75.6625
2026-03-23 14:37:00,75.6595,75.7815,75.6425,75.6575
2026-03-23 14:38:00,75.6555,75.6915,75.6255,75.6885
2026-03-23 14:39:00,75.6905,75.7535,75.6705,75.7015
2026-03-23 14:40:00,75.6965,75.7875,75.6735,75.7775
2026-03-23 14:41:00,75.7825,76.0375,75.7785,76.0375
2026-03-23 14:42:00,76.0335,76.1165,75.9855,76.1165
2026-03-23 14:43:00,76.1155,76.1155,75.9605,75.9725
2026-03-23 14:44:00,75.9705,75.9735,75.8835,75.9195
2026-03-23 14:45:00,75.9185,76.2265,75.9125,76.2265
2026-03-23 14:46:00,76.2285,76.2985,76.1675,76.1755
2026-03-23 14:47:00,76.1785,76.2395,76.1425,76.2305
2026-03-23 14:48:00,76.2315,76.2605,76.1815,76.2045
2026-03-23 14:49:00,76.2015,76.3185,76.1435,76.2965
2026-03-23 14:50:00,76.2915,76.3395,76.2465,76.2625
2026-03-23 14:51:00,76.2595,76.3805,76.2375,76.3525
2026-03-23 14:52:00,76.3565,76.3835,76.2865,76.3015
2026-03-23 14:53:00,76.3035,76.3635,76.2095,76.2125
2026-03-23 14:54:00,76.2095,76.2485,76.1865,76.2455
2026-03-23 14:55:00,76.2415,76.2795,76.2195,76.2275
2026-03-23 14:56:00,76.2265,76.2595,76.1905,76.2475
2026-03-23 14:57:00,76.2445,76.3225,76.1965,76.2195
2026-03-23 14:58:00,76.2215,76.2615,76.1485,76.1565
2026-03-23 14:59:00,76.1605,76.2045,76.1455,76.1835
2026-03-23 15:00:00,76.1855,76.2695,76.1855,76.2025
2026-03-23 15:01:00,76.1995,76.2305,76.1345,76.1575
2026-03-23 15:02:00,76.1535,76.2545,76.1215,76.2535
2026-03-23 15:03:00,76.2495,76.2705,76.1905,76.2285
2026-03-23 15:04:00,76.2235,76.2595,76.2235,76.2265
2026-03-23 15:05:00,76.2235,76.2385,76.0765,76.1225
2026-03-23 15:06:00,76.1205,76.2585,76.0445,76.2185
2026-03-23 15:07:00,76.2135,76.3075,76.1805,76.2565
2026-03-23 15:08:00,76.2615,76.3445,76.2585,76.2855
2026-03-23 15:09:00,76.2835,76.3255,76.2585,76.3215
2026-03-23 15:10:00,76.3245,76.3245,76.2365,76.2535
2026-03-23 15:11:00,76.2565,76.3055,76.2305,76.2305
2026-03-23 15:12:00,76.2325,76.2335,76.1385,76.1385
2026-03-23 15:13:00,76.1355,76.1505,76.0185,76.0635
2026-03-23 15:14:00,76.0665,76.1255,76.0195,76.1255
2026-03-23 15:15:00,76.1275,76.1545,76.0395,76.0875
2026-03-23 15:16:00,76.0905,76.0905,75.8185,75.8215
2026-03-23 15:17:00,75.8235,76.0355,75.7965,76.0185
2026-03-23 15:18:00,76.0215,76.1775,76.0215,76.1765
2026-03-23 15:19:00,76.1785,76.2035,75.9955,76.0145
2026-03-23 15:20:00,76.0165,76.0335,75.9685,76.0175
2026-03-23 15:21:00,76.0155,76.1425,75.9865,76.1425
2026-03-23 15:22:00,76.1415,76.3135,76.1405,76.2105
2026-03-23 15:23:00,76.2095,76.2145,76.0985,76.1705
2026-03-23 15:24:00,76.1675,76.2265,76.1215,76.1435
2026-03-23 15:25:00,76.1405,76.2655,76.1405,76.2545
2026-03-23 15:26:00,76.2585,76.2775,76.1855,76.1925
2026-03-23 15:27:00,76.1955,76.2365,76.1535,76.1755
2026-03-23 15:28:00,76.1765,76.2325,76.1605,76.2195
2026-03-23 15:29:00,76.2215,76.2415,76.1695,76.2105
2026-03-23 15:30:00,76.2075,76.2995,76.2005,76.2775
2026-03-23 15:31:00,76.2795,76.3455,76.2555,76.3175
2026-03-23 15:32:00,76.3165,76.3905,76.3035,76.3905
2026-03-23 15:33:00,76.3935,76.3945,76.2865,76.3905
2026-03-23 15:34:00,76.3915,76.4535,76.3435,76.4325
2026-03-23 15:35:00,76.4365,76.4775,76.3875,76.4565
2026-03-23 15:36:00,76.4655,76.4695,76.3445,76.3635
2026-03-23 15:37:00,76.3655,76.4145,76.1855,76.1895
2026-03-23 15:38:00,76.1935,76.2475,76.1835,76.2305
2026-03-23 15:39:00,76.2295,76.2805,76.1065,76.1145
2026-03-23 15:40:00,76.1155,76.1255,76.0575,76.0755
2026-03-23 15:41:00,76.0785,76.1185,76.0525,76.1025
2026-03-23 15:42:00,76.0975,76.1865,76.0625,76.0655
2026-03-23 15:43:00,76.0875,76.1375,76.0445,76.0445
2026-03-23 15:44:00,76.0465,76.1675,76.0415,76.1635
2026-03-23 15:45:00,76.1655,76.2695,76.1655,76.2555
2026-03-23 15:46:00,76.2525,76.2825,76.2155,76.2275
2026-03-23 15:47:00,76.2245,76.2355,76.1485,76.1535
2026-03-23 15:48:00,76.1525,76.2645,76.1525,76.2605
2026-03-23 15:49:00,76.2535,76.3575,76.2315,76.3575
2026-03-23 15:50:00,76.3435,76.3625,76.2995,76.3125
2026-03-23 15:51:00,76.3105,76.3445,76.1875,76.1885
2026-03-23 15:52:00,76.1925,76.2525,76.1285,76.1395
2026-03-23 15:53:00,76.1365,76.1765,76.0175,76.0225
2026-03-23 15:54:00,76.0205,76.1495,76.0195,76.0615
2026-03-23 15:55:00,76.0575,76.0635,75.9735,75.9895
2026-03-23 15:56:00,75.9855,76.0995,75.8935,76.0975
2026-03-23 15:57:00,76.0985,76.0985,75.9865,75.9865
2026-03-23 15:58:00,75.9825,76.0475,75.9715,75.9925
2026-03-23 15:59:00,75.9935,76.0715,75.9935,76.0345
2026-03-23 16:00:00,76.0325,76.1575,75.9375,76.0985
2026-03-23 16:01:00,76.1015,76.1415,76.0675,76.0835
2026-03-23 16:02:00,76.0795,76.1515,76.0565,76.1515
2026-03-23 16:03:00,76.1525,76.2155,76.1355,76.2015
2026-03-23 16:04:00,76.2045,76.2115,76.1115,76.1915
2026-03-23 16:05:00,76.1885,76.1915,76.0915,76.1415
2026-03-23 16:06:00,76.1455,76.2385,76.1405,76.1855
2026-03-23 16:07:00,76.1835,76.2135,76.0595,76.0625
2026-03-23 16:08:00,76.0635,76.1025,76.0095,76.0815
2026-03-23 16:09:00,76.0775,76.0945,76.0545,76.0705
2026-03-23 16:10:00,76.0725,76.2495,76.0635,76.2365
2026-03-23 16:11:00,76.2415,76.2595,76.2025,76.2405
2026-03-23 16:12:00,76.2385,76.2775,76.1755,76.1855
2026-03-23 16:13:00,76.1895,76.2265,76.1615,76.2265
2026-03-23 16:14:00,76.2315,76.3715,76.2145,76.3035
2026-03-23 16:15:00,76.2995,76.3015,76.1915,76.2045
2026-03-23 16:16:00,76.2075,76.3035,76.1935,76.3035
2026-03-23 16:17:00,76.3075,76.3895,76.2815,76.3165
2026-03-23 16:18:00,76.3205,76.3495,76.2765,76.3025
2026-03-23 16:19:00,76.3015,76.3475,76.2725,76.2915
2026-03-23 16:20:00,76.2925,76.3275,76.2705,76.2815
2026-03-23 16:21:00,76.2865,76.2905,76.0875,76.1635
2026-03-23 16:22:00,76.1605,76.3325,76.1375,76.2645
2026-03-23 16:23:00,76.2735,76.3385,76.2005,76.3375
2026-03-23 16:24:00,76.3345,76.3725,76.3025,76.3155
2026-03-23 16:25:00,76.3115,76.4505,76.3115,76.4505
2026-03-23 16:26:00,76.4375,76.4575,76.3045,76.3535
2026-03-23 16:27:00,76.3505,76.3505,76.2295,76.3355
2026-03-23 16:28:00,76.3315,76.4415,76.3245,76.3925
2026-03-23 16:29:00,76.3895,76.3945,76.2415,76.3235
2026-03-23 16:30:00,76.3225,76.3905,76.2965,76.3475
2026-03-23 16:31:00,76.3505,76.3915,76.3135,76.3355
2026-03-23 16:32:00,76.3325,76.3705,76.2445,76.2605
2026-03-23 16:33:00,76.2515,76.2975,76.2275,76.2805
2026-03-23 16:34:00,76.2815,76.3305,76.2415,76.3265
2026-03-23 16:35:00,76.3235,76.3675,76.3155,76.3505
2026-03-23 16:36:00,76.3455,76.3455,76.2575,76.2675
2026-03-23 16:37:00,76.2695,76.2715,76.0285,76.0385
2026-03-23 16:38:00,76.0425,76.1475,76.0355,76.1415
2026-03-23 16:39:00,76.1435,76.3075,76.1435,76.3075
2026-03-23 16:40:00,76.3055,76.3575,76.2315,76.2515
2026-03-23 16:41:00,76.2535,76.3215,76.2415,76.2935
2026-03-23 16:42:00,76.2885,76.3055,76.1695,76.2085
2026-03-23 16:43:00,76.2095,76.2945,76.1955,76.2365
2026-03-23 16:44:00,76.2375,76.2505,76.1415,76.2365
2026-03-23 16:45:00,76.2315,76.3475,76.2085,76.3405
2026-03-23 16:46:00,76.3385,76.3645,76.2885,76.3245
2026-03-23 16:47:00,76.3295,76.3385,76.0905,76.1005
2026-03-23 16:48:00,76.1045,76.1305,75.8645,75.8995
2026-03-23 16:49:00,75.8965,75.9425,75.6815,75.6815
2026-03-23 16:50:00,75.6835,75.6955,75.6365,75.6955
2026-03-23 16:51:00,75.6975,75.7065,75.6215,75.6635
2026-03-23 16:52:00,75.6655,75.6855,75.5685,75.6205
2026-03-23 16:53:00,75.6195,75.7345,75.5905,75.5945
2026-03-23 16:54:00,75.5995,75.6655,75.5405,75.6165
2026-03-23 16:55:00,75.6215,75.6605,75.5045,75.5075
2026-03-23 16:56:00,75.5225,75.5745,75.3795,75.3945
2026-03-23 16:57:00,75.3905,75.4095,75.2935,75.3095
2026-03-23 16:58:00,75.3125,75.3125,75.0935,75.0965
2026-03-23 16:59:00,75.0955,75.1905,75.0945,75.1765
2026-03-23 17:00:00,75.1755,75.2195,75.1245,75.2005
2026-03-23 17:01:00,75.1965,75.2735,75.1785,75.1785
2026-03-23 17:02:00,75.1805,75.3245,75.1805,75.3075
2026-03-23 17:03:00,75.3065,75.3345,75.2545,75.3125
2026-03-23 17:04:00,75.3105,75.4035,75.3025,75.4035
2026-03-23 17:05:00,75.4055,75.4785,75.3425,75.3475
2026-03-23 17:06:00,75.3505,75.3825,75.3155,75.3455
2026-03-23 17:07:00,75.3495,75.3675,75.2745,75.3235
2026-03-23 17:08:00,75.3255,75.3475,75.2995,75.3095
2026-03-23 17:09:00,75.3065,75.3945,75.3025,75.3785
2026-03-23 17:10:00,75.3825,75.3825,75.3115,75.3345
2026-03-23 17:11:00,75.3355,75.3915,75.2725,75.3655
2026-03-23 17:12:00,75.3665,75.3815,75.2215,75.2595
2026-03-23 17:13:00,75.2615,75.2855,75.2135,75.2455
2026-03-23 17:14:00,75.2465,75.2545,75.1085,75.1335
2026-03-23 17:15:00,75.0895,75.1825,75.0745,75.1515
2026-03-23 17:16:00,75.1565,75.2995,75.1485,75.2915
2026-03-23 17:17:00,75.2925,75.3415,75.2455,75.3345
2026-03-23 17:18:00,75.3105,75.3275,75.1845,75.1845
2026-03-23 17:19:00,75.1865,75.2265,75.1515,75.1565
2026-03-23 17:20:00,75.1605,75.1665,75.0755,75.1185
2026-03-23 17:21:00,75.1195,75.1695,75.0935,75.1305
2026-03-23 17:22:00,75.1295,75.1755,75.0885,75.1005
2026-03-23 17:23:00,75.1035,75.1495,75.0535,75.1345
2026-03-23 17:24:00,75.1335,75.1505,75.0905,75.1435
2026-03-23 17:25:00,75.1425,75.1995,75.1195,75.1775
2026-03-23 17:26:00,75.1755,75.2805,75.1505,75.2475
2026-03-23 17:27:00,75.2455,75.3095,75.2455,75.2765
2026-03-23 17:28:00,75.2755,75.3445,75.2475,75.3445
2026-03-23 17:29:00,75.3425,75.3525,75.2095,75.2295
2026-03-23 17:30:00,75.2115,75.2115,74.8235,74.8375
2026-03-23 17:31:00,74.8405,74.9205,74.8305,74.8775
2026-03-23 17:32:00,74.8765,74.9425,74.8565,74.9355
2026-03-23 17:33:00,74.9395,74.9925,74.9095,74.9515
2026-03-23 17:34:00,74.9525,74.9945,74.8945,74.9685
2026-03-23 17:35:00,74.9645,75.0285,74.9225,74.9815
2026-03-23 17:36:00,74.9855,75.0045,74.9255,74.9755
2026-03-23 17:37:00,74.9805,74.9865,74.8375,74.8525
2026-03-23 17:38:00,74.7945,74.8475,74.7715,74.8265
2026-03-23 17:39:00,74.8325,74.9145,74.7995,74.8805
2026-03-23 17:40:00,74.8815,74.9755,74.8815,74.9625
2026-03-23 17:41:00,74.9615,75.0435,74.9505,75.0285
2026-03-23 17:42:00,75.0315,75.2485,75.0275,75.2265
2026-03-23 17:43:00,75.2295,75.2535,75.1825,75.2195
2026-03-23 17:44:00,75.2225,75.2765,75.2075,75.2685
2026-03-23 17:45:00,75.2655,75.4055,75.2605,75.4055
2026-03-23 17:46:00,75.4045,75.4555,75.3695,75.4125
2026-03-23 17:47:00,75.4155,75.4735,75.3865,75.4715
2026-03-23 17:48:00,75.4725,75.5225,75.4505,75.4695
2026-03-23 17:49:00,75.4705,75.6175,75.4705,75.6065
2026-03-23 17:50:00,75.6035,75.7215,75.6025,75.6815
2026-03-23 17:51:00,75.6765,75.7275,75.6065,75.7225
2026-03-23 17:52:00,75.7175,75.7965,75.6915,75.7265
2026-03-23 17:53:00,75.7305,75.8585,75.7305,75.8585
2026-03-23 17:54:00,75.8575,75.8575,75.5865,75.5865
2026-03-23 17:55:00,75.5885,75.6455,75.5445,75.6385
2026-03-23 17:56:00,75.6405,75.7365,75.6165,75.7315
2026-03-23 17:57:00,75.7335,75.9755,75.7275,75.9495
2026-03-23 17:58:00,75.9445,75.9485,75.8545,75.8625
2026-03-23 17:59:00,75.8575,75.9545,75.8385,75.8775
2026-03-23 18:00:00,75.8755,75.8795,75.7515,75.7655
2026-03-23 18:01:00,75.7625,75.8345,75.7335,75.7435
2026-03-23 18:02:00,75.7415,75.8665,75.7155,75.8335
2026-03-23 18:03:00,75.8355,75.9695,75.8185,75.9635
2026-03-23 18:04:00,75.9625,76.0615,75.9625,76.0135
2026-03-23 18:05:00,75.9875,76.3155,75.9775,76.2485
2026-03-23 18:06:00,76.2655,76.3245,76.2165,76.3025
2026-03-23 18:07:00,76.3005,76.3785,76.2825,76.3515
2026-03-23 18:08:00,76.3555,76.4705,76.3535,76.4695
2026-03-23 18:09:00,76.4665,76.5365,76.4635,76.5055
2026-03-23 18:10:00,76.5025,76.5255,76.4435,76.5075
2026-03-23 18:11:00,76.5035,76.8875,76.5005,76.8835
2026-03-23 18:12:00,76.8675,76.9085,76.7145,76.7285
2026-03-23 18:13:00,76.7315,76.7385,76.6285,76.7085
2026-03-23 18:14:00,76.7125,76.7305,76.6615,76.6985
2026-03-23 18:15:00,76.6975,76.7485,76.6635,76.7375
2026-03-23 18:16:00,76.7405,76.7725,76.6795,76.6795
2026-03-23 18:17:00,76.6815,76.7055,76.6145,76.6605
2026-03-23 18:18:00,76.6625,76.7135,76.6155,76.7075
2026-03-23 18:19:00,76.7035,76.7105,76.6525,76.6525
2026-03-23 18:20:00,76.6475,76.7165,76.6315,76.6555
2026-03-23 18:21:00,76.6545,76.6545,76.5505,76.5705
2026-03-23 18:22:00,76.5695,76.5965,76.4645,76.5715
2026-03-23 18:23:00,76.5735,76.6915,76.5725,76.6915
2026-03-23 18:24:00,76.6895,76.7485,76.6865,76.7075
2026-03-23 18:25:00,76.7035,76.9125,76.6925,76.8405
2026-03-23 18:26:00,76.8425,76.9055,76.8185,76.8265
2026-03-23 18:27:00,76.8185,76.8455,76.7055,76.7545
2026-03-23 18:28:00,76.7505,76.7855,76.6955,76.7355
2026-03-23 18:29:00,76.7315,76.8115,76.6945,76.7935
2026-03-23 18:30:00,76.7955,76.8005,76.4645,76.5255
2026-03-23 18:31:00,76.5275,76.5925,76.4615,76.5185
2026-03-23 18:32:00,76.5175,76.5355,76.4535,76.4855
2026-03-23 18:33:00,76.4835,76.5065,76.4035,76.4605
2026-03-23 18:34:00,76.4575,76.6115,76.4545,76.6095
2026-03-23 18:35:00,76.6145,76.6145,76.5235,76.5945
2026-03-23 18:36:00,76.5955,76.6785,76.5755,76.6135
2026-03-23 18:37:00,76.6175,76.6985,76.6125,76.6515
2026-03-23 18:38:00,76.6465,76.7265,76.6305,76.7225
2026-03-23 18:39:00,76.7265,76.8695,76.7265,76.7985
2026-03-23 18:40:00,76.7955,76.8865,76.7885,76.8735
2026-03-23 18:41:00,76.8715,76.9595,76.8425,76.9555
2026-03-23 18:42:00,76.9475,77.0015,76.8715,76.9425
2026-03-23 18:43:00,76.9395,76.9905,76.8405,76.8445
2026-03-23 18:44:00,76.8405,76.9895,76.8035,76.9855
2026-03-23 18:45:00,76.9865,77.0215,76.9365,77.0085
2026-03-23 18:46:00,77.0075,77.0835,77.0035,77.0435
2026-03-23 18:47:00,77.0425,77.0535,76.9945,77.0145
2026-03-23 18:48:00,77.0135,77.0695,76.9785,77.0635
2026-03-23 18:49:00,77.0905,77.1075,76.9875,76.9935
2026-03-23 18:50:00,76.9925,77.0025,76.8515,76.8675
2026-03-23 18:51:00,76.8685,76.8725,76.7345,76.8465
2026-03-23 18:52:00,76.8495,76.9475,76.8475,76.9405
2026-03-23 18:53:00,76.9395,76.9935,76.9275,76.9725
2026-03-23 18:54:00,76.9735,76.9805,76.9195,76.9585
2026-03-23 18:55:00,76.9575,76.9805,76.6415,76.6775
2026-03-23 18:56:00,76.6795,76.6815,76.5845,76.6485
2026-03-23 18:57:00,76.6465,76.7305,76.5825,76.7205
2026-03-23 18:58:00,76.7185,76.8215,76.6875,76.8215
2026-03-23 18:59:00,76.8305,76.9245,76.8205,76.9145
2026-03-23 19:00:00,76.9125,76.9535,76.8985,76.9385
2026-03-23 19:01:00,76.9365,76.9745,76.8955,76.8995
2026-03-23 19:02:00,76.8965,77.0595,76.8915,77.0435
2026-03-23 19:03:00,77.0475,77.0905,77.0105,77.0495
2026-03-23 19:04:00,77.0475,77.0885,76.9325,76.9605
2026-03-23 19:05:00,76.9595,77.0175,76.9395,76.9675
2026-03-23 19:06:00,76.9645,77.0345,76.8305,76.8965
2026-03-23 19:07:00,76.8975,77.0065,76.8655,76.9525
2026-03-23 19:08:00,76.9565,77.1065,76.8935,77.0725
2026-03-23 19:09:00,77.0765,77.0895,76.9975,77.0235
2026-03-23 19:10:00,77.0255,77.0255,76.9025,76.9155
2026-03-23 19:11:00,76.9135,76.9135,76.7045,76.7325
2026-03-23 19:12:00,76.7335,76.7765,76.6805,76.7065
2026-03-23 19:13:00,76.7085,76.7665,76.6535,76.7535
2026-03-23 19:14:00,76.7515,76.7715,76.6165,76.6285
2026-03-23 19:15:00,76.6315,76.6685,76.5955,76.5975
2026-03-23 19:16:00,76.6015,76.7255,76.6015,76.6805
2026-03-23 19:17:00,76.6775,76.7295,76.6585,76.7085
2026-03-23 19:18:00,76.7115,76.7365,76.6255,76.6945
2026-03-23 19:19:00,76.6845,76.7105,76.6125,76.6535
2026-03-23 19:20:00,76.6515,76.6855,76.6005,76.6545
2026-03-23 19:21:00,76.6555,76.6715,76.6255,76.6255
2026-03-23 19:22:00,76.6215,76.7375,76.6215,76.7085
2026-03-23 19:23:00,76.7135,76.7315,76.5605,76.7195
2026-03-23 19:24:00,76.7165,76.7685,76.7095,76.7435
2026-03-23 19:25:00,76.7425,76.8845,76.7165,76.8845
2026-03-23 19:26:00,76.8865,76.8965,76.7555,76.8015
2026-03-23 19:27:00,76.7795,76.7875,76.6465,76.6675
2026-03-23 19:28:00,76.6635,76.7455,76.6545,76.7425
2026-03-23 19:29:00,76.7355,76.7855,76.5155,76.5155
2026-03-23 19:30:00,76.5145,76.5975,76.5085,76.5425
2026-03-23 19:31:00,76.5325,76.6035,76.4685,76.4845
2026-03-23 19:32:00,76.4745,76.5685,76.4145,76.5445
2026-03-23 19:33:00,76.5415,76.5705,76.4245,76.4255
2026-03-23 19:34:00,76.4215,76.4215,76.2775,76.2925
2026-03-23 19:35:00,76.2955,76.3675,76.2775,76.2805
2026-03-23 19:36:00,76.2885,76.2925,76.1975,76.2395
2026-03-23 19:37:00,76.2345,76.2425,76.1365,76.1445
2026-03-23 19:38:00,76.1425,76.1425,76.0195,76.0385
2026-03-23 19:39:00,76.0405,76.0905,75.9645,75.9875
2026-03-23 19:40:00,75.9865,75.9955,75.8495,75.8505
2026-03-23 19:41:00,75.8445,75.8935,75.7925,75.8655
2026-03-23 19:42:00,75.8675,75.8865,75.7705,75.7815
2026-03-23 19:43:00,75.7805,75.9365,75.7475,75.9255
2026-03-23 19:44:00,75.9225,76.1595,75.9225,76.1565
2026-03-23 19:45:00,76.1525,76.2735,76.1375,76.2495
2026-03-23 19:46:00,76.2485,76.4915,76.1955,76.4795
2026-03-23 19:47:00,76.4655,76.5425,76.4395,76.5365
2026-03-23 19:48:00,76.5315,76.5885,76.4875,76.5345
2026-03-23 19:49:00,76.5365,76.6365,76.5275,76.6365
2026-03-23 19:50:00,76.6325,76.6685,76.5575,76.5685
2026-03-23 19:51:00,76.5695,76.5905,76.5055,76.5285
2026-03-23 19:52:00,76.5255,76.5295,76.4305,76.4665
2026-03-23 19:53:00,76.4645,76.4965,76.4155,76.4605
2026-03-23 19:54:00,76.4595,76.4725,76.4015,76.4245
2026-03-23 19:55:00,76.4255,76.5165,76.4185,76.5135
2026-03-23 19:56:00,76.5115,76.5635,76.4365,76.4485
2026-03-23 19:57:00,76.4415,76.5515,76.4365,76.4945
2026-03-23 19:58:00,76.4925,76.6705,76.4925,76.6115
2026-03-23 19:59:00,76.6145,76.6735,76.6145,76.6655
2026-03-23 20:00:00,76.6685,76.8215,76.6585,76.7905
2026-03-23 20:01:00,76.7945,76.8605,76.7595,76.8315
2026-03-23 20:02:00,76.8335,76.8735,76.7515,76.7525
2026-03-23 20:03:00,76.7545,76.8005,76.7315,76.7325
2026-03-23 20:04:00,76.7315,76.7755,76.6305,76.7405
2026-03-23 20:05:00,76.7595,76.8155,76.7595,76.7995
2026-03-23 20:06:00,76.7985,76.8105,76.7475,76.7985
2026-03-23 20:07:00,76.7975,76.9175,76.7975,76.9135
2026-03-23 20:08:00,76.9125,76.9585,76.8955,76.9105
2026-03-23 20:09:00,76.9125,76.9475,76.7935,76.8065
2026-03-23 20:10:00,76.8015,76.8215,76.7415,76.7445
2026-03-23 20:11:00,76.7395,76.7775,76.7075,76.7375
2026-03-23 20:12:00,76.7405,76.7505,76.6575,76.6845
2026-03-23 20:13:00,76.6885,76.7505,76.6795,76.7345
2026-03-23 20:14:00,76.7395,76.8365,76.7395,76.8345
2026-03-23 20:15:00,76.8335,76.8575,76.7715,76.7715
2026-03-23 20:16:00,76.7735,76.9255,76.7615,76.8625
2026-03-23 20:17:00,76.8605,76.8715,76.6575,76.6585
2026-03-23 20:18:00,76.6545,76.7265,76.6145,76.6415
2026-03-23 20:19:00,76.6375,76.7735,76.6305,76.7705
2026-03-23 20:20:00,76.7715,76.8555,76.7585,76.8115
2026-03-23 20:21:00,76.8085,76.8535,76.7625,76.8505
2026-03-23 20:22:00,76.8485,76.8825,76.7955,76.8225
2026-03-23 20:23:00,76.8245,76.8565,76.7175,76.8435
2026-03-23 20:24:00,76.8385,76.9145,76.8335,76.9125
2026-03-23 20:25:00,76.9085,77.0185,76.8835,76.9115
2026-03-23 20:26:00,76.9095,76.9255,76.7965,76.8055
2026-03-23 20:27:00,76.8025,76.8255,76.7445,76.8195
2026-03-23 20:28:00,76.8225,76.8415,76.7435,76.7575
2026-03-23 20:29:00,76.7565,76.8115,76.6895,76.7075
2026-03-23 20:30:00,76.7115,76.7305,76.6105,76.6235
2026-03-23 20:31:00,76.6185,76.6955,76.6035,76.6195
2026-03-23 20:32:00,76.6155,76.8155,76.6125,76.7565
2026-03-23 20:33:00,76.7685,76.8975,76.7685,76.8345
2026-03-23 20:34:00,76.8335,76.9575,76.8185,76.9455
2026-03-23 20:35:00,76.9415,76.9765,76.9065,76.9465
2026-03-23 20:36:00,76.9425,76.9565,76.8635,76.9005
2026-03-23 20:37:00,76.8995,76.8995,76.7655,76.7825
2026-03-23 20:38:00,76.7815,76.8345,76.7455,76.7755
2026-03-23 20:39:00,76.7715,76.8615,76.7605,76.8195
2026-03-23 20:40:00,76.8145,76.8145,76.7465,76.7545
2026-03-23 20:41:00,76.7575,76.8845,76.7575,76.8685
2026-03-23 20:42:00,76.8665,76.8665,76.6785,76.6855
2026-03-23 20:43:00,76.6895,76.8135,76.6555,76.8035
2026-03-23 20:44:00,76.8085,76.8325,76.6585,76.6585
2026-03-23 20:45:00,76.6545,76.6835,76.5365,76.5405
2026-03-23 20:46:00,76.5415,76.5655,76.4955,76.5625
2026-03-23 20:47:00,76.5575,76.6035,76.5115,76.5695
2026-03-23 20:48:00,76.5715,76.5875,76.4665,76.4675
2026-03-23 20:49:00,76.4695,76.4865,76.4035,76.4825
2026-03-23 20:50:00,76.4845,76.5635,76.4845,76.5605
2026-03-23 20:51:00,76.5645,76.6385,76.5435,76.6305
2026-03-23 20:52:00,76.6275,76.6595,76.6015,76.6545
2026-03-23 20:53:00,76.6565,76.7555,76.6205,76.7545
2026-03-23 20:54:00,76.7505,76.8905,76.7455,76.7945
2026-03-23 20:55:00,76.7925,76.7935,76.6915,76.7355
2026-03-23 20:56:00,76.7315,76.7475,76.6295,76.7475
2026-03-23 20:57:00,76.7585,76.7885,76.7335,76.7585
2026-03-23 20:58:00,76.7475,76.7745,76.6815,76.7285
2026-03-23 20:59:00,76.7295,76.8735,76.7275,76.8305
2026-03-23 21:00:00,76.8355,76.8555,76.7665,76.8275
2026-03-23 21:01:00,76.8245,76.8825,76.7615,76.7615
2026-03-23 21:02:00,76.7645,76.9045,76.7345,76.8945
2026-03-23 21:03:00,76.8985,76.9665,76.8815,76.9285
2026-03-23 21:04:00,76.9315,76.9625,76.8275,76.8285
2026-03-23 21:05:00,76.8235,76.8235,76.7135,76.7575
2026-03-23 21:06:00,76.7555,76.8155,76.7505,76.7895
2026-03-23 21:07:00,76.7865,76.8175,76.7665,76.7815
2026-03-23 21:08:00,76.7785,76.8335,76.7565,76.7875
2026-03-23 21:09:00,76.7925,76.9265,76.7905,76.8875
2026-03-23 21:10:00,76.8655,76.9795,76.8605,76.9485
2026-03-23 21:11:00,76.9515,76.9555,76.8735,76.9115
2026-03-23 21:12:00,76.9065,76.9205,76.8295,76.8515
2026-03-23 21:13:00,76.8465,76.9335,76.8415,76.9175
2026-03-23 21:14:00,76.9165,77.0455,76.8775,77.0455
2026-03-23 21:15:00,77.0445,77.0645,76.9145,76.9515
2026-03-23 21:16:00,76.9525,76.9975,76.8725,76.9855
2026-03-23 21:17:00,76.9865,77.0035,76.9245,76.9795
2026-03-23 21:18:00,76.9775,77.0475,76.9015,77.0445
2026-03-23 21:19:00,77.0435,77.0915,76.9815,77.0025
2026-03-23 21:20:00,76.9965,77.1005,76.9965,77.0955
2026-03-23 21:21:00,77.0985,77.1215,77.0325,77.0925
2026-03-23 21:22:00,77.0955,77.1835,77.0625,77.1345
2026-03-23 21:23:00,77.1385,77.1785,77.0335,77.0505
2026-03-23 21:24:00,77.0485,77.2005,77.0485,77.1935
2026-03-23 21:25:00,77.1965,77.3145,77.1825,77.2965
2026-03-23 21:26:00,77.2935,77.3205,77.1765,77.1765
2026-03-23 21:27:00,77.1745,77.1765,76.8145,76.8575
2026-03-23 21:28:00,76.8565,76.8965,76.8565,76.8725
2026-03-23 21:29:00,76.8345,76.8915,76.7725,76.7725
2026-03-23 21:30:00,76.7745,76.7745,76.7185,76.7355
2026-03-23 21:31:00,76.7315,76.7315,76.5755,76.6075
2026-03-23 21:32:00,76.6115,76.6805,76.5635,76.6685
2026-03-23 21:33:00,76.6765,76.6765,76.5965,76.5985
2026-03-23 21:34:00,76.6035,76.6535,76.5635,76.6445
2026-03-23 21:35:00,76.6465,76.6635,76.4845,76.4885
2026-03-23 21:36:00,76.4875,76.5855,76.4805,76.5075
2026-03-23 21:37:00,76.5085,76.5085,76.3695,76.3785
2026-03-23 21:38:00,76.3795,76.3875,76.2815,76.3515
2026-03-23 21:39:00,76.3565,76.4125,76.3255,76.3685
2026-03-23 21:40:00,76.3645,76.3975,76.2315,76.2535
2026-03-23 21:41:00,76.2545,76.2805,76.2165,76.2345
2026-03-23 21:42:00,76.2335,76.2865,76.2335,76.2855
2026-03-23 21:43:00,76.2845,76.2975,76.2465,76.2555
2026-03-23 21:44:00,76.2575,76.3245,76.2405,76.2425
2026-03-23 21:45:00,76.2435,76.2945,76.2065,76.2935
2026-03-23 21:46:00,76.2965,76.3155,76.2675,76.2815
2026-03-23 21:47:00,76.2955,76.3155,76.1515,76.2015
2026-03-23 21:48:00,76.1985,76.3445,76.1945,76.3325
2026-03-23 21:49:00,76.3305,76.3415,76.1975,76.2145
2026-03-23 21:50:00,76.2135,76.3095,76.1955,76.2035
2026-03-23 21:51:00,76.2075,76.2475,76.1815,76.2255
2026-03-23 21:52:00,76.2295,76.2365,76.0635,76.1245
2026-03-23 21:53:00,76.1275,76.1885,76.0815,76.0865
2026-03-23 21:54:00,76.0855,76.1965,76.0795,76.0795
2026-03-23 21:55:00,76.0745,76.1745,76.0425,76.1315
2026-03-23 21:56:00,76.1365,76.1515,75.9725,76.0175
2026-03-23 21:57:00,76.0155,76.1005,76.0055,76.0465
2026-03-23 21:58:00,76.0485,76.0575,75.9915,76.0085
2026-03-23 21:59:00,75.9635,75.9645,75.8735,75.8795
2026-03-23 22:00:00,75.8785,75.8975,75.7395,75.7605
2026-03-23 22:01:00,75.7635,75.8205,75.7285,75.8165
2026-03-23 22:02:00,75.8185,75.8675,75.7315,75.7355
2026-03-23 22:03:00,75.7365,75.7455,75.6485,75.6625
2026-03-23 22:04:00,75.6825,75.7495,75.5965,75.7385
2026-03-23 22:05:00,75.7405,75.7675,75.6695,75.6695
2026-03-23 22:06:00,75.6705,75.6815,75.5955,75.6155
2026-03-23 22:07:00,75.6145,75.7035,75.5695,75.7015
2026-03-23 22:08:00,75.7025,75.8025,75.6695,75.7865
2026-03-23 22:09:00,75.7845,75.8475,75.7075,75.7715
2026-03-23 22:10:00,75.7705,75.7755,75.6865,75.7125
2026-03-23 22:11:00,75.7085,75.8215,75.6895,75.8015
2026-03-23 22:12:00,75.7925,75.9335,75.7795,75.9205
2026-03-23 22:13:00,75.9225,75.9895,75.9025,75.9185
2026-03-23 22:14:00,75.9155,75.9725,75.8835,75.9095
2026-03-23 22:15:00,75.9265,75.9825,75.8555,75.9385
2026-03-23 22:16:00,75.9435,76.0335,75.8975,76.0275
2026-03-23 22:17:00,76.0305,76.1085,76.0145,76.0965
2026-03-23 22:18:00,76.0945,76.0985,75.9655,76.0205
2026-03-23 22:19:00,76.0185,76.1845,75.9945,76.1195
2026-03-23 22:20:00,76.1215,76.1215,76.0785,76.0825
2026-03-23 22:21:00,76.0875,76.1965,76.0795,76.1735
2026-03-23 22:22:00,76.1705,76.3085,76.1045,76.2785
2026-03-23 22:23:00,76.2805,76.3385,76.2185,76.2185
2026-03-23 22:24:00,76.2155,76.2675,76.1895,76.1905
2026-03-23 22:25:00,76.1855,76.2965,76.1855,76.2965
2026-03-23 22:26:00,76.2935,76.3385,76.1665,76.1745
2026-03-23 22:27:00,76.1735,76.4455,76.1635,76.4455
2026-03-23 22:28:00,76.4495,76.4755,76.2635,76.2885
2026-03-23 22:29:00,76.2905,76.3665,76.2705,76.3145
2026-03-23 22:30:00,76.3185,76.3555,76.2555,76.3555
2026-03-23 22:31:00,76.3525,76.4135,76.3155,76.3795
2026-03-23 22:32:00,76.3815,76.4365,76.3605,76.3845
2026-03-23 22:33:00,76.3685,76.4145,76.3465,76.3915
2026-03-23 22:34:00,76.3935,76.5175,76.3805,76.5155
2026-03-23 22:35:00,76.5195,76.5475,76.4015,76.5125
2026-03-23 22:36:00,76.5085,76.6295,76.5005,76.5945
2026-03-23 22:37:00,76.5975,76.7755,76.5885,76.6615
2026-03-23 22:38:00,76.6565,76.6825,76.5915,76.6265
2026-03-23 22:39:00,76.6255,76.6845,76.6035,76.6755
2026-03-23 22:40:00,76.6765,76.7835,76.6585,76.7685
2026-03-23 22:41:00,76.7665,76.8355,76.7225,76.7545
2026-03-23 22:42:00,76.7495,76.7875,76.6885,76.7785
2026-03-23 22:43:00,76.7745,76.8295,76.7075,76.7235
2026-03-23 22:44:00,76.7255,76.7755,76.6895,76.7025
2026-03-23 22:45:00,76.7065,76.7575,76.6815,76.7065
2026-03-23 22:46:00,76.7055,76.7365,76.6585,76.6955
2026-03-23 22:47:00,76.6935,76.8795,76.6935,76.7525
2026-03-23 22:48:00,76.7565,76.9075,76.7565,76.8915
2026-03-23 22:49:00,76.8885,76.9515,76.8595,76.9015
2026-03-23 22:50:00,76.8995,76.9665,76.8405,76.9525
2026-03-23 22:51:00,76.9495,76.9515,76.7995,76.9425
2026-03-23 22:52:00,76.9445,77.0075,76.9135,76.9895
2026-03-23 22:53:00,76.9865,77.0125,76.8805,76.8985
2026-03-23 22:54:00,76.8935,77.0125,76.8935,77.0125
2026-03-23 22:55:00,77.0095,77.1565,77.0045,77.1125
2026-03-23 22:56:00,77.1145,77.1415,77.0265,77.0845
2026-03-23 22:57:00,77.0875,77.0995,76.9835,76.9985
2026-03-23 22:58:00,76.9995,77.0365,76.9825,77.0205
2026-03-23 22:59:00,77.0185,77.0585,76.9855,77.0155
2026-03-23 23:00:00,77.0175,77.0205,76.8355,76.8645
2026-03-23 23:01:00,76.8595,76.8895,76.7335,76.8205
2026-03-23 23:02:00,76.8405,76.9785,76.8405,76.9615
2026-03-23 23:03:00,76.9565,76.9675,76.8885,76.9245
2026-03-23 23:04:00,76.9275,77.0075,76.9155,76.9255
2026-03-23 23:05:00,76.9235,77.0095,76.9025,77.0085
2026-03-23 23:06:00,77.0095,77.0285,76.9545,76.9645
2026-03-23 23:07:00,76.9615,77.0055,76.9035,76.9525
2026-03-23 23:08:00,76.9485,76.9985,76.8795,76.8955
2026-03-23 23:09:00,76.8925,76.9885,76.8685,76.8775
2026-03-23 23:10:00,76.8735,76.8735,76.8145,76.8165
2026-03-23 23:11:00,76.8135,76.8165,76.7095,76.7215
2026-03-23 23:12:00,76.7195,76.8495,76.7085,76.8305
2026-03-23 23:13:00,76.8275,76.8855,76.7945,76.8825
2026-03-23 23:14:00,76.8775,76.9095,76.8465,76.8745
2026-03-23 23:15:00,76.8705,77.1745,76.8145,77.1625
2026-03-23 23:16:00,77.1615,77.2395,77.1475,77.1665
2026-03-23 23:17:00,77.1615,77.2095,77.1205,77.2055
2026-03-23 23:18:00,77.1945,77.2455,77.1255,77.1465
2026-03-23 23:19:00,77.1515,77.2325,77.0455,77.0455
2026-03-23 23:20:00,77.0405,77.0635,76.9685,76.9685
2026-03-23 23:21:00,76.9705,77.0125,76.9395,76.9675
2026-03-23 23:22:00,76.9635,77.0715,76.9375,77.0675
2026-03-23 23:23:00,77.0715,77.1545,77.0695,77.1065
2026-03-23 23:24:00,77.1085,77.1085,76.9915,77.0115
2026-03-23 23:25:00,77.0125,77.2495,76.9575,77.2485
2026-03-23 23:26:00,77.2535,77.3095,77.1425,77.1455
2026-03-23 23:27:00,77.1465,77.1995,77.1215,77.1565
2026-03-23 23:28:00,77.1585,77.2805,77.1245,77.2115
2026-03-23 23:29:00,77.1995,77.2625,77.1645,77.2315
2026-03-23 23:30:00,77.2365,77.2455,77.0825,77.1195
2026-03-23 23:31:00,77.1235,77.1295,76.9405,76.9485
2026-03-23 23:32:00,76.9465,76.9835,76.8895,76.9325
2026-03-23 23:33:00,76.9295,76.9745,76.9225,76.9665
2026-03-23 23:34:00,76.9615,76.9705,76.9045,76.9235
2026-03-23 23:35:00,76.9205,76.9265,76.8145,76.8815
2026-03-23 23:36:00,76.8855,76.9305,76.8475,76.8805
2026-03-23 23:37:00,76.8825,76.9815,76.8735,76.9265
2026-03-23 23:38:00,76.9295,76.9735,76.8995,76.9195
2026-03-23 23:39:00,76.9245,76.9935,76.9205,76.9815
2026-03-23 23:40:00,76.9845,77.0175,76.9155,76.9915
2026-03-23 23:41:00,76.9905,77.0215,76.9255,76.9905
2026-03-23 23:42:00,76.9865,76.9905,76.8475,76.8605
2026-03-23 23:43:00,76.8565,76.9745,76.8515,76.8855
2026-03-23 23:44:00,76.8875,76.9535,76.8585,76.8745
2026-03-23 23:45:00,76.8735,76.9005,76.8285,76.8785
2026-03-23 23:46:00,76.8755,76.8845,76.7675,76.7855
2026-03-23 23:47:00,76.7835,76.8185,76.7335,76.7415
2026-03-23 23:48:00,76.7395,76.7395,76.6715,76.6795
2026-03-23 23:49:00,76.6775,76.7505,76.6555,76.7075
2026-03-23 23:50:00,76.7045,76.7675,76.6735,76.7035
2026-03-23 23:51:00,76.7065,76.7915,76.6735,76.7915
2026-03-23 23:52:00,76.7955,76.8845,76.7325,76.7465
2026-03-23 23:53:00,76.7425,76.8525,76.7335,76.8475
2026-03-23 23:54:00,76.8415,77.0155,76.8355,77.0125
2026-03-23 23:55:00,77.0165,77.0985,77.0075,77.0725
2026-03-23 23:56:00,77.0715,77.2815,77.0575,77.1635
2026-03-23 23:57:00,77.1645,77.1645,77.0745,77.1035
2026-03-23 23:58:00,77.1065,77.1565,76.9765,77.0705
2026-03-23 23:59:00,77.0685,77.2435,77.0575,77.2295
2026-03-24 00:00:00,77.2305,77.3115,77.2205,77.2645
2026-03-24 00:01:00,77.2615,77.2635,76.9795,77.0155
2026-03-24 00:02:00,77.0115,77.0415,76.9825,77.0365
2026-03-24 00:03:00,77.0325,77.0445,76.8585,76.8685
2026-03-24 00:04:00,76.8695,76.8725,76.7765,76.8135
2026-03-24 00:05:00,76.8175,76.8565,76.6895,76.6895
2026-03-24 00:06:00,76.6865,76.6885,76.6265,76.6515
2026-03-24 00:07:00,76.6555,76.6605,76.5635,76.5935
2026-03-24 00:08:00,76.5895,76.6765,76.5755,76.6725
2026-03-24 00:09:00,76.6695,76.7345,76.6665,76.7025
2026-03-24 00:10:00,76.7045,76.7535,76.6755,76.7105
2026-03-24 00:11:00,76.7325,76.7355,76.5285,76.6915
2026-03-24 00:12:00,76.6955,76.7145,76.6205,76.7035
2026-03-24 00:13:00,76.7055,76.8015,76.6165,76.8015
2026-03-24 00:14:00,76.7995,76.8595,76.7185,76.8415
2026-03-24 00:15:00,76.8475,76.9115,76.8325,76.8735
2026-03-24 00:16:00,76.8725,77.0045,76.8495,76.9305
2026-03-24 00:17:00,76.9355,76.9475,76.8595,76.9255
2026-03-24 00:18:00,76.9205,76.9255,76.8225,76.8735
2026-03-24 00:19:00,76.8745,76.9875,76.8725,76.9695
2026-03-24 00:20:00,76.9735,77.0005,76.9415,76.9985
2026-03-24 00:21:00,76.9995,77.0935,76.9995,77.0465
2026-03-24 00:22:00,77.0455,77.0545,76.9395,76.9555
2026-03-24 00:23:00,76.9575,76.9765,76.9065,76.9495
2026-03-24 00:24:00,76.9475,76.9545,76.8955,76.9175
2026-03-24 00:25:00,76.9215,76.9635,76.8615,76.9505
2026-03-24 00:26:00,76.9555,76.9765,76.8715,76.9135
2026-03-24 00:27:00,76.9105,76.9255,76.7435,76.7435
2026-03-24 00:28:00,76.7425,76.8175,76.7155,76.7815
2026-03-24 00:29:00,76.7845,76.8255,76.7485,76.7825
2026-03-24 00:30:00,76.7785,76.8015,76.7105,76.7165
2026-03-24 00:31:00,76.7215,76.7315,76.6045,76.6905
2026-03-24 00:32:00,76.6785,76.7045,76.5455,76.5555
2026-03-24 00:33:00,76.5595,76.6695,76.5255,76.6435
2026-03-24 00:34:00,76.6465,76.7305,76.6055,76.7235
2026-03-24 00:35:00,76.7195,76.7635,76.6235,76.6285
2026-03-24 00:36:00,76.6335,76.7115,76.6265,76.6845
2026-03-24 00:37:00,76.6875,76.6875,76.4995,76.5105
2026-03-24 00:38:00,76.5075,76.5275,76.4055,76.4215
2026-03-24 00:39:00,76.4235,76.4295,76.3635,76.4055
2026-03-24 00:40:00,76.4015,76.4065,76.2675,76.3865
2026-03-24 00:41:00,76.3855,76.4715,76.3515,76.4605
2026-03-24 00:42:00,76.4625,76.4625,76.3355,76.3505
2026-03-24 00:43:00,76.3535,76.3555,76.2285,76.2805
2026-03-24 00:44:00,76.2705,76.3925,76.2705,76.3795
2026-03-24 00:45:00,76.3825,76.3965,76.1925,76.1975
2026-03-24 00:46:00,76.1935,76.2535,76.1895,76.2385
2026-03-24 00:47:00,76.2365,76.3295,76.2305,76.3265
2026-03-24 00:48:00,76.3255,76.3805,76.3035,76.3185
2026-03-24 00:49:00,76.3145,76.3565,76.2645,76.3045
2026-03-24 00:50:00,76.3005,76.4555,76.2475,76.4015
2026-03-24 00:51:00,76.3975,76.4345,76.2275,76.2315
2026-03-24 00:52:00,76.2355,76.2405,75.9735,76.0095
2026-03-24 00:53:00,76.0075,76.0685,75.9625,76.0265
2026-03-24 00:54:00,76.0285,76.0325,75.9345,75.9345
2026-03-24 00:55:00,75.9305,76.0565,75.9115,76.0335
2026-03-24 00:56:00,76.0375,76.1175,76.0015,76.0435
2026-03-24 00:57:00,76.0445,76.0735,75.9935,76.0625
2026-03-24 00:58:00,76.0675,76.0885,76.0305,76.0885
2026-03-24 00:59:00,76.0905,76.1735,76.0565,76.1455
2026-03-24 01:00:00,76.1505,76.2985,76.1455,76.2395
2026-03-24 01:01:00,76.2385,76.2505,76.1455,76.1655
2026-03-24 01:02:00,76.1685,76.2805,76.1415,76.2445
2026-03-24 01:03:00,76.2485,76.2525,76.1345,76.1795
2026-03-24 01:04:00,76.1825,76.2575,76.1705,76.1985
2026-03-24 01:05:00,76.1975,76.2585,76.1845,76.2335
2026-03-24 01:06:00,76.2325,76.3105,76.2025,76.3035
2026-03-24 01:07:00,76.3075,76.3235,76.0595,76.0595
2026-03-24 01:08:00,76.0575,76.2335,76.0475,76.2255
2026-03-24 01:09:00,76.2265,76.2745,76.1455,76.2255
2026-03-24 01:10:00,76.2185,76.3105,76.2025,76.2895
2026-03-24 01:11:00,76.2865,76.2865,76.0985,76.1115
2026-03-24 01:12:00,76.1105,76.1475,76.0425,76.0525
2026-03-24 01:13:00,76.0485,76.1575,75.9975,76.0095
2026-03-24 01:14:00,76.0055,76.0865,75.9815,76.0105
2026-03-24 01:15:00,76.0155,76.0465,75.9485,75.9515
2026-03-24 01:16:00,75.9475,75.9765,75.9045,75.9095
2026-03-24 01:17:00,75.9145,75.9215,75.8105,75.8225
2026-03-24 01:18:00,75.8435,75.8605,75.6565,75.6715
2026-03-24 01:19:00,75.6695,75.8235,75.6435,75.7515
2026-03-24 01:20:00,75.7545,75.8615,75.7215,75.8345
2026-03-24 01:21:00,75.8315,75.8515,75.6755,75.6755
2026-03-24 01:22:00,75.6615,75.6775,75.5615,75.5775
2026-03-24 01:23:00,75.5755,75.6265,75.5575,75.5835
2026-03-24 01:24:00,75.5815,75.6165,75.5075,75.5415
2026-03-24 01:25:00,75.5375,75.6325,75.5225,75.5645
2026-03-24 01:26:00,75.5685,75.5975,75.4825,75.4875
2026-03-24 01:27:00,75.4865,75.5345,75.3935,75.4985
2026-03-24 01:28:00,75.5015,75.5195,75.4475,75.5075
2026-03-24 01:29:00,75.5105,75.5345,75.3845,75.4145
2026-03-24 01:30:00,75.4095,75.4235,75.3305,75.3335
2026-03-24 01:31:00,75.3365,75.3825,75.3215,75.3315
2026-03-24 01:32:00,75.3275,75.3845,75.3095,75.3795
2026-03-24 01:33:00,75.3765,75.3985,75.1655,75.1715
2026-03-24 01:34:00,75.1745,75.2335,75.1395,75.2335
2026-03-24 01:35:00,75.2655,75.3325,75.2145,75.2975
2026-03-24 01:36:00,75.2985,75.3385,75.2135,75.2325
2026-03-24 01:37:00,75.2285,75.2835,75.1935,75.2205
2026-03-24 01:38:00,75.2255,75.2815,75.2115,75.2745
2026-03-24 01:39:00,75.2695,75.3385,75.2475,75.3155
2026-03-24 01:40:00,75.3145,75.3535,75.2865,75.3165
2026-03-24 01:41:00,75.3195,75.3715,75.2765,75.3015
2026-03-24 01:42:00,75.3025,75.3345,75.1665,75.1915
2026-03-24 01:43:00,75.1885,75.2385,75.1405,75.1525
2026-03-24 01:44:00,75.1545,75.2365,75.1155,75.2325
2026-03-24 01:45:00,75.2305,75.2975,75.2245,75.2655
2026-03-24 01:46:00,75.2635,75.3095,75.2265,75.2715
2026-03-24 01:47:00,75.2695,75.3385,75.2175,75.3135
2026-03-24 01:48:00,75.3185,75.3485,75.0745,75.0935
2026-03-24 01:49:00,75.0895,75.2115,75.0675,75.2045
2026-03-24 01:50:00,75.2075,75.2645,75.1885,75.2265
2026-03-24 01:51:00,75.2255,75.2485,75.1855,75.2375
2026-03-24 01:52:00,75.2365,75.2915,75.2215,75.2395
2026-03-24 01:53:00,75.2105,75.3585,75.2105,75.3135
2026-03-24 01:54:00,75.3095,75.3895,75.3095,75.3535
2026-03-24 01:55:00,75.3555,75.4405,75.3505,75.3665
2026-03-24 01:56:00,75.3635,75.4695,75.3475,75.4275
2026-03-24 01:57:00,75.4245,75.4345,75.2755,75.3365
2026-03-24 01:58:00,75.3325,75.3585,75.2735,75.3505
2026-03-24 01:59:00,75.3545,75.4285,75.3265,75.4065
2026-03-24 02:00:00,75.4115,75.4145,75.2705,75.2815
2026-03-24 02:01:00,75.2855,75.3545,75.2275,75.3535
2026-03-24 02:02:00,75.3555,75.4295,75.3135,75.3965
2026-03-24 02:03:00,75.3925,75.5725,75.3925,75.5615
2026-03-24 02:04:00,75.5545,75.6115,75.5125,75.5495
2026-03-24 02:05:00,75.5515,75.6535,75.5515,75.5725
2026-03-24 02:06:00,75.5755,75.6055,75.5295,75.5375
2026-03-24 02:07:00,75.5395,75.6965,75.5255,75.6015
2026-03-24 02:08:00,75.6035,75.6155,75.5005,75.5215
2026-03-24 02:09:00,75.5185,75.5395,75.4695,75.5275
2026-03-24 02:10:00,75.5235,75.5395,75.3955,75.4795
2026-03-24 02:11:00,75.4775,75.4925,75.3905,75.4185
2026-03-24 02:12:00,75.4155,75.4445,75.2895,75.2895
2026-03-24 02:13:00,75.2955,75.3835,75.2915,75.3015
2026-03-24 02:14:00,75.2935,75.3925,75.2915,75.3335
2026-03-24 02:15:00,75.3295,75.3755,75.1775,75.3655
2026-03-24 02:16:00,75.3675,75.4425,75.3525,75.4425
2026-03-24 02:17:00,75.4405,75.4585,75.3025,75.3025
2026-03-24 02:18:00,75.3005,75.3165,75.0945,75.1375
2026-03-24 02:19:00,75.1385,75.2195,75.1055,75.2175
2026-03-24 02:20:00,75.2155,75.2155,75.1215,75.1685
2026-03-24 02:21:00,75.1705,75.2805,75.1495,75.1705
2026-03-24 02:22:00,75.1665,75.1935,75.0655,75.1385
2026-03-24 02:23:00,75.1365,75.1975,75.1365,75.1555
2026-03-24 02:24:00,75.1545,75.1605,75.0315,75.0405
2026-03-24 02:25:00,75.0365,75.1315,75.0175,75.0665
2026-03-24 02:26:00,75.0675,75.1235,75.0465,75.1095
2026-03-24 02:27:00,75.1115,75.2235,75.1035,75.2145
2026-03-24 02:28:00,75.2095,75.2095,74.8545,74.9475
2026-03-24 02:29:00,74.9495,74.9605,74.8915,74.9015
2026-03-24 02:30:00,74.9045,75.0545,74.9045,75.0035
2026-03-24 02:31:00,74.9765,75.0055,74.9345,74.9485
2026-03-24 02:32:00,74.9515,74.9675,74.8375,74.9435
2026-03-24 02:33:00,74.9385,75.0225,74.8885,74.8885
2026-03-24 02:34:00,74.8865,74.9195,74.8085,74.8115
2026-03-24 02:35:00,74.8155,74.8165,74.7415,74.7505
2026-03-24 02:36:00,74.7485,74.7935,74.7385,74.7835
2026-03-24 02:37:00,74.7845,74.8935,74.7825,74.8215
2026-03-24 02:38:00,74.8195,74.8335,74.7205,74.7275
2026-03-24 02:39:00,74.7315,74.7385,74.5735,74.5765
2026-03-24 02:40:00,74.5795,74.6235,74.5365,74.5835
2026-03-24 02:41:00,74.5825,74.7085,74.5605,74.6275
2026-03-24 02:42:00,74.6225,74.7535,74.5855,74.7285
2026-03-24 02:43:00,74.7325,74.7325,74.5195,74.5745
2026-03-24 02:44:00,74.5765,74.5765,74.4165,74.4655
2026-03-24 02:45:00,74.4645,74.5835,74.4555,74.5285
2026-03-24 02:46:00,74.5335,74.5915,74.4555,74.4555
2026-03-24 02:47:00,74.4465,74.4655,74.2875,74.3355
2026-03-24 02:48:00,74.3315,74.3635,74.2705,74.2785
