time,open,high,low,close
2026-03-20 15:09:00,2710.3715,2720.6155,2708.3265,2719.3565
2026-03-20 15:10:00,2719.2955,2722.0125,2716.6455,2718.8305
2026-03-20 15:11:00,2718.9005,2721.0575,2717.6635,2718.9445
2026-03-20 15:12:00,2719.7895,2719.9025,2712.9675,2717.0925
2026-03-20 15:13:00,2717.2985,2719.5625,2713.4915,2717.4635
2026-03-20 15:14:00,2717.2505,2725.6005,2717.0285,2723.5995
2026-03-20 15:15:00,2724.4445,2727.0455,2716.2315,2719.8995
2026-03-20 15:16:00,2719.7445,2724.5105,2716.5785,2720.4125
2026-03-20 15:17:00,2720.4095,2720.4095,2711.2105,2717.9415
2026-03-20 15:18:00,2718.3535,2718.6285,2705.3785,2705.6105
2026-03-20 15:19:00,2706.1535,2710.5625,2704.6535,2710.5605
2026-03-20 15:20:00,2710.5585,2720.5105,2709.3755,2717.2615
2026-03-20 15:21:00,2717.2625,2726.3475,2716.6935,2725.6335
2026-03-20 15:22:00,2725.6385,2726.0885,2721.8275,2721.8275
2026-03-20 15:23:00,2721.7565,2722.0485,2708.8295,2714.0495
2026-03-20 15:24:00,2713.9185,2721.6395,2712.7455,2719.2185
2026-03-20 15:25:00,2719.2155,2719.4095,2712.6255,2717.5425
2026-03-20 15:26:00,2717.5395,2728.1975,2717.3345,2727.3175
2026-03-20 15:27:00,2726.1985,2727.9845,2719.5365,2720.4665
2026-03-20 15:28:00,2720.4105,2727.5095,2715.5915,2716.5175
2026-03-20 15:29:00,2716.5155,2717.4035,2704.3165,2704.4795
2026-03-20 15:30:00,2704.4815,2709.9525,2704.3125,2706.6525
2026-03-20 15:31:00,2706.6475,2706.8525,2702.7265,2706.4905
2026-03-20 15:32:00,2706.4145,2713.8125,2705.6245,2706.2115
2026-03-20 15:33:00,2706.0375,2706.0425,2696.3985,2696.4025
2026-03-20 15:34:00,2696.6265,2699.9595,2691.8785,2692.0375
2026-03-20 15:35:00,2691.9245,2693.6415,2687.7175,2691.8665
2026-03-20 15:36:00,2691.8695,2700.3955,2688.2925,2700.1155
2026-03-20 15:37:00,2700.1205,2700.8855,2692.2625,2692.6675
2026-03-20 15:38:00,2692.6705,2698.8215,2691.1195,2696.2835
2026-03-20 15:39:00,2696.2785,2715.8995,2694.4185,2715.8995
2026-03-20 15:40:00,2715.6905,2717.8755,2713.2685,2716.0415
2026-03-20 15:41:00,2716.0385,2716.6985,2707.3225,2707.3225
2026-03-20 15:42:00,2706.1885,2707.3315,2695.1435,2696.6195
2026-03-20 15:43:00,2696.6205,2704.4635,2694.8825,2701.0555
2026-03-20 15:44:00,2701.0545,2701.0545,2694.0645,2694.6565
2026-03-20 15:45:00,2694.6585,2694.6585,2690.3185,2690.3555
2026-03-20 15:46:00,2691.2085,2701.0365,2691.1415,2697.8125
2026-03-20 15:47:00,2697.8745,2704.9625,2695.4495,2696.1925
2026-03-20 15:48:00,2696.3305,2703.1015,2690.4505,2692.3225
2026-03-20 15:49:00,2692.3235,2695.9005,2686.3105,2690.3025
2026-03-20 15:50:00,2690.3075,2700.9335,2689.0195,2696.5655
2026-03-20 15:51:00,2696.5595,2702.6065,2691.0935,2702.3655
2026-03-20 15:52:00,2702.3695,2707.1065,2699.7285,2700.6135
2026-03-20 15:53:00,2700.8125,2707.0035,2699.1685,2702.3775
2026-03-20 15:54:00,2702.2645,2702.2645,2698.6585,2699.3455
2026-03-20 15:55:00,2699.3475,2699.3475,2685.5195,2688.2775
2026-03-20 15:56:00,2688.6175,2692.8615,2682.4505,2686.6305
2026-03-20 15:57:00,2686.8255,2691.4125,2684.1865,2691.4125
2026-03-20 15:58:00,2691.2975,2695.1505,2689.8585,2694.8645
2026-03-20 15:59:00,2694.8665,2699.6055,2692.7045,2699.0925
2026-03-20 16:00:00,2699.3805,2703.4285,2698.3025,2701.7025
2026-03-20 16:01:00,2701.7065,2708.2705,2698.3025,2707.9325
2026-03-20 16:02:00,2708.2405,2713.3385,2707.3335,2709.8545
2026-03-20 16:03:00,2709.8505,2711.1765,2704.0165,2705.1145
2026-03-20 16:04:00,2705.1105,2709.5965,2703.2525,2706.8285
2026-03-20 16:05:00,2706.7735,2706.8605,2703.0795,2704.7455
2026-03-20 16:06:00,2704.2535,2715.7595,2704.2535,2709.6185
2026-03-20 16:07:00,2709.5595,2719.4495,2708.2445,2718.9585
2026-03-20 16:08:00,2719.0165,2719.0165,2713.1665,2718.7765
2026-03-20 16:09:00,2718.7725,2721.0115,2713.5245,2716.4215
2026-03-20 16:10:00,2718.7655,2718.7665,2711.8985,2711.9035
2026-03-20 16:11:00,2711.9075,2712.6255,2706.0345,2706.2685
2026-03-20 16:12:00,2706.2655,2707.3195,2701.6955,2701.7645
2026-03-20 16:13:00,2701.9915,2705.5525,2698.6665,2698.6665
2026-03-20 16:14:00,2698.8745,2702.4705,2689.9085,2691.3595
2026-03-20 16:15:00,2691.3585,2692.7205,2678.7345,2678.8685
2026-03-20 16:16:00,2677.9695,2691.6295,2676.1245,2691.3995
2026-03-20 16:17:00,2691.3315,2701.1895,2688.8995,2699.6465
2026-03-20 16:18:00,2699.5775,2705.1385,2699.5775,2701.5605
2026-03-20 16:19:00,2701.4285,2707.3065,2701.3565,2704.8865
2026-03-20 16:20:00,2704.7355,2708.9205,2701.7615,2704.9245
2026-03-20 16:21:00,2704.9215,2710.2565,2704.2995,2705.1705
2026-03-20 16:22:00,2705.1745,2708.9145,2700.1645,2700.1685
2026-03-20 16:23:00,2699.9935,2701.3165,2694.5145,2695.8195
2026-03-20 16:24:00,2695.4845,2709.4805,2695.4045,2708.5275
2026-03-20 16:25:00,2708.5265,2708.5375,2699.5895,2701.2895
2026-03-20 16:26:00,2701.2925,2712.4815,2698.8575,2711.9105
2026-03-20 16:27:00,2711.9135,2716.0585,2708.6795,2708.7455
2026-03-20 16:28:00,2708.7435,2715.0285,2705.9635,2713.6635
2026-03-20 16:29:00,2713.6605,2713.6605,2704.8235,2705.2955
2026-03-20 16:30:00,2705.2945,2707.6135,2693.6125,2697.2015
2026-03-20 16:31:00,2697.0625,2698.6125,2691.2775,2691.4475
2026-03-20 16:32:00,2691.5045,2692.1435,2683.1685,2683.6795
2026-03-20 16:33:00,2683.6835,2688.0575,2683.5245,2686.3255
2026-03-20 16:34:00,2686.2635,2695.0495,2685.2875,2694.9965
2026-03-20 16:35:00,2694.9935,2697.0445,2692.9895,2694.9735
2026-03-20 16:36:00,2694.9725,2697.4995,2692.8325,2694.3305
2026-03-20 16:37:00,2694.5055,2701.9145,2694.5055,2698.3195
2026-03-20 16:38:00,2698.2665,2705.4345,2697.2235,2705.4345
2026-03-20 16:39:00,2705.4305,2705.4805,2693.4915,2696.0645
2026-03-20 16:40:00,2696.2435,2697.6425,2690.0155,2692.5705
2026-03-20 16:41:00,2692.5675,2703.5865,2688.0825,2702.7955
2026-03-20 16:42:00,2703.3015,2707.0125,2700.0565,2702.3415
2026-03-20 16:43:00,2702.3435,2705.4875,2697.7335,2705.4875
2026-03-20 16:44:00,2705.3785,2707.6005,2702.8015,2706.7405
2026-03-20 16:45:00,2706.8005,2713.3355,2706.7565,2709.5425
2026-03-20 16:46:00,2709.6945,2709.6945,2698.3895,2699.8685
2026-03-20 16:47:00,2699.9225,2708.6485,2696.6545,2707.8175
2026-03-20 16:48:00,2707.3745,2714.5515,2707.3745,2712.2445
2026-03-20 16:49:00,2712.5055,2714.5475,2707.1695,2709.3785
2026-03-20 16:50:00,2709.3775,2718.9795,2708.6185,2710.5575
2026-03-20 16:51:00,2710.6735,2711.1355,2699.3945,2700.5735
2026-03-20 16:52:00,2700.4685,2701.2395,2696.1045,2698.5445
2026-03-20 16:53:00,2698.5405,2704.4585,2696.5665,2700.6115
2026-03-20 16:54:00,2700.7355,2708.8495,2700.7355,2703.4845
2026-03-20 16:55:00,2704.6875,2706.1735,2702.6005,2706.1055
2026-03-20 16:56:00,2706.1025,2719.5675,2704.1205,2718.3995
2026-03-20 16:57:00,2718.3965,2724.8375,2716.7045,2723.9035
2026-03-20 16:58:00,2723.8885,2724.4235,2713.1345,2713.5685
2026-03-20 16:59:00,2713.5635,2715.8295,2710.4715,2712.8385
2026-03-20 17:00:00,2712.1515,2718.6375,2708.1745,2708.4245
2026-03-20 17:01:00,2708.2155,2713.4515,2707.2125,2712.7345
2026-03-20 17:02:00,2712.7355,2712.7355,2692.2655,2693.3955
2026-03-20 17:03:00,2693.4005,2704.1665,2691.6445,2702.8775
2026-03-20 17:04:00,2702.1815,2706.5765,2696.4795,2699.2415
2026-03-20 17:05:00,2699.2385,2702.6175,2695.7915,2702.3685
2026-03-20 17:06:00,2702.4325,2703.9075,2695.6235,2697.6635
2026-03-20 17:07:00,2697.4355,2703.9565,2695.8625,2703.9565
2026-03-20 17:08:00,2703.7825,2709.6875,2702.5335,2709.0005
2026-03-20 17:09:00,2709.0015,2709.2675,2702.9145,2704.7195
2026-03-20 17:10:00,2704.7215,2707.6725,2700.3855,2707.3495
2026-03-20 17:11:00,2707.4925,2710.3175,2703.8815,2704.3755
2026-03-20 17:12:00,2704.3715,2710.4485,2704.3685,2709.1915
2026-03-20 17:13:00,2708.9555,2709.6805,2700.5355,2700.7975
2026-03-20 17:14:00,2700.7345,2702.6695,2696.3005,2700.6395
2026-03-20 17:15:00,2700.4275,2706.0405,2699.0645,2700.9155
2026-03-20 17:16:00,2701.0895,2703.2385,2694.3935,2694.8245
2026-03-20 17:17:00,2694.8195,2696.8365,2691.8955,2694.1955
2026-03-20 17:18:00,2694.1945,2697.4105,2689.3105,2690.6305
2026-03-20 17:19:00,2690.6295,2691.9655,2686.2185,2689.6885
2026-03-20 17:20:00,2689.6935,2691.1615,2685.5255,2691.1615
2026-03-20 17:21:00,2691.3095,2698.8065,2690.2075,2695.4705
2026-03-20 17:22:00,2695.4185,2701.0795,2694.8985,2700.4415
2026-03-20 17:23:00,2700.5045,2701.0455,2694.2785,2694.7415
2026-03-20 17:24:00,2694.7425,2694.7425,2688.7845,2690.8855
2026-03-20 17:25:00,2691.0285,2692.3925,2686.5125,2686.9685
2026-03-20 17:26:00,2686.8555,2688.7665,2680.6565,2681.0205
2026-03-20 17:27:00,2681.1325,2681.1325,2669.4055,2670.5545
2026-03-20 17:28:00,2670.4395,2673.3965,2667.9115,2671.2885
2026-03-20 17:29:00,2670.9445,2675.6685,2670.2285,2674.7735
2026-03-20 17:30:00,2674.7715,2684.4655,2674.7015,2683.9535
2026-03-20 17:31:00,2683.9575,2685.7725,2677.9495,2678.2005
2026-03-20 17:32:00,2677.7395,2680.1235,2673.1245,2673.3005
2026-03-20 17:33:00,2673.3055,2677.2825,2667.1885,2672.0615
2026-03-20 17:34:00,2671.9475,2675.9195,2670.4635,2675.1725
2026-03-20 17:35:00,2675.2255,2678.7155,2672.7625,2678.3625
2026-03-20 17:36:00,2678.2925,2681.3855,2676.6565,2678.7335
2026-03-20 17:37:00,2678.7305,2680.8245,2672.7185,2678.9995
2026-03-20 17:38:00,2679.3315,2687.3585,2679.3315,2687.0405
2026-03-20 17:39:00,2686.8295,2691.1755,2677.5525,2677.5525
2026-03-20 17:40:00,2677.5565,2685.9425,2675.4025,2684.5745
2026-03-20 17:41:00,2684.5705,2688.1725,2683.0885,2684.0595
2026-03-20 17:42:00,2685.4745,2687.5035,2682.3695,2683.5125
2026-03-20 17:43:00,2683.5115,2686.4235,2677.6965,2686.3565
2026-03-20 17:44:00,2686.2155,2689.3015,2682.6045,2682.6045
2026-03-20 17:45:00,2682.7205,2684.7255,2679.5595,2681.0975
2026-03-20 17:46:00,2681.1515,2681.1515,2668.0715,2669.4185
2026-03-20 17:47:00,2669.5705,2674.2635,2667.3515,2674.2635
2026-03-20 17:48:00,2674.2665,2674.4595,2669.5985,2672.0045
2026-03-20 17:49:00,2671.9435,2683.8275,2671.6795,2678.3365
2026-03-20 17:50:00,2678.3965,2679.0075,2673.8425,2678.6105
2026-03-20 17:51:00,2679.8465,2682.6535,2677.6445,2680.9495
2026-03-20 17:52:00,2680.9055,2683.0315,2678.4055,2680.9945
2026-03-20 17:53:00,2680.9985,2683.1555,2677.7445,2682.1575
2026-03-20 17:54:00,2682.5585,2692.7905,2681.2365,2690.0945
2026-03-20 17:55:00,2690.2115,2691.5475,2685.7375,2688.6915
2026-03-20 17:56:00,2688.7085,2689.6575,2683.9045,2684.9715
2026-03-20 17:57:00,2684.6715,2696.9705,2683.3415,2692.4955
2026-03-20 17:58:00,2692.6175,2692.9425,2684.5375,2686.8445
2026-03-20 17:59:00,2686.7845,2693.8745,2686.4845,2693.7755
2026-03-20 18:00:00,2693.8905,2694.7825,2684.7335,2685.2975
2026-03-20 18:01:00,2685.2935,2686.6275,2681.7505,2683.5315
2026-03-20 18:02:00,2683.4705,2683.7045,2678.0675,2680.2025
2026-03-20 18:03:00,2680.1435,2681.6135,2677.2635,2679.4305
2026-03-20 18:04:00,2679.4275,2679.4285,2671.5495,2678.0075
2026-03-20 18:05:00,2678.0095,2683.5605,2677.8285,2680.4495
2026-03-20 18:06:00,2680.4515,2680.6395,2674.6885,2676.5705
2026-03-20 18:07:00,2676.2915,2678.3005,2673.1945,2678.3005
2026-03-20 18:08:00,2678.2975,2679.1805,2667.7835,2669.4445
2026-03-20 18:09:00,2669.9955,2676.5335,2669.9955,2671.2275
2026-03-20 18:10:00,2671.2305,2673.5155,2664.2375,2672.1815
2026-03-20 18:11:00,2672.0615,2672.8775,2664.0285,2668.1525
2026-03-20 18:12:00,2668.3755,2668.4455,2658.6655,2660.7365
2026-03-20 18:13:00,2660.7335,2663.2525,2657.8875,2657.9885
2026-03-20 18:14:00,2657.9905,2659.5765,2648.1565,2649.4725
2026-03-20 18:15:00,2649.4695,2653.6275,2643.9225,2646.0025
2026-03-20 18:16:00,2646.0015,2655.5285,2646.0015,2654.4315
2026-03-20 18:17:00,2654.7015,2660.3005,2654.4895,2658.1765
2026-03-20 18:18:00,2658.1205,2667.6305,2658.1205,2664.8955
2026-03-20 18:19:00,2664.8975,2671.8315,2663.1075,2669.5935
2026-03-20 18:20:00,2669.4815,2673.4565,2666.2985,2669.2615
2026-03-20 18:21:00,2669.2055,2675.6175,2668.6395,2672.0695
2026-03-20 18:22:00,2672.0675,2672.0675,2662.0255,2664.0905
2026-03-20 18:23:00,2663.3905,2665.9905,2659.7795,2664.2425
2026-03-20 18:24:00,2664.2455,2664.3695,2656.6245,2659.8815
2026-03-20 18:25:00,2659.6665,2668.0135,2657.8625,2658.4695
2026-03-20 18:26:00,2658.4715,2661.5615,2655.4105,2657.8005
2026-03-20 18:27:00,2657.7955,2665.8925,2654.6705,2665.0885
2026-03-20 18:28:00,2665.0305,2667.3915,2659.8115,2659.8115
2026-03-20 18:29:00,2659.8795,2662.8805,2658.6645,2658.7265
2026-03-20 18:30:00,2659.0605,2668.3185,2658.3295,2667.9795
2026-03-20 18:31:00,2667.9815,2671.9835,2662.8985,2663.8305
2026-03-20 18:32:00,2663.4835,2663.4835,2658.4635,2660.0715
2026-03-20 18:33:00,2660.0705,2663.1915,2658.0785,2658.6145
2026-03-20 18:34:00,2658.6125,2658.6125,2647.3185,2647.4335
2026-03-20 18:35:00,2647.3195,2647.7265,2639.5665,2640.1945
2026-03-20 18:36:00,2640.1315,2640.1935,2632.7915,2634.0915
2026-03-20 18:37:00,2634.0875,2635.0665,2622.4505,2624.0625
2026-03-20 18:38:00,2623.9495,2624.8615,2618.4765,2623.4555
2026-03-20 18:39:00,2623.5075,2630.0785,2623.2305,2629.5825
2026-03-20 18:40:00,2629.4485,2632.9385,2627.0635,2631.7365
2026-03-20 18:41:00,2631.8875,2634.0225,2624.9175,2627.8475
2026-03-20 18:42:00,2627.0755,2628.7145,2613.6285,2618.8475
2026-03-20 18:43:00,2618.8495,2620.8695,2615.0045,2620.6125
2026-03-20 18:44:00,2620.6625,2623.8425,2619.4105,2622.2255
2026-03-20 18:45:00,2622.2285,2622.2405,2616.9835,2619.1595
2026-03-20 18:46:00,2619.4055,2621.6765,2615.3495,2616.0205
2026-03-20 18:47:00,2616.5575,2616.8385,2610.4345,2616.6175
2026-03-20 18:48:00,2616.6165,2624.2035,2615.6795,2619.6015
2026-03-20 18:49:00,2619.5965,2620.8755,2613.8335,2614.1815
2026-03-20 18:50:00,2614.1855,2615.8375,2611.5175,2615.3835
2026-03-20 18:51:00,2615.0575,2622.3875,2613.5275,2621.5385
2026-03-20 18:52:00,2621.5415,2622.2925,2613.0755,2613.3315
2026-03-20 18:53:00,2613.3345,2627.7185,2612.6245,2627.6435
2026-03-20 18:54:00,2627.6415,2634.7765,2625.9245,2632.6565
2026-03-20 18:55:00,2632.6525,2639.1875,2632.6525,2633.2255
2026-03-20 18:56:00,2633.2245,2633.2245,2625.3675,2626.3355
2026-03-20 18:57:00,2626.3375,2629.1435,2621.4945,2622.1085
2026-03-20 18:58:00,2620.5725,2624.8765,2619.6825,2623.7555
2026-03-20 18:59:00,2623.7585,2626.1125,2610.2775,2610.2775
2026-03-20 19:00:00,2610.2805,2613.9065,2609.1155,2611.2275
2026-03-20 19:01:00,2611.2965,2611.2965,2606.1175,2608.3515
2026-03-20 19:02:00,2608.2285,2608.2795,2599.1325,2599.1325
2026-03-20 19:03:00,2599.0235,2602.6445,2596.9995,2601.7925
2026-03-20 19:04:00,2601.4495,2609.8475,2601.4275,2607.6585
2026-03-20 19:05:00,2607.9865,2611.3205,2604.0965,2604.4495
2026-03-20 19:06:00,2604.6565,2608.4775,2602.7865,2608.1615
2026-03-20 19:07:00,2608.0505,2618.7215,2606.0975,2614.7695
2026-03-20 19:08:00,2614.7655,2618.3385,2612.4245,2612.8565
2026-03-20 19:09:00,2612.9645,2619.8615,2612.9645,2618.9955
2026-03-20 19:10:00,2619.4655,2626.6665,2618.8575,2625.5815
2026-03-20 19:11:00,2625.5785,2639.9145,2624.9075,2636.7285
2026-03-20 19:12:00,2637.0615,2642.9415,2636.8355,2640.0925
2026-03-20 19:13:00,2639.9795,2640.9965,2635.8605,2637.2775
2026-03-20 19:14:00,2637.2785,2643.0975,2633.2765,2639.9945
2026-03-20 19:15:00,2640.0655,2645.2255,2639.9035,2642.4515
2026-03-20 19:16:00,2642.8215,2643.7835,2636.8085,2640.9675
2026-03-20 19:17:00,2641.1065,2641.9275,2628.4115,2628.9445
2026-03-20 19:18:00,2628.9975,2636.4365,2628.9945,2632.3635
2026-03-20 19:19:00,2632.3645,2632.3745,2620.1715,2626.3655
2026-03-20 19:20:00,2626.2525,2631.5325,2623.4425,2628.8645
2026-03-20 19:21:00,2628.4755,2633.8595,2617.6095,2624.1575
2026-03-20 19:22:00,2623.8945,2627.9125,2620.6005,2620.7075
2026-03-20 19:23:00,2620.8745,2620.8745,2612.8645,2614.9985
2026-03-20 19:24:00,2614.9935,2614.9935,2607.4805,2607.4805
2026-03-20 19:25:00,2607.4775,2616.4325,2606.4435,2608.9775
2026-03-20 19:26:00,2609.4475,2619.6225,2609.2735,2614.0575
2026-03-20 19:27:00,2614.9715,2614.9745,2599.7685,2603.0365
2026-03-20 19:28:00,2602.8975,2608.8295,2600.4715,2603.2375
2026-03-20 19:29:00,2602.8895,2603.4035,2590.3515,2591.2885
2026-03-20 19:30:00,2591.3935,2592.3955,2582.5345,2583.0855
2026-03-20 19:31:00,2583.0885,2589.4525,2581.4395,2588.5455
2026-03-20 19:32:00,2588.5425,2599.1005,2586.7835,2599.1005
2026-03-20 19:33:00,2599.1545,2600.8135,2595.8545,2599.4275
2026-03-20 19:34:00,2599.5375,2607.1405,2595.5595,2607.1405
2026-03-20 19:35:00,2607.2665,2609.4815,2603.3615,2603.5015
2026-03-20 19:36:00,2603.4485,2617.5045,2603.4485,2614.9995
2026-03-20 19:37:00,2614.9975,2621.3505,2611.5435,2617.6965
2026-03-20 19:38:00,2617.6955,2620.8015,2614.7935,2618.5115
2026-03-20 19:39:00,2618.5095,2619.8915,2614.9505,2615.3625
2026-03-20 19:40:00,2615.2925,2616.0425,2603.2775,2604.0955
2026-03-20 19:41:00,2604.0985,2605.3795,2598.3405,2605.3445
2026-03-20 19:42:00,2605.2765,2609.2595,2604.0455,2605.1295
2026-03-20 19:43:00,2604.5945,2605.2635,2597.3055,2598.1485
2026-03-20 19:44:00,2598.1445,2598.1455,2591.9605,2594.7265
2026-03-20 19:45:00,2594.8385,2599.0045,2593.2775,2598.9335
2026-03-20 19:46:00,2598.8265,2599.1785,2590.3535,2590.3535
2026-03-20 19:47:00,2590.4735,2592.9955,2587.6505,2591.8835
2026-03-20 19:48:00,2591.8865,2592.5705,2587.4185,2589.7475
2026-03-20 19:49:00,2589.7495,2591.5005,2585.2095,2588.8875
2026-03-20 19:50:00,2589.1995,2591.2305,2586.1435,2588.7475
2026-03-20 19:51:00,2588.7495,2591.9025,2585.5105,2585.5105
2026-03-20 19:52:00,2585.4555,2585.6475,2578.5625,2581.5355
2026-03-20 19:53:00,2581.5915,2592.2485,2581.5915,2588.3705
2026-03-20 19:54:00,2588.4795,2592.1785,2588.3725,2591.2865
2026-03-20 19:55:00,2591.4505,2596.0875,2589.0665,2594.6495
2026-03-20 19:56:00,2594.6515,2599.2765,2592.5735,2599.2745
2026-03-20 19:57:00,2599.1595,2602.5545,2588.0575,2589.5725
2026-03-20 19:58:00,2589.5685,2590.1155,2583.4565,2586.8275
2026-03-20 19:59:00,2586.7285,2594.1805,2584.8145,2590.0815
2026-03-20 20:00:00,2590.0785,2592.4395,2582.4025,2585.3565
2026-03-20 20:01:00,2585.4655,2591.8905,2582.8055,2591.8905
2026-03-20 20:02:00,2591.9425,2601.8175,2591.3625,2596.8975
2026-03-20 20:03:00,2596.7565,2598.0275,2589.1725,2591.3775
2026-03-20 20:04:00,2591.3815,2598.2455,2589.7315,2598.2455
2026-03-20 20:05:00,2597.9175,2602.0355,2593.9805,2594.4475
2026-03-20 20:06:00,2594.6675,2596.1215,2590.8175,2592.9995
2026-03-20 20:07:00,2590.7445,2591.9645,2587.6995,2590.2235
2026-03-20 20:08:00,2590.1095,2597.7835,2588.2805,2592.8445
2026-03-20 20:09:00,2592.8465,2600.1795,2592.8465,2597.8695
2026-03-20 20:10:00,2597.8685,2597.8815,2587.2645,2587.7115
2026-03-20 20:11:00,2587.4395,2589.2995,2583.0155,2588.3765
2026-03-20 20:12:00,2588.4305,2593.4915,2585.4795,2590.8655
2026-03-20 20:13:00,2591.3495,2599.7945,2589.5705,2599.3295
2026-03-20 20:14:00,2599.4495,2603.3195,2589.7925,2591.3445
2026-03-20 20:15:00,2590.1975,2593.9785,2587.4705,2593.0365
2026-03-20 20:16:00,2593.0405,2605.6805,2590.0575,2604.7045
2026-03-20 20:17:00,2604.7015,2609.4295,2602.6985,2608.4305
2026-03-20 20:18:00,2608.4315,2610.2815,2597.6715,2599.1065
2026-03-20 20:19:00,2599.1025,2601.2645,2590.8735,2591.9935
2026-03-20 20:20:00,2592.1635,2595.2305,2585.8445,2594.6225
2026-03-20 20:21:00,2594.4595,2601.8555,2594.0065,2594.4495
2026-03-20 20:22:00,2594.4485,2601.2605,2593.3485,2600.2665
2026-03-20 20:23:00,2600.2675,2603.4475,2596.3965,2596.4675
2026-03-20 20:24:00,2597.2865,2607.6455,2594.9905,2603.9555
2026-03-20 20:25:00,2603.9895,2605.7445,2599.2255,2602.6945
2026-03-20 20:26:00,2602.6985,2606.4965,2601.9775,2605.4375
2026-03-20 20:27:00,2605.9495,2609.3255,2601.0355,2601.0385
2026-03-20 20:28:00,2600.9065,2601.7295,2594.1955,2596.4535
2026-03-20 20:29:00,2595.7995,2602.3875,2592.2145,2600.6685
2026-03-20 20:30:00,2602.0045,2612.3825,2602.0045,2604.0525
2026-03-20 20:31:00,2603.9045,2607.4145,2601.6155,2606.2535
2026-03-20 20:32:00,2606.3125,2606.6295,2599.8075,2602.5575
2026-03-20 20:33:00,2602.5615,2608.2035,2600.0685,2600.0735
2026-03-20 20:34:00,2600.0715,2611.7775,2600.0715,2609.9015
2026-03-20 20:35:00,2609.9005,2618.1465,2609.4625,2617.7665
2026-03-20 20:36:00,2617.7675,2620.3725,2613.3535,2614.5835
2026-03-20 20:37:00,2614.5845,2620.4005,2613.6965,2620.4005
2026-03-20 20:38:00,2620.3965,2623.7005,2618.7875,2620.8545
2026-03-20 20:39:00,2620.8505,2625.6955,2619.8125,2622.4675
2026-03-20 20:40:00,2622.4645,2624.6135,2618.4745,2619.7585
2026-03-20 20:41:00,2619.7565,2623.6495,2617.2195,2620.1395
2026-03-20 20:42:00,2620.1415,2620.1415,2609.0095,2610.6045
2026-03-20 20:43:00,2610.6635,2611.0915,2601.4255,2601.8555
2026-03-20 20:44:00,2601.8595,2607.3015,2596.2025,2596.2025
2026-03-20 20:45:00,2596.2705,2608.4215,2595.2975,2601.6155
2026-03-20 20:46:00,2601.6135,2608.2985,2599.4525,2604.0635
2026-03-20 20:47:00,2604.0005,2607.1115,2600.2255,2602.7705
2026-03-20 20:48:00,2602.7085,2610.0525,2601.8775,2605.0755
2026-03-20 20:49:00,2604.9265,2613.7085,2603.8915,2611.7335
2026-03-20 20:50:00,2611.6005,2617.4765,2607.0295,2616.6355
2026-03-20 20:51:00,2616.4705,2622.7815,2613.0695,2620.1405
2026-03-20 20:52:00,2620.3075,2621.4565,2615.9285,2621.2825
2026-03-20 20:53:00,2621.2835,2637.8355,2621.2805,2636.7115
2026-03-20 20:54:00,2636.7165,2647.3385,2636.7095,2639.3495
2026-03-20 20:55:00,2639.3515,2639.9545,2633.9125,2634.5375
2026-03-20 20:56:00,2634.6455,2636.0595,2626.6845,2632.3775
2026-03-20 20:57:00,2633.3165,2650.4985,2632.0815,2645.5325
2026-03-20 20:58:00,2643.8445,2652.4715,2642.8835,2642.8835
2026-03-20 20:59:00,2642.8845,2643.9265,2638.2855,2639.3915
2026-03-20 21:00:00,2639.3845,2640.4835,2633.6115,2633.6115
2026-03-20 21:01:00,2633.9725,2635.2815,2629.1125,2629.4905
2026-03-20 21:02:00,2627.7575,2631.6035,2627.6595,2629.4795
2026-03-20 21:03:00,2629.1915,2630.8475,2623.6555,2623.9515
2026-03-20 21:04:00,2624.0065,2627.7185,2620.2685,2626.8265
2026-03-20 21:05:00,2626.8235,2633.1695,2626.7435,2630.2675
2026-03-20 21:06:00,2629.9985,2631.0935,2622.4165,2628.2935
2026-03-20 21:07:00,2628.0685,2628.3145,2621.8475,2622.3665
2026-03-20 21:08:00,2622.2025,2625.7335,2616.9345,2618.2215
2026-03-20 21:09:00,2618.2825,2621.1615,2610.9705,2616.5085
2026-03-20 21:10:00,2616.6145,2623.8775,2614.3815,2623.3025
2026-03-20 21:11:00,2621.8185,2623.8315,2618.7605,2622.1155
2026-03-20 21:12:00,2622.0735,2625.2425,2613.2965,2615.4155
2026-03-20 21:13:00,2615.3665,2617.6865,2611.2755,2617.6865
2026-03-20 21:14:00,2617.3925,2618.0175,2610.3765,2614.0195
2026-03-20 21:15:00,2614.0145,2614.2995,2609.0385,2609.5295
2026-03-20 21:16:00,2609.5315,2609.5315,2597.4735,2601.9595
2026-03-20 21:17:00,2601.9575,2604.0365,2592.8325,2593.4475
2026-03-20 21:18:00,2593.3125,2593.3125,2587.4625,2588.0975
2026-03-20 21:19:00,2587.8265,2595.1575,2587.5615,2590.3595
2026-03-20 21:20:00,2590.4155,2591.4275,2585.4245,2585.4275
2026-03-20 21:21:00,2585.3725,2598.8695,2583.9895,2598.2865
2026-03-20 21:22:00,2598.3645,2610.1635,2598.0655,2608.3045
2026-03-20 21:23:00,2608.3085,2618.0485,2608.3085,2617.9895
2026-03-20 21:24:00,2618.3145,2628.2375,2618.3145,2628.2365
2026-03-20 21:25:00,2628.2315,2628.2335,2619.6745,2619.6745
2026-03-20 21:26:00,2619.6785,2619.6785,2611.6895,2611.6895
2026-03-20 21:27:00,2611.6915,2619.7275,2609.8715,2619.7275
2026-03-20 21:28:00,2619.4625,2631.0355,2619.1445,2630.8375
2026-03-20 21:29:00,2630.8385,2638.2975,2630.5885,2637.0335
2026-03-20 21:30:00,2637.0365,2637.5655,2633.5825,2635.6125
2026-03-20 21:31:00,2635.5555,2641.6505,2635.2665,2635.9125
2026-03-20 21:32:00,2635.7055,2639.9165,2634.1775,2634.2335
2026-03-20 21:33:00,2633.9085,2634.1805,2625.6845,2629.2035
2026-03-20 21:34:00,2629.2045,2631.0085,2626.5405,2628.7355
2026-03-20 21:35:00,2628.5655,2631.4875,2625.0755,2630.2665
2026-03-20 21:36:00,2630.3165,2633.1845,2628.9435,2631.3695
2026-03-20 21:37:00,2631.4255,2636.7695,2622.6905,2622.6945
2026-03-20 21:38:00,2623.3815,2626.0855,2621.6385,2623.2195
2026-03-20 21:39:00,2623.1645,2623.9725,2615.7615,2618.1055
2026-03-20 21:40:00,2618.1015,2619.0945,2606.6615,2608.3685
2026-03-20 21:41:00,2608.2515,2614.7005,2607.2225,2613.3125
2026-03-20 21:42:00,2613.1475,2615.5225,2609.7855,2615.2695
2026-03-20 21:43:00,2615.2645,2620.7565,2614.6585,2616.3865
2026-03-20 21:44:00,2616.3895,2619.1845,2613.3395,2619.1845
2026-03-20 21:45:00,2619.1805,2622.2295,2616.5755,2618.4925
2026-03-20 21:46:00,2618.6065,2624.4385,2618.4595,2621.4505
2026-03-20 21:47:00,2621.7855,2623.1255,2613.2355,2614.6385
2026-03-20 21:48:00,2614.6365,2621.7175,2611.6925,2615.9365
2026-03-20 21:49:00,2615.9935,2620.1205,2613.5935,2619.5955
2026-03-20 21:50:00,2619.5295,2632.0715,2618.8715,2628.6155
2026-03-20 21:51:00,2628.6815,2629.8925,2623.1765,2624.6015
2026-03-20 21:52:00,2624.5465,2626.4425,2617.5305,2618.8455
2026-03-20 21:53:00,2618.8415,2633.8325,2618.3235,2631.0925
2026-03-20 21:54:00,2631.0945,2638.6585,2628.5225,2637.6545
2026-03-20 21:55:00,2637.5845,2650.3805,2636.3375,2649.3745
2026-03-20 21:56:00,2649.3695,2657.8775,2648.5975,2657.6035
2026-03-20 21:57:00,2657.5985,2657.5985,2648.6005,2652.8505
2026-03-20 21:58:00,2652.8455,2656.1885,2644.2555,2645.3905
2026-03-20 21:59:00,2645.6445,2647.1675,2641.9965,2646.7355
2026-03-20 22:00:00,2646.5605,2652.2245,2646.1265,2647.3375
2026-03-20 22:01:00,2647.2685,2651.3135,2645.6835,2650.3895
2026-03-20 22:02:00,2650.3855,2652.5995,2648.5365,2650.3235
2026-03-20 22:03:00,2651.3125,2656.3545,2647.3705,2654.2575
2026-03-20 22:04:00,2654.3695,2661.3215,2653.1975,2654.8075
2026-03-20 22:05:00,2654.8025,2658.9135,2652.3135,2658.1345
2026-03-20 22:06:00,2658.0215,2662.4675,2654.3925,2658.1125
2026-03-20 22:07:00,2657.8915,2657.8915,2650.2505,2650.3385
2026-03-20 22:08:00,2650.2025,2650.4645,2640.1365,2640.1415
2026-03-20 22:09:00,2640.2105,2642.2405,2638.1915,2642.2405
2026-03-20 22:10:00,2642.2435,2647.9455,2642.1685,2647.3835
2026-03-20 22:11:00,2646.8785,2655.7395,2645.2305,2654.9555
2026-03-20 22:12:00,2654.9675,2658.2045,2650.3665,2657.7145
2026-03-20 22:13:00,2657.7175,2662.1805,2654.5655,2661.5795
2026-03-20 22:14:00,2661.5755,2669.8835,2661.5755,2668.3085
2026-03-20 22:15:00,2668.4805,2672.7735,2663.9745,2669.0575
2026-03-20 22:16:00,2669.2245,2682.5895,2669.1535,2679.0775
2026-03-20 22:17:00,2679.2195,2687.0285,2678.9035,2680.3935
2026-03-20 22:18:00,2680.3925,2684.9505,2674.5765,2684.3535
2026-03-20 22:19:00,2684.3525,2696.4945,2682.6655,2694.9165
2026-03-20 22:20:00,2695.1715,2699.0845,2689.9085,2695.8155
2026-03-20 22:21:00,2695.5875,2711.3935,2694.7685,2711.3935
2026-03-20 22:22:00,2711.4565,2712.4855,2707.8525,2710.9565
2026-03-20 22:23:00,2710.8615,2714.1755,2706.3365,2708.8195
2026-03-20 22:24:00,2709.2705,2718.3855,2705.6155,2716.7615
2026-03-20 22:25:00,2715.6075,2720.3745,2714.7795,2716.0505
2026-03-20 22:26:00,2715.9315,2724.1575,2712.6405,2712.6405
2026-03-20 22:27:00,2712.6975,2715.3595,2709.7355,2710.1795
2026-03-20 22:28:00,2710.1235,2711.4985,2706.3365,2708.9175
2026-03-20 22:29:00,2708.9155,2709.5415,2705.3625,2705.6325
2026-03-20 22:30:00,2705.7865,2709.4535,2705.3055,2707.9255
2026-03-20 22:31:00,2707.9225,2711.5755,2703.7715,2706.6625
2026-03-20 22:32:00,2706.6595,2712.7575,2701.3745,2701.3745
2026-03-20 22:33:00,2701.4885,2702.4925,2691.5625,2692.9955
2026-03-20 22:34:00,2693.0005,2695.5195,2690.8755,2692.2855
2026-03-20 22:35:00,2692.2845,2701.3685,2692.0535,2701.1905
2026-03-20 22:36:00,2701.8405,2705.1875,2701.5285,2702.8155
2026-03-20 22:37:00,2702.8135,2711.5845,2702.4465,2709.5005
2026-03-20 22:38:00,2709.2925,2717.2565,2708.3915,2714.1105
2026-03-20 22:39:00,2713.8315,2720.4655,2713.7955,2718.5775
2026-03-20 22:40:00,2718.5815,2725.8305,2716.5985,2720.8925
2026-03-20 22:41:00,2720.8975,2727.8735,2720.7755,2726.6625
2026-03-20 22:42:00,2726.6595,2727.7595,2723.6305,2725.0105
2026-03-20 22:43:00,2725.0115,2726.3065,2717.2125,2717.4205
2026-03-20 22:44:00,2717.4225,2729.6225,2716.1475,2727.6435
2026-03-20 22:45:00,2725.8865,2731.0915,2725.0065,2730.3015
2026-03-20 22:46:00,2730.3045,2743.9445,2730.2505,2743.8705
2026-03-20 22:47:00,2743.8735,2746.0335,2741.7445,2741.7495
2026-03-20 22:48:00,2741.5915,2743.3375,2734.0435,2734.0475
2026-03-20 22:49:00,2734.1025,2738.1845,2726.1095,2731.8895
2026-03-20 22:50:00,2731.7125,2739.1835,2729.3935,2730.1555
2026-03-20 22:51:00,2730.1535,2731.2765,2723.4255,2728.9445
2026-03-20 22:52:00,2728.8815,2733.0205,2725.8425,2731.4925
2026-03-20 22:53:00,2730.6025,2730.6055,2725.6765,2725.7855
2026-03-20 22:54:00,2725.7315,2725.7315,2712.4175,2712.5775
2026-03-20 22:55:00,2712.1155,2712.3015,2708.7875,2711.6745
2026-03-20 22:56:00,2711.6755,2713.3675,2708.4575,2710.8235
2026-03-20 22:57:00,2710.9585,2712.0165,2706.6755,2709.4245
2026-03-20 22:58:00,2709.2205,2710.2475,2703.0225,2703.0225
2026-03-20 22:59:00,2702.9765,2703.6195,2691.8285,2696.5735
2026-03-20 23:00:00,2696.5205,2697.1775,2690.2105,2690.3845
2026-03-20 23:01:00,2690.3975,2696.7645,2687.3065,2689.9545
2026-03-20 23:02:00,2689.9585,2690.0115,2684.6085,2686.4375
2026-03-20 23:03:00,2686.5775,2689.6965,2684.0765,2685.8425
2026-03-20 23:04:00,2685.7335,2690.2575,2683.8715,2687.8595
2026-03-20 23:05:00,2687.8555,2692.2085,2687.1165,2692.2085
2026-03-20 23:06:00,2692.2115,2694.1935,2690.0195,2690.0195
2026-03-20 23:07:00,2690.0225,2692.6475,2686.3835,2687.4845
2026-03-20 23:08:00,2687.4885,2696.8555,2685.1805,2685.4575
2026-03-20 23:09:00,2686.1525,2688.3445,2684.3245,2686.6275
2026-03-20 23:10:00,2686.6255,2686.7315,2676.7225,2677.0265
2026-03-20 23:11:00,2677.5345,2689.2265,2677.5345,2686.3625
2026-03-20 23:12:00,2686.3665,2688.4895,2683.7435,2685.5305
2026-03-20 23:13:00,2685.5325,2685.7035,2677.8255,2681.5995
2026-03-20 23:14:00,2680.7965,2682.8155,2675.3335,2676.1425
2026-03-20 23:15:00,2676.1405,2685.8225,2675.9655,2682.2045
2026-03-20 23:16:00,2682.2075,2682.4625,2678.8415,2681.2145
2026-03-20 23:17:00,2681.2805,2683.4625,2676.0285,2678.2895
2026-03-20 23:18:00,2678.0065,2680.9685,2676.7595,2679.7985
2026-03-20 23:19:00,2679.8505,2690.1105,2679.8505,2690.1105
2026-03-20 23:20:00,2688.9245,2689.1175,2675.1965,2678.4715
2026-03-20 23:21:00,2678.4725,2680.0485,2675.2435,2675.7355
2026-03-20 23:22:00,2675.6215,2676.5015,2668.7245,2668.7245
2026-03-20 23:23:00,2668.7225,2670.6845,2662.7965,2666.5805
2026-03-20 23:24:00,2666.8605,2671.2385,2664.0175,2671.1275
2026-03-20 23:25:00,2671.3345,2673.0005,2664.6075,2671.8615
2026-03-20 23:26:00,2671.6915,2676.1135,2671.6915,2673.2585
2026-03-20 23:27:00,2672.8725,2672.9225,2663.7665,2663.9435
2026-03-20 23:28:00,2663.8895,2668.2405,2662.5405,2667.9615
2026-03-20 23:29:00,2668.0075,2668.0075,2663.7405,2664.2225
2026-03-20 23:30:00,2664.1675,2667.5755,2662.9695,2665.3905
2026-03-20 23:31:00,2665.3935,2670.3375,2664.4905,2667.9255
2026-03-20 23:32:00,2667.9265,2668.3315,2659.3535,2659.5425
2026-03-20 23:33:00,2658.9945,2664.7085,2657.6655,2661.5725
2026-03-20 23:34:00,2661.4255,2661.4575,2652.4525,2652.7465
2026-03-20 23:35:00,2652.8525,2657.3405,2650.2265,2652.2615
2026-03-20 23:36:00,2652.2275,2654.4105,2646.5165,2651.1985
2026-03-20 23:37:00,2651.4095,2653.4895,2643.3925,2643.3965
2026-03-20 23:38:00,2642.5525,2645.4395,2641.1875,2641.3835
2026-03-20 23:39:00,2641.3885,2650.8575,2639.1495,2644.3555
2026-03-20 23:40:00,2644.2805,2649.8215,2639.3225,2649.8215
2026-03-20 23:41:00,2650.2795,2652.3335,2644.7305,2648.9595
2026-03-20 23:42:00,2649.2915,2650.0245,2644.4755,2647.9705
2026-03-20 23:43:00,2647.9735,2653.2495,2646.4675,2653.0065
2026-03-20 23:44:00,2653.0085,2657.2085,2649.8115,2650.8375
2026-03-20 23:45:00,2650.8415,2654.6515,2646.7105,2654.5905
2026-03-20 23:46:00,2654.5885,2655.9565,2651.3825,2653.8635
2026-03-20 23:47:00,2653.8625,2658.2645,2648.1245,2650.3065
2026-03-20 23:48:00,2650.3235,2657.4655,2648.4575,2648.6245
2026-03-20 23:49:00,2648.3635,2651.5045,2642.0005,2644.9775
2026-03-20 23:50:00,2645.2585,2645.4825,2638.7465,2642.4735
2026-03-20 23:51:00,2642.4765,2646.3485,2641.8365,2644.8305
2026-03-20 23:52:00,2644.8945,2646.1415,2640.3465,2641.0575
2026-03-20 23:53:00,2641.0545,2646.6435,2641.0545,2644.4585
2026-03-20 23:54:00,2644.4625,2649.0545,2641.1695,2644.1205
2026-03-20 23:55:00,2644.3195,2651.4755,2644.0495,2650.7765
2026-03-20 23:56:00,2650.7725,2654.8005,2648.0835,2654.8005
2026-03-20 23:57:00,2654.7975,2655.2975,2647.1425,2647.4345
2026-03-20 23:58:00,2647.4815,2653.5495,2646.3715,2651.3215
2026-03-20 23:59:00,2651.3265,2655.0315,2648.3575,2654.2315
2026-03-21 00:00:00,2654.5955,2655.3095,2644.9525,2646.9865
2026-03-21 00:01:00,2646.9325,2661.4075,2645.3995,2661.4045
2026-03-21 00:02:00,2661.0845,2661.0845,2647.8285,2648.3435
2026-03-21 00:03:00,2648.3395,2650.5075,2642.1825,2643.9385
2026-03-21 00:04:00,2643.9425,2654.5055,2641.8045,2653.3225
2026-03-21 00:05:00,2653.2135,2663.9635,2652.8695,2661.6495
2026-03-21 00:06:00,2661.6505,2666.1785,2660.1525,2661.8775
2026-03-21 00:07:00,2662.5485,2662.8885,2657.2475,2658.9535
2026-03-21 00:08:00,2658.9495,2659.9545,2655.6905,2656.7855
2026-03-21 00:09:00,2656.7845,2663.6625,2654.9075,2663.0335
2026-03-21 00:10:00,2663.0525,2664.9055,2658.3725,2663.7065
2026-03-21 00:11:00,2663.7115,2674.1065,2658.4245,2674.1065
2026-03-21 00:12:00,2674.2195,2676.5935,2665.5575,2673.5965
2026-03-21 00:13:00,2673.6485,2674.8285,2669.4875,2671.3095
2026-03-21 00:14:00,2672.2275,2672.2935,2664.2525,2666.1465
2026-03-21 00:15:00,2665.0975,2673.0405,2662.8565,2673.0405
2026-03-21 00:16:00,2673.0955,2674.4065,2665.2455,2668.0565
2026-03-21 00:17:00,2667.8835,2667.9525,2662.1825,2662.1865
2026-03-21 00:18:00,2662.1875,2663.6415,2659.2325,2659.4925
2026-03-21 00:19:00,2659.4965,2659.6055,2648.8355,2649.5155
2026-03-21 00:20:00,2649.5085,2654.7065,2647.9975,2650.9565
2026-03-21 00:21:00,2651.0675,2654.2345,2644.8385,2646.3695
2026-03-21 00:22:00,2646.2205,2650.1855,2641.0895,2646.7105
2026-03-21 00:23:00,2646.0745,2646.6875,2638.6435,2640.1395
2026-03-21 00:24:00,2640.0865,2645.4985,2635.6835,2645.0675
2026-03-21 00:25:00,2644.9535,2646.2735,2638.1125,2638.1155
2026-03-21 00:26:00,2638.1695,2639.5945,2634.1475,2637.1665
2026-03-21 00:27:00,2637.1695,2639.8235,2632.5335,2636.0945
2026-03-21 00:28:00,2636.2735,2639.5185,2626.4415,2626.7185
2026-03-21 00:29:00,2626.4435,2628.9895,2619.4815,2626.6415
2026-03-21 00:30:00,2626.6405,2629.7435,2623.6965,2624.0405
2026-03-21 00:31:00,2624.0455,2627.6935,2618.5625,2619.1365
2026-03-21 00:32:00,2618.7275,2628.3625,2618.5685,2628.2165
2026-03-21 00:33:00,2628.2135,2631.7605,2621.5375,2622.5275
2026-03-21 00:34:00,2622.5265,2624.1865,2611.2565,2614.7505
2026-03-21 00:35:00,2614.8055,2622.5475,2614.7035,2617.4745
2026-03-21 00:36:00,2617.4795,2621.4565,2611.7065,2611.7065
2026-03-21 00:37:00,2611.3275,2613.4185,2601.6205,2601.8165
2026-03-21 00:38:00,2601.3865,2604.8925,2598.6765,2598.6875
2026-03-21 00:39:00,2598.6835,2603.3135,2593.1145,2593.1145
2026-03-21 00:40:00,2593.2205,2598.7815,2590.9145,2596.8815
2026-03-21 00:41:00,2596.8775,2602.3705,2595.4965,2595.4965
2026-03-21 00:42:00,2595.4925,2602.9735,2594.3795,2597.9685
2026-03-21 00:43:00,2597.9675,2598.1925,2588.2235,2591.8935
2026-03-21 00:44:00,2591.8965,2591.8965,2584.1465,2587.4675
2026-03-21 00:45:00,2587.4685,2587.4685,2576.4425,2576.9795
2026-03-21 00:46:00,2576.9805,2577.5055,2565.5795,2565.7765
2026-03-21 00:47:00,2565.8395,2573.6435,2565.8395,2569.7985
2026-03-21 00:48:00,2569.3335,2569.7535,2562.0625,2562.4715
2026-03-21 00:49:00,2562.4735,2567.4815,2561.6375,2565.4445
2026-03-21 00:50:00,2565.4425,2568.9275,2562.8865,2567.5955
2026-03-21 00:51:00,2567.5975,2569.8205,2565.1825,2566.0185
2026-03-21 00:52:00,2565.9665,2567.8585,2560.7445,2560.9285
2026-03-21 00:53:00,2560.9465,2562.1045,2556.2925,2557.4735
2026-03-21 00:54:00,2557.4785,2559.6245,2555.6045,2559.6245
2026-03-21 00:55:00,2559.6205,2560.0105,2552.7825,2555.7335
2026-03-21 00:56:00,2555.7365,2562.5485,2554.6405,2562.5445
2026-03-21 00:57:00,2562.4875,2563.9605,2560.2655,2563.4145
2026-03-21 00:58:00,2563.5785,2568.5025,2555.1635,2555.9985
2026-03-21 00:59:00,2555.9975,2564.6485,2555.2865,2562.5925
2026-03-21 01:00:00,2562.5905,2569.8445,2560.2485,2569.6455
2026-03-21 01:01:00,2569.7045,2578.0585,2569.0455,2578.0585
2026-03-21 01:02:00,2578.0545,2587.5165,2578.0545,2587.5165
2026-03-21 01:03:00,2587.5175,2588.4295,2576.5255,2576.5255
2026-03-21 01:04:00,2577.0595,2580.6595,2569.0825,2572.7305
2026-03-21 01:10:00,2572.7305,2572.7305,2572.7305,2572.7305
2026-03-21 01:11:00,2572.7305,2878.9815,2572.7305,2877.7255
2026-03-21 01:12:00,2878.0255,2884.8875,2878.0255,2882.0545
2026-03-21 01:13:00,2882.0595,2883.7855,2876.4475,2882.2765
2026-03-21 01:14:00,2882.2805,2890.2215,2878.0885,2886.1635
2026-03-21 01:15:00,2889.5195,2896.8875,2889.5165,2893.1785
2026-03-21 01:16:00,2894.9235,2894.9235,2885.2835,2886.8775
2026-03-21 01:17:00,2887.6995,2892.8445,2886.6075,2889.2325
2026-03-21 01:18:00,2891.2995,2891.4055,2885.0705,2889.3705
2026-03-21 01:19:00,2889.9685,2889.9685,2877.5795,2877.7105
2026-03-21 01:20:00,2877.5875,2883.9735,2875.3295,2878.3905
2026-03-21 01:21:00,2878.4465,2881.6645,2872.3915,2878.7035
2026-03-21 01:22:00,2878.9455,2881.2465,2873.5095,2876.4335
2026-03-21 01:23:00,2876.4295,2878.4365,2869.9035,2869.9035
2026-03-21 01:24:00,2869.9085,2869.9085,2860.1245,2863.4755
2026-03-21 01:25:00,2863.7185,2869.8535,2862.5995,2869.1045
2026-03-21 01:26:00,2868.9845,2871.4495,2862.9955,2870.2385
2026-03-21 01:27:00,2870.2975,2871.4905,2860.9745,2871.2245
2026-03-21 01:28:00,2871.3685,2874.1325,2863.7915,2870.7655
2026-03-21 01:29:00,2870.7665,2882.1065,2867.9435,2882.1065
2026-03-21 01:30:00,2882.0465,2887.4165,2879.7305,2884.9885
2026-03-21 01:31:00,2882.4335,2890.2245,2882.4315,2890.2245
2026-03-21 01:32:00,2890.2235,2890.2235,2883.6805,2885.4575
2026-03-21 01:33:00,2886.7435,2893.3025,2885.3445,2891.2225
2026-03-21 01:34:00,2891.7655,2896.5115,2889.6975,2896.3895
2026-03-21 01:35:00,2896.3865,2903.4245,2896.2795,2901.5785
2026-03-21 01:36:00,2901.2285,2903.6525,2896.2815,2897.1935
2026-03-21 01:37:00,2895.6015,2898.2105,2894.4855,2897.6235
2026-03-21 01:38:00,2897.6205,2903.5015,2894.4105,2897.9055
2026-03-21 01:39:00,2897.0005,2904.4475,2896.5905,2902.6155
2026-03-21 01:40:00,2902.3475,2907.8405,2897.8415,2905.1275
2026-03-21 01:41:00,2905.1245,2905.1245,2897.0485,2897.0505
2026-03-21 01:42:00,2896.5045,2901.2105,2891.9415,2901.2055
2026-03-21 01:43:00,2901.2725,2903.1015,2897.0775,2900.3865
2026-03-21 01:44:00,2900.4485,2902.4115,2896.2725,2898.7365
2026-03-21 01:45:00,2899.0075,2903.3355,2896.9055,2901.4545
2026-03-21 01:46:00,2901.4285,2905.8265,2895.0735,2904.9355
2026-03-21 01:47:00,2905.0065,2906.1515,2897.3515,2899.0235
2026-03-21 01:48:00,2898.8445,2899.7725,2888.8925,2890.5925
2026-03-21 01:49:00,2890.6525,2895.4595,2886.7645,2892.2295
2026-03-21 01:50:00,2892.5895,2893.2905,2885.2465,2888.5585
2026-03-21 01:51:00,2888.8565,2897.7505,2887.6145,2897.6865
2026-03-21 01:52:00,2897.6815,2898.0885,2889.0135,2891.1925
2026-03-21 01:53:00,2891.3455,2895.1005,2887.6815,2891.8125
2026-03-21 01:54:00,2891.2425,2900.4925,2890.8325,2899.0555
2026-03-21 01:55:00,2899.0565,2913.8545,2897.7015,2913.6715
2026-03-21 01:56:00,2913.6745,2921.1795,2911.5935,2920.6615
2026-03-21 01:57:00,2920.2145,2928.9375,2919.9045,2928.7685
2026-03-21 01:58:00,2928.3985,2931.4455,2923.0545,2930.5995
2026-03-21 01:59:00,2930.7805,2939.0235,2929.9655,2937.3835
2026-03-21 02:00:00,2937.3825,2945.3085,2934.0095,2944.3435
2026-03-21 02:01:00,2944.7735,2953.9165,2943.9775,2948.1505
2026-03-21 02:02:00,2948.1555,2951.7075,2942.5465,2942.5485
2026-03-21 02:03:00,2942.5515,2944.5495,2936.3145,2938.1665
2026-03-21 02:04:00,2938.3825,2946.1065,2937.2005,2944.0405
2026-03-21 02:05:00,2943.8585,2948.0365,2939.1435,2946.7885
2026-03-21 02:06:00,2946.4765,2947.1735,2936.8955,2940.0355
2026-03-21 02:07:00,2940.0935,2944.1265,2939.1955,2941.4405
2026-03-21 02:08:00,2941.2805,2946.2035,2936.9745,2941.7565
2026-03-21 02:09:00,2941.8765,2952.4835,2941.8535,2943.1005
2026-03-21 02:10:00,2941.8725,2943.9405,2936.9605,2943.4165
2026-03-21 02:11:00,2943.5605,2960.1335,2943.5605,2952.3665
2026-03-21 02:12:00,2951.2925,2957.0485,2950.2875,2956.4075
2026-03-21 02:13:00,2956.4025,2962.8815,2954.0305,2960.4515
2026-03-21 02:14:00,2960.4495,2969.3595,2958.4445,2964.6555
2026-03-21 02:15:00,2964.6565,2967.9595,2959.2635,2967.9595
2026-03-21 02:16:00,2967.8905,2974.7325,2965.1615,2966.2025
2026-03-21 02:17:00,2966.2045,2974.1205,2964.5215,2969.6725
2026-03-21 02:18:00,2969.6705,2979.6105,2967.9655,2979.4615
2026-03-21 02:19:00,2979.4655,2984.8365,2974.3695,2982.6605
2026-03-21 02:20:00,2982.6625,2982.8135,2968.8775,2971.1835
2026-03-21 02:21:00,2971.1155,2973.2645,2965.0045,2965.7875
2026-03-21 02:22:00,2965.7845,2968.1845,2962.3145,2963.0705
2026-03-21 02:23:00,2964.0455,2978.7245,2962.9405,2975.3945
2026-03-21 02:24:00,2974.9865,2977.3235,2972.4265,2974.2625
2026-03-21 02:25:00,2974.4625,2977.0635,2969.3095,2975.7475
2026-03-21 02:26:00,2975.7435,2979.7565,2972.3955,2978.0495
2026-03-21 02:27:00,2978.0475,2985.4065,2976.7035,2982.4805
2026-03-21 02:28:00,2981.7875,2985.7805,2978.6275,2985.0915
2026-03-21 02:29:00,2985.4655,2994.4625,2983.1285,2993.8825
2026-03-21 02:30:00,2993.9455,2996.6485,2990.6375,2993.1835
2026-03-21 02:31:00,2993.2535,2997.6595,2992.7475,2995.8665
2026-03-21 02:32:00,2995.8635,2995.8785,2987.4715,2987.7195
2026-03-21 02:33:00,2988.1435,2988.9235,2978.5405,2979.9065
2026-03-21 02:34:00,2979.8685,2989.1595,2977.3455,2983.6885
2026-03-21 02:35:00,2983.6875,2984.4055,2978.3025,2978.8055
2026-03-21 02:36:00,2978.3655,2988.7795,2978.3655,2984.8505
2026-03-21 02:37:00,2984.8565,2993.3685,2982.1835,2990.7475
2026-03-21 02:38:00,2990.6835,2993.5765,2982.9785,2983.9815
2026-03-21 02:39:00,2983.9855,2984.7695,2973.4135,2974.1025
2026-03-21 02:40:00,2974.1615,2974.2255,2968.6785,2971.1965
2026-03-21 02:41:00,2971.2005,2974.2545,2968.7335,2969.0395
2026-03-21 02:42:00,2969.0435,2972.7005,2968.2025,2969.3775
2026-03-21 02:43:00,2969.4445,2982.0355,2967.4435,2982.0355
2026-03-21 02:44:00,2982.1605,2982.2795,2968.6215,2970.9525
2026-03-21 02:45:00,2970.9515,2986.1375,2969.9285,2986.1335
2026-03-21 02:46:00,2986.1285,2996.6675,2986.0065,2990.3585
2026-03-21 02:47:00,2990.2915,2994.3285,2987.5885,2993.5775
2026-03-21 02:48:00,2993.6335,2997.1845,2991.2945,2994.8685
2026-03-21 02:49:00,2994.8715,2994.8715,2980.5755,2981.1395
2026-03-21 02:50:00,2981.1365,2981.1365,2973.3135,2974.5825
2026-03-21 02:51:00,2974.5165,2983.8775,2972.7115,2983.3255
2026-03-21 02:52:00,2982.8555,2987.4685,2981.0305,2981.0995
2026-03-21 02:53:00,2980.9125,2994.0175,2980.9125,2993.8745
2026-03-21 02:54:00,2995.1155,3009.0145,2994.4755,3007.7995
2026-03-21 02:55:00,3006.7285,3014.9675,3006.7285,3012.6615
2026-03-21 02:56:00,3012.0565,3013.5925,3008.0495,3013.5705
2026-03-21 02:57:00,3013.7615,3014.5415,3007.1525,3010.8495
2026-03-21 02:58:00,3010.8545,3013.2895,3005.0695,3006.0675
2026-03-21 02:59:00,3006.2935,3015.7115,3004.8665,3013.7375
2026-03-21 03:00:00,3013.7355,3020.1215,3010.3495,3010.3495
2026-03-21 03:01:00,3011.2895,3015.4215,3007.3685,3009.4575
2026-03-21 03:02:00,3009.6565,3014.2915,3008.7575,3011.1445
2026-03-21 03:03:00,3011.0775,3012.6415,3000.8695,3006.0065
2026-03-21 03:04:00,3006.2345,3007.9765,2994.1535,2999.4185
2026-03-21 03:05:00,2999.3565,3002.1835,2997.4165,2997.8505
2026-03-21 03:06:00,2997.6655,3006.3745,2996.2085,3006.3745
2026-03-21 03:07:00,3006.3795,3013.6535,3006.3795,3012.9215
2026-03-21 03:08:00,3012.9245,3013.3325,3000.2205,3006.8815
2026-03-21 03:09:00,3007.1135,3009.6945,3003.4855,3003.7355
2026-03-21 03:10:00,3003.7375,3011.0075,2998.9475,3002.7445
2026-03-21 03:11:00,3003.1855,3003.1855,2984.9995,2985.0005
2026-03-21 03:12:00,2985.6095,2987.4535,2982.1895,2984.4435
2026-03-21 03:13:00,2984.6965,2992.5575,2984.3725,2992.4985
2026-03-21 03:14:00,2992.5585,2997.5495,2989.6605,2996.7505
2026-03-21 03:15:00,2996.5595,3008.3885,2996.2595,3008.3015
2026-03-21 03:16:00,3008.5345,3008.7555,2998.5685,3002.1255
2026-03-21 03:17:00,3001.9615,3002.2365,2996.2735,3002.2365
2026-03-21 03:18:00,3002.0845,3003.4905,2994.6945,3001.5885
2026-03-21 03:19:00,3001.5925,3002.9935,2997.5895,2998.7095
2026-03-21 03:20:00,2998.7115,3001.9485,2994.4445,2994.5075
2026-03-21 03:21:00,2994.5105,3001.7455,2994.4335,2999.0495
2026-03-21 03:22:00,2999.0535,2999.4555,2987.7445,2989.0035
2026-03-21 03:23:00,2989.0395,2989.3635,2980.7345,2980.7715
2026-03-21 03:24:00,2981.0305,2987.2925,2976.3325,2984.2915
2026-03-21 03:25:00,2984.2925,2989.1415,2982.6355,2985.7385
2026-03-21 03:26:00,2985.6745,2987.9725,2979.1615,2987.4605
2026-03-21 03:27:00,2987.4615,2995.2605,2987.3845,2991.1695
2026-03-21 03:28:00,2991.7945,2992.8905,2983.6745,2990.5255
2026-03-21 03:29:00,2990.5205,2993.0355,2986.7525,2989.2105
2026-03-21 03:30:00,2989.2115,2998.3875,2986.7325,2990.2505
2026-03-21 03:31:00,2989.1695,2992.9755,2982.9575,2984.9345
2026-03-21 03:32:00,2984.5375,2990.9925,2982.6635,2990.6365
2026-03-21 03:33:00,2990.6995,2996.0905,2990.1625,2995.7935
2026-03-21 03:34:00,2995.7975,2997.8635,2989.3985,2989.7575
2026-03-21 03:35:00,2989.7525,2996.6295,2987.9495,2990.3205
2026-03-21 03:36:00,2990.3915,2990.3915,2985.2515,2988.3435
2026-03-21 03:37:00,2988.3495,2992.2355,2982.8635,2987.2725
2026-03-21 03:38:00,2987.2675,2988.2095,2980.0295,2981.1785
2026-03-21 03:39:00,2981.1755,2991.6075,2980.6065,2981.9935
2026-03-21 03:40:00,2981.9895,2989.4305,2980.0755,2985.3415
2026-03-21 03:41:00,2985.3445,2987.9655,2981.5835,2987.4225
2026-03-21 03:42:00,2987.4195,2987.7535,2979.3665,2983.1005
2026-03-21 03:43:00,2982.9345,2985.5195,2978.7935,2980.7845
2026-03-21 03:44:00,2980.7805,2982.5445,2975.9745,2976.3475
2026-03-21 03:45:00,2976.3445,2977.7005,2969.0445,2970.4385
2026-03-21 03:46:00,2971.1815,2977.2475,2967.0115,2975.6635
2026-03-21 03:47:00,2975.7915,2977.8425,2969.0315,2971.0445
2026-03-21 03:48:00,2970.9515,2977.5045,2969.5475,2976.8535
2026-03-21 03:49:00,2976.7935,2980.4225,2973.3835,2974.3095
2026-03-21 03:50:00,2974.2455,2976.4655,2969.0815,2970.9785
2026-03-21 03:51:00,2971.5615,2975.0945,2967.9275,2974.5795
2026-03-21 03:52:00,2974.6205,2975.2955,2971.1215,2972.2845
2026-03-21 03:53:00,2971.8295,2972.7345,2962.1575,2963.2345
2026-03-21 03:54:00,2963.2325,2969.2905,2960.6495,2964.0365
2026-03-21 03:55:00,2963.9765,2972.5745,2963.6525,2971.1965
2026-03-21 03:56:00,2970.8975,2974.4795,2967.5905,2967.9465
2026-03-21 03:57:00,2967.7045,2967.9285,2959.8025,2965.5915
2026-03-21 03:58:00,2965.2975,2975.6095,2963.0355,2974.4765
2026-03-21 03:59:00,2974.1525,2978.5925,2967.8025,2968.0315
2026-03-21 04:00:00,2968.7475,2977.2205,2965.4655,2965.5725
2026-03-21 04:01:00,2965.5775,2966.3785,2957.2125,2959.0275
2026-03-21 04:02:00,2958.7125,2960.5065,2952.7525,2954.4315
2026-03-21 04:03:00,2954.6835,2954.7785,2947.0195,2947.6835
2026-03-21 04:04:00,2947.0515,2953.3145,2946.2135,2948.1165
2026-03-21 04:05:00,2948.0525,2957.2615,2945.5255,2957.2615
2026-03-21 04:06:00,2957.2695,2957.7495,2944.8685,2945.4215
2026-03-21 04:07:00,2945.2965,2945.7385,2937.8825,2938.4715
2026-03-21 04:08:00,2938.5925,2941.7985,2934.0515,2934.8695
2026-03-21 04:09:00,2934.8665,2935.2575,2925.4595,2930.2425
2026-03-21 04:10:00,2930.2455,2935.4405,2929.8875,2931.3115
2026-03-21 04:11:00,2931.4735,2938.5995,2931.4735,2935.4015
2026-03-21 04:12:00,2935.2555,2940.1815,2934.8515,2935.9275
2026-03-21 04:13:00,2935.9415,2945.1055,2935.7785,2944.3835
2026-03-21 04:14:00,2944.3865,2952.8285,2944.1985,2950.3465
2026-03-21 04:15:00,2950.3455,2955.1225,2949.5655,2954.6255
2026-03-21 04:16:00,2954.6855,2960.0065,2949.4905,2950.1295
2026-03-21 04:17:00,2950.6755,2960.7325,2948.3985,2960.6205
2026-03-21 04:18:00,2960.4285,2962.6065,2957.2275,2959.3705
2026-03-21 04:19:00,2959.3755,2959.3765,2952.3705,2952.7725
2026-03-21 04:20:00,2952.8365,2952.8405,2939.2205,2939.7575
2026-03-21 04:21:00,2939.6915,2944.0785,2937.8145,2941.2985
2026-03-21 04:22:00,2941.6185,2953.3085,2941.1915,2950.0305
2026-03-21 04:23:00,2950.0965,2951.5955,2940.2855,2945.5795
2026-03-21 04:24:00,2945.1975,2947.6815,2943.8795,2945.4395
2026-03-21 04:25:00,2944.8355,2946.6225,2942.2965,2943.8945
2026-03-21 04:26:00,2943.8995,2951.7015,2943.7885,2948.8555
2026-03-21 04:27:00,2948.8525,2948.8555,2942.7185,2943.9255
2026-03-21 04:28:00,2944.3625,2945.7635,2940.0145,2944.0565
2026-03-21 04:29:00,2944.8615,2957.0035,2944.1085,2956.4465
2026-03-21 04:30:00,2956.3255,2964.0945,2954.9065,2956.1335
2026-03-21 04:31:00,2956.2595,2956.2595,2940.4535,2940.4535
2026-03-21 04:32:00,2940.6495,2942.2675,2935.9865,2938.4135
2026-03-21 04:33:00,2938.3525,2939.8585,2927.0055,2933.5725
2026-03-21 04:34:00,2933.9815,2941.3975,2931.5235,2938.1095
2026-03-21 04:35:00,2938.1055,2938.5625,2934.8385,2935.9295
2026-03-21 04:36:00,2935.9335,2944.9325,2935.8825,2943.8205
2026-03-21 04:37:00,2944.8925,2945.9215,2938.2135,2940.5405
2026-03-21 04:38:00,2940.5445,2941.6715,2937.1215,2939.1405
2026-03-21 04:39:00,2938.7645,2938.7665,2930.5975,2935.9335
2026-03-21 04:40:00,2935.6835,2938.9775,2930.9385,2932.9605
2026-03-21 04:41:00,2932.7285,2951.0945,2932.7225,2951.0895
2026-03-21 04:42:00,2951.1585,2961.2965,2948.9745,2960.2805
2026-03-21 04:43:00,2960.2795,2964.7065,2954.7005,2961.7765
2026-03-21 04:44:00,2961.7795,2965.2845,2958.7435,2963.6015
2026-03-21 04:45:00,2965.0775,2970.7075,2960.3225,2969.4645
2026-03-21 04:46:00,2969.5935,2973.2215,2968.1425,2971.7625
2026-03-21 04:47:00,2971.7675,2971.9715,2965.6635,2966.4085
2026-03-21 04:48:00,2966.4135,2966.5995,2956.9755,2957.1265
2026-03-21 04:49:00,2957.1955,2957.8665,2951.3885,2956.6235
2026-03-21 04:50:00,2956.5675,2960.5545,2955.7645,2958.8045
2026-03-21 04:51:00,2958.6395,2958.8025,2951.9235,2955.0205
2026-03-21 04:52:00,2955.0975,2957.0985,2945.5215,2946.5245
2026-03-21 04:53:00,2946.5225,2951.7745,2943.0185,2946.4045
2026-03-21 04:54:00,2945.4195,2948.5255,2941.1235,2944.5705
2026-03-21 04:55:00,2945.2335,2952.8475,2944.1795,2951.1605
2026-03-21 04:56:00,2951.1585,2958.9835,2949.2745,2954.6545
2026-03-21 04:57:00,2954.6555,2958.3315,2952.5775,2958.3315
2026-03-21 04:58:00,2958.2565,2958.4985,2950.9285,2957.8765
2026-03-21 04:59:00,2957.8755,2963.3935,2950.7825,2951.7365
2026-03-21 05:00:00,2951.7345,2975.7125,2950.4515,2975.7125
2026-03-21 05:01:00,2975.7175,2981.7605,2971.7695,2975.3935
2026-03-21 05:02:00,2975.4585,2984.0505,2973.8175,2982.7415
2026-03-21 05:03:00,2982.7405,2993.2485,2982.1175,2988.1215
2026-03-21 05:04:00,2988.1165,2996.2065,2986.3455,2995.9795
2026-03-21 05:05:00,2996.1065,3000.8025,2994.8965,2998.4055
2026-03-21 05:06:00,2998.5335,3002.8045,2993.4665,3002.5325
2026-03-21 05:07:00,3002.5345,3016.4385,3002.5345,3016.4365
2026-03-21 05:08:00,3016.3695,3017.2805,3005.9955,3006.2275
2026-03-21 05:09:00,3006.2285,3008.1275,3002.8545,3004.5665
2026-03-21 05:10:00,3004.5645,3009.1085,3003.2355,3008.8255
2026-03-21 05:11:00,3008.7335,3008.8085,3001.2235,3004.5245
2026-03-21 05:12:00,3004.1535,3004.1535,2995.8375,2999.6915
2026-03-21 05:13:00,2999.7545,2999.9955,2993.2395,2997.1855
2026-03-21 05:14:00,2997.1235,2997.8705,2983.7855,2986.6805
2026-03-21 05:15:00,2986.6765,2989.7685,2984.8395,2985.5075
2026-03-21 05:16:00,2984.7375,2984.7375,2978.1385,2979.5175
2026-03-21 05:17:00,2979.5125,2982.1215,2971.6865,2976.4535
2026-03-21 05:18:00,2976.7575,2985.2185,2972.5655,2980.9315
2026-03-21 05:19:00,2980.9295,2984.4895,2975.3005,2984.2665
2026-03-21 05:20:00,2984.7225,2992.3605,2984.7225,2992.2045
2026-03-21 05:21:00,2992.3295,3001.0085,2990.3485,3000.0745
2026-03-21 05:22:00,3000.2445,3011.1005,3000.2445,3006.1125
2026-03-21 05:23:00,3006.8765,3008.9425,2994.4665,2997.6125
2026-03-21 05:24:00,2997.6175,3002.5805,2995.7375,3002.5225
2026-03-21 05:25:00,3002.5235,3002.5235,2988.9795,2989.6025
2026-03-21 05:26:00,2989.5985,2990.7495,2978.6085,2979.2335
2026-03-21 05:27:00,2978.3235,2980.2505,2976.0195,2976.3465
2026-03-21 05:28:00,2976.4005,2980.8465,2974.9345,2977.8705
2026-03-21 05:29:00,2977.8725,2983.6925,2975.6535,2980.9315
2026-03-21 05:30:00,2980.9355,2985.3515,2976.5315,2982.8195
2026-03-21 05:31:00,2982.8545,2983.9075,2975.0185,2979.1595
2026-03-21 05:32:00,2979.1635,2981.0135,2969.2415,2971.1725
2026-03-21 05:33:00,2971.1705,2973.7445,2967.4635,2968.1765
2026-03-21 05:34:00,2968.3545,2969.0275,2964.4785,2967.0335
2026-03-21 05:35:00,2966.9685,2970.3255,2964.2905,2966.2455
2026-03-21 05:36:00,2966.1075,2966.7025,2952.2435,2954.0735
2026-03-21 05:37:00,2954.0745,2965.2295,2953.1415,2964.1155
2026-03-21 05:38:00,2964.1145,2969.9425,2963.5235,2966.3755
2026-03-21 05:39:00,2964.9345,2975.2845,2963.7965,2973.2045
2026-03-21 05:40:00,2973.2085,2980.7935,2967.4575,2977.9005
2026-03-21 05:41:00,2977.8975,2979.9595,2973.2035,2978.7875
2026-03-21 05:42:00,2978.7915,2980.2925,2972.3035,2979.2685
2026-03-21 05:43:00,2978.6485,2984.2355,2977.5805,2980.1595
2026-03-21 05:44:00,2980.1565,2984.1835,2976.9505,2981.8565
2026-03-21 05:45:00,2981.0745,2995.6245,2981.0745,2995.3655
2026-03-21 05:46:00,2995.0285,3000.6765,2991.2935,2992.0795
2026-03-21 05:47:00,2992.2455,2997.5215,2991.4015,2995.8465
2026-03-21 05:48:00,2995.8485,2996.1405,2983.2645,2985.1205
2026-03-21 05:49:00,2985.0305,2985.2825,2974.8345,2976.2165
2026-03-21 05:50:00,2976.2175,2976.2175,2959.2355,2959.2355
2026-03-21 05:51:00,2959.2375,2968.1445,2957.4005,2967.8705
2026-03-21 05:52:00,2967.3685,2975.5865,2967.3685,2971.8405
2026-03-21 05:53:00,2971.8375,2976.2985,2969.6555,2972.9115
2026-03-21 05:54:00,2973.7205,2973.7205,2964.6665,2970.8945
2026-03-21 05:55:00,2970.7685,2977.8195,2968.0615,2972.2435
2026-03-21 05:56:00,2970.2995,2971.1055,2959.3585,2959.9155
2026-03-21 05:57:00,2959.6685,2978.4585,2959.1035,2977.5275
2026-03-21 05:58:00,2977.6425,2978.0405,2965.3635,2966.4105
2026-03-21 05:59:00,2966.3975,2968.2965,2963.0345,2965.0465
2026-03-21 06:00:00,2965.1025,2966.5615,2963.0165,2964.2455
2026-03-21 06:01:00,2964.1895,2968.1805,2959.7035,2963.0615
2026-03-21 06:02:00,2963.0605,2972.0295,2962.9925,2967.6655
2026-03-21 06:03:00,2966.9595,2975.2355,2964.6255,2974.0605
2026-03-21 06:04:00,2974.0575,2980.1125,2971.5355,2977.0635
2026-03-21 06:05:00,2977.0655,2983.0095,2972.1195,2972.3115
2026-03-21 06:06:00,2972.9135,2974.8425,2961.0375,2967.9265
2026-03-21 06:07:00,2967.9905,2975.0775,2967.9025,2971.4355
2026-03-21 06:08:00,2971.4365,2973.4985,2968.6545,2971.1015
2026-03-21 06:09:00,2971.0405,2972.5305,2956.2865,2956.7505
2026-03-21 06:10:00,2956.7455,2958.0025,2947.5725,2948.4825
2026-03-21 06:11:00,2948.4785,2959.1395,2947.7155,2958.0155
2026-03-21 06:12:00,2958.2255,2960.9845,2954.0575,2955.6065
2026-03-21 06:13:00,2955.6795,2961.8245,2954.8795,2960.9845
2026-03-21 06:14:00,2961.1705,2970.0955,2960.8465,2962.6285
2026-03-21 06:15:00,2962.6855,2964.8825,2959.3875,2959.4495
2026-03-21 06:16:00,2959.4465,2961.5715,2942.9135,2942.9155
2026-03-21 06:17:00,2942.8395,2942.8945,2933.1925,2937.7575
2026-03-21 06:18:00,2937.7555,2937.7555,2930.6185,2936.8195
2026-03-21 06:19:00,2936.8215,2936.9365,2928.1185,2931.6325
2026-03-21 06:20:00,2931.5585,2933.9835,2926.8675,2933.3875
2026-03-21 06:21:00,2933.4465,2935.4765,2927.8175,2934.1175
2026-03-21 06:22:00,2932.8795,2938.4215,2932.2055,2936.6635
2026-03-21 06:23:00,2936.6025,2944.3515,2932.8095,2939.8905
2026-03-21 06:24:00,2939.7665,2947.3845,2939.7665,2940.5025
2026-03-21 06:25:00,2940.5015,2943.2205,2937.5885,2943.2205
2026-03-21 06:26:00,2943.0215,2946.7245,2938.1555,2939.6605
2026-03-21 06:27:00,2939.6655,2939.6655,2932.5835,2934.4485
2026-03-21 06:28:00,2934.4505,2945.7435,2934.1495,2945.3555
2026-03-21 06:29:00,2945.3605,2945.3695,2938.9245,2941.9755
2026-03-21 06:30:00,2942.5605,2949.3725,2942.4865,2948.6205
2026-03-21 06:31:00,2948.3415,2948.6305,2941.8895,2944.8335
2026-03-21 06:32:00,2944.8385,2951.3405,2943.4905,2951.3015
2026-03-21 06:33:00,2951.1165,2952.0395,2944.5075,2946.6365
2026-03-21 06:34:00,2946.6405,2949.8305,2943.4115,2946.4295
2026-03-21 06:35:00,2946.8205,2948.0765,2941.5425,2943.9105
2026-03-21 06:36:00,2943.9065,2944.1675,2936.2485,2941.6025
2026-03-21 06:37:00,2942.1525,2944.9655,2937.2565,2941.9775
2026-03-21 06:38:00,2941.9805,2942.5215,2931.7875,2939.0705
2026-03-21 06:39:00,2938.8995,2940.0415,2933.7555,2933.7555
2026-03-21 06:40:00,2933.7575,2945.8505,2933.0095,2943.9305
2026-03-21 06:41:00,2943.3165,2947.5825,2939.4155,2947.5735
2026-03-21 06:42:00,2948.0505,2966.5245,2948.0335,2966.5245
2026-03-21 06:43:00,2966.1405,2976.0875,2965.0295,2976.0875
2026-03-21 06:44:00,2976.0835,2980.8195,2973.7935,2980.8195
2026-03-21 06:45:00,2980.4825,2981.1335,2976.7125,2976.8705
2026-03-21 06:46:00,2976.8755,2992.5895,2976.8755,2992.3355
2026-03-21 06:47:00,2992.5225,2995.2455,2988.5565,2991.4535
2026-03-21 06:48:00,2991.3865,2993.7555,2987.8495,2988.8265
2026-03-21 06:49:00,2988.8295,2989.8285,2983.4495,2984.5715
2026-03-21 06:50:00,2984.5095,2988.1385,2977.2605,2977.7745
2026-03-21 06:51:00,2978.3195,2979.0325,2971.2045,2974.9865
2026-03-21 06:52:00,2974.9855,2980.6125,2974.3245,2979.0425
2026-03-21 06:53:00,2979.0385,2994.6425,2979.0385,2994.0975
2026-03-21 06:54:00,2994.0995,3005.7495,2990.8605,3005.7495
2026-03-21 06:55:00,3005.7435,3009.4555,3004.4795,3008.7555
2026-03-21 06:56:00,3007.9285,3012.2015,3005.1705,3006.6725
2026-03-21 06:57:00,3006.6695,3009.9365,3002.5135,3007.1735
2026-03-21 06:58:00,3007.3325,3007.3335,2994.8965,2999.7885
2026-03-21 06:59:00,2999.9835,3000.4985,2992.4795,2994.4345
2026-03-21 07:00:00,2994.2675,2997.8375,2990.0725,2990.4915
2026-03-21 07:01:00,2990.4945,2999.8585,2990.4945,2999.8585
2026-03-21 07:02:00,2999.8635,3002.9945,2994.7715,3001.7915
2026-03-21 07:03:00,3001.5665,3003.6565,2994.5835,2994.6555
2026-03-21 07:04:00,2994.4665,2996.6635,2990.2665,2990.7975
2026-03-21 07:05:00,2990.9625,2994.0025,2985.3815,2987.6755
2026-03-21 07:06:00,2987.6705,2993.7705,2985.4495,2987.6385
2026-03-21 07:07:00,2987.6405,2989.3235,2982.1235,2984.6675
2026-03-21 07:08:00,2984.7875,2985.1265,2976.8675,2978.4155
2026-03-21 07:09:00,2978.4125,2984.0545,2976.8805,2983.6365
2026-03-21 07:10:00,2983.6375,2984.7545,2979.4685,2982.3405
2026-03-21 07:11:00,2982.4265,2983.4875,2967.8205,2968.7835
2026-03-21 07:12:00,2969.2365,2972.5205,2965.4475,2970.4265
2026-03-21 07:13:00,2970.4235,2972.4005,2962.8235,2972.4005
2026-03-21 07:14:00,2972.6445,2981.6985,2972.5615,2978.9395
2026-03-21 07:15:00,2978.8785,2978.8785,2966.3055,2966.3055
2026-03-21 07:16:00,2966.0745,2972.5905,2964.8995,2968.1295
2026-03-21 07:17:00,2968.3585,2976.0225,2968.3585,2973.2745
2026-03-21 07:18:00,2973.1465,2981.7605,2972.3995,2980.2865
2026-03-21 07:19:00,2980.3545,2997.2345,2980.3545,2995.1375
2026-03-21 07:20:00,2994.8865,3003.3095,2993.9135,3000.7985
2026-03-21 07:21:00,3000.8015,3002.4005,2998.4905,3002.0085
2026-03-21 07:22:00,3002.0035,3005.9135,2999.1075,3002.0545
2026-03-21 07:23:00,3002.1795,3013.3065,3000.2855,3012.3815
2026-03-21 07:24:00,3012.5265,3023.4145,3009.9225,3021.8155
2026-03-21 07:25:00,3021.7595,3025.9055,3018.4605,3020.5855
2026-03-21 07:26:00,3019.0905,3019.2215,3009.0615,3010.7575
2026-03-21 07:27:00,3010.7565,3017.3625,3008.3685,3009.1085
2026-03-21 07:28:00,3009.1065,3018.9065,3008.9765,3014.9715
2026-03-21 07:29:00,3014.9385,3032.5745,3014.7435,3031.5265
2026-03-21 07:30:00,3031.5255,3033.1805,3027.2285,3027.2345
2026-03-21 07:31:00,3027.6235,3030.0155,3018.7615,3022.4625
2026-03-21 07:32:00,3022.5215,3030.1455,3022.2245,3024.1095
2026-03-21 07:33:00,3024.1125,3025.3545,3019.4025,3024.6395
2026-03-21 07:34:00,3024.5765,3024.6305,3016.7975,3016.7975
2026-03-21 07:35:00,3016.8025,3021.3965,3013.4775,3018.5935
2026-03-21 07:36:00,3018.5895,3021.6235,3012.1135,3013.4515
2026-03-21 07:37:00,3013.5205,3016.1735,3008.4975,3012.4985
2026-03-21 07:38:00,3012.4965,3022.5645,3012.3565,3020.5505
2026-03-21 07:39:00,3021.2675,3022.8025,3014.6685,3015.3985
2026-03-21 07:40:00,3015.0645,3022.1985,3006.3085,3010.2025
2026-03-21 07:41:00,3010.0025,3010.7065,2996.5185,2998.3075
2026-03-21 07:42:00,2998.2475,3002.3935,2997.5855,2999.5045
2026-03-21 07:43:00,2999.7545,3004.3745,2999.6905,3000.4005
2026-03-21 07:44:00,3001.5455,3005.8425,2999.4165,3003.1075
2026-03-21 07:45:00,3002.9445,3007.7785,3000.2385,3000.4585
2026-03-21 07:46:00,3001.4595,3005.8775,2993.4605,3001.1025
2026-03-21 07:47:00,3001.0415,3003.5945,2994.7895,2997.1025
2026-03-21 07:48:00,2996.7875,2998.2395,2994.1195,2996.6085
2026-03-21 07:49:00,2996.6045,3001.4845,2990.0335,2991.3615
2026-03-21 07:50:00,2990.7065,2999.1845,2988.8205,2998.8785
2026-03-21 07:51:00,2999.0675,3006.5335,2995.9055,2996.6185
2026-03-21 07:52:00,2996.6745,3007.6455,2996.4625,3007.6455
2026-03-21 07:53:00,3007.6465,3008.5525,2998.5705,3007.1405
2026-03-21 07:54:00,3007.2125,3014.4645,3004.1965,3014.4645
2026-03-21 07:55:00,3013.9675,3019.3995,3012.7575,3015.2725
2026-03-21 07:56:00,3015.3615,3015.6265,3007.2475,3010.3875
2026-03-21 07:57:00,3010.3915,3010.3915,3002.8005,3003.8695
2026-03-21 07:58:00,3003.9895,3008.1585,2999.6255,3002.2985
2026-03-21 07:59:00,3002.3005,3006.1155,3000.3895,3002.2575
2026-03-21 08:00:00,3002.2535,3002.2565,2995.9695,2996.8695
2026-03-21 08:01:00,2996.8685,2999.1765,2989.2945,2990.0135
2026-03-21 08:02:00,2990.2005,2993.9685,2984.0325,2984.0325
2026-03-21 08:03:00,2984.0345,2987.2715,2982.6385,2983.6615
2026-03-21 08:04:00,2984.7785,2985.4335,2978.7345,2982.2715
2026-03-21 08:05:00,2983.7045,2991.8455,2980.8205,2988.7925
2026-03-21 08:06:00,2989.3245,2993.9515,2981.7165,2993.7305
2026-03-21 08:07:00,2993.7285,3009.0865,2991.8235,3008.8335
2026-03-21 08:08:00,3008.8345,3008.8345,2999.5185,3001.9565
2026-03-21 08:09:00,3001.9595,3006.1675,2997.4095,3001.1745
2026-03-21 08:10:00,3001.1705,3005.1805,3000.8705,3003.8265
2026-03-21 08:11:00,3003.8245,3006.0785,3001.1105,3005.8195
2026-03-21 08:12:00,3005.8885,3008.2345,3002.5775,3005.0575
2026-03-21 08:13:00,3004.9025,3011.3445,3003.3715,3005.5635
2026-03-21 08:14:00,3005.5655,3006.0155,2992.5565,2994.4825
2026-03-21 08:15:00,2994.6545,3000.2195,2994.5275,2995.3515
2026-03-21 08:16:00,2995.3525,2999.7925,2995.0075,2995.3535
2026-03-21 08:17:00,2996.2275,2999.5825,2992.6735,2992.6745
2026-03-21 08:18:00,2992.6775,3000.7655,2990.3005,3000.7625
2026-03-21 08:19:00,3000.7675,3008.9985,3000.2095,3007.9115
2026-03-21 08:20:00,3007.9155,3010.8435,3002.4845,3007.9035
2026-03-21 08:21:00,3008.0695,3008.4245,2994.2945,2994.9535
2026-03-21 08:22:00,2994.9545,3001.5305,2994.2205,2999.0995
2026-03-21 08:23:00,2998.9695,3001.8855,2994.1745,3001.0425
2026-03-21 08:24:00,3001.2135,3015.5355,3001.0405,3015.5305
2026-03-21 08:25:00,3015.5345,3031.0535,3015.5345,3029.7165
2026-03-21 08:26:00,3029.6545,3041.0225,3029.4665,3035.4535
2026-03-21 08:27:00,3035.3835,3036.3995,3031.1425,3036.3525
2026-03-21 08:28:00,3036.3535,3049.7425,3036.2205,3049.7425
2026-03-21 08:29:00,3048.9745,3057.1195,3047.1785,3054.6565
2026-03-21 08:30:00,3054.6545,3062.4605,3054.1815,3055.8315
2026-03-21 08:31:00,3055.8255,3058.1695,3045.5365,3046.5615
2026-03-21 08:32:00,3046.6255,3049.5245,3043.2595,3048.0745
2026-03-21 08:33:00,3048.2685,3049.1325,3039.3965,3041.2355
2026-03-21 08:34:00,3041.2365,3041.2365,3031.3935,3038.4535
2026-03-21 08:35:00,3037.4335,3043.1185,3037.2835,3041.0525
2026-03-21 08:36:00,3041.0535,3044.2505,3036.5125,3040.8825
2026-03-21 08:37:00,3040.0695,3041.2545,3036.4225,3039.3105
2026-03-21 08:38:00,3039.3095,3045.6995,3030.6285,3031.1505
2026-03-21 08:39:00,3031.2205,3032.1635,3017.4935,3018.3065
2026-03-21 08:40:00,3018.3915,3023.8705,3016.3935,3023.6175
2026-03-21 08:41:00,3023.6185,3029.7205,3023.6075,3028.9215
2026-03-21 08:42:00,3028.9185,3028.9185,3019.5135,3027.4585
2026-03-21 08:43:00,3027.1635,3039.7065,3026.8885,3039.7035
2026-03-21 08:44:00,3039.8345,3042.0505,3028.5955,3033.9285
2026-03-21 08:45:00,3033.9295,3035.5775,3028.7785,3029.6615
2026-03-21 08:46:00,3029.6675,3029.6675,3014.9555,3015.1935
2026-03-21 08:47:00,3015.7865,3021.4695,3011.2845,3021.3015
2026-03-21 08:48:00,3021.3065,3027.9515,3018.4915,3025.9335
2026-03-21 08:49:00,3025.3615,3030.8515,3019.2215,3028.5295
2026-03-21 08:50:00,3028.4625,3033.0635,3026.2385,3026.7055
2026-03-21 08:51:00,3025.8245,3038.4035,3025.5075,3036.9945
2026-03-21 08:52:00,3037.2645,3037.2645,3030.7735,3031.6785
2026-03-21 08:53:00,3031.5975,3042.2905,3031.2405,3039.8145
2026-03-21 08:54:00,3039.8775,3039.8775,3030.0535,3031.0325
2026-03-21 08:55:00,3030.9745,3037.8895,3030.5955,3034.2065
2026-03-21 08:56:00,3034.2765,3037.6245,3030.2795,3034.1465
2026-03-21 08:57:00,3035.1035,3042.2795,3030.3185,3032.0295
2026-03-21 08:58:00,3032.0315,3034.0815,3026.5105,3028.4375
2026-03-21 08:59:00,3028.4345,3041.1695,3027.7665,3037.0595
2026-03-21 09:00:00,3037.0565,3044.6425,3034.2255,3042.3515
2026-03-21 09:01:00,3040.9285,3048.5985,3038.7515,3043.7425
2026-03-21 09:02:00,3043.9805,3049.3645,3039.7105,3047.2855
2026-03-21 09:03:00,3047.7955,3058.8525,3047.5965,3058.4985
2026-03-21 09:04:00,3058.4935,3070.4995,3058.3065,3065.9225
2026-03-21 09:05:00,3065.9245,3067.2375,3058.7965,3060.2035
2026-03-21 09:06:00,3060.1975,3065.7515,3059.9775,3060.3455
2026-03-21 09:07:00,3060.3425,3063.2615,3055.4915,3057.2035
2026-03-21 09:08:00,3057.2015,3062.6565,3056.0005,3056.6865
2026-03-21 09:09:00,3056.6835,3058.2905,3049.3255,3053.9775
2026-03-21 09:10:00,3053.7245,3057.8455,3050.9945,3055.5855
2026-03-21 09:11:00,3055.3985,3055.4635,3043.5755,3049.5625
2026-03-21 09:12:00,3049.4815,3063.2435,3048.4215,3060.6745
2026-03-21 09:13:00,3060.6795,3064.2045,3060.6795,3063.9765
2026-03-21 09:14:00,3063.9285,3070.0895,3059.1345,3069.7345
2026-03-21 09:15:00,3069.7325,3079.7715,3069.7275,3078.7955
2026-03-21 09:16:00,3078.9545,3083.9125,3076.9005,3083.5605
2026-03-21 09:17:00,3083.5625,3088.1115,3080.3495,3088.1115
2026-03-21 09:18:00,3089.4725,3094.2545,3087.1265,3093.7725
2026-03-21 09:19:00,3093.8305,3097.2545,3087.4795,3087.6345
2026-03-21 09:20:00,3087.7155,3091.7195,3084.4795,3084.5435
2026-03-21 09:21:00,3084.4785,3084.7445,3070.4835,3070.6165
2026-03-21 09:22:00,3070.6195,3078.1505,3069.0175,3074.1905
2026-03-21 09:23:00,3074.0135,3078.6175,3068.2235,3070.5625
2026-03-21 09:24:00,3070.5675,3078.5375,3070.5675,3076.0185
2026-03-21 09:25:00,3075.6505,3076.5745,3070.2045,3074.6665
2026-03-21 09:26:00,3074.5345,3074.5345,3063.4815,3063.6905
2026-03-21 09:27:00,3063.1115,3064.0165,3056.8525,3060.6745
2026-03-21 09:28:00,3060.3295,3062.9745,3053.5165,3055.0225
2026-03-21 09:29:00,3055.0935,3060.8825,3055.0935,3059.0785
2026-03-21 09:30:00,3059.0825,3064.4935,3055.7275,3062.7285
2026-03-21 09:31:00,3059.9675,3064.0015,3055.0755,3057.0745
2026-03-21 09:32:00,3056.2595,3056.4225,3048.7815,3052.8905
2026-03-21 09:33:00,3053.0895,3054.8535,3048.3205,3048.5665
2026-03-21 09:34:00,3048.6525,3050.7095,3043.1365,3045.3835
2026-03-21 09:35:00,3045.4415,3055.7595,3042.4685,3055.4025
2026-03-21 09:36:00,3055.4035,3063.6055,3055.4035,3060.7755
2026-03-21 09:37:00,3061.5945,3069.4235,3061.2395,3063.4475
2026-03-21 09:38:00,3063.6105,3063.6105,3058.7985,3060.5025
2026-03-21 09:39:00,3060.9555,3067.9965,3058.2655,3058.2655
2026-03-21 09:40:00,3058.7885,3070.2315,3058.7195,3070.0635
2026-03-21 09:41:00,3070.0685,3078.8545,3068.1455,3078.7995
2026-03-21 09:42:00,3079.0885,3087.6685,3077.9635,3085.6325
2026-03-21 09:43:00,3085.6375,3086.4225,3078.2425,3083.7905
2026-03-21 09:44:00,3082.8145,3082.8225,3070.8235,3071.0295
2026-03-21 09:45:00,3071.0265,3080.1785,3067.6145,3080.0985
2026-03-21 09:46:00,3080.2975,3089.2185,3080.2805,3082.6615
2026-03-21 09:47:00,3083.8295,3090.3635,3080.2825,3086.7165
2026-03-21 09:48:00,3086.7205,3093.0455,3084.8425,3087.3315
2026-03-21 09:49:00,3087.0695,3088.7355,3083.1885,3085.3185
2026-03-21 09:50:00,3085.3165,3087.4045,3078.3775,3082.7635
2026-03-21 09:51:00,3082.7685,3083.2255,3076.7785,3079.8965
2026-03-21 09:52:00,3080.2955,3084.6835,3075.4915,3076.2485
2026-03-21 09:53:00,3076.2515,3080.5335,3073.2015,3077.3625
2026-03-21 09:54:00,3077.4255,3086.3235,3077.4255,3083.1185
2026-03-21 09:55:00,3083.0445,3089.9645,3081.1085,3089.9645
2026-03-21 09:56:00,3089.4845,3092.0055,3083.7605,3088.6715
2026-03-21 09:57:00,3088.7385,3089.6015,3079.5435,3086.4565
2026-03-21 09:58:00,3086.3815,3088.3875,3083.0875,3087.8775
2026-03-21 09:59:00,3088.2795,3096.9085,3088.2745,3094.0465
2026-03-21 10:00:00,3094.0495,3095.6485,3083.7165,3085.2545
2026-03-21 10:01:00,3085.1725,3090.9815,3080.5365,3083.8535
2026-03-21 10:02:00,3083.8495,3097.1005,3083.6525,3095.5095
2026-03-21 10:03:00,3094.8825,3100.6925,3092.6565,3094.2385
2026-03-21 10:04:00,3094.2425,3094.2425,3083.5235,3083.5235
2026-03-21 10:05:00,3080.7425,3085.5075,3072.4515,3072.5155
2026-03-21 10:06:00,3072.1345,3073.2865,3065.6155,3069.7665
2026-03-21 10:07:00,3069.6835,3075.7085,3069.5215,3072.8925
2026-03-21 10:08:00,3072.8895,3079.9955,3072.0015,3078.3545
2026-03-21 10:09:00,3078.7385,3083.2635,3075.1895,3080.3265
2026-03-21 10:10:00,3080.2915,3081.6845,3072.8535,3078.7235
2026-03-21 10:11:00,3079.5645,3082.1705,3076.3405,3079.4755
2026-03-21 10:12:00,3079.4725,3084.8225,3076.1145,3080.4445
2026-03-21 10:13:00,3080.3885,3087.3535,3077.8085,3087.3525
2026-03-21 10:14:00,3087.3475,3090.1625,3084.2685,3088.7755
2026-03-21 10:15:00,3088.7795,3094.4215,3086.0555,3092.0635
2026-03-21 10:16:00,3092.0535,3100.7405,3092.0535,3095.5835
2026-03-21 10:17:00,3095.5825,3100.6815,3090.4875,3090.4875
2026-03-21 10:18:00,3090.4825,3103.6425,3089.4115,3100.3405
2026-03-21 10:19:00,3100.2565,3104.9075,3100.0065,3104.4245
2026-03-21 10:20:00,3104.5015,3108.7085,3097.7705,3104.8205
2026-03-21 10:21:00,3104.8245,3107.5905,3101.8465,3103.5375
2026-03-21 10:22:00,3101.4385,3103.4465,3097.6465,3101.6285
2026-03-21 10:23:00,3101.6235,3110.2055,3099.2955,3108.4835
2026-03-21 10:24:00,3108.3495,3112.0195,3105.5805,3112.0155
2026-03-21 10:25:00,3112.9185,3122.1635,3110.9335,3120.8115
2026-03-21 10:26:00,3121.1375,3124.3705,3113.3105,3116.6755
2026-03-21 10:27:00,3116.6065,3129.5015,3113.4315,3129.1075
2026-03-21 10:28:00,3129.1105,3132.8355,3124.3625,3128.5015
2026-03-21 10:29:00,3128.8725,3129.0145,3118.6835,3128.0725
2026-03-21 10:30:00,3128.0715,3137.3005,3123.2835,3132.9845
2026-03-21 10:31:00,3132.9875,3136.0795,3131.5475,3132.6715
2026-03-21 10:32:00,3133.2565,3134.8335,3128.4815,3128.6815
2026-03-21 10:33:00,3128.7795,3130.6845,3123.7645,3129.8155
2026-03-21 10:34:00,3129.8775,3139.5885,3129.8115,3136.7475
2026-03-21 10:35:00,3135.7985,3141.7505,3135.1985,3136.7055
2026-03-21 10:36:00,3136.6355,3146.4675,3133.6825,3143.6995
2026-03-21 10:37:00,3144.0125,3145.9415,3139.5505,3139.7645
2026-03-21 10:38:00,3140.8215,3148.6915,3138.7765,3144.6585
2026-03-21 10:39:00,3144.7505,3144.9605,3132.1295,3134.4475
2026-03-21 10:40:00,3134.2675,3134.8705,3123.9495,3124.1475
2026-03-21 10:41:00,3123.4935,3124.2295,3113.9835,3120.0495
2026-03-21 10:42:00,3120.9515,3122.0965,3110.0045,3111.4465
2026-03-21 10:43:00,3111.7455,3112.1995,3103.7915,3108.0415
2026-03-21 10:44:00,3108.0385,3115.6625,3108.0385,3112.1595
2026-03-21 10:45:00,3112.0975,3113.0985,3105.5835,3110.9505
2026-03-21 10:46:00,3111.0875,3111.8055,3103.4245,3105.7635
2026-03-21 10:47:00,3105.7675,3109.1995,3102.8515,3104.8515
2026-03-21 10:48:00,3104.9135,3115.4425,3104.9055,3115.0775
2026-03-21 10:49:00,3115.0745,3120.5535,3109.2745,3118.6885
2026-03-21 10:50:00,3118.3365,3125.3115,3118.0085,3122.0095
2026-03-21 10:51:00,3122.0735,3123.9595,3117.1395,3117.5065
2026-03-21 10:52:00,3117.5105,3128.6355,3117.5105,3128.1705
2026-03-21 10:53:00,3128.5805,3129.7545,3117.5415,3118.6955
2026-03-21 10:54:00,3118.6385,3127.3985,3116.6955,3127.3985
2026-03-21 10:55:00,3127.7385,3132.4365,3126.6265,3132.1845
2026-03-21 10:56:00,3131.6575,3139.8055,3130.2985,3139.0425
2026-03-21 10:57:00,3140.0335,3141.8055,3136.9995,3140.3845
2026-03-21 10:58:00,3140.0555,3151.9525,3136.2495,3144.7225
2026-03-21 10:59:00,3143.6865,3147.5535,3139.2695,3140.1155
2026-03-21 11:00:00,3139.0615,3141.8235,3133.1745,3140.1505
2026-03-21 11:01:00,3139.3655,3145.1155,3137.5415,3140.5755
2026-03-21 11:02:00,3140.5695,3142.0055,3135.1205,3138.0775
2026-03-21 11:03:00,3138.0795,3138.3215,3128.6765,3132.7485
2026-03-21 11:04:00,3132.8175,3138.5265,3128.3075,3132.2845
2026-03-21 11:05:00,3132.2875,3132.2875,3120.6735,3121.5695
2026-03-21 11:06:00,3121.6405,3122.9285,3114.5345,3119.2925
2026-03-21 11:07:00,3119.0635,3119.2045,3110.9065,3115.3525
2026-03-21 11:08:00,3115.3575,3120.3065,3112.1785,3119.6805
2026-03-21 11:09:00,3120.6495,3123.3055,3114.6525,3120.1765
2026-03-21 11:10:00,3120.0905,3124.5355,3117.4825,3117.4825
2026-03-21 11:11:00,3117.4805,3124.9955,3116.1925,3124.9955
2026-03-21 11:12:00,3125.0805,3130.5835,3124.0275,3127.4675
2026-03-21 11:13:00,3127.6075,3128.5795,3122.8685,3128.5795
2026-03-21 11:14:00,3128.8305,3135.3285,3125.6505,3134.1045
2026-03-21 11:15:00,3134.1015,3134.1015,3123.0205,3130.6235
2026-03-21 11:16:00,3131.2145,3135.6715,3128.8705,3134.8235
2026-03-21 11:17:00,3134.2695,3139.5615,3130.0625,3132.9765
2026-03-21 11:18:00,3132.9795,3135.4305,3129.8725,3134.3655
2026-03-21 11:19:00,3134.4425,3147.5585,3132.6825,3146.0975
2026-03-21 11:20:00,3146.1785,3147.1585,3143.8055,3147.0725
2026-03-21 11:21:00,3147.0705,3147.0705,3137.3185,3137.3185
2026-03-21 11:22:00,3137.3885,3141.4345,3133.4265,3140.8965
2026-03-21 11:23:00,3141.2205,3146.4465,3140.3155,3144.5715
2026-03-21 11:24:00,3144.5085,3146.8055,3138.0175,3141.9115
2026-03-21 11:25:00,3141.9105,3144.4475,3137.1175,3137.9455
2026-03-21 11:26:00,3138.2735,3143.7785,3132.3875,3141.3045
2026-03-21 11:27:00,3141.3035,3152.4055,3141.2355,3152.3955
2026-03-21 11:28:00,3152.3965,3153.3765,3145.7595,3153.3765
2026-03-21 11:29:00,3153.9045,3156.2195,3148.3785,3148.8955
2026-03-21 11:30:00,3148.9295,3153.3365,3141.6375,3147.6865
2026-03-21 11:31:00,3147.8145,3150.8225,3143.3945,3143.3945
2026-03-21 11:32:00,3143.4005,3154.3175,3141.8715,3150.7865
2026-03-21 11:33:00,3150.7815,3157.5215,3148.0935,3153.1145
2026-03-21 11:34:00,3153.1095,3159.9995,3149.8595,3159.2915
2026-03-21 11:35:00,3159.2885,3166.9815,3159.2875,3166.9775
2026-03-21 11:36:00,3167.1465,3170.3335,3156.9795,3156.9795
2026-03-21 11:37:00,3156.9845,3157.1545,3149.7595,3154.1125
2026-03-21 11:38:00,3154.1145,3156.2255,3139.9965,3142.2485
2026-03-21 11:39:00,3142.2525,3146.2145,3140.9695,3142.9315
2026-03-21 11:40:00,3142.9245,3143.1395,3135.1835,3140.8935
2026-03-21 11:41:00,3140.9575,3143.7355,3138.0285,3139.8235
2026-03-21 11:42:00,3139.8175,3145.8895,3137.1255,3137.4165
2026-03-21 11:43:00,3137.4185,3148.2305,3134.1615,3146.1815
2026-03-21 11:44:00,3146.1035,3147.0375,3138.5705,3141.6355
2026-03-21 11:45:00,3141.7025,3144.8035,3132.7985,3134.3565
2026-03-21 11:46:00,3134.3605,3140.6825,3134.0935,3136.2105
2026-03-21 11:47:00,3136.3745,3136.4355,3131.8575,3132.2535
2026-03-21 11:48:00,3132.2475,3133.5335,3125.1915,3125.1915
2026-03-21 11:49:00,3125.1865,3137.9315,3125.1865,3137.8875
2026-03-21 11:50:00,3137.8825,3138.2705,3131.0585,3133.1205
2026-03-21 11:51:00,3133.1215,3140.2235,3132.7195,3140.2235
2026-03-21 11:52:00,3140.6465,3146.8795,3138.9715,3145.6525
2026-03-21 11:53:00,3145.6475,3154.9285,3145.4835,3153.0235
2026-03-21 11:54:00,3153.0195,3157.9665,3148.4275,3157.2475
2026-03-21 11:55:00,3157.3745,3157.7735,3147.6635,3152.5135
2026-03-21 11:56:00,3152.9495,3155.4205,3150.8965,3155.3055
2026-03-21 11:57:00,3155.1415,3157.2705,3150.3905,3153.3065
2026-03-21 11:58:00,3153.2535,3160.2275,3152.7465,3155.6195
2026-03-21 11:59:00,3155.4865,3158.1575,3152.3375,3158.1575
2026-03-21 12:00:00,3158.4015,3159.5565,3150.2225,3150.4805
2026-03-21 12:01:00,3150.4955,3158.1045,3149.9555,3158.1045
2026-03-21 12:02:00,3158.1075,3159.5775,3149.1805,3154.9845
2026-03-21 12:03:00,3155.6405,3159.4795,3152.0295,3156.4935
2026-03-21 12:04:00,3156.5575,3170.7575,3156.3445,3170.0585
2026-03-21 12:05:00,3169.9945,3177.2795,3169.9945,3172.0495
2026-03-21 12:06:00,3172.0505,3173.9645,3162.4315,3165.2285
2026-03-21 12:07:00,3165.1555,3167.3045,3160.5355,3160.9745
2026-03-21 12:08:00,3160.9715,3160.9715,3152.6875,3158.4015
2026-03-21 12:09:00,3158.3975,3163.2535,3149.9455,3152.5815
2026-03-21 12:10:00,3151.9225,3153.4395,3146.9405,3151.5885
2026-03-21 12:11:00,3151.4915,3154.7315,3145.7075,3153.9055
2026-03-21 12:12:00,3153.9785,3154.2255,3145.1845,3145.3165
2026-03-21 12:13:00,3144.9875,3155.0325,3144.6275,3150.3825
2026-03-21 12:14:00,3150.3855,3156.6795,3148.1115,3152.2335
2026-03-21 12:15:00,3152.2355,3153.3975,3142.2265,3143.3575
2026-03-21 12:16:00,3143.3625,3143.8475,3137.3095,3139.4305
2026-03-21 12:17:00,3138.3365,3147.2545,3137.4435,3146.8665
2026-03-21 12:18:00,3146.8675,3148.2305,3139.6915,3143.6535
2026-03-21 12:19:00,3143.6545,3145.0155,3138.4895,3144.6065
2026-03-21 12:20:00,3144.6075,3144.8745,3134.4355,3137.3505
2026-03-21 12:21:00,3137.3515,3143.5125,3130.2505,3139.0785
2026-03-21 12:22:00,3138.9485,3142.6215,3132.3825,3132.3825
2026-03-21 12:23:00,3132.3865,3134.6915,3127.5155,3129.6155
2026-03-21 12:24:00,3129.6145,3132.5415,3122.7155,3122.7575
2026-03-21 12:25:00,3122.8225,3125.2835,3118.3085,3124.5065
2026-03-21 12:26:00,3122.9995,3126.9075,3117.0835,3117.8225
2026-03-21 12:27:00,3117.8215,3117.9475,3109.9465,3116.8435
2026-03-21 12:28:00,3116.8475,3131.9625,3114.2505,3129.0795
2026-03-21 12:29:00,3128.6225,3144.5385,3128.5425,3142.7705
2026-03-21 12:30:00,3142.7755,3143.7575,3132.8735,3139.6985
2026-03-21 12:31:00,3139.7015,3143.7235,3134.0695,3135.9645
2026-03-21 12:32:00,3135.9065,3137.1735,3130.3735,3135.5775
2026-03-21 12:33:00,3136.2255,3137.0835,3127.3115,3130.0895
2026-03-21 12:34:00,3130.1655,3130.4625,3120.3525,3120.4975
2026-03-21 12:35:00,3120.3735,3127.9535,3116.0505,3127.7775
2026-03-21 12:36:00,3127.8405,3133.1385,3126.6165,3130.1395
2026-03-21 12:37:00,3130.1345,3130.4775,3115.4065,3122.4715
2026-03-21 12:38:00,3122.4705,3125.3255,3120.5975,3124.8845
2026-03-21 12:39:00,3124.8815,3124.9375,3112.4075,3112.6505
2026-03-21 12:40:00,3112.7185,3113.3595,3107.7985,3108.4455
2026-03-21 12:41:00,3108.4465,3110.4525,3104.6795,3104.9775
2026-03-21 12:42:00,3105.1075,3112.0555,3104.9995,3104.9995
2026-03-21 12:43:00,3105.0955,3108.7055,3102.3765,3103.0025
2026-03-21 12:44:00,3103.0015,3104.2815,3097.6685,3100.6015
2026-03-21 12:45:00,3100.6005,3100.6595,3082.6325,3085.3165
2026-03-21 12:46:00,3087.7845,3089.2095,3080.7115,3081.0085
2026-03-21 12:47:00,3080.7015,3085.6975,3080.6765,3084.3975
2026-03-21 12:48:00,3085.3605,3102.0335,3085.1695,3100.3295
2026-03-21 12:49:00,3100.3285,3107.7285,3098.5035,3107.6645
2026-03-21 12:50:00,3107.6595,3112.2235,3106.9725,3107.4615
2026-03-21 12:51:00,3107.5185,3124.1745,3107.4405,3122.1795
2026-03-21 12:52:00,3122.1175,3123.5085,3117.5455,3120.4255
2026-03-21 12:53:00,3120.4275,3124.4065,3114.6715,3114.6715
2026-03-21 12:54:00,3114.6765,3119.0605,3108.1275,3114.2245
2026-03-21 12:55:00,3114.1125,3114.2955,3106.4605,3108.5545
2026-03-21 12:56:00,3108.5515,3109.5575,3101.2515,3104.7255
2026-03-21 12:57:00,3104.7895,3116.6165,3104.4385,3114.7665
2026-03-21 12:58:00,3116.0785,3126.2285,3116.0785,3126.2285
2026-03-21 12:59:00,3126.5685,3129.4455,3125.4835,3128.5485
2026-03-21 13:00:00,3128.2905,3131.1875,3123.2905,3123.8195
2026-03-21 13:01:00,3124.4745,3124.4745,3117.3605,3119.2375
2026-03-21 13:02:00,3119.0375,3119.0825,3111.3195,3118.9625
2026-03-21 13:03:00,3119.6505,3122.9525,3115.0935,3122.2675
2026-03-21 13:04:00,3122.4645,3128.5135,3121.8935,3126.1345
2026-03-21 13:05:00,3126.1385,3135.1055,3123.1235,3123.1235
2026-03-21 13:06:00,3123.6435,3133.9705,3123.5115,3125.1315
2026-03-21 13:07:00,3125.0635,3126.0125,3118.8315,3125.9535
2026-03-21 13:08:00,3125.9485,3129.0365,3121.8455,3122.0965
2026-03-21 13:09:00,3121.3555,3130.6525,3120.9385,3129.7625
2026-03-21 13:10:00,3130.5965,3132.6625,3127.1985,3129.4925
2026-03-21 13:11:00,3129.4875,3143.1385,3129.3485,3141.5235
2026-03-21 13:12:00,3141.7685,3150.1775,3141.2235,3149.8375
2026-03-21 13:13:00,3149.2995,3159.5955,3149.2935,3158.2455
2026-03-21 13:14:00,3158.2485,3158.9445,3149.3225,3149.5895
2026-03-21 13:15:00,3149.5905,3156.2975,3149.2665,3155.0975
2026-03-21 13:16:00,3155.0935,3156.8985,3149.9325,3150.1035
2026-03-21 13:17:00,3149.8525,3152.0725,3146.2285,3146.2285
2026-03-21 13:18:00,3146.1615,3151.3955,3144.2755,3151.3955
2026-03-21 13:19:00,3151.3995,3154.3055,3146.9985,3147.7755
2026-03-21 13:20:00,3147.7775,3150.1995,3141.7605,3143.6815
2026-03-21 13:21:00,3143.8135,3149.7245,3143.6455,3145.1375
2026-03-21 13:22:00,3144.9725,3145.0185,3138.7125,3144.9705
2026-03-21 13:23:00,3144.9745,3153.7225,3143.5585,3148.5515
2026-03-21 13:24:00,3148.5545,3155.1015,3145.3025,3154.6965
2026-03-21 13:25:00,3154.7015,3159.8545,3154.1235,3158.1785
2026-03-21 13:26:00,3158.3515,3159.5055,3143.2785,3143.2785
2026-03-21 13:27:00,3143.2135,3162.3535,3143.2135,3160.7395
2026-03-21 13:28:00,3160.7425,3164.5265,3156.5835,3160.2235
2026-03-21 13:29:00,3160.1595,3164.2275,3156.8955,3157.9855
2026-03-21 13:30:00,3157.8035,3163.5915,3155.2025,3162.6815
2026-03-21 13:31:00,3162.5095,3173.1525,3162.4215,3171.9995
2026-03-21 13:32:00,3172.0035,3172.2425,3162.2285,3166.2275
2026-03-21 13:33:00,3166.3045,3168.7595,3162.1475,3165.8945
2026-03-21 13:34:00,3165.6335,3166.2325,3158.0085,3162.5895
2026-03-21 13:35:00,3164.2045,3170.6225,3158.3805,3166.1775
2026-03-21 13:36:00,3166.1715,3173.8815,3165.7395,3169.7635
2026-03-21 13:37:00,3169.7595,3175.8185,3169.6095,3175.8185
2026-03-21 13:38:00,3175.0855,3178.8295,3173.0555,3173.1895
2026-03-21 13:39:00,3172.5655,3176.5575,3166.6495,3176.5575
2026-03-21 13:40:00,3176.3485,3178.6005,3170.9885,3177.3895
2026-03-21 13:41:00,3177.2165,3187.8305,3175.7245,3187.7625
2026-03-21 13:42:00,3186.0165,3195.6435,3184.0245,3193.5605
2026-03-21 13:43:00,3192.3505,3194.9245,3190.6835,3192.7545
2026-03-21 13:44:00,3192.5505,3204.1625,3192.1365,3199.9945
2026-03-21 13:45:00,3199.8685,3212.1845,3199.8625,3210.4065
2026-03-21 13:46:00,3210.4075,3219.5915,3209.9955,3215.1555
2026-03-21 13:47:00,3215.1575,3221.0305,3213.2575,3217.0615
2026-03-21 13:48:00,3216.1055,3216.4785,3206.9155,3208.4405
2026-03-21 13:49:00,3208.3055,3208.3095,3200.2965,3202.2785
2026-03-21 13:50:00,3202.2795,3209.3205,3200.9875,3202.6985
2026-03-21 13:51:00,3202.7025,3205.2125,3199.6815,3202.2975
2026-03-21 13:52:00,3203.2475,3207.1015,3199.8845,3204.3495
2026-03-21 13:53:00,3204.4045,3204.9405,3199.0265,3201.8505
2026-03-21 13:54:00,3201.9255,3202.1085,3187.8085,3187.8965
2026-03-21 13:55:00,3187.8995,3189.3155,3183.6855,3187.0155
2026-03-21 13:56:00,3186.5845,3197.7815,3185.8805,3197.6255
2026-03-21 13:57:00,3197.6925,3200.6285,3195.9575,3200.0065
2026-03-21 13:58:00,3200.0735,3200.1145,3192.7495,3193.3435
2026-03-21 13:59:00,3193.7565,3193.8375,3184.3305,3189.5825
2026-03-21 14:00:00,3189.1875,3191.9045,3179.9075,3186.1825
2026-03-21 14:01:00,3186.0935,3187.0455,3177.3985,3184.5115
2026-03-21 14:02:00,3184.5095,3188.3935,3179.8015,3179.9435
2026-03-21 14:03:00,3179.3205,3181.5235,3164.7475,3170.3085
2026-03-21 14:04:00,3171.1545,3173.1235,3165.9535,3173.0485
2026-03-21 14:05:00,3173.0455,3173.0455,3164.1275,3168.0015
2026-03-21 14:06:00,3168.0055,3173.0545,3166.2585,3166.2595
2026-03-21 14:07:00,3166.3315,3166.3315,3158.1585,3161.5835
2026-03-21 14:08:00,3161.4565,3168.6015,3161.1155,3168.4235
2026-03-21 14:09:00,3170.5555,3170.5555,3156.9675,3158.5035
2026-03-21 14:10:00,3158.5045,3161.3425,3141.8255,3141.8955
2026-03-21 14:11:00,3141.8965,3148.0245,3137.8235,3146.9685
2026-03-21 14:12:00,3146.9715,3152.3115,3142.4825,3147.9845
2026-03-21 14:13:00,3147.8115,3153.4955,3145.9185,3149.0025
2026-03-21 14:14:00,3149.0065,3152.2615,3144.8675,3152.2535
2026-03-21 14:15:00,3152.5005,3159.5035,3151.1145,3159.4315
2026-03-21 14:16:00,3159.3535,3162.7935,3155.4045,3161.2925
2026-03-21 14:17:00,3161.2945,3162.7355,3154.3705,3156.1085
2026-03-21 14:18:00,3156.1825,3161.4575,3156.1825,3156.7085
2026-03-21 14:19:00,3156.7045,3168.4515,3156.4415,3166.4245
2026-03-21 14:20:00,3166.4215,3168.6965,3158.3705,3159.1685
2026-03-21 14:21:00,3159.1185,3168.7815,3158.8745,3167.7005
2026-03-21 14:22:00,3167.7665,3173.1875,3165.2205,3172.6735
2026-03-21 14:23:00,3172.4765,3182.8805,3172.4745,3182.8065
2026-03-21 14:24:00,3182.8015,3186.5825,3181.2945,3184.0435
2026-03-21 14:25:00,3183.9715,3186.2895,3172.3965,3172.4725
2026-03-21 14:26:00,3172.4755,3177.4585,3171.9855,3174.3785
2026-03-21 14:27:00,3174.3135,3174.8845,3163.5995,3167.0335
2026-03-21 14:28:00,3166.9725,3173.0915,3164.6365,3172.0845
2026-03-21 14:29:00,3172.2495,3174.2205,3165.6675,3167.2615
2026-03-21 14:30:00,3167.3365,3183.7575,3166.4205,3183.6405
2026-03-21 14:31:00,3181.7075,3182.0325,3164.4345,3164.4345
2026-03-21 14:32:00,3164.4315,3164.4315,3157.7715,3161.8345
2026-03-21 14:33:00,3161.9725,3165.7065,3151.1125,3152.0785
2026-03-21 14:34:00,3152.0745,3157.8055,3151.9555,3154.1495
2026-03-21 14:35:00,3154.1475,3154.1475,3143.9405,3145.6945
2026-03-21 14:36:00,3146.1435,3150.1045,3143.6905,3147.0785
2026-03-21 14:37:00,3147.0735,3149.8505,3137.9725,3141.3345
2026-03-21 14:38:00,3141.1575,3148.1495,3133.2055,3146.6565
2026-03-21 14:39:00,3146.7205,3159.3865,3145.8995,3153.6875
2026-03-21 14:40:00,3153.6295,3155.2765,3144.1835,3146.6385
2026-03-21 14:41:00,3146.3755,3148.6355,3141.0205,3141.0205
2026-03-21 14:42:00,3141.0185,3148.6125,3132.7815,3133.1145
2026-03-21 14:43:00,3132.8575,3134.2535,3125.7075,3128.7285
2026-03-21 14:44:00,3129.0375,3134.6185,3125.6285,3129.2935
2026-03-21 14:45:00,3129.1675,3129.1725,3112.9275,3114.6705
2026-03-21 14:46:00,3114.8215,3116.5175,3101.7945,3102.4715
2026-03-21 14:47:00,3102.5295,3106.7585,3095.8215,3105.6285
2026-03-21 14:48:00,3105.6295,3118.2795,3105.5035,3115.9375
2026-03-21 14:49:00,3116.0115,3117.9115,3112.6745,3114.1945
2026-03-21 14:50:00,3114.1905,3114.7695,3110.7785,3112.7075
2026-03-21 14:51:00,3112.7125,3118.4745,3111.3415,3114.7745
2026-03-21 14:52:00,3114.7735,3121.6855,3114.6385,3119.8535
2026-03-21 14:53:00,3120.4985,3125.8865,3118.9405,3122.7745
2026-03-21 14:54:00,3123.1975,3143.0035,3122.9795,3142.1995
2026-03-21 14:55:00,3142.2025,3155.9325,3142.2025,3150.9395
2026-03-21 14:56:00,3151.2105,3151.2105,3140.0175,3143.5035
2026-03-21 14:57:00,3143.7015,3148.7415,3137.9745,3147.2845
2026-03-21 14:58:00,3147.1475,3153.8055,3146.8535,3149.5085
2026-03-21 14:59:00,3149.3145,3151.3935,3145.3105,3149.1485
2026-03-21 15:00:00,3149.1465,3151.9755,3143.6275,3147.1305
2026-03-21 15:01:00,3147.0535,3150.9345,3142.4205,3148.5245
2026-03-21 15:02:00,3148.5255,3149.2625,3135.1385,3136.5815
2026-03-21 15:03:00,3136.5855,3137.0525,3124.6345,3126.9335
2026-03-21 15:04:00,3126.2145,3126.6275,3109.3325,3110.6365
2026-03-21 15:05:00,3110.8285,3110.8315,3099.1195,3102.2935
2026-03-21 15:06:00,3102.3685,3104.8195,3097.6515,3104.2065
2026-03-21 15:07:00,3104.2395,3109.1435,3095.8375,3097.0985
2026-03-21 15:08:00,3097.1025,3104.8095,3094.3155,3100.9735
2026-03-21 15:09:00,3101.1515,3109.6255,3096.4085,3108.9965
2026-03-21 15:10:00,3108.9985,3129.4965,3108.4265,3128.7975
2026-03-21 15:11:00,3128.7955,3132.1465,3125.6635,3125.7805
2026-03-21 15:12:00,3125.7855,3135.7985,3125.7855,3131.8785
2026-03-21 15:13:00,3131.9455,3138.7005,3131.9455,3132.3375
2026-03-21 15:14:00,3132.4675,3137.6775,3129.4735,3129.5865
2026-03-21 15:15:00,3129.5885,3133.3715,3129.1535,3133.2115
2026-03-21 15:16:00,3133.3405,3134.9885,3126.4435,3127.0535
2026-03-21 15:17:00,3127.0515,3131.5805,3126.2055,3127.0925
2026-03-21 15:18:00,3126.8285,3127.6425,3122.3015,3126.0325
2026-03-21 15:19:00,3125.9625,3127.3355,3119.9595,3119.9595
2026-03-21 15:20:00,3119.9645,3133.6505,3118.3105,3133.6505
2026-03-21 15:21:00,3133.7275,3139.1655,3131.3175,3134.5055
2026-03-21 15:22:00,3134.3895,3135.5455,3126.3195,3127.2535
2026-03-21 15:23:00,3127.4845,3128.5085,3121.0995,3121.8305
2026-03-21 15:24:00,3121.5875,3133.1385,3121.4085,3123.2405
2026-03-21 15:25:00,3123.2375,3131.8705,3122.2505,3127.5105
2026-03-21 15:26:00,3127.1565,3136.4145,3126.6655,3131.0415
2026-03-21 15:27:00,3131.1205,3134.6605,3128.2335,3134.6605
2026-03-21 15:28:00,3134.5255,3140.9125,3129.5595,3139.9385
2026-03-21 15:29:00,3140.6835,3141.0105,3130.5825,3134.5365
2026-03-21 15:30:00,3134.5415,3142.8515,3132.7205,3133.4515
2026-03-21 15:31:00,3133.6485,3155.5325,3133.4295,3154.8665
2026-03-21 15:32:00,3155.0775,3166.9165,3154.5635,3165.4465
2026-03-21 15:33:00,3165.4505,3167.2195,3156.2345,3156.3745
2026-03-21 15:34:00,3156.4325,3161.1235,3153.6745,3153.6785
2026-03-21 15:35:00,3153.6735,3159.4885,3149.2545,3149.4215
2026-03-21 15:36:00,3145.8875,3148.6325,3139.9845,3141.9265
2026-03-21 15:37:00,3141.9285,3142.3955,3133.7095,3138.2155
2026-03-21 15:38:00,3136.7205,3137.2295,3130.6525,3136.5085
2026-03-21 15:39:00,3136.8395,3144.5605,3136.4265,3139.9715
2026-03-21 15:40:00,3139.6765,3145.4395,3139.2885,3143.3355
2026-03-21 15:41:00,3142.0605,3143.3335,3133.0455,3133.1365
2026-03-21 15:42:00,3133.1395,3136.6305,3130.8315,3132.8585
2026-03-21 15:43:00,3131.2575,3132.5565,3126.9705,3129.0125
2026-03-21 15:44:00,3129.0075,3134.4095,3127.4765,3127.8855
2026-03-21 15:45:00,3128.0865,3140.4015,3126.9625,3135.5525
2026-03-21 15:46:00,3135.4025,3141.6845,3133.9445,3137.5365
2026-03-21 15:47:00,3137.5355,3156.0745,3137.5355,3155.2235
2026-03-21 15:48:00,3155.1345,3160.6155,3152.7025,3158.0605
2026-03-21 15:49:00,3158.5425,3160.0735,3141.1255,3143.1875
2026-03-21 15:50:00,3143.1915,3151.8875,3140.4555,3149.8295
2026-03-21 15:51:00,3149.8325,3152.9965,3143.4955,3146.2035
2026-03-21 15:52:00,3146.9495,3148.4835,3143.5015,3144.6555
2026-03-21 15:53:00,3144.5885,3145.9075,3133.2585,3135.7715
2026-03-21 15:54:00,3135.7705,3137.7025,3124.7255,3126.6755
2026-03-21 15:55:00,3126.6735,3131.0175,3125.2435,3127.1695
2026-03-21 15:56:00,3127.1675,3143.1245,3127.1575,3142.5745
2026-03-21 15:57:00,3142.5765,3144.1555,3135.3475,3140.2305
2026-03-21 15:58:00,3140.0605,3141.6345,3134.4675,3134.4695
2026-03-21 15:59:00,3134.6675,3139.4445,3134.6375,3136.0445
2026-03-21 16:00:00,3136.0405,3142.2255,3131.7535,3138.9105
2026-03-21 16:01:00,3138.7515,3141.0515,3135.5775,3137.1315
2026-03-21 16:02:00,3137.1335,3138.9525,3127.6625,3127.6625
2026-03-21 16:03:00,3127.7355,3128.0695,3118.5025,3128.0695
2026-03-21 16:04:00,3127.9875,3136.0485,3124.2305,3126.0005
2026-03-21 16:05:00,3126.0045,3136.9645,3126.0045,3131.8065
2026-03-21 16:06:00,3131.8115,3137.8755,3130.9195,3137.5205
2026-03-21 16:07:00,3137.3865,3137.3865,3128.1045,3131.8325
2026-03-21 16:08:00,3130.9845,3132.3145,3120.6105,3120.6105
2026-03-21 16:09:00,3120.6115,3127.9705,3120.5565,3127.5315
2026-03-21 16:10:00,3127.5375,3133.8765,3126.8935,3130.0175
2026-03-21 16:11:00,3130.0145,3130.1385,3121.1345,3123.8725
2026-03-21 16:12:00,3123.7005,3133.6255,3123.7005,3129.7895
2026-03-21 16:13:00,3129.7935,3133.9755,3124.7005,3125.0235
2026-03-21 16:14:00,3124.6325,3129.2465,3121.2855,3128.5425
2026-03-21 16:15:00,3128.6145,3133.1425,3128.2705,3131.0335
2026-03-21 16:16:00,3131.0315,3133.5805,3126.9155,3126.9155
2026-03-21 16:17:00,3126.9185,3135.8675,3126.5935,3135.1245
2026-03-21 16:18:00,3135.0595,3135.0645,3121.1655,3122.2255
2026-03-21 16:19:00,3122.1595,3129.4645,3122.0645,3126.6925
2026-03-21 16:20:00,3126.6905,3139.4105,3123.0155,3132.4265
2026-03-21 16:21:00,3132.9385,3132.9385,3122.4715,3122.9195
2026-03-21 16:22:00,3123.0975,3131.2605,3121.5505,3129.5535
2026-03-21 16:23:00,3129.6755,3138.3475,3128.8695,3137.8055
2026-03-21 16:24:00,3137.7155,3150.2935,3137.7155,3150.2935
2026-03-21 16:25:00,3150.2885,3150.6185,3137.2035,3137.9415
2026-03-21 16:26:00,3138.5545,3139.4745,3132.0805,3137.6695
2026-03-21 16:27:00,3137.7295,3147.6915,3134.3675,3147.6915
2026-03-21 16:28:00,3147.6895,3149.1755,3142.2595,3142.2615
2026-03-21 16:29:00,3142.2645,3157.3725,3142.2645,3155.8545
2026-03-21 16:30:00,3156.0275,3156.0305,3140.4435,3143.7395
2026-03-21 16:31:00,3142.6665,3151.2575,3141.2705,3147.9415
2026-03-21 16:32:00,3148.7815,3154.0925,3143.6335,3152.9385
2026-03-21 16:33:00,3152.8755,3155.9185,3148.5225,3150.5525
2026-03-21 16:34:00,3150.4155,3160.4615,3149.4915,3155.8755
2026-03-21 16:35:00,3155.8735,3161.6905,3152.4975,3161.6115
2026-03-21 16:36:00,3161.6155,3167.6005,3156.2725,3157.2535
2026-03-21 16:37:00,3157.0795,3166.5565,3157.0795,3165.7215
2026-03-21 16:38:00,3165.3915,3165.3915,3155.4695,3164.8135
2026-03-21 16:39:00,3164.9425,3170.9195,3164.7305,3168.7225
2026-03-21 16:40:00,3168.7935,3168.8295,3158.1345,3162.9055
2026-03-21 16:41:00,3162.7305,3166.8245,3156.7805,3160.3285
2026-03-21 16:42:00,3161.4315,3178.7265,3161.2185,3178.7265
2026-03-21 16:43:00,3179.0385,3179.1385,3172.4405,3177.1675
2026-03-21 16:44:00,3179.0285,3191.7815,3177.6805,3190.7445
2026-03-21 16:45:00,3190.7485,3195.2445,3184.9805,3185.5055
2026-03-21 16:46:00,3185.7015,3188.2815,3180.4195,3186.0795
2026-03-21 16:47:00,3186.0835,3198.8625,3185.0305,3196.4495
2026-03-21 16:48:00,3196.3655,3208.9285,3196.3655,3204.7115
2026-03-21 16:49:00,3204.5935,3208.2065,3197.5285,3197.5285
2026-03-21 16:50:00,3197.5295,3200.9785,3192.5955,3192.5985
2026-03-21 16:51:00,3191.8625,3198.0605,3190.6765,3197.6765
2026-03-21 16:52:00,3197.8145,3208.3155,3197.5175,3207.3055
2026-03-21 16:53:00,3207.9525,3211.9395,3205.0995,3208.4615
2026-03-21 16:54:00,3208.5265,3218.0165,3208.2895,3216.5415
2026-03-21 16:55:00,3216.4725,3221.1055,3212.6965,3217.9495
2026-03-21 16:56:00,3217.9515,3225.3965,3216.1345,3225.3845
2026-03-21 16:57:00,3224.5755,3236.1935,3223.8565,3236.1935
2026-03-21 16:58:00,3236.9915,3236.9915,3231.8315,3232.1045
2026-03-21 16:59:00,3232.1015,3235.2715,3221.3355,3222.1415
2026-03-21 17:00:00,3222.3215,3229.3885,3214.4925,3214.6845
2026-03-21 17:01:00,3215.1035,3219.9215,3209.8845,3216.8405
2026-03-21 17:02:00,3216.6395,3217.2425,3211.2755,3212.4365
2026-03-21 17:03:00,3212.4385,3219.4075,3212.4315,3218.4085
2026-03-21 17:04:00,3218.4135,3230.1435,3213.0625,3227.6665
2026-03-21 17:05:00,3227.6625,3229.4915,3224.6595,3226.5405
2026-03-21 17:06:00,3226.5365,3236.2675,3224.2325,3232.9055
2026-03-21 17:07:00,3232.6445,3234.6055,3223.4035,3228.1875
2026-03-21 17:08:00,3228.1035,3228.3495,3220.0255,3226.4735
2026-03-21 17:09:00,3228.8925,3233.5315,3226.3945,3231.7755
2026-03-21 17:10:00,3232.3355,3235.6115,3229.7425,3233.8915
2026-03-21 17:11:00,3233.7145,3249.1955,3232.8535,3248.9555
2026-03-21 17:12:00,3248.9565,3253.4245,3244.8235,3248.6455
2026-03-21 17:13:00,3248.6405,3252.4345,3247.0815,3252.0955
2026-03-21 17:14:00,3252.0935,3252.0935,3240.0395,3244.6385
2026-03-21 17:15:00,3244.5765,3254.5625,3237.4935,3253.3805
2026-03-21 17:16:00,3253.3775,3258.7385,3251.3275,3258.7385
2026-03-21 17:17:00,3260.4025,3267.7885,3259.3625,3262.5685
2026-03-21 17:18:00,3262.5675,3270.7885,3253.0945,3253.0945
2026-03-21 17:19:00,3253.0895,3260.0635,3252.5405,3252.5515
2026-03-21 17:20:00,3252.5505,3257.0305,3251.3515,3253.9655
2026-03-21 17:21:00,3253.7155,3259.2225,3251.2845,3255.4935
2026-03-21 17:22:00,3255.4345,3256.6325,3240.2815,3240.2815
2026-03-21 17:23:00,3240.1355,3249.8415,3238.9905,3249.5995
2026-03-21 17:24:00,3250.0155,3252.3545,3246.4965,3246.5035
2026-03-21 17:25:00,3246.4435,3250.3675,3243.4105,3250.3675
2026-03-21 17:26:00,3250.2825,3251.8795,3242.2865,3244.2095
2026-03-21 17:27:00,3244.2115,3247.2025,3235.7545,3236.1415
2026-03-21 17:28:00,3236.1385,3238.4975,3228.6425,3232.9705
2026-03-21 17:29:00,3232.9675,3232.9685,3221.1515,3226.6655
2026-03-21 17:30:00,3226.5815,3232.3655,3222.1335,3226.2035
2026-03-21 17:31:00,3225.3915,3234.2105,3224.3795,3232.4245
2026-03-21 17:32:00,3231.1155,3233.2775,3217.2915,3217.2915
2026-03-21 17:33:00,3217.3535,3229.4685,3216.5445,3226.1195
2026-03-21 17:34:00,3226.1205,3230.8915,3220.3425,3226.3865
2026-03-21 17:35:00,3226.6605,3228.9305,3212.8905,3217.0385
2026-03-21 17:36:00,3217.0445,3220.6735,3212.0135,3218.7565
2026-03-21 17:37:00,3218.9955,3223.9885,3216.9055,3218.1485
2026-03-21 17:38:00,3218.0605,3228.9105,3217.9395,3227.0705
2026-03-21 17:39:00,3227.6245,3235.3095,3225.7705,3232.6785
2026-03-21 17:40:00,3233.4705,3240.4875,3229.5475,3236.6845
2026-03-21 17:41:00,3236.9395,3243.7285,3236.9395,3243.4895
2026-03-21 17:42:00,3243.4945,3243.7605,3229.8135,3229.8865
2026-03-21 17:43:00,3229.8845,3238.1255,3225.9825,3236.1255
2026-03-21 17:44:00,3235.8865,3237.3865,3225.6195,3225.9245
2026-03-21 17:45:00,3225.9275,3228.2045,3222.5165,3223.1995
2026-03-21 17:46:00,3225.9755,3227.8685,3219.9115,3220.1115
2026-03-21 17:47:00,3220.1775,3221.0385,3210.0945,3220.8585
2026-03-21 17:48:00,3220.8595,3222.8005,3213.6755,3216.8625
2026-03-21 17:49:00,3216.4635,3220.8035,3211.5935,3219.0035
2026-03-21 17:50:00,3218.9995,3220.3125,3212.9235,3214.3205
2026-03-21 17:51:00,3214.2485,3220.5835,3212.6485,3215.8635
2026-03-21 17:52:00,3215.8645,3219.2965,3211.6085,3218.2645
2026-03-21 17:53:00,3215.6765,3220.4175,3214.1275,3217.6985
2026-03-21 17:54:00,3217.7015,3222.6715,3216.2205,3218.9895
2026-03-21 17:55:00,3218.7005,3228.0645,3216.3715,3226.6435
2026-03-21 17:56:00,3226.6485,3229.1295,3215.4475,3216.1225
2026-03-21 17:57:00,3216.1255,3219.5365,3209.7325,3211.1905
2026-03-21 17:58:00,3211.3885,3215.4695,3206.2765,3206.6335
2026-03-21 17:59:00,3206.5675,3216.9335,3206.3345,3216.3865
2026-03-21 18:00:00,3216.3195,3226.3105,3214.9495,3223.9525
2026-03-21 18:01:00,3223.9565,3233.6805,3223.9565,3231.9505
2026-03-21 18:02:00,3231.9485,3234.8605,3222.6035,3224.8505
2026-03-21 18:03:00,3224.8445,3224.8445,3203.4495,3203.6745
2026-03-21 18:04:00,3204.3335,3210.0525,3202.7495,3208.9475
2026-03-21 18:05:00,3208.7685,3220.3125,3208.7685,3219.2925
2026-03-21 18:06:00,3218.1465,3221.2395,3216.1115,3219.5875
2026-03-21 18:07:00,3219.5835,3219.7685,3205.5515,3206.6725
2026-03-21 18:08:00,3206.8895,3213.0725,3206.8895,3211.5545
2026-03-21 18:09:00,3211.5565,3215.3895,3208.7855,3210.6195
2026-03-21 18:10:00,3210.3245,3216.7735,3204.6455,3205.6955
2026-03-21 18:11:00,3205.7015,3205.7015,3185.8965,3187.0635
2026-03-21 18:12:00,3186.4665,3192.7755,3181.5385,3181.5815
2026-03-21 18:13:00,3181.6455,3190.1155,3181.6435,3188.4505
2026-03-21 18:14:00,3188.4465,3194.6435,3182.2765,3182.2765
2026-03-21 18:15:00,3181.8755,3181.8755,3174.3435,3174.7415
2026-03-21 18:16:00,3175.2395,3176.2785,3168.8765,3174.6625
2026-03-21 18:17:00,3174.6585,3186.6225,3174.6545,3180.8765
2026-03-21 18:18:00,3180.8045,3181.5585,3167.4975,3169.4775
2026-03-21 18:19:00,3169.6105,3173.8735,3166.4215,3168.5395
2026-03-21 18:20:00,3167.7165,3167.7165,3159.3035,3165.9055
2026-03-21 18:21:00,3166.1035,3166.1035,3151.4595,3151.4595
2026-03-21 18:22:00,3151.5435,3161.3805,3149.1155,3158.6275
2026-03-21 18:23:00,3158.6295,3164.2995,3157.6825,3157.6825
2026-03-21 18:24:00,3157.6845,3159.9885,3149.4465,3155.0045
2026-03-21 18:25:00,3154.9315,3154.9355,3146.9935,3150.5125
2026-03-21 18:26:00,3150.5075,3150.9515,3141.6695,3143.0425
2026-03-21 18:27:00,3143.0445,3144.2305,3128.1785,3137.2435
2026-03-21 18:28:00,3137.5095,3142.7665,3135.7315,3142.5245
2026-03-21 18:29:00,3142.5925,3146.9645,3141.3185,3142.8165
2026-03-21 18:30:00,3142.8125,3143.5025,3137.4285,3141.0955
2026-03-21 18:31:00,3139.6755,3142.1335,3136.1565,3136.8515
2026-03-21 18:32:00,3136.9845,3141.0345,3134.9275,3140.0955
2026-03-21 18:33:00,3140.0965,3141.0765,3130.6775,3133.1795
2026-03-21 18:34:00,3133.1215,3138.6175,3132.6675,3134.9785
2026-03-21 18:35:00,3134.9805,3143.4965,3134.9135,3142.2245
2026-03-21 18:36:00,3142.2275,3146.7855,3140.7055,3142.0355
2026-03-21 18:37:00,3139.9305,3142.6165,3133.1155,3137.4225
2026-03-21 18:38:00,3138.2405,3150.7835,3137.4715,3147.5805
2026-03-21 18:39:00,3147.5795,3149.9275,3142.6215,3149.3445
2026-03-21 18:40:00,3148.9235,3156.0985,3146.4835,3150.1495
2026-03-21 18:41:00,3150.1505,3154.0565,3144.3005,3146.1155
2026-03-21 18:42:00,3145.9805,3151.4675,3145.9805,3151.4085
2026-03-21 18:43:00,3152.0505,3153.3125,3145.3925,3153.3125
2026-03-21 18:44:00,3153.6345,3169.1825,3152.4925,3168.5015
2026-03-21 18:45:00,3167.9935,3173.7635,3164.7375,3167.1055
2026-03-21 18:46:00,3164.2565,3166.5815,3156.0735,3165.4095
2026-03-21 18:47:00,3165.4075,3174.8415,3162.3965,3171.2235
2026-03-21 18:48:00,3171.2255,3179.0075,3171.0765,3171.4235
2026-03-21 18:49:00,3171.5895,3173.6495,3164.1095,3171.7075
2026-03-21 18:50:00,3171.7115,3179.5105,3171.7115,3177.4045
2026-03-21 18:51:00,3177.4065,3186.3815,3173.9055,3185.4915
2026-03-21 18:52:00,3185.6275,3188.5615,3181.0255,3182.6745
2026-03-21 18:53:00,3182.3375,3183.2215,3176.7765,3178.4055
2026-03-21 18:54:00,3178.8045,3182.4035,3174.3985,3180.1555
2026-03-21 18:55:00,3180.1595,3196.5505,3180.0925,3196.5505
2026-03-21 18:56:00,3196.2685,3214.5865,3192.6405,3212.1535
2026-03-21 18:57:00,3212.2885,3218.2355,3208.7855,3215.5805
2026-03-21 18:58:00,3215.5825,3226.2535,3215.5825,3224.4105
2026-03-21 18:59:00,3224.1065,3228.6865,3217.6335,3219.5075
2026-03-21 19:00:00,3219.5095,3225.2555,3216.4185,3225.2555
2026-03-21 19:01:00,3225.2515,3234.4135,3221.3485,3233.7335
2026-03-21 19:02:00,3233.8225,3237.9025,3227.7315,3228.9615
2026-03-21 19:03:00,3228.4565,3229.9155,3226.6065,3226.9575
2026-03-21 19:04:00,3226.9565,3227.1695,3222.1205,3224.3645
2026-03-21 19:05:00,3224.2675,3224.3515,3215.9985,3217.5505
2026-03-21 19:06:00,3216.9355,3224.8895,3213.9945,3214.8315
2026-03-21 19:07:00,3214.8325,3223.2265,3212.6625,3223.1475
2026-03-21 19:08:00,3223.2175,3225.5445,3216.9035,3218.7675
2026-03-21 19:09:00,3218.5595,3222.4585,3208.6625,3209.2225
2026-03-21 19:10:00,3209.3635,3213.6175,3206.3925,3213.1975
2026-03-21 19:11:00,3213.2025,3215.1435,3204.0435,3207.8815
2026-03-21 19:12:00,3208.0175,3221.0465,3206.8755,3219.5095
2026-03-21 19:13:00,3219.9835,3221.2175,3210.9165,3214.6055
2026-03-21 19:14:00,3210.4825,3213.5345,3208.1415,3210.9735
2026-03-21 19:15:00,3210.9055,3212.6975,3203.8825,3210.6085
2026-03-21 19:16:00,3210.6135,3218.8795,3204.6755,3218.6495
2026-03-21 19:17:00,3218.6525,3218.6525,3211.3115,3212.2955
2026-03-21 19:18:00,3212.5425,3214.9405,3205.7065,3205.7065
2026-03-21 19:19:00,3206.0905,3212.2675,3206.0905,3206.5055
2026-03-21 19:20:00,3206.3715,3221.4515,3205.5805,3221.0435
2026-03-21 19:21:00,3221.5605,3228.4935,3221.5605,3225.9915
2026-03-21 19:22:00,3225.2895,3226.6875,3220.7935,3223.5235
2026-03-21 19:23:00,3224.0015,3225.2465,3218.9715,3221.4475
2026-03-21 19:24:00,3221.4525,3221.9295,3211.9185,3215.4255
2026-03-21 19:25:00,3215.4195,3217.6135,3209.9095,3215.2775
2026-03-21 19:26:00,3215.1105,3220.6495,3213.2795,3213.3715
2026-03-21 19:27:00,3213.3755,3214.9105,3206.5575,3209.2435
2026-03-21 19:28:00,3209.2405,3212.1315,3196.6915,3199.9115
2026-03-21 19:29:00,3199.9085,3207.8345,3199.4775,3207.8345
2026-03-21 19:30:00,3207.8395,3210.0025,3199.2005,3199.7405
2026-03-21 19:31:00,3199.2755,3203.3595,3190.8665,3199.6515
2026-03-21 19:32:00,3199.6535,3205.6825,3199.2575,3200.1475
2026-03-21 19:33:00,3200.4595,3202.2555,3196.0075,3198.9765
2026-03-21 19:34:00,3199.2435,3199.7235,3193.5785,3199.7225
2026-03-21 19:35:00,3199.0855,3200.4485,3188.9195,3190.8765
2026-03-21 19:36:00,3190.6675,3191.8375,3185.7385,3186.3775
2026-03-21 19:37:00,3186.0265,3188.2135,3177.5325,3181.1865
2026-03-21 19:38:00,3181.1455,3181.2795,3163.6115,3165.3735
2026-03-21 19:39:00,3164.7275,3167.9945,3161.0205,3163.3005
2026-03-21 19:40:00,3163.3675,3169.2455,3157.2905,3157.2905
2026-03-21 19:41:00,3157.3505,3158.3585,3151.3205,3151.5965
2026-03-21 19:42:00,3151.6655,3154.6065,3147.6205,3149.4035
2026-03-21 19:43:00,3149.5655,3155.0915,3144.2365,3144.2365
2026-03-21 19:44:00,3144.5845,3145.3435,3134.8175,3138.5595
2026-03-21 19:45:00,3138.5575,3140.8895,3128.7695,3138.3195
2026-03-21 19:46:00,3138.5815,3143.2025,3137.1765,3140.0825
2026-03-21 19:47:00,3139.9825,3144.9495,3138.2285,3144.7035
2026-03-21 19:48:00,3143.9935,3154.3795,3143.8495,3146.5335
2026-03-21 19:49:00,3145.3655,3148.8795,3138.8875,3139.0485
2026-03-21 19:50:00,3139.1205,3142.4465,3132.2975,3133.0125
2026-03-21 19:51:00,3133.0075,3140.9065,3129.0315,3140.5985
2026-03-21 19:52:00,3140.6015,3142.7125,3134.9675,3134.9675
2026-03-21 19:53:00,3134.9645,3135.9435,3124.2625,3124.2625
2026-03-21 19:54:00,3124.2635,3136.1985,3124.0065,3133.7335
2026-03-21 19:55:00,3133.8955,3134.7805,3115.9445,3116.5835
2026-03-21 19:56:00,3116.8335,3120.7445,3108.6705,3110.9095
2026-03-21 19:57:00,3109.5035,3116.1025,3109.0875,3114.8865
2026-03-21 19:58:00,3114.8835,3118.0465,3112.3245,3115.0785
2026-03-21 19:59:00,3115.0735,3117.0975,3108.7475,3117.0975
2026-03-21 20:00:00,3117.0955,3120.2215,3114.8795,3116.0725
2026-03-21 20:01:00,3115.9905,3122.9975,3114.0485,3121.2125
2026-03-21 20:02:00,3121.1385,3121.4735,3115.3195,3119.1305
2026-03-21 20:03:00,3118.7565,3135.1745,3117.9075,3135.0255
2026-03-21 20:04:00,3135.0285,3136.0505,3130.9935,3130.9985
2026-03-21 20:05:00,3131.0035,3131.2725,3113.4645,3115.2935
2026-03-21 20:06:00,3115.2995,3121.7545,3113.0545,3117.2165
2026-03-21 20:07:00,3117.2845,3117.2845,3102.9585,3104.9445
2026-03-21 20:08:00,3105.6035,3121.2955,3102.7905,3121.1585
2026-03-21 20:09:00,3121.6115,3143.2345,3120.0745,3143.2275
2026-03-21 20:10:00,3143.2315,3148.2475,3143.1575,3146.1235
2026-03-21 20:11:00,3146.2085,3149.9235,3143.5275,3149.9155
2026-03-21 20:12:00,3149.4215,3154.1105,3142.7045,3142.7765
2026-03-21 20:13:00,3142.7715,3150.3915,3140.7555,3150.2775
2026-03-21 20:14:00,3150.1425,3158.6525,3149.0375,3157.8465
2026-03-21 20:15:00,3157.8515,3160.2555,3153.1345,3159.2115
2026-03-21 20:16:00,3159.2125,3162.0815,3150.4315,3153.3585
2026-03-21 20:17:00,3151.7305,3154.6295,3142.5005,3142.5005
2026-03-21 20:18:00,3142.4975,3144.5765,3136.8475,3139.9055
2026-03-21 20:19:00,3140.0865,3143.6395,3134.2175,3134.2325
2026-03-21 20:20:00,3134.1665,3139.9235,3132.1675,3139.9235
2026-03-21 20:21:00,3139.9285,3142.8245,3136.2025,3142.0845
2026-03-21 20:22:00,3142.0815,3142.2625,3135.9545,3140.4065
2026-03-21 20:23:00,3140.4105,3143.8115,3136.2585,3143.5495
2026-03-21 20:24:00,3143.5455,3148.0305,3142.7345,3146.6815
2026-03-21 20:25:00,3146.6035,3147.9255,3135.1925,3139.5275
2026-03-21 20:26:00,3139.5315,3140.0235,3132.8175,3139.7015
2026-03-21 20:27:00,3139.7045,3148.8055,3139.7045,3142.9885
2026-03-21 20:28:00,3142.7525,3148.4205,3139.2345,3148.4205
2026-03-21 20:29:00,3148.4845,3156.1175,3146.7915,3156.1175
2026-03-21 20:30:00,3155.9745,3166.1025,3155.9235,3158.7615
2026-03-21 20:31:00,3158.4825,3163.8355,3157.5445,3163.8355
2026-03-21 20:32:00,3163.1115,3163.7815,3158.1915,3162.6315
2026-03-21 20:33:00,3161.6035,3167.4355,3159.7115,3166.7275
2026-03-21 20:34:00,3166.3325,3179.1045,3162.1605,3176.4735
2026-03-21 20:35:00,3176.6285,3180.9155,3170.7265,3171.2365
2026-03-21 20:36:00,3171.0585,3171.1295,3155.4035,3155.4035
2026-03-21 20:37:00,3155.4025,3156.5015,3142.7275,3146.4585
2026-03-21 20:38:00,3146.5235,3147.5275,3138.9445,3143.9665
2026-03-21 20:39:00,3143.9645,3150.6665,3139.8995,3150.2565
2026-03-21 20:40:00,3150.2525,3156.7955,3147.1275,3156.7145
2026-03-21 20:41:00,3156.9105,3161.1535,3141.9875,3144.4935
2026-03-21 20:42:00,3144.4895,3149.2205,3141.4555,3147.8025
2026-03-21 20:43:00,3147.7995,3152.5375,3145.2465,3146.7245
2026-03-21 20:44:00,3146.5525,3150.3975,3143.6085,3147.9915
2026-03-21 20:45:00,3148.1975,3150.2755,3140.5435,3146.6545
2026-03-21 20:46:00,3146.6535,3150.2525,3139.6455,3142.8805
2026-03-21 20:47:00,3142.8165,3146.6935,3139.9485,3140.8835
2026-03-21 20:48:00,3140.8795,3148.5565,3138.6995,3147.8005
2026-03-21 20:49:00,3147.8705,3148.5365,3138.7035,3143.1405
2026-03-21 20:50:00,3143.1365,3151.5845,3142.0625,3146.5595
2026-03-21 20:51:00,3146.6905,3149.2685,3138.9685,3139.0265
2026-03-21 20:52:00,3136.3355,3138.3945,3130.3105,3130.8145
2026-03-21 20:53:00,3130.8095,3145.2045,3130.6755,3140.9805
2026-03-21 20:54:00,3140.5055,3142.1205,3130.1865,3133.4585
2026-03-21 20:55:00,3133.4535,3150.1405,3127.8585,3147.7135
2026-03-21 20:56:00,3147.6425,3149.1985,3141.4085,3143.7435
2026-03-21 20:57:00,3144.3645,3145.6225,3142.0405,3143.7295
2026-03-21 20:58:00,3144.2585,3147.7835,3138.1265,3141.9295
2026-03-21 20:59:00,3141.7875,3143.7735,3134.1595,3138.4995
2026-03-21 21:00:00,3138.5745,3143.3165,3132.9065,3136.3655
2026-03-21 21:01:00,3136.3675,3139.0335,3128.0755,3128.5255
2026-03-21 21:02:00,3128.5245,3133.9155,3126.5375,3131.8095
2026-03-21 21:03:00,3132.2055,3132.2055,3117.7985,3120.3465
2026-03-21 21:04:00,3120.3495,3123.8915,3117.4825,3120.0075
2026-03-21 21:05:00,3120.0125,3121.1545,3112.6525,3113.5615
2026-03-21 21:06:00,3113.6275,3117.3355,3108.2435,3112.2165
2026-03-21 21:07:00,3112.2955,3112.4365,3100.1685,3103.6395
2026-03-21 21:08:00,3103.7705,3106.2915,3102.2325,3104.3065
2026-03-21 21:09:00,3104.3095,3110.6645,3103.3295,3108.5055
2026-03-21 21:10:00,3108.6405,3115.1565,3107.3675,3113.5425
2026-03-21 21:11:00,3113.4575,3124.8585,3111.7645,3114.5385
2026-03-21 21:12:00,3114.4685,3115.3985,3107.8545,3112.4615
2026-03-21 21:13:00,3112.4595,3116.8955,3108.7555,3111.0265
2026-03-21 21:14:00,3110.9785,3110.9785,3090.3915,3091.7625
2026-03-21 21:15:00,3091.7615,3096.2045,3091.6535,3092.9725
2026-03-21 21:16:00,3092.9695,3096.1375,3088.5395,3089.9585
2026-03-21 21:17:00,3089.8155,3091.8515,3082.2285,3090.9365
2026-03-21 21:18:00,3091.1025,3094.9355,3089.5105,3093.0415
2026-03-21 21:19:00,3093.0965,3099.1975,3088.9775,3097.1965
2026-03-21 21:20:00,3097.1915,3101.5655,3094.6085,3099.1425
2026-03-21 21:21:00,3099.1455,3107.7315,3099.1455,3102.0385
2026-03-21 21:22:00,3102.0435,3104.2365,3096.0405,3096.0405
2026-03-21 21:23:00,3097.8215,3102.1555,3086.8725,3088.6115
2026-03-21 21:24:00,3088.6735,3101.7935,3088.6105,3098.1905
2026-03-21 21:25:00,3097.9795,3107.3565,3095.9945,3104.7185
2026-03-21 21:26:00,3104.7135,3104.7135,3092.7755,3094.8995
2026-03-21 21:27:00,3095.0755,3095.0755,3085.4985,3085.4985
2026-03-21 21:28:00,3085.2565,3086.4755,3075.6075,3077.0725
2026-03-21 21:29:00,3076.4965,3078.5825,3068.6285,3075.3465
2026-03-21 21:30:00,3075.7315,3081.4295,3072.5605,3081.1035
2026-03-21 21:31:00,3081.0995,3084.8475,3079.6725,3083.9615
2026-03-21 21:32:00,3083.9655,3083.9655,3073.9675,3076.0705
2026-03-21 21:33:00,3075.9915,3079.9055,3064.7225,3070.3225
2026-03-21 21:34:00,3070.3205,3071.2645,3061.8675,3065.5485
2026-03-21 21:35:00,3065.6265,3068.8985,3057.7285,3058.1585
2026-03-21 21:36:00,3058.0045,3059.4695,3052.1275,3053.5935
2026-03-21 21:37:00,3053.1645,3055.2395,3046.4125,3046.4995
2026-03-21 21:38:00,3046.5015,3052.4365,3042.0345,3052.4365
2026-03-21 21:39:00,3052.1555,3058.7045,3048.0505,3053.1865
2026-03-21 21:40:00,3053.1835,3056.6635,3051.1675,3051.1865
2026-03-21 21:41:00,3051.4475,3060.9125,3050.1205,3060.8245
2026-03-21 21:42:00,3060.6455,3062.7115,3055.4345,3060.7505
2026-03-21 21:43:00,3060.3825,3067.2675,3059.8975,3066.1815
2026-03-21 21:44:00,3066.1195,3079.7395,3066.1185,3074.4675
2026-03-21 21:45:00,3074.6175,3077.1565,3065.4005,3071.4165
2026-03-21 21:46:00,3070.1285,3081.0585,3068.2335,3079.7105
2026-03-21 21:47:00,3079.7115,3087.0515,3079.6575,3086.9555
2026-03-21 21:48:00,3087.0265,3090.6465,3082.0885,3085.7365
2026-03-21 21:49:00,3085.8805,3087.8295,3075.9275,3075.9275
2026-03-21 21:50:00,3075.9235,3077.4425,3069.0575,3071.2275
2026-03-21 21:51:00,3071.8005,3084.8295,3065.4705,3084.3385
2026-03-21 21:52:00,3084.3345,3095.9095,3084.3345,3092.0365
2026-03-21 21:53:00,3092.1345,3098.2615,3090.5135,3093.1955
2026-03-21 21:54:00,3093.1975,3093.2645,3085.3865,3086.0525
2026-03-21 21:55:00,3086.0505,3095.3555,3086.0505,3095.0075
2026-03-21 21:56:00,3095.0095,3098.5685,3088.0215,3089.2695
2026-03-21 21:57:00,3089.2685,3097.6675,3089.2185,3093.7325
2026-03-21 21:58:00,3093.2145,3102.7355,3093.0205,3099.2795
2026-03-21 21:59:00,3099.2035,3104.9345,3095.8465,3104.9345
2026-03-21 22:00:00,3105.1905,3107.6385,3101.7835,3102.0915
2026-03-21 22:01:00,3102.0205,3103.6775,3097.4785,3102.7485
2026-03-21 22:02:00,3102.7455,3102.9445,3097.3015,3098.7925
2026-03-21 22:03:00,3098.7985,3106.3105,3096.8685,3098.5005
2026-03-21 22:04:00,3098.5635,3107.1615,3095.7515,3096.4725
2026-03-21 22:05:00,3096.6035,3102.5085,3092.7665,3101.4725
2026-03-21 22:06:00,3098.6245,3099.9855,3091.3405,3093.4245
2026-03-21 22:07:00,3093.4805,3096.7445,3088.6265,3095.4315
2026-03-21 22:08:00,3095.4295,3105.3935,3092.6555,3101.0145
2026-03-21 22:09:00,3101.0195,3103.2485,3095.9635,3101.0395
2026-03-21 22:10:00,3100.9815,3107.7285,3096.4735,3099.4715
2026-03-21 22:11:00,3099.4695,3103.6025,3095.9155,3102.4415
2026-03-21 22:12:00,3102.4465,3109.6615,3102.1965,3103.0965
2026-03-21 22:13:00,3103.0925,3104.1045,3093.8065,3102.6765
2026-03-21 22:14:00,3102.6045,3105.9765,3094.9125,3096.2855
2026-03-21 22:15:00,3096.2905,3106.4325,3096.2065,3098.4115
2026-03-21 22:16:00,3098.4155,3102.6005,3097.1145,3099.9425
2026-03-21 22:17:00,3099.9395,3107.2725,3099.1195,3099.7905
2026-03-21 22:18:00,3099.7865,3115.1765,3098.6835,3110.6825
2026-03-21 22:19:00,3110.6865,3115.2445,3108.7275,3113.7415
2026-03-21 22:20:00,3116.0285,3125.8735,3112.3205,3123.7285
2026-03-21 22:21:00,3123.5335,3124.9775,3120.3535,3122.7425
2026-03-21 22:22:00,3123.0445,3127.9095,3115.9095,3116.0395
2026-03-21 22:23:00,3116.0405,3133.3945,3116.0405,3132.7745
2026-03-21 22:24:00,3132.5395,3132.5395,3123.0245,3123.0245
2026-03-21 22:25:00,3125.0945,3126.3105,3120.0555,3120.5135
2026-03-21 22:26:00,3120.6865,3123.6905,3118.4845,3118.4845
2026-03-21 22:27:00,3118.4875,3123.7495,3115.7985,3117.7465
2026-03-21 22:28:00,3117.6635,3122.9345,3116.4175,3122.7245
2026-03-21 22:29:00,3122.5995,3135.8945,3122.5995,3130.9455
2026-03-21 22:30:00,3130.9475,3139.5955,3130.5795,3135.0195
2026-03-21 22:31:00,3134.6325,3136.8275,3122.7995,3128.5885
2026-03-21 22:32:00,3128.1645,3131.6075,3125.3365,3128.5675
2026-03-21 22:33:00,3128.6375,3136.6125,3126.6455,3128.0475
2026-03-21 22:34:00,3127.9725,3132.9255,3125.3275,3126.7785
2026-03-21 22:35:00,3126.2615,3127.2835,3119.3645,3120.9505
2026-03-21 22:36:00,3120.9475,3121.8615,3114.7465,3118.1235
2026-03-21 22:37:00,3118.1205,3124.5025,3116.5575,3122.6565
2026-03-21 22:38:00,3122.6615,3126.1555,3118.0375,3119.2785
2026-03-21 22:39:00,3119.1985,3126.7625,3118.8505,3123.9545
2026-03-21 22:40:00,3123.2715,3127.0145,3119.0715,3120.6125
2026-03-21 22:41:00,3120.6065,3120.6065,3111.9915,3111.9915
2026-03-21 22:42:00,3111.9925,3116.5095,3109.7155,3110.6705
2026-03-21 22:43:00,3110.5915,3115.6545,3104.3635,3115.6545
2026-03-21 22:44:00,3115.7175,3123.9715,3115.4195,3123.4015
2026-03-21 22:45:00,3123.3955,3127.1965,3121.0785,3124.8995
2026-03-21 22:46:00,3125.0305,3133.8965,3124.7665,3132.5715
2026-03-21 22:47:00,3132.5735,3143.7355,3129.1855,3143.7355
2026-03-21 22:48:00,3143.6615,3144.0075,3135.7285,3140.7445
2026-03-21 22:49:00,3141.3905,3141.3905,3132.4605,3132.4605
2026-03-21 22:50:00,3132.3955,3143.2155,3130.8745,3138.3065
2026-03-21 22:51:00,3138.0465,3139.9975,3133.8055,3137.9005
2026-03-21 22:52:00,3137.8945,3143.5175,3135.2305,3141.7675
2026-03-21 22:53:00,3141.9005,3149.2005,3140.8255,3148.7605
2026-03-21 22:54:00,3148.9365,3158.8595,3148.8785,3158.3495
2026-03-21 22:55:00,3157.4905,3163.2875,3157.4905,3162.7935
2026-03-21 22:56:00,3161.3285,3161.3585,3153.7535,3153.8155
2026-03-21 22:57:00,3153.8125,3154.9535,3149.6895,3151.2705
2026-03-21 22:58:00,3151.3325,3154.2795,3145.4755,3150.5845
2026-03-21 22:59:00,3150.4585,3153.2605,3145.5895,3153.2575
2026-03-21 23:00:00,3153.2595,3156.9165,3150.2835,3154.8365
2026-03-21 23:01:00,3154.8385,3161.0505,3149.3955,3149.4865
2026-03-21 23:02:00,3149.8225,3158.3685,3148.8225,3156.6435
2026-03-21 23:03:00,3156.9165,3158.4725,3151.2145,3152.2495
2026-03-21 23:04:00,3151.8105,3155.2265,3147.7685,3154.4475
2026-03-21 23:05:00,3154.2715,3155.9105,3140.5385,3140.5435
2026-03-21 23:06:00,3140.5465,3148.2155,3137.2595,3137.2605
2026-03-21 23:07:00,3137.3305,3141.2305,3132.5375,3137.9895
2026-03-21 23:08:00,3138.2345,3143.9165,3134.2055,3136.3775
2026-03-21 23:09:00,3136.2435,3152.6915,3136.1755,3149.0015
2026-03-21 23:10:00,3149.2705,3151.1015,3139.3195,3143.8045
2026-03-21 23:11:00,3143.3695,3145.0885,3138.6865,3142.5775
2026-03-21 23:12:00,3142.3935,3146.4105,3137.0735,3143.0075
2026-03-21 23:13:00,3143.1135,3150.3865,3143.1035,3150.2405
2026-03-21 23:14:00,3150.2985,3151.4995,3135.8155,3141.3255
2026-03-21 23:15:00,3141.3245,3141.3245,3132.8755,3134.0885
2026-03-21 23:16:00,3134.0855,3135.1845,3132.2175,3134.1655
2026-03-21 23:17:00,3134.1705,3136.3725,3128.8725,3130.2495
2026-03-21 23:18:00,3130.0415,3130.4205,3124.3675,3130.2305
2026-03-21 23:19:00,3129.1165,3137.1225,3127.0605,3137.1225
2026-03-21 23:20:00,3137.1265,3147.4155,3137.1265,3141.7255
2026-03-21 23:21:00,3141.9655,3146.1675,3139.8165,3142.9205
2026-03-21 23:22:00,3142.7775,3147.3275,3140.0325,3147.0815
2026-03-21 23:23:00,3147.4075,3151.5985,3140.5495,3141.2275
2026-03-21 23:24:00,3141.2305,3143.7075,3133.0045,3141.0715
2026-03-21 23:25:00,3141.0695,3146.9235,3138.3605,3140.2975
2026-03-21 23:26:00,3140.6395,3146.4025,3136.5765,3144.4925
2026-03-21 23:27:00,3144.4945,3144.9145,3134.7795,3144.8445
2026-03-21 23:28:00,3144.7685,3146.9155,3140.3225,3141.5715
2026-03-21 23:29:00,3141.5745,3149.5365,3139.0785,3147.0075
2026-03-21 23:30:00,3147.0675,3154.2425,3146.4405,3154.2425
2026-03-21 23:31:00,3154.4095,3157.1375,3152.0425,3153.7385
2026-03-21 23:32:00,3153.8015,3155.9235,3146.4895,3146.4895
2026-03-21 23:33:00,3147.6645,3154.8225,3143.1565,3146.2105
2026-03-21 23:34:00,3146.2125,3152.2695,3141.1505,3145.4025
2026-03-21 23:35:00,3145.4045,3148.9445,3139.3075,3140.5845
2026-03-21 23:36:00,3140.5885,3144.1665,3138.0785,3143.3155
2026-03-21 23:37:00,3142.9765,3147.4755,3142.1215,3146.2945
2026-03-21 23:38:00,3146.2935,3149.4845,3140.5185,3149.4845
2026-03-21 23:39:00,3149.3675,3157.6715,3148.1085,3157.6715
2026-03-21 23:40:00,3158.0755,3158.0755,3150.0045,3155.1755
2026-03-21 23:41:00,3155.2335,3163.2245,3148.6945,3163.0985
2026-03-21 23:42:00,3162.9195,3162.9195,3154.4465,3155.2625
2026-03-21 23:43:00,3155.5415,3160.4075,3151.5005,3159.8985
2026-03-21 23:44:00,3160.5775,3161.1705,3152.4495,3156.1715
2026-03-21 23:45:00,3156.1595,3159.4905,3147.7825,3154.0075
2026-03-21 23:46:00,3154.0045,3157.3355,3148.9135,3149.7285
2026-03-21 23:47:00,3149.7255,3151.4925,3133.8645,3136.9075
2026-03-21 23:48:00,3136.9065,3141.6705,3131.7725,3141.4625
2026-03-21 23:49:00,3141.4605,3143.6615,3132.1995,3143.4535
2026-03-21 23:50:00,3143.2935,3145.8135,3140.2565,3141.8035
2026-03-21 23:51:00,3141.2135,3145.9695,3137.1055,3138.0275
2026-03-21 23:52:00,3137.9625,3141.4525,3127.5625,3127.5685
2026-03-21 23:53:00,3127.4065,3139.8335,3124.5305,3139.8335
2026-03-21 23:54:00,3139.3535,3141.3535,3130.3535,3139.8875
2026-03-21 23:55:00,3140.0215,3141.4145,3126.8955,3126.9725
2026-03-21 23:56:00,3127.5945,3128.1635,3123.5595,3127.7575
2026-03-21 23:57:00,3127.7625,3135.0665,3127.7255,3135.0635
2026-03-21 23:58:00,3135.1965,3141.4695,3134.5355,3140.8265
2026-03-21 23:59:00,3140.8235,3148.4755,3140.8235,3147.4225
2026-03-22 00:00:00,3147.2905,3155.3975,3143.2925,3155.3975
2026-03-22 00:01:00,3155.3955,3157.7815,3146.2525,3149.9715
2026-03-22 00:02:00,3149.3485,3151.3535,3144.7375,3149.5325
2026-03-22 00:03:00,3149.6605,3157.5305,3147.4335,3155.7395
2026-03-22 00:04:00,3155.9765,3161.3855,3155.7325,3159.2865
2026-03-22 00:05:00,3156.9635,3165.5235,3154.3345,3164.3775
2026-03-22 00:06:00,3164.3815,3164.3835,3153.9845,3158.6865
2026-03-22 00:07:00,3158.6885,3177.6725,3157.6315,3177.6685
2026-03-22 00:08:00,3177.8855,3190.0615,3177.3855,3186.8235
2026-03-22 00:09:00,3186.9885,3189.5415,3184.8865,3188.3045
2026-03-22 00:10:00,3188.3705,3191.1395,3177.8475,3177.9805
2026-03-22 00:11:00,3177.9765,3185.5945,3177.9735,3179.4985
2026-03-22 00:12:00,3179.4965,3190.5765,3175.9435,3190.5765
2026-03-22 00:13:00,3190.4395,3199.8725,3188.6885,3199.1155
2026-03-22 00:14:00,3198.9785,3199.2455,3186.1635,3187.6235
2026-03-22 00:15:00,3187.6285,3187.6345,3177.1855,3178.8335
2026-03-22 00:16:00,3178.8995,3181.1585,3174.8855,3177.8915
2026-03-22 00:17:00,3177.4735,3179.0605,3169.5825,3178.9115
2026-03-22 00:18:00,3178.9835,3199.7535,3178.9835,3197.6385
2026-03-22 00:19:00,3197.6995,3198.9685,3191.1035,3192.7875
2026-03-22 00:20:00,3192.7835,3196.1745,3187.9865,3188.2685
2026-03-22 00:21:00,3188.5435,3188.9685,3174.8755,3175.8085
2026-03-22 00:22:00,3175.7375,3182.7225,3174.4245,3179.5265
2026-03-22 00:23:00,3179.7325,3184.5005,3176.6305,3184.4565
2026-03-22 00:24:00,3184.4525,3191.9475,3181.4165,3189.9945
2026-03-22 00:25:00,3190.0605,3199.7025,3186.8715,3199.7025
2026-03-22 00:26:00,3199.6995,3199.8435,3193.4965,3199.4655
2026-03-22 00:27:00,3199.5285,3204.8025,3195.2745,3200.3825
2026-03-22 00:28:00,3200.3805,3201.8535,3194.2955,3197.0795
2026-03-22 00:29:00,3196.9465,3201.6055,3196.7745,3198.4555
2026-03-22 00:30:00,3199.0905,3200.0955,3193.0105,3196.1655
2026-03-22 00:31:00,3196.1685,3217.5785,3196.0285,3214.1055
2026-03-22 00:32:00,3214.1035,3216.7835,3211.9545,3213.0115
2026-03-22 00:33:00,3212.8815,3214.2685,3208.1095,3209.0425
2026-03-22 00:34:00,3208.8075,3215.8885,3208.3955,3214.9825
2026-03-22 00:35:00,3214.9875,3215.1185,3205.9425,3205.9425
2026-03-22 00:36:00,3206.4685,3219.0865,3204.9725,3218.7165
2026-03-22 00:37:00,3218.7155,3221.5445,3214.4265,3215.7145
2026-03-22 00:38:00,3215.7155,3216.0565,3206.5885,3207.0935
2026-03-22 00:39:00,3207.0945,3216.0495,3206.8235,3215.9865
2026-03-22 00:40:00,3215.9875,3216.1975,3204.8385,3205.2935
2026-03-22 00:41:00,3205.2875,3205.2875,3188.7125,3188.9385
2026-03-22 00:42:00,3188.9395,3190.1675,3178.2345,3182.9765
2026-03-22 00:43:00,3183.1085,3183.1085,3174.0085,3180.0215
2026-03-22 00:44:00,3180.0245,3181.3545,3174.9135,3180.1085
2026-03-22 00:45:00,3180.1105,3181.3725,3174.1025,3177.0025
2026-03-22 00:46:00,3177.0035,3177.4675,3168.7205,3175.1615
2026-03-22 00:47:00,3175.1585,3182.2615,3172.8155,3173.2435
2026-03-22 00:48:00,3173.1565,3180.5145,3173.1545,3174.9105
2026-03-22 00:49:00,3174.9775,3187.2835,3172.7865,3187.2835
2026-03-22 00:50:00,3187.1985,3195.3835,3186.7955,3192.3695
2026-03-22 00:51:00,3192.3645,3196.0065,3185.4905,3193.5035
2026-03-22 00:52:00,3191.4745,3196.8795,3185.2185,3189.1195
2026-03-22 00:53:00,3189.1225,3189.9475,3182.4475,3182.7595
2026-03-22 00:54:00,3182.6895,3190.9695,3181.0505,3181.4865
2026-03-22 00:55:00,3181.4195,3187.9845,3179.1135,3187.8095
2026-03-22 00:56:00,3187.8125,3197.0305,3186.9975,3191.4195
2026-03-22 00:57:00,3191.5045,3192.4615,3179.2235,3179.2235
2026-03-22 00:58:00,3179.2255,3180.5325,3172.9655,3176.7895
2026-03-22 00:59:00,3176.7855,3182.7295,3174.4505,3182.7295
2026-03-22 01:00:00,3182.7235,3182.7235,3168.2335,3170.8425
2026-03-22 01:01:00,3170.7515,3176.8275,3165.9905,3174.9345
2026-03-22 01:02:00,3174.9295,3179.2855,3170.9905,3177.3055
2026-03-22 01:03:00,3177.3695,3180.2025,3174.1795,3178.9715
2026-03-22 01:04:00,3178.9705,3182.6425,3176.9825,3181.6505
2026-03-22 01:10:00,3181.6505,3181.6505,3181.6505,3181.6505
2026-03-22 01:11:00,3181.6505,3181.6505,2869.6665,2869.6665
2026-03-22 01:12:00,2869.5455,2877.9295,2869.1345,2875.5195
2026-03-22 01:13:00,2875.6675,2884.6615,2873.0605,2884.4995
2026-03-22 01:14:00,2884.4365,2884.4365,2878.4305,2881.5285
2026-03-22 01:15:00,2881.9905,2889.6335,2880.8635,2884.2345
2026-03-22 01:16:00,2884.1005,2888.4615,2882.3225,2885.8445
2026-03-22 01:17:00,2885.8435,2889.5575,2882.0275,2886.5145
2026-03-22 01:18:00,2886.3275,2890.9045,2883.8715,2888.6955
2026-03-22 01:19:00,2888.6975,2893.8225,2885.8275,2888.4365
2026-03-22 01:20:00,2888.6245,2891.7105,2886.2625,2886.5195
2026-03-22 01:21:00,2886.6415,2888.6745,2882.9065,2887.7825
2026-03-22 01:22:00,2887.7785,2892.7715,2883.5615,2892.7715
2026-03-22 01:23:00,2892.7705,2894.1865,2888.1835,2892.4535
2026-03-22 01:24:00,2892.4605,2892.4605,2880.5155,2885.9825
2026-03-22 01:25:00,2885.9775,2885.9775,2872.0895,2872.0895
2026-03-22 01:26:00,2874.6925,2876.4545,2870.2785,2871.2065
2026-03-22 01:27:00,2871.2205,2871.2205,2865.4705,2867.6525
2026-03-22 01:28:00,2867.6475,2871.5705,2859.7905,2863.3525
2026-03-22 01:29:00,2863.3535,2870.4545,2861.5145,2868.4595
2026-03-22 01:30:00,2868.4615,2875.1555,2868.4615,2873.4105
2026-03-22 01:31:00,2873.6415,2873.6415,2863.5755,2865.3135
2026-03-22 01:32:00,2864.5195,2867.0155,2860.1415,2864.8095
2026-03-22 01:33:00,2864.8055,2864.8055,2860.0745,2860.9535
2026-03-22 01:34:00,2860.9505,2862.6315,2855.4715,2856.4145
2026-03-22 01:35:00,2856.2235,2856.9345,2850.9975,2853.0535
2026-03-22 01:36:00,2853.0545,2854.6665,2844.6835,2854.6465
2026-03-22 01:37:00,2854.4595,2855.4975,2849.5245,2852.1395
2026-03-22 01:38:00,2852.1585,2853.3145,2846.3785,2851.5145
2026-03-22 01:39:00,2851.1535,2856.4345,2849.4835,2855.7675
2026-03-22 01:40:00,2856.5095,2860.1935,2853.7115,2854.6995
2026-03-22 01:41:00,2854.8195,2859.7595,2846.3525,2855.7755
2026-03-22 01:42:00,2855.9215,2876.2915,2854.0495,2876.2915
2026-03-22 01:43:00,2876.2945,2879.3845,2873.7215,2875.6935
2026-03-22 01:44:00,2875.6185,2875.7385,2867.7985,2868.8085
2026-03-22 01:45:00,2868.8075,2868.8075,2859.6155,2859.6175
2026-03-22 01:46:00,2859.6225,2870.3935,2856.6935,2870.3305
2026-03-22 01:47:00,2870.6435,2874.0025,2859.4695,2859.7925
2026-03-22 01:48:00,2859.8585,2865.3815,2857.6155,2865.0015
2026-03-22 01:49:00,2865.0635,2866.5855,2863.4975,2865.3645
2026-03-22 01:50:00,2865.3605,2873.9605,2862.8485,2873.9605
2026-03-22 01:51:00,2873.9625,2885.5135,2872.9685,2884.0175
2026-03-22 01:52:00,2883.8615,2885.5305,2878.6005,2883.1355
2026-03-22 01:53:00,2883.1305,2883.3445,2870.3065,2874.6785
2026-03-22 01:54:00,2874.6245,2877.5835,2872.2145,2873.5945
2026-03-22 01:55:00,2873.5475,2879.6575,2872.3355,2873.5065
2026-03-22 01:56:00,2873.2375,2882.6275,2872.0525,2881.0565
2026-03-22 01:57:00,2880.8575,2883.4435,2878.6595,2883.2185
2026-03-22 01:58:00,2882.7755,2890.9595,2882.5325,2890.0265
2026-03-22 01:59:00,2890.0245,2890.4725,2883.5055,2885.2035
2026-03-22 02:00:00,2885.5065,2887.5995,2879.7225,2880.6955
2026-03-22 02:01:00,2880.9385,2884.5755,2878.8295,2879.6865
2026-03-22 02:02:00,2879.4995,2892.3105,2879.3855,2886.6785
2026-03-22 02:03:00,2886.6815,2886.8965,2876.8675,2878.1715
2026-03-22 02:04:00,2878.1065,2881.2725,2875.2635,2881.0575
2026-03-22 02:05:00,2881.0525,2890.9025,2878.2275,2886.8285
2026-03-22 02:06:00,2886.8335,2887.4495,2883.2545,2886.1545
2026-03-22 02:07:00,2886.1555,2889.8065,2883.7115,2889.8065
2026-03-22 02:08:00,2889.7465,2891.4735,2882.0085,2888.0975
2026-03-22 02:09:00,2887.9045,2891.2985,2886.8105,2889.8465
2026-03-22 02:10:00,2889.9355,2899.8785,2889.0995,2895.6175
2026-03-22 02:11:00,2897.5785,2903.5585,2896.6075,2902.1875
2026-03-22 02:12:00,2902.3405,2906.2435,2901.2345,2901.3485
2026-03-22 02:13:00,2901.4255,2901.9975,2894.1595,2894.2105
2026-03-22 02:14:00,2894.5805,2902.6835,2893.6335,2899.6335
2026-03-22 02:15:00,2899.6325,2899.7685,2891.2635,2894.9625
2026-03-22 02:16:00,2894.9575,2895.4815,2887.1325,2888.6715
2026-03-22 02:17:00,2888.4945,2889.6775,2881.3315,2883.7675
2026-03-22 02:18:00,2883.3635,2885.1375,2881.2685,2882.9755
2026-03-22 02:19:00,2882.9785,2886.8745,2879.7085,2886.0635
2026-03-22 02:20:00,2885.6945,2888.9855,2874.9935,2878.0645
2026-03-22 02:21:00,2877.9035,2884.3065,2877.9035,2879.0035
2026-03-22 02:22:00,2879.1955,2890.4565,2879.1195,2886.8405
2026-03-22 02:23:00,2886.8425,2890.8545,2883.5025,2883.5185
2026-03-22 02:24:00,2883.3775,2884.7405,2876.9275,2879.8345
2026-03-22 02:25:00,2879.7625,2880.7665,2874.8605,2879.2935
2026-03-22 02:26:00,2879.2885,2883.4345,2876.1675,2877.9275
2026-03-22 02:27:00,2877.9255,2878.5115,2868.7845,2874.0105
2026-03-22 02:28:00,2874.4585,2876.3455,2867.1485,2868.3895
2026-03-22 02:29:00,2868.3915,2871.7465,2861.5565,2863.6885
2026-03-22 02:30:00,2863.8115,2863.8115,2856.8505,2856.8545
2026-03-22 02:31:00,2856.7265,2857.2425,2850.9005,2852.7325
2026-03-22 02:32:00,2853.2105,2853.2105,2847.0885,2849.1245
2026-03-22 02:33:00,2847.0985,2856.7915,2845.8185,2856.6675
2026-03-22 02:34:00,2856.6705,2861.5855,2854.2545,2858.6295
2026-03-22 02:35:00,2858.6925,2862.7455,2857.3225,2862.6085
2026-03-22 02:36:00,2862.5475,2865.5195,2860.2765,2863.0755
2026-03-22 02:37:00,2863.0715,2875.4885,2863.0715,2873.3455
2026-03-22 02:38:00,2872.8815,2875.1825,2868.9545,2870.8975
2026-03-22 02:39:00,2871.0325,2877.6245,2871.0325,2877.4765
2026-03-22 02:40:00,2877.4055,2882.0095,2876.2845,2879.7735
2026-03-22 02:41:00,2880.3205,2885.1485,2879.3365,2884.3745
2026-03-22 02:42:00,2884.5225,2887.9575,2880.7955,2887.9575
2026-03-22 02:43:00,2888.4585,2889.0495,2876.8105,2882.7555
2026-03-22 02:44:00,2882.0445,2886.2735,2878.2055,2881.1625
2026-03-22 02:45:00,2881.5375,2885.0465,2880.3135,2881.0395
2026-03-22 02:46:00,2880.9795,2890.7355,2880.0285,2890.6065
2026-03-22 02:47:00,2890.7255,2895.7375,2888.5705,2894.3905
2026-03-22 02:48:00,2893.9635,2896.2645,2888.7695,2896.2645
2026-03-22 02:49:00,2896.0845,2899.5205,2892.0885,2892.0885
2026-03-22 02:50:00,2892.2895,2896.8025,2888.0555,2896.4615
2026-03-22 02:51:00,2896.5905,2897.1475,2889.5725,2897.1475
2026-03-22 02:52:00,2897.1615,2897.9235,2887.1155,2887.1875
2026-03-22 02:53:00,2887.0255,2888.0105,2883.6185,2884.4775
2026-03-22 02:54:00,2884.5935,2884.5935,2875.7975,2876.6405
2026-03-22 02:55:00,2876.6435,2877.5825,2869.2905,2869.4185
2026-03-22 02:56:00,2869.5815,2875.2405,2867.5585,2869.1515
2026-03-22 02:57:00,2869.2535,2869.2535,2863.8515,2869.0855
2026-03-22 02:58:00,2868.4895,2870.8995,2859.5755,2863.6085
2026-03-22 02:59:00,2863.6065,2879.2575,2863.2675,2875.3485
2026-03-22 03:00:00,2875.5035,2877.1265,2867.6225,2868.3205
2026-03-22 03:01:00,2868.5645,2871.1815,2863.6935,2868.4775
2026-03-22 03:02:00,2868.4805,2868.7925,2856.6035,2862.0645
2026-03-22 03:03:00,2862.0625,2863.3825,2857.4845,2862.3845
2026-03-22 03:04:00,2862.4505,2868.6555,2862.2735,2865.4585
2026-03-22 03:05:00,2865.5155,2865.5975,2858.0975,2862.8555
2026-03-22 03:06:00,2862.8515,2863.0145,2852.7645,2856.5145
2026-03-22 03:07:00,2855.9615,2873.2885,2855.9615,2873.2885
2026-03-22 03:08:00,2873.2295,2878.2195,2867.0295,2876.8925
2026-03-22 03:09:00,2877.0155,2887.1055,2877.0115,2884.2315
2026-03-22 03:10:00,2884.1685,2886.1545,2880.9965,2884.5005
2026-03-22 03:11:00,2885.0225,2885.0725,2874.3515,2878.1695
2026-03-22 03:12:00,2877.2175,2877.2285,2863.9305,2865.8105
2026-03-22 03:13:00,2865.6055,2879.9805,2865.6055,2879.9775
2026-03-22 03:14:00,2881.6045,2892.1105,2881.6045,2889.6415
2026-03-22 03:15:00,2889.5715,2891.2615,2882.6195,2890.8965
2026-03-22 03:16:00,2891.2405,2892.4345,2886.6235,2889.7825
2026-03-22 03:17:00,2889.7845,2895.2465,2887.3755,2895.1955
2026-03-22 03:18:00,2895.3135,2902.0505,2892.3075,2896.2485
2026-03-22 03:19:00,2896.2455,2898.8525,2884.5355,2884.5995
2026-03-22 03:20:00,2884.5315,2890.3355,2883.3075,2886.6825
2026-03-22 03:21:00,2886.6835,2897.6655,2883.1785,2897.6655
2026-03-22 03:22:00,2897.6615,2901.6045,2893.9785,2895.5365
2026-03-22 03:23:00,2895.5405,2900.3065,2893.0245,2897.1515
2026-03-22 03:24:00,2897.6955,2898.9855,2890.4515,2892.9535
2026-03-22 03:25:00,2893.1035,2894.0545,2888.1695,2890.3185
2026-03-22 03:26:00,2890.2605,2893.4505,2884.6865,2885.7325
2026-03-22 03:27:00,2885.9465,2892.4565,2884.5115,2891.8545
2026-03-22 03:28:00,2891.6035,2892.0375,2883.9825,2885.7885
2026-03-22 03:29:00,2885.5645,2885.5765,2880.0525,2880.2105
2026-03-22 03:30:00,2880.2065,2884.9705,2878.1935,2880.5145
2026-03-22 03:31:00,2880.5185,2886.9395,2879.7745,2881.1135
2026-03-22 03:32:00,2881.0565,2883.7755,2874.4155,2880.5665
2026-03-22 03:33:00,2880.0205,2881.8595,2875.7255,2877.5395
2026-03-22 03:34:00,2877.5345,2878.6615,2874.3985,2876.9725
2026-03-22 03:35:00,2877.0975,2883.9505,2874.1335,2878.1375
2026-03-22 03:36:00,2878.1415,2879.4875,2873.9745,2877.9365
2026-03-22 03:37:00,2877.9385,2880.2545,2870.8475,2871.7055
2026-03-22 03:38:00,2871.7035,2883.0285,2871.4125,2878.7335
2026-03-22 03:39:00,2878.7375,2882.3195,2876.9575,2879.3875
2026-03-22 03:40:00,2879.3895,2881.7425,2867.5815,2867.5815
2026-03-22 03:41:00,2868.7685,2870.4175,2859.5795,2859.5795
2026-03-22 03:42:00,2861.4585,2861.4585,2855.1905,2859.7485
2026-03-22 03:43:00,2859.7435,2860.0005,2845.4705,2846.0595
2026-03-22 03:44:00,2846.0555,2849.7845,2844.6465,2849.6635
2026-03-22 03:45:00,2849.8485,2858.4175,2849.8475,2857.8035
2026-03-22 03:46:00,2857.8045,2865.6285,2853.5115,2863.2855
2026-03-22 03:47:00,2863.5295,2870.3855,2858.7145,2868.2005
2026-03-22 03:48:00,2868.2025,2868.5785,2857.2245,2857.2245
2026-03-22 03:49:00,2856.2575,2862.6755,2855.9435,2861.5045
2026-03-22 03:50:00,2861.5035,2872.8615,2861.2985,2872.8615
2026-03-22 03:51:00,2871.4955,2874.2585,2866.6435,2874.2585
2026-03-22 03:52:00,2874.2625,2877.8055,2867.6115,2869.9385
2026-03-22 03:53:00,2869.4625,2871.5085,2865.6335,2868.3125
2026-03-22 03:54:00,2868.8515,2877.0185,2868.1885,2871.9355
2026-03-22 03:55:00,2871.7865,2882.3485,2871.6645,2881.8055
2026-03-22 03:56:00,2881.9285,2882.0255,2872.6875,2881.5025
2026-03-22 03:57:00,2881.3555,2884.7885,2880.9415,2883.3275
2026-03-22 03:58:00,2883.7755,2890.4505,2881.6905,2887.7015
2026-03-22 03:59:00,2887.4315,2889.5225,2882.2795,2884.1935
2026-03-22 04:00:00,2884.2605,2888.5365,2883.7775,2888.4315
2026-03-22 04:01:00,2888.4355,2896.5665,2887.8875,2895.2465
2026-03-22 04:02:00,2896.0205,2904.4195,2895.2665,2904.2825
2026-03-22 04:03:00,2904.4365,2912.9795,2903.4515,2905.4845
2026-03-22 04:04:00,2905.4885,2909.6115,2901.6425,2909.6115
2026-03-22 04:05:00,2910.0345,2911.9055,2904.1285,2906.4065
2026-03-22 04:06:00,2905.9785,2906.1105,2898.1235,2902.5285
2026-03-22 04:07:00,2902.5245,2903.4745,2891.5585,2891.5585
2026-03-22 04:08:00,2891.5595,2892.0565,2885.0185,2885.5585
2026-03-22 04:09:00,2885.7085,2887.6015,2879.3475,2887.5975
2026-03-22 04:10:00,2887.5255,2892.6635,2887.3075,2892.6635
2026-03-22 04:11:00,2892.7115,2892.7115,2883.7435,2886.1545
2026-03-22 04:12:00,2886.1455,2894.2225,2885.5855,2889.7515
2026-03-22 04:13:00,2889.7495,2890.4585,2877.1035,2882.4845
2026-03-22 04:14:00,2882.4865,2885.2765,2879.9345,2879.9345
2026-03-22 04:15:00,2879.9845,2887.0795,2879.9225,2885.7765
2026-03-22 04:16:00,2885.8655,2886.5795,2880.4015,2882.2755
2026-03-22 04:17:00,2881.3955,2885.3275,2878.9965,2879.8235
2026-03-22 04:18:00,2879.8205,2881.3865,2875.0625,2880.4995
2026-03-22 04:19:00,2878.0915,2893.6585,2877.8025,2892.5955
2026-03-22 04:20:00,2892.6005,2897.1795,2889.2265,2889.3835
2026-03-22 04:21:00,2889.2025,2889.2025,2879.8785,2880.5065
2026-03-22 04:22:00,2880.5115,2885.8435,2879.8775,2884.5365
2026-03-22 04:23:00,2884.5395,2889.7545,2881.1195,2885.3525
2026-03-22 04:24:00,2885.0815,2888.0195,2880.7795,2887.8955
2026-03-22 04:25:00,2888.4935,2889.4955,2879.3275,2881.0865
2026-03-22 04:26:00,2881.2425,2885.3555,2878.9145,2885.1225
2026-03-22 04:27:00,2885.3055,2897.0285,2883.4625,2896.0325
2026-03-22 04:28:00,2896.0315,2899.9365,2892.1235,2893.7225
2026-03-22 04:29:00,2894.0415,2896.1445,2889.6715,2891.3035
2026-03-22 04:30:00,2891.4545,2901.3655,2891.0745,2895.8275
2026-03-22 04:31:00,2895.9435,2902.0065,2894.6425,2901.2795
2026-03-22 04:32:00,2901.0405,2906.5635,2901.0375,2906.2595
2026-03-22 04:33:00,2906.1405,2913.0605,2900.8695,2901.7995
2026-03-22 04:34:00,2901.8035,2911.0975,2899.8515,2910.8975
2026-03-22 04:35:00,2911.0615,2912.4955,2901.9045,2904.8715
2026-03-22 04:36:00,2905.4375,2909.4925,2904.0015,2907.0785
2026-03-22 04:37:00,2907.0825,2907.6755,2897.3275,2905.3635
2026-03-22 04:38:00,2905.3655,2909.7585,2903.0865,2909.3355
2026-03-22 04:39:00,2909.4225,2909.4225,2898.7975,2902.3935
2026-03-22 04:40:00,2902.5115,2907.4505,2899.6315,2907.4495
2026-03-22 04:41:00,2907.4525,2907.4575,2902.4935,2904.2345
2026-03-22 04:42:00,2904.3645,2905.1525,2898.9465,2899.2615
2026-03-22 04:43:00,2899.3835,2903.9055,2897.0075,2900.2695
2026-03-22 04:44:00,2900.2035,2903.6325,2896.4085,2900.9455
2026-03-22 04:45:00,2899.4585,2906.5905,2898.7155,2905.0735
2026-03-22 04:46:00,2905.2235,2909.0135,2901.1675,2905.2675
2026-03-22 04:47:00,2905.3925,2909.0725,2898.4605,2908.7415
2026-03-22 04:48:00,2908.6755,2909.7955,2897.3225,2899.7085
2026-03-22 04:49:00,2899.7065,2899.7065,2890.2795,2893.2975
2026-03-22 04:50:00,2893.0295,2893.0295,2885.7405,2892.3375
2026-03-22 04:51:00,2891.1345,2896.4495,2886.1665,2886.6185
2026-03-22 04:52:00,2886.6145,2890.4255,2881.8425,2884.9325
2026-03-22 04:53:00,2884.9305,2885.4485,2877.9095,2883.0245
2026-03-22 04:54:00,2883.6345,2896.6725,2883.5685,2893.6195
2026-03-22 04:55:00,2893.6155,2895.7805,2890.2495,2892.0985
2026-03-22 04:56:00,2887.6285,2902.3305,2884.6695,2901.2935
2026-03-22 04:57:00,2901.4155,2905.3565,2891.5485,2893.8045
2026-03-22 04:58:00,2893.6225,2900.1765,2892.3535,2899.7295
2026-03-22 04:59:00,2899.7925,2902.9525,2897.3865,2902.3615
2026-03-22 05:00:00,2902.3575,2908.7675,2900.0275,2907.2455
2026-03-22 05:01:00,2906.6965,2911.4855,2904.0575,2906.3115
2026-03-22 05:02:00,2906.3075,2907.7995,2900.8215,2905.7655
2026-03-22 05:03:00,2905.8585,2918.1625,2905.8585,2917.8685
2026-03-22 05:04:00,2917.8715,2919.5055,2911.5675,2912.7855
2026-03-22 05:05:00,2912.7885,2912.7885,2907.3985,2910.4555
2026-03-22 05:06:00,2910.4545,2913.0845,2907.2405,2910.6525
2026-03-22 05:07:00,2910.6515,2920.4955,2910.1685,2915.8245
2026-03-22 05:08:00,2915.8205,2924.4035,2912.6175,2923.8135
2026-03-22 05:09:00,2923.8085,2929.9985,2923.4795,2926.7645
2026-03-22 05:10:00,2926.7655,2926.8645,2923.4795,2926.3055
2026-03-22 05:11:00,2926.2345,2933.6045,2923.3535,2931.9425
2026-03-22 05:12:00,2931.8225,2938.1455,2926.9025,2937.9955
2026-03-22 05:13:00,2938.1505,2945.2195,2936.6015,2941.3175
2026-03-22 05:14:00,2941.6225,2944.8905,2941.2975,2942.5265
2026-03-22 05:15:00,2942.5295,2953.9935,2937.8665,2953.9935
2026-03-22 05:16:00,2953.9905,2961.7665,2952.9175,2961.7665
2026-03-22 05:17:00,2961.6335,2961.6335,2945.5185,2948.8315
2026-03-22 05:18:00,2948.8325,2949.3945,2942.4175,2947.2905
2026-03-22 05:19:00,2947.2265,2948.6925,2937.1005,2937.3715
2026-03-22 05:20:00,2937.3685,2938.7465,2933.9125,2936.3485
2026-03-22 05:21:00,2935.6865,2941.1805,2933.5545,2933.5995
2026-03-22 05:22:00,2933.6605,2939.7805,2930.0415,2938.8865
2026-03-22 05:23:00,2938.8895,2941.9285,2935.0245,2940.8675
2026-03-22 05:24:00,2940.9445,2947.5705,2937.6325,2947.5705
2026-03-22 05:25:00,2947.5675,2952.7375,2943.7695,2946.8485
2026-03-22 05:26:00,2946.8475,2953.7795,2944.8795,2953.7755
2026-03-22 05:27:00,2953.8355,2954.5525,2943.6505,2943.7305
2026-03-22 05:28:00,2943.7115,2944.7245,2934.2765,2937.3335
2026-03-22 05:29:00,2937.2165,2944.7245,2937.0685,2941.5345
2026-03-22 05:30:00,2941.5805,2947.9725,2940.5735,2947.9685
2026-03-22 05:31:00,2948.8585,2952.8005,2946.0305,2950.5985
2026-03-22 05:32:00,2950.7415,2958.9535,2950.4545,2956.7465
2026-03-22 05:33:00,2956.6665,2961.1455,2953.9965,2955.0145
2026-03-22 05:34:00,2955.0915,2959.1025,2951.7785,2959.0435
2026-03-22 05:35:00,2961.5815,2971.2925,2961.5105,2968.4485
2026-03-22 05:36:00,2968.6645,2973.4895,2965.9385,2967.5365
2026-03-22 05:37:00,2967.1495,2970.4005,2958.2895,2960.1345
2026-03-22 05:38:00,2960.0715,2962.5325,2950.1735,2950.2495
2026-03-22 05:39:00,2950.2475,2950.2475,2945.4225,2949.8485
2026-03-22 05:40:00,2949.7905,2949.7905,2940.3965,2945.4025
2026-03-22 05:41:00,2945.4015,2955.3615,2945.4015,2954.9905
2026-03-22 05:42:00,2954.8665,2954.9965,2951.4735,2953.7125
2026-03-22 05:43:00,2950.7135,2950.8795,2937.0345,2937.6465
2026-03-22 05:44:00,2937.5845,2942.2985,2931.2995,2939.2735
2026-03-22 05:45:00,2939.2705,2947.1105,2934.3195,2946.0035
2026-03-22 05:46:00,2946.9665,2952.3905,2944.2455,2944.5185
2026-03-22 05:47:00,2944.5225,2944.8265,2932.3975,2935.2135
2026-03-22 05:48:00,2935.2665,2936.0485,2930.4035,2930.6655
2026-03-22 05:49:00,2930.6625,2935.5835,2929.4055,2933.0055
2026-03-22 05:50:00,2933.2305,2940.7645,2929.1175,2939.9275
2026-03-22 05:51:00,2939.9225,2948.0825,2939.8605,2945.2635
2026-03-22 05:52:00,2945.7195,2947.9445,2942.4415,2942.4415
2026-03-22 05:53:00,2942.4395,2952.4765,2941.4305,2951.3285
2026-03-22 05:54:00,2951.3255,2955.1895,2948.9335,2949.0975
2026-03-22 05:55:00,2948.1475,2955.4855,2946.9645,2955.3395
2026-03-22 05:56:00,2955.3375,2961.7125,2954.0195,2960.0385
2026-03-22 05:57:00,2960.0405,2961.7535,2954.8555,2958.3115
2026-03-22 05:58:00,2958.3155,2959.0445,2953.4665,2957.9965
2026-03-22 05:59:00,2957.9915,2961.2025,2952.1165,2955.4085
2026-03-22 06:00:00,2955.4095,2957.5625,2950.8075,2955.7165
2026-03-22 06:01:00,2956.4335,2956.4335,2948.7125,2949.0055
2026-03-22 06:02:00,2948.5515,2954.3855,2946.2045,2950.5755
2026-03-22 06:03:00,2950.8215,2957.3045,2948.9985,2957.3045
2026-03-22 06:04:00,2957.3005,2959.6625,2951.5165,2958.8945
2026-03-22 06:05:00,2957.8595,2960.4935,2951.0955,2956.1935
2026-03-22 06:06:00,2955.9585,2961.0845,2949.2985,2951.6135
2026-03-22 06:07:00,2951.5545,2954.0885,2950.2835,2951.4965
2026-03-22 06:08:00,2952.1705,2956.9875,2943.5595,2946.4375
2026-03-22 06:09:00,2946.5975,2950.8835,2944.9205,2946.0265
2026-03-22 06:10:00,2945.9125,2948.2835,2932.7985,2938.9445
2026-03-22 06:11:00,2938.8875,2948.0805,2938.7015,2944.8515
2026-03-22 06:12:00,2944.7125,2955.2155,2941.9915,2949.4555
2026-03-22 06:13:00,2949.3845,2949.3845,2941.7255,2947.3135
2026-03-22 06:14:00,2947.3165,2953.7595,2945.6365,2953.0605
2026-03-22 06:15:00,2953.1235,2959.3345,2951.6845,2956.9745
2026-03-22 06:16:00,2957.3265,2967.8005,2957.0045,2964.6925
2026-03-22 06:17:00,2964.6955,2968.7005,2960.5815,2962.7035
2026-03-22 06:18:00,2962.2645,2967.4015,2961.3215,2965.2135
2026-03-22 06:19:00,2965.6635,2973.1605,2959.6395,2961.7925
2026-03-22 06:20:00,2961.7955,2964.2655,2951.1185,2954.3635
2026-03-22 06:21:00,2954.3645,2963.9065,2953.8525,2963.6235
2026-03-22 06:22:00,2963.2205,2971.2805,2961.0475,2965.6025
2026-03-22 06:23:00,2965.6015,2975.2785,2963.4745,2975.2745
2026-03-22 06:24:00,2975.2785,2982.7045,2974.0285,2979.7625
2026-03-22 06:25:00,2979.7655,2980.5135,2965.5865,2968.8885
2026-03-22 06:26:00,2968.8895,2986.3475,2968.8265,2986.3475
2026-03-22 06:27:00,2986.3435,2995.0495,2984.0695,2989.7655
2026-03-22 06:28:00,2989.7645,3002.4295,2988.7795,3000.7485
2026-03-22 06:29:00,3000.8095,3011.4315,2998.4525,3011.4315
2026-03-22 06:30:00,3011.4365,3013.2485,3005.8985,3013.2485
2026-03-22 06:31:00,3013.2475,3024.7365,3009.5095,3024.7365
2026-03-22 06:32:00,3024.7385,3030.2925,3022.2185,3025.2755
2026-03-22 06:33:00,3024.9625,3029.5775,3021.5795,3024.6285
2026-03-22 06:34:00,3024.1515,3037.4675,3024.1515,3034.1935
2026-03-22 06:35:00,3034.6655,3036.5505,3023.2555,3023.7315
2026-03-22 06:36:00,3023.7945,3031.6375,3021.7225,3025.9915
2026-03-22 06:37:00,3025.8675,3031.4225,3023.8235,3025.3665
2026-03-22 06:38:00,3025.3695,3029.4825,3023.3285,3029.4825
2026-03-22 06:39:00,3029.4875,3039.2075,3028.0595,3036.3295
2026-03-22 06:40:00,3036.4915,3047.4095,3036.4915,3043.8605
2026-03-22 06:41:00,3043.8585,3051.3865,3043.4815,3049.8105
2026-03-22 06:42:00,3049.8145,3049.9415,3044.0345,3045.0505
2026-03-22 06:43:00,3045.0475,3052.0585,3044.5705,3050.0255
2026-03-22 06:44:00,3050.0205,3051.5875,3047.5855,3049.3735
2026-03-22 06:45:00,3049.3755,3062.5965,3046.1855,3062.5965
2026-03-22 06:46:00,3062.6025,3071.2165,3061.2605,3070.6195
2026-03-22 06:47:00,3070.6175,3073.4635,3068.2955,3070.7705
2026-03-22 06:48:00,3070.3665,3072.4265,3063.2605,3070.5765
2026-03-22 06:49:00,3070.4255,3072.7245,3062.3645,3062.3645
2026-03-22 06:50:00,3062.1965,3065.1055,3057.7575,3057.7585
2026-03-22 06:51:00,3057.1855,3063.8455,3055.7025,3060.1395
2026-03-22 06:52:00,3060.3765,3067.7595,3057.2695,3063.0285
2026-03-22 06:53:00,3063.4735,3078.3965,3062.6085,3076.2675
2026-03-22 06:54:00,3075.5245,3081.8195,3073.9565,3075.4695
2026-03-22 06:55:00,3075.4725,3075.5365,3063.5645,3063.9645
2026-03-22 06:56:00,3063.9635,3068.4285,3060.1805,3063.2855
2026-03-22 06:57:00,3063.2905,3063.7695,3054.3535,3059.3355
2026-03-22 06:58:00,3059.1075,3060.6105,3048.2005,3050.3475
2026-03-22 06:59:00,3050.4135,3057.3415,3046.7505,3050.8345
2026-03-22 07:00:00,3051.8845,3056.1145,3047.0665,3047.0665
2026-03-22 07:01:00,3046.3725,3061.5915,3044.2275,3059.4765
2026-03-22 07:02:00,3059.4835,3061.6235,3048.4045,3050.0235
2026-03-22 07:03:00,3052.4845,3056.2035,3051.4415,3053.4395
2026-03-22 07:04:00,3053.5685,3055.2785,3044.4515,3047.3975
2026-03-22 07:05:00,3047.8405,3047.9935,3042.6825,3043.8695
2026-03-22 07:06:00,3043.8645,3044.0475,3032.4855,3032.4855
2026-03-22 07:07:00,3033.0345,3048.9325,3031.3215,3048.9285
2026-03-22 07:08:00,3049.0575,3059.2025,3049.0575,3053.2135
2026-03-22 07:09:00,3053.4135,3059.6155,3051.1555,3058.9745
2026-03-22 07:10:00,3058.9795,3058.9795,3045.7515,3055.7935
2026-03-22 07:11:00,3055.7985,3055.7985,3044.1035,3045.3725
2026-03-22 07:12:00,3045.3705,3045.4495,3030.9925,3035.2675
2026-03-22 07:13:00,3035.2065,3047.6175,3035.1055,3047.3525
2026-03-22 07:14:00,3047.5035,3047.5595,3041.3625,3042.2415
2026-03-22 07:15:00,3042.2365,3048.1385,3040.7535,3044.4805
2026-03-22 07:16:00,3044.4755,3047.9535,3040.9345,3047.5705
2026-03-22 07:17:00,3047.3035,3063.3405,3046.0365,3061.9735
2026-03-22 07:18:00,3061.9165,3065.0825,3058.8345,3065.0825
2026-03-22 07:19:00,3065.1605,3071.8875,3064.1455,3069.0085
2026-03-22 07:20:00,3069.1635,3071.5385,3056.4005,3056.4005
2026-03-22 07:21:00,3056.3975,3068.7715,3055.1835,3066.6495
2026-03-22 07:22:00,3066.7115,3068.3755,3057.7595,3062.2335
2026-03-22 07:23:00,3062.2365,3063.5875,3057.3065,3059.0475
2026-03-22 07:24:00,3059.2435,3064.9225,3056.9365,3061.8905
2026-03-22 07:25:00,3061.9805,3064.8485,3058.2185,3064.7925
2026-03-22 07:26:00,3064.8055,3064.8055,3053.8415,3055.2045
2026-03-22 07:27:00,3055.2085,3055.2085,3048.7385,3050.6355
2026-03-22 07:28:00,3050.4705,3057.7565,3044.0215,3057.0475
2026-03-22 07:29:00,3057.0495,3063.2315,3057.0455,3060.7795
2026-03-22 07:30:00,3060.3525,3062.0995,3056.2335,3061.1055
2026-03-22 07:31:00,3061.1045,3064.9475,3058.3075,3064.6245
2026-03-22 07:32:00,3064.6225,3070.6135,3061.5535,3069.3545
2026-03-22 07:33:00,3069.7615,3071.0065,3063.3645,3069.5805
2026-03-22 07:34:00,3070.0555,3086.0245,3070.0555,3085.7765
2026-03-22 07:35:00,3086.1115,3096.8365,3085.5085,3094.4635
2026-03-22 07:36:00,3094.5205,3094.5205,3081.4355,3081.7425
2026-03-22 07:37:00,3081.8155,3090.2625,3081.8125,3086.1875
2026-03-22 07:38:00,3086.0265,3097.1455,3083.1285,3096.6205
2026-03-22 07:39:00,3097.0985,3098.2785,3088.4325,3092.5215
2026-03-22 07:40:00,3092.5205,3101.6905,3088.8915,3101.6905
2026-03-22 07:41:00,3102.0795,3102.8145,3091.1865,3095.4015
2026-03-22 07:42:00,3095.3985,3101.8525,3093.4565,3100.5655
2026-03-22 07:43:00,3100.2435,3111.4985,3098.2035,3109.1385
2026-03-22 07:44:00,3109.1355,3109.9865,3101.4375,3105.1585
2026-03-22 07:45:00,3105.0875,3114.3165,3104.6705,3113.3005
2026-03-22 07:46:00,3113.7575,3113.8375,3106.3245,3109.2155
2026-03-22 07:47:00,3109.2185,3109.3255,3100.2225,3103.9735
2026-03-22 07:48:00,3104.2825,3109.9285,3099.7975,3101.5145
2026-03-22 07:49:00,3101.5195,3105.4305,3095.4945,3095.7915
2026-03-22 07:50:00,3095.7205,3104.0565,3095.5225,3104.0565
2026-03-22 07:51:00,3103.8865,3114.3805,3101.4835,3106.6675
2026-03-22 07:52:00,3106.5905,3112.3965,3105.0725,3105.1965
2026-03-22 07:53:00,3105.5635,3122.1575,3104.2285,3122.1575
2026-03-22 07:54:00,3122.2825,3124.3145,3118.5595,3120.6505
2026-03-22 07:55:00,3120.6495,3121.8475,3117.3305,3121.6265
2026-03-22 07:56:00,3121.6255,3122.9555,3115.8245,3116.1845
2026-03-22 07:57:00,3115.8645,3122.8435,3113.8295,3122.1525
2026-03-22 07:58:00,3122.1575,3130.9135,3122.1505,3126.8365
2026-03-22 07:59:00,3126.5795,3127.6275,3116.4315,3117.7035
2026-03-22 08:00:00,3118.7495,3121.6295,3110.6735,3110.6735
2026-03-22 08:01:00,3110.6725,3117.0775,3105.0985,3116.2025
2026-03-22 08:02:00,3116.0765,3125.3905,3115.6905,3122.4875
2026-03-22 08:03:00,3121.9705,3124.2925,3118.3845,3118.4115
2026-03-22 08:04:00,3118.2505,3124.5375,3117.7745,3123.4425
2026-03-22 08:05:00,3124.9875,3125.2325,3113.8445,3121.9375
2026-03-22 08:06:00,3121.9385,3123.3765,3111.3075,3113.1385
2026-03-22 08:07:00,3112.1475,3118.6545,3105.2575,3114.2575
2026-03-22 08:08:00,3114.1955,3121.1325,3112.8965,3121.1295
2026-03-22 08:09:00,3121.2155,3123.4945,3114.8325,3119.1955
2026-03-22 08:10:00,3119.1985,3128.2845,3119.1985,3122.3035
2026-03-22 08:11:00,3122.7075,3123.7435,3114.8505,3115.8965
2026-03-22 08:12:00,3115.3755,3120.7325,3113.1775,3119.7715
2026-03-22 08:13:00,3120.2935,3121.7265,3110.2375,3115.4515
2026-03-22 08:14:00,3115.4525,3131.0315,3114.0135,3129.6495
2026-03-22 08:15:00,3129.6515,3132.0545,3126.2585,3130.1915
2026-03-22 08:16:00,3130.1855,3138.3695,3128.0545,3130.5555
2026-03-22 08:17:00,3128.6675,3140.2845,3128.0575,3137.1915
2026-03-22 08:18:00,3137.1895,3142.7035,3134.4675,3141.7755
2026-03-22 08:19:00,3141.9075,3145.0995,3137.9995,3143.8845
2026-03-22 08:20:00,3143.8805,3144.8805,3131.7195,3135.3135
2026-03-22 08:21:00,3135.5755,3135.6535,3126.8035,3130.6635
2026-03-22 08:22:00,3130.9345,3134.8995,3124.3045,3124.7765
2026-03-22 08:23:00,3124.5285,3129.0205,3120.4795,3120.6645
2026-03-22 08:24:00,3122.1025,3124.5035,3110.2685,3113.2775
2026-03-22 08:25:00,3113.3475,3114.8525,3106.3745,3106.4375
2026-03-22 08:26:00,3106.4415,3106.4415,3097.8935,3097.8935
2026-03-22 08:27:00,3097.8285,3098.7555,3089.5705,3096.8835
2026-03-22 08:28:00,3096.8855,3100.4945,3095.0365,3097.6025
2026-03-22 08:29:00,3097.5985,3099.5325,3092.8825,3094.0565
2026-03-22 08:30:00,3094.0515,3096.3115,3086.6595,3086.6635
2026-03-22 08:31:00,3086.6585,3089.8675,3078.2345,3082.1925
2026-03-22 08:32:00,3082.1935,3090.9505,3081.2445,3089.1605
2026-03-22 08:33:00,3089.1635,3092.6175,3085.6345,3086.8385
2026-03-22 08:34:00,3087.3895,3087.8365,3072.9705,3072.9845
2026-03-22 08:35:00,3073.1615,3074.8955,3066.0975,3070.3455
2026-03-22 08:36:00,3069.9575,3075.8125,3068.7705,3075.4385
2026-03-22 08:37:00,3075.4375,3076.4265,3066.0075,3070.5365
2026-03-22 08:38:00,3070.6135,3070.7135,3064.5935,3066.2415
2026-03-22 08:39:00,3066.2385,3072.3105,3063.6555,3068.5805
2026-03-22 08:40:00,3066.6085,3067.7945,3059.0565,3060.3055
2026-03-22 08:41:00,3060.3065,3061.3515,3051.8465,3052.4305
2026-03-22 08:42:00,3052.1335,3056.2405,3050.2535,3055.5135
2026-03-22 08:43:00,3055.2695,3056.4465,3042.1225,3042.3215
2026-03-22 08:44:00,3042.3805,3049.5035,3036.7345,3044.4045
2026-03-22 08:45:00,3043.7715,3054.1885,3043.3875,3053.7425
2026-03-22 08:46:00,3053.7365,3054.1585,3042.8575,3047.7555
2026-03-22 08:47:00,3047.7515,3049.8725,3045.7725,3049.3235
2026-03-22 08:48:00,3049.3285,3056.7875,3049.3285,3056.0605
2026-03-22 08:49:00,3056.4505,3067.6455,3053.6005,3066.1975
2026-03-22 08:50:00,3066.4315,3086.4455,3065.8255,3086.4455
2026-03-22 08:51:00,3087.8765,3087.8765,3075.7885,3077.7525
2026-03-22 08:52:00,3077.8095,3084.8995,3077.8095,3079.8175
2026-03-22 08:53:00,3079.8205,3085.1435,3079.2965,3080.9045
2026-03-22 08:54:00,3080.9035,3087.0495,3080.9005,3083.6545
2026-03-22 08:55:00,3083.6495,3083.6495,3073.3905,3076.4935
2026-03-22 08:56:00,3078.6385,3095.4035,3078.5355,3094.6705
2026-03-22 08:57:00,3094.6745,3097.4495,3088.1145,3092.8425
2026-03-22 08:58:00,3092.8475,3105.5665,3092.5095,3102.2705
2026-03-22 08:59:00,3102.2685,3111.4215,3100.8835,3103.3445
2026-03-22 09:00:00,3103.3455,3110.7185,3101.5015,3110.7185
2026-03-22 09:01:00,3110.7165,3114.3875,3100.6025,3101.6935
2026-03-22 09:02:00,3101.5615,3103.2045,3097.9185,3097.9185
2026-03-22 09:03:00,3097.9135,3100.4145,3092.8035,3100.4105
2026-03-22 09:04:00,3100.3495,3105.1845,3097.0235,3104.9465
2026-03-22 09:05:00,3104.9485,3105.4755,3095.5555,3097.0385
2026-03-22 09:06:00,3097.0415,3101.2205,3092.5915,3096.4695
2026-03-22 09:07:00,3096.3965,3096.3965,3080.2355,3085.4595
2026-03-22 09:08:00,3085.4615,3094.3125,3084.6395,3088.1655
2026-03-22 09:09:00,3085.6765,3088.1515,3078.8475,3083.2845
2026-03-22 09:10:00,3083.3465,3084.4935,3076.9675,3080.9185
2026-03-22 09:11:00,3080.9165,3085.0585,3072.7615,3073.3065
2026-03-22 09:12:00,3073.3035,3079.2225,3073.3035,3075.3385
2026-03-22 09:13:00,3075.0765,3085.7985,3073.9785,3085.5515
2026-03-22 09:14:00,3085.4215,3085.7105,3072.8705,3074.0915
2026-03-22 09:15:00,3073.8745,3087.5765,3073.0995,3087.2975
2026-03-22 09:16:00,3087.3005,3088.1045,3082.2725,3082.6555
2026-03-22 09:17:00,3082.8945,3085.1365,3075.4275,3085.1365
2026-03-22 09:18:00,3085.2165,3088.6505,3082.4675,3088.6505
2026-03-22 09:19:00,3088.7325,3092.7005,3083.8885,3086.4855
2026-03-22 09:20:00,3086.4885,3086.9815,3074.0075,3074.6445
2026-03-22 09:21:00,3074.6475,3079.8965,3069.1865,3074.4515
2026-03-22 09:22:00,3074.5375,3076.6745,3071.0235,3072.7855
2026-03-22 09:23:00,3072.9175,3073.1165,3057.4515,3057.4515
2026-03-22 09:24:00,3057.5135,3061.9515,3056.4655,3061.5135
2026-03-22 09:25:00,3061.4275,3067.0615,3058.4045,3065.7895
2026-03-22 09:26:00,3065.7115,3072.1135,3064.6585,3069.5835
2026-03-22 09:27:00,3069.1875,3073.3405,3064.8405,3069.8095
2026-03-22 09:28:00,3069.8125,3073.5455,3068.5405,3068.6035
2026-03-22 09:29:00,3068.6005,3071.9925,3061.2495,3065.7415
2026-03-22 09:30:00,3065.7395,3069.0785,3057.1425,3061.6265
2026-03-22 09:31:00,3063.4835,3066.0295,3057.2855,3057.7725
2026-03-22 09:32:00,3057.7685,3064.0135,3055.9865,3058.9315
2026-03-22 09:33:00,3058.9275,3059.9815,3039.4505,3039.4505
2026-03-22 09:34:00,3042.5465,3048.7555,3042.1695,3047.3075
2026-03-22 09:35:00,3047.3045,3056.9565,3044.7235,3052.2735
2026-03-22 09:36:00,3052.1385,3057.8065,3043.8625,3057.7235
2026-03-22 09:37:00,3057.8485,3064.5635,3057.1345,3058.0875
2026-03-22 09:38:00,3058.0885,3058.4095,3051.4725,3053.4625
2026-03-22 09:39:00,3053.5665,3057.7955,3051.1925,3052.8155
2026-03-22 09:40:00,3052.8115,3054.5255,3044.5205,3047.4155
2026-03-22 09:41:00,3047.4195,3049.2605,3040.0285,3044.8575
2026-03-22 09:42:00,3044.3325,3050.2955,3043.8695,3046.8465
2026-03-22 09:43:00,3046.8425,3049.2915,3041.5125,3043.3645
2026-03-22 09:44:00,3043.3695,3043.3855,3031.4685,3032.8805
2026-03-22 09:45:00,3032.7455,3039.4595,3030.7115,3037.9195
2026-03-22 09:46:00,3037.9995,3042.4955,3030.4205,3031.7605
2026-03-22 09:47:00,3031.7585,3032.0165,3020.1335,3022.2165
2026-03-22 09:48:00,3022.2195,3023.7995,3016.5525,3020.0485
2026-03-22 09:49:00,3020.0525,3032.6385,3020.0525,3032.2945
2026-03-22 09:50:00,3032.0405,3034.8595,3023.1515,3023.5025
2026-03-22 09:51:00,3023.5045,3027.7155,3019.7705,3021.0805
2026-03-22 09:52:00,3021.0815,3025.2375,3017.4925,3017.7215
2026-03-22 09:53:00,3017.7175,3023.9725,3016.9755,3017.9665
2026-03-22 09:54:00,3017.3325,3019.6165,3012.3385,3012.6545
2026-03-22 09:55:00,3011.2785,3011.5575,3004.3045,3005.2245
2026-03-22 09:56:00,3005.2255,3011.9895,3004.0855,3008.8465
2026-03-22 09:57:00,3008.8475,3011.0405,3004.9425,3007.1405
2026-03-22 09:58:00,3007.0905,3007.1065,2998.3355,2998.3355
2026-03-22 09:59:00,2998.4615,2999.8915,2992.0045,2992.0045
2026-03-22 10:00:00,2991.4435,3001.5355,2988.4915,3000.6815
2026-03-22 10:01:00,3000.6855,3007.4775,2999.0925,3003.5855
2026-03-22 10:02:00,3003.7005,3005.4875,2999.3675,3000.4015
2026-03-22 10:03:00,3000.4025,3001.2835,2996.0665,2996.0665
2026-03-22 10:04:00,2997.2625,2997.2625,2986.0325,2988.3485
2026-03-22 10:05:00,2988.4295,2990.2945,2982.2795,2983.0595
2026-03-22 10:06:00,2983.0545,3000.2745,2981.1765,2997.6775
2026-03-22 10:07:00,2997.5305,2997.9495,2989.0415,2992.0145
2026-03-22 10:08:00,2992.0185,2994.8855,2990.5025,2993.2685
2026-03-22 10:09:00,2993.9565,3010.6225,2993.9265,3006.3705
2026-03-22 10:10:00,3006.1365,3011.1385,3005.6805,3007.1285
2026-03-22 10:11:00,3006.1375,3011.0725,3004.6985,3007.7595
2026-03-22 10:12:00,3008.3895,3010.5045,2998.5945,2999.2385
2026-03-22 10:13:00,2999.2405,3008.5885,2995.0565,3006.5825
2026-03-22 10:14:00,3008.9225,3020.3845,3007.7645,3016.1205
2026-03-22 10:15:00,3015.7365,3018.8105,3012.4635,3018.2155
2026-03-22 10:16:00,3018.2145,3019.1935,3007.7315,3007.7315
2026-03-22 10:17:00,3007.7285,3008.1325,3001.4295,3002.2435
2026-03-22 10:18:00,3002.2425,3004.4565,2997.3675,3000.2665
2026-03-22 10:19:00,3000.1945,3007.1155,2996.5735,3006.9745
2026-03-22 10:20:00,3006.9735,3022.3275,3006.9735,3019.8415
2026-03-22 10:21:00,3017.6955,3017.6955,3012.4875,3012.8625
2026-03-22 10:22:00,3012.7335,3025.2105,3012.5065,3023.3065
2026-03-22 10:23:00,3023.3095,3026.5225,3018.3505,3023.9385
2026-03-22 10:24:00,3024.0045,3024.1885,3012.6215,3013.8095
2026-03-22 10:25:00,3014.3745,3017.9365,3013.2165,3015.2735
2026-03-22 10:26:00,3015.3375,3017.6005,3011.8215,3012.9935
2026-03-22 10:27:00,3012.9265,3024.4845,3010.3355,3024.4235
2026-03-22 10:28:00,3024.4195,3025.3625,3019.9975,3022.6165
2026-03-22 10:29:00,3022.6115,3024.5865,3018.2145,3018.5145
2026-03-22 10:30:00,3018.9255,3019.9375,3012.6325,3016.2355
2026-03-22 10:31:00,3016.2315,3018.8295,3011.4675,3014.0755
2026-03-22 10:32:00,3013.2505,3013.3615,3007.5185,3008.5225
2026-03-22 10:33:00,3008.5265,3020.1925,3007.6445,3020.1925
2026-03-22 10:34:00,3020.1875,3025.0615,3019.4075,3023.7355
2026-03-22 10:35:00,3023.7995,3025.3395,3013.1345,3013.1365
2026-03-22 10:36:00,3013.4525,3015.5485,3006.7795,3008.0235
2026-03-22 10:37:00,3008.0275,3009.2155,2998.1445,3002.1995
2026-03-22 10:38:00,3002.4235,3004.0185,2996.8245,2998.5915
2026-03-22 10:39:00,2998.6625,2998.9195,2989.7635,2998.5445
2026-03-22 10:40:00,2998.5485,3000.9175,2991.9195,2992.6075
2026-03-22 10:41:00,2991.4385,2992.7385,2986.9095,2991.7685
2026-03-22 10:42:00,2991.5325,2995.6095,2985.8995,2986.5855
2026-03-22 10:43:00,2986.4695,2988.1955,2978.5935,2985.2415
2026-03-22 10:44:00,2984.9115,2985.0715,2975.8125,2981.5025
2026-03-22 10:45:00,2981.5035,2981.5115,2972.4385,2974.7525
2026-03-22 10:46:00,2974.7495,2974.8075,2962.6785,2965.4635
2026-03-22 10:47:00,2965.1485,2974.0005,2964.3665,2971.8085
2026-03-22 10:48:00,2972.3725,2974.7855,2967.8075,2971.9405
2026-03-22 10:49:00,2971.8835,2973.2675,2966.5825,2969.4065
2026-03-22 10:50:00,2967.4885,2969.0515,2964.8175,2967.8405
2026-03-22 10:51:00,2968.0205,2973.8225,2965.2465,2970.7595
2026-03-22 10:52:00,2971.1775,2978.2125,2970.7805,2972.5125
2026-03-22 10:53:00,2972.5075,2980.1605,2970.2975,2976.6465
2026-03-22 10:54:00,2977.1175,2979.1055,2971.5315,2971.7265
2026-03-22 10:55:00,2971.6625,2976.4375,2971.6625,2976.2925
2026-03-22 10:56:00,2976.6385,2988.1405,2976.3465,2988.0775
2026-03-22 10:57:00,2988.2645,2990.4325,2982.5605,2982.6235
2026-03-22 10:58:00,2982.4295,2988.3995,2981.2385,2985.2655
2026-03-22 10:59:00,2985.2635,2999.9135,2985.2635,2997.3035
2026-03-22 11:00:00,2998.0625,2998.6465,2992.0825,2993.4545
2026-03-22 11:01:00,2993.4565,2996.3675,2988.1105,2988.1705
2026-03-22 11:02:00,2988.1715,2988.1755,2981.8235,2981.8795
2026-03-22 11:03:00,2981.8825,2985.1875,2973.4805,2973.7705
2026-03-22 11:04:00,2974.0555,2980.4815,2971.9525,2978.2095
2026-03-22 11:05:00,2978.3375,2980.7755,2973.5055,2977.7385
2026-03-22 11:06:00,2978.1155,2981.1105,2972.2575,2974.0925
2026-03-22 11:07:00,2973.9625,2974.4765,2967.4785,2968.7385
2026-03-22 11:08:00,2968.7575,2974.0555,2967.5295,2967.6835
2026-03-22 11:09:00,2967.6785,2974.6165,2965.0795,2965.1475
2026-03-22 11:10:00,2965.5175,2976.7905,2962.1765,2976.7875
2026-03-22 11:11:00,2976.6585,2978.9685,2974.8835,2976.4385
2026-03-22 11:12:00,2977.5815,2983.1825,2974.8305,2979.3445
2026-03-22 11:13:00,2979.3415,2981.8235,2967.8595,2971.2845
2026-03-22 11:14:00,2971.4945,2975.4785,2968.1095,2971.2895
2026-03-22 11:15:00,2971.3495,2974.2085,2969.3195,2973.5435
2026-03-22 11:16:00,2973.5385,2973.5385,2967.9875,2969.5675
2026-03-22 11:17:00,2969.2755,2974.2285,2966.3375,2974.2285
2026-03-22 11:18:00,2973.9835,2975.5505,2965.6345,2970.0415
2026-03-22 11:19:00,2970.1045,2973.8615,2966.8355,2968.6535
2026-03-22 11:20:00,2968.5085,2975.2995,2968.3165,2971.6635
2026-03-22 11:21:00,2971.6625,2979.0155,2970.9765,2978.2055
2026-03-22 11:22:00,2978.6415,2985.3995,2977.1855,2980.2685
2026-03-22 11:23:00,2980.2625,2980.2625,2964.2275,2966.3405
2026-03-22 11:24:00,2966.4675,2971.8735,2966.0775,2967.9205
2026-03-22 11:25:00,2967.4295,2967.9885,2960.4575,2966.8435
2026-03-22 11:26:00,2967.0095,2967.4505,2958.8685,2959.5865
2026-03-22 11:27:00,2959.5885,2960.3565,2951.2245,2954.3875
2026-03-22 11:28:00,2954.3925,2957.6815,2954.2435,2955.0785
2026-03-22 11:29:00,2956.3255,2963.0505,2954.9575,2960.4705
2026-03-22 11:30:00,2960.4025,2968.8645,2960.4025,2962.3425
2026-03-22 11:31:00,2961.6595,2967.4655,2960.8675,2960.8675
2026-03-22 11:32:00,2960.8685,2962.8025,2956.0075,2962.0745
2026-03-22 11:33:00,2963.1175,2968.3805,2959.3495,2966.5435
2026-03-22 11:34:00,2967.1655,2978.5105,2967.1655,2976.9655
2026-03-22 11:35:00,2977.3345,2980.9925,2970.7415,2977.6525
2026-03-22 11:36:00,2977.5765,2983.5755,2972.6635,2981.0245
2026-03-22 11:37:00,2980.6335,2986.2635,2977.4525,2977.4535
2026-03-22 11:38:00,2977.4505,2981.3235,2973.1675,2981.2135
2026-03-22 11:39:00,2981.6015,2988.0315,2981.2665,2984.7155
2026-03-22 11:40:00,2984.5895,2993.9345,2983.9455,2987.8325
2026-03-22 11:41:00,2987.8275,2988.7715,2980.2385,2980.7775
2026-03-22 11:42:00,2980.7785,2989.1365,2980.7735,2981.5715
2026-03-22 11:43:00,2981.6315,2990.8825,2981.6255,2985.5765
2026-03-22 11:44:00,2985.8715,2988.1325,2978.7935,2979.4265
2026-03-22 11:45:00,2979.2605,2983.0975,2976.7285,2981.1595
2026-03-22 11:46:00,2981.1005,2981.1345,2973.3245,2976.8085
2026-03-22 11:47:00,2976.8105,2988.8115,2973.6085,2985.6075
2026-03-22 11:48:00,2985.5245,2989.9095,2984.3275,2985.0025
2026-03-22 11:49:00,2985.5035,2987.0685,2980.1225,2981.9845
2026-03-22 11:50:00,2982.1545,2983.3665,2975.8375,2978.6535
2026-03-22 11:51:00,2978.9005,2981.5335,2973.7625,2974.7245
2026-03-22 11:52:00,2974.9365,2981.1035,2973.3685,2973.3685
2026-03-22 11:53:00,2973.6985,2973.8275,2963.7335,2969.9025
2026-03-22 11:54:00,2969.6675,2977.0615,2966.3005,2976.9905
2026-03-22 11:55:00,2976.9845,2977.0555,2969.8215,2975.4915
2026-03-22 11:56:00,2975.4955,2978.5905,2971.7335,2973.0055
2026-03-22 11:57:00,2973.0015,2980.3185,2972.6855,2977.0335
2026-03-22 11:58:00,2976.9675,2980.4945,2971.3975,2976.7915
2026-03-22 11:59:00,2976.8535,2981.0095,2972.7985,2978.5155
2026-03-22 12:00:00,2978.5195,2981.4935,2976.6075,2978.4995
2026-03-22 12:01:00,2978.5035,2989.7145,2978.3855,2989.7145
2026-03-22 12:02:00,2989.7775,2995.5575,2984.8285,2989.1715
2026-03-22 12:03:00,2988.8915,2995.0465,2988.6425,2992.6015
2026-03-22 12:04:00,2992.5445,2994.7115,2989.5185,2994.4265
2026-03-22 12:05:00,2994.4245,3004.5995,2994.0625,3004.4085
2026-03-22 12:06:00,3004.4075,3006.3555,2994.5285,3005.7175
2026-03-22 12:07:00,3005.6365,3009.9695,3003.3855,3007.3555
2026-03-22 12:08:00,3007.3605,3007.4995,2996.0665,2998.4475
2026-03-22 12:09:00,2998.4485,3003.1455,2995.5205,3002.0875
2026-03-22 12:10:00,3002.0915,3005.8185,2999.1845,3004.5305
2026-03-22 12:11:00,3004.5265,3004.9585,2998.3255,3000.7655
2026-03-22 12:12:00,3000.7635,3010.0035,2999.5795,3004.5905
2026-03-22 12:13:00,3004.6295,3013.5915,3004.6295,3013.5915
2026-03-22 12:14:00,3013.4575,3021.0965,3013.0315,3016.8575
2026-03-22 12:15:00,3016.8605,3021.9985,3016.6195,3016.8585
2026-03-22 12:16:00,3016.8565,3019.2125,3009.4735,3018.7055
2026-03-22 12:17:00,3018.7035,3019.9285,3014.4735,3019.2655
2026-03-22 12:18:00,3019.6675,3027.6975,3017.6125,3018.0575
2026-03-22 12:19:00,3018.0615,3026.4395,3017.9705,3025.6515
2026-03-22 12:20:00,3025.6565,3027.1265,3009.8525,3014.0165
2026-03-22 12:21:00,3013.7065,3023.4315,3013.2725,3022.6705
2026-03-22 12:22:00,3022.4845,3028.6825,3020.6745,3028.2085
2026-03-22 12:23:00,3028.2465,3028.6705,3019.4815,3019.4825
2026-03-22 12:24:00,3019.4855,3019.9435,3014.7005,3018.0255
2026-03-22 12:25:00,3018.0305,3018.0885,3007.2175,3010.2915
2026-03-22 12:26:00,3010.2935,3011.2945,3005.1855,3010.6945
2026-03-22 12:27:00,3010.6925,3011.9535,2997.6415,2999.5455
2026-03-22 12:28:00,2999.5465,3000.0355,2995.0315,2996.5885
2026-03-22 12:29:00,2996.9015,2997.4345,2985.5425,2985.5425
2026-03-22 12:30:00,2985.6675,2988.3665,2982.7125,2984.4745
2026-03-22 12:31:00,2984.2445,2991.6735,2981.6545,2991.6735
2026-03-22 12:32:00,2991.9615,2995.1505,2988.0245,2994.1105
2026-03-22 12:33:00,2994.2555,2999.1995,2992.5145,2996.8285
2026-03-22 12:34:00,2997.1385,2998.0345,2992.7775,2997.0995
2026-03-22 12:35:00,2996.0205,2996.9395,2979.4715,2982.7655
2026-03-22 12:36:00,2982.7665,2988.8495,2982.2115,2988.1495
2026-03-22 12:37:00,2988.3155,2995.0495,2986.4465,2994.2015
2026-03-22 12:38:00,2994.2045,3001.7255,2994.1955,2998.0335
2026-03-22 12:39:00,2998.0995,3003.8835,2998.0995,3001.4285
2026-03-22 12:40:00,3001.2325,3008.8355,2999.7055,3001.5975
2026-03-22 12:41:00,3001.5965,3009.4195,3001.5965,3002.0885
2026-03-22 12:42:00,3002.0075,3005.0675,2998.4695,3000.1035
2026-03-22 12:43:00,3000.1605,3004.1775,2993.6995,2994.4485
2026-03-22 12:44:00,2994.0625,2999.7975,2993.5005,2998.8955
2026-03-22 12:45:00,2998.8415,3002.9395,2996.7775,2999.8225
2026-03-22 12:46:00,2999.8255,3001.0995,2996.7375,3000.7525
2026-03-22 12:47:00,3000.8105,3006.5885,2999.7575,3004.2815
2026-03-22 12:48:00,3004.2145,3008.8985,3003.1585,3006.1585
2026-03-22 12:49:00,3006.1565,3019.7355,3006.1515,3018.7695
2026-03-22 12:50:00,3018.6965,3019.2865,3013.6755,3017.0445
2026-03-22 12:51:00,3018.6495,3022.9265,3016.2155,3016.2325
2026-03-22 12:52:00,3016.8085,3018.5195,3006.3555,3007.0685
2026-03-22 12:53:00,3007.0705,3010.2235,3002.3975,3008.1085
2026-03-22 12:54:00,3008.3335,3011.0985,3000.6745,3009.9415
2026-03-22 12:55:00,3009.9385,3020.3655,3009.6275,3016.4145
2026-03-22 12:56:00,3016.4785,3022.2685,3009.5395,3010.0235
2026-03-22 12:57:00,3009.9405,3014.4795,3009.7225,3010.4295
2026-03-22 12:58:00,3010.8935,3024.2875,3010.0855,3022.2855
2026-03-22 12:59:00,3022.4205,3025.2655,3018.5335,3020.8785
2026-03-22 13:00:00,3020.1985,3025.5215,3018.0465,3025.5215
2026-03-22 13:01:00,3025.3395,3025.4615,3014.8145,3014.8875
2026-03-22 13:02:00,3014.8925,3015.5315,3004.0825,3015.5285
2026-03-22 13:03:00,3015.5325,3023.8505,3013.2465,3013.2485
2026-03-22 13:04:00,3013.2505,3027.5705,3011.3035,3023.3935
2026-03-22 13:05:00,3023.3985,3038.7675,3023.3985,3036.1825
2026-03-22 13:06:00,3036.6415,3043.4055,3034.6115,3041.6915
2026-03-22 13:07:00,3041.6965,3048.6465,3040.0975,3047.1295
2026-03-22 13:08:00,3047.1355,3049.1235,3034.9785,3035.2785
2026-03-22 13:09:00,3035.2825,3041.0375,3033.4495,3039.3835
2026-03-22 13:10:00,3041.0105,3046.9395,3038.2445,3039.7445
2026-03-22 13:11:00,3040.5825,3047.5805,3039.3185,3039.3225
2026-03-22 13:12:00,3039.3235,3049.1305,3036.8265,3047.9815
2026-03-22 13:13:00,3047.8525,3048.7725,3041.7225,3041.9625
2026-03-22 13:14:00,3041.9655,3044.1295,3039.1745,3043.8455
2026-03-22 13:15:00,3043.8465,3043.8515,3030.8615,3031.6825
2026-03-22 13:16:00,3031.1125,3043.2935,3030.1175,3038.9225
2026-03-22 13:17:00,3038.6675,3042.7725,3035.9095,3036.6115
2026-03-22 13:18:00,3036.6125,3036.6145,3020.5615,3020.5635
2026-03-22 13:19:00,3020.5685,3026.8805,3019.8935,3023.3085
2026-03-22 13:20:00,3021.9505,3026.3885,3020.2325,3025.2235
2026-03-22 13:21:00,3025.3775,3026.6495,3019.5795,3023.0185
2026-03-22 13:22:00,3023.4005,3025.5705,3018.1025,3018.5005
2026-03-22 13:23:00,3018.5025,3030.1105,3017.9995,3029.0175
2026-03-22 13:24:00,3030.4395,3038.8205,3030.0905,3037.9845
2026-03-22 13:25:00,3037.9875,3038.2325,3023.3125,3023.4835
2026-03-22 13:26:00,3023.4795,3026.4665,3016.7295,3018.2785
2026-03-22 13:27:00,3018.4465,3022.0605,3014.6575,3017.5065
2026-03-22 13:28:00,3017.5755,3018.3285,3013.9905,3016.9775
2026-03-22 13:29:00,3016.9135,3023.7185,3016.9135,3021.8375
2026-03-22 13:30:00,3021.8345,3023.9755,3018.9975,3021.9965
2026-03-22 13:31:00,3021.9975,3026.1015,3017.5935,3018.1235
2026-03-22 13:32:00,3018.1195,3023.0255,3014.3765,3014.4335
2026-03-22 13:33:00,3014.4295,3015.7915,3006.9785,3011.3215
2026-03-22 13:34:00,3011.3235,3019.5965,3011.3205,3017.3965
2026-03-22 13:35:00,3017.3995,3020.8225,3015.3005,3019.9845
2026-03-22 13:36:00,3019.9795,3025.5615,3019.0465,3019.8985
2026-03-22 13:37:00,3019.0095,3021.3595,3013.6485,3014.6865
2026-03-22 13:38:00,3014.2475,3015.4865,3007.1025,3007.1675
2026-03-22 13:39:00,3007.8775,3012.9455,3005.0345,3007.5595
2026-03-22 13:40:00,3007.4225,3017.1355,3006.2505,3017.1215
2026-03-22 13:41:00,3016.9995,3029.8555,3015.2075,3026.7025
2026-03-22 13:42:00,3026.5455,3026.9665,3016.3855,3016.7105
2026-03-22 13:43:00,3016.7705,3017.9005,3011.5045,3016.5445
2026-03-22 13:44:00,3016.5495,3020.5395,3011.5485,3020.4065
2026-03-22 13:45:00,3020.4105,3029.2595,3020.3075,3028.5485
2026-03-22 13:46:00,3028.2565,3031.2075,3021.7775,3022.6975
2026-03-22 13:47:00,3022.3575,3023.7305,3015.6635,3020.3895
2026-03-22 13:48:00,3020.5095,3026.1035,3013.8025,3014.7135
2026-03-22 13:49:00,3014.7095,3020.5115,3012.5005,3019.5035
2026-03-22 13:50:00,3019.5065,3020.1065,3012.0815,3015.6335
2026-03-22 13:51:00,3015.6935,3028.2055,3015.6935,3028.0565
2026-03-22 13:52:00,3028.0575,3030.0535,3022.9525,3025.0015
2026-03-22 13:53:00,3025.0865,3027.2755,3015.7305,3016.4325
2026-03-22 13:54:00,3015.9335,3017.3535,3007.7985,3009.7555
2026-03-22 13:55:00,3009.7535,3011.6105,3003.5945,3009.7765
2026-03-22 13:56:00,3009.9985,3016.9175,3008.9285,3015.2495
2026-03-22 13:57:00,3014.7495,3018.6065,3011.5905,3012.6135
2026-03-22 13:58:00,3012.4815,3015.0245,3001.3715,3002.4005
2026-03-22 13:59:00,3002.5275,3007.5585,3001.7395,3007.3475
2026-03-22 14:00:00,3007.4155,3012.6835,3005.7135,3005.7135
2026-03-22 14:01:00,3005.3725,3007.0825,2998.6255,2999.3005
2026-03-22 14:02:00,2999.2965,2999.3335,2988.5985,2990.7095
2026-03-22 14:03:00,2990.6225,2993.0225,2984.4315,2987.2415
2026-03-22 14:04:00,2987.2435,2987.3755,2977.9185,2982.5545
2026-03-22 14:05:00,2982.5495,2983.3455,2974.9415,2974.9415
2026-03-22 14:06:00,2975.3245,2981.3355,2970.3685,2977.1515
2026-03-22 14:07:00,2977.2335,2994.7425,2976.7525,2993.8675
2026-03-22 14:08:00,2993.8725,2995.0675,2990.1475,2990.5255
2026-03-22 14:09:00,2990.3965,2994.4235,2985.6065,2989.9795
2026-03-22 14:10:00,2989.9215,2991.2695,2985.4095,2987.2525
2026-03-22 14:11:00,2987.0395,2993.8825,2985.5915,2993.4425
2026-03-22 14:12:00,2992.3745,2998.2445,2991.8735,2995.4135
2026-03-22 14:13:00,2995.1815,3003.6225,2993.3595,3001.8785
2026-03-22 14:14:00,3001.9435,3012.2105,3000.6315,3011.0445
2026-03-22 14:15:00,3011.1085,3012.3805,2997.2985,2999.4635
2026-03-22 14:16:00,2999.4015,3000.5535,2988.7795,2994.1485
2026-03-22 14:17:00,2994.0175,2994.0175,2983.4915,2990.4905
2026-03-22 14:18:00,2991.2345,2996.7385,2990.4305,2991.5215
2026-03-22 14:19:00,2991.6495,3003.8155,2991.3515,2999.7885
2026-03-22 14:20:00,2999.9795,3001.4315,2991.1215,2991.1215
2026-03-22 14:21:00,2991.2555,2991.5805,2978.2835,2979.5355
2026-03-22 14:22:00,2979.3455,2986.5905,2978.0905,2985.8685
2026-03-22 14:23:00,2985.7935,2992.1245,2982.3395,2986.3395
2026-03-22 14:24:00,2986.3435,2991.5645,2978.8325,2990.7165
2026-03-22 14:25:00,2990.7225,2998.8565,2990.1825,2995.4425
2026-03-22 14:26:00,2995.1955,3008.4095,2995.1955,3005.9335
2026-03-22 14:27:00,3006.0045,3006.4855,2996.3965,3005.0165
2026-03-22 14:28:00,3005.0185,3014.4625,3003.9155,3014.4625
2026-03-22 14:29:00,3014.4635,3015.9845,3007.7355,3013.8305
2026-03-22 14:30:00,3013.6395,3017.1465,3009.9725,3013.8085
2026-03-22 14:31:00,3013.8105,3017.3025,3009.8815,3014.9525
2026-03-22 14:32:00,3014.9505,3021.9425,3007.4535,3021.2915
2026-03-22 14:33:00,3021.6785,3031.1045,3020.3435,3030.9525
2026-03-22 14:34:00,3030.9495,3037.2775,3028.2415,3034.4055
2026-03-22 14:35:00,3034.1455,3038.2015,3028.0635,3028.3175
2026-03-22 14:36:00,3028.3145,3034.3915,3022.9175,3034.3915
2026-03-22 14:37:00,3034.9965,3035.8105,3027.1555,3028.3115
2026-03-22 14:38:00,3028.3065,3031.3955,3023.6055,3027.0295
2026-03-22 14:39:00,3027.3965,3027.3975,3021.2805,3022.7205
2026-03-22 14:40:00,3022.4275,3025.2175,3018.9705,3023.3665
2026-03-22 14:41:00,3023.2925,3028.8305,3021.9025,3027.8735
2026-03-22 14:42:00,3027.8775,3028.4015,3019.0595,3021.5165
2026-03-22 14:43:00,3021.5205,3026.8335,3019.1235,3026.1725
2026-03-22 14:44:00,3026.1775,3028.8595,3018.4355,3019.4925
2026-03-22 14:45:00,3019.5545,3024.7635,3017.4795,3019.4015
2026-03-22 14:46:00,3019.7665,3026.2485,3015.8245,3025.9415
2026-03-22 14:47:00,3025.7315,3028.6985,3023.8405,3026.8065
2026-03-22 14:48:00,3026.9495,3027.1965,3019.3905,3020.9765
2026-03-22 14:49:00,3021.1225,3022.0925,3014.8845,3017.3735
2026-03-22 14:50:00,3017.3415,3020.3025,3014.1475,3014.7425
2026-03-22 14:51:00,3014.7445,3018.1405,3010.7955,3013.8235
2026-03-22 14:52:00,3013.7015,3017.0775,3011.2355,3015.9435
2026-03-22 14:53:00,3015.6445,3015.6445,3004.3445,3007.2835
2026-03-22 14:54:00,3007.2875,3012.0385,3004.5945,3011.5625
2026-03-22 14:55:00,3011.5655,3018.9295,3009.7325,3014.3045
2026-03-22 14:56:00,3014.4595,3019.3605,3011.2115,3016.6785
2026-03-22 14:57:00,3016.6815,3020.8025,3013.7905,3018.3045
2026-03-22 14:58:00,3018.2395,3018.6225,3002.9305,3002.9305
2026-03-22 14:59:00,3002.9345,3004.3885,2999.1025,3001.1185
2026-03-22 15:00:00,3001.0415,3009.1605,3000.4195,3000.5885
2026-03-22 15:01:00,3000.5855,3005.5525,2997.2125,3005.0655
2026-03-22 15:02:00,3005.0695,3006.4445,3001.8675,3002.7485
2026-03-22 15:03:00,3002.7505,3008.1375,2996.4355,3008.1375
2026-03-22 15:04:00,3007.4495,3007.4495,2999.9235,3000.4315
2026-03-22 15:05:00,2999.4895,3002.8855,2994.2005,2994.4145
2026-03-22 15:06:00,2994.0975,2999.6695,2988.3885,2999.3145
2026-03-22 15:07:00,2999.5425,3000.4345,2989.5685,2991.4145
2026-03-22 15:08:00,2990.8545,2993.0495,2985.3855,2989.5225
2026-03-22 15:09:00,2989.5275,2996.0615,2985.5535,2995.1445
2026-03-22 15:10:00,2995.0785,3009.2625,2994.8935,3004.2065
2026-03-22 15:11:00,3003.7375,3006.6505,3000.0465,3000.0465
2026-03-22 15:12:00,3000.3015,3001.4255,2994.1255,2997.8785
2026-03-22 15:13:00,2998.0085,2998.9235,2993.4665,2993.4895
2026-03-22 15:14:00,2993.6155,3003.7695,2992.6665,2996.5755
2026-03-22 15:15:00,2996.5795,2998.1895,2988.9035,2995.2395
2026-03-22 15:16:00,2995.4905,2999.2235,2994.0725,2998.9135
2026-03-22 15:17:00,2997.9145,3003.1375,2996.2075,3002.6375
2026-03-22 15:18:00,3002.6425,3007.1785,2999.1955,3004.7295
2026-03-22 15:19:00,3004.6645,3004.6645,2998.5605,2999.9405
2026-03-22 15:20:00,2999.9375,3000.9895,2994.3245,2999.5555
2026-03-22 15:21:00,3001.4715,3003.3995,2998.5085,3002.4455
2026-03-22 15:22:00,3002.4465,3006.9315,2996.1585,2996.4485
2026-03-22 15:23:00,2997.0395,2997.4555,2989.2115,2991.6995
2026-03-22 15:24:00,2991.9335,2996.4475,2988.4555,2996.4475
2026-03-22 15:25:00,2996.4425,2997.2305,2987.2305,2987.6095
2026-03-22 15:26:00,2987.4865,2995.1345,2987.1565,2994.3685
2026-03-22 15:27:00,2994.3715,2997.3385,2988.6945,2990.3855
2026-03-22 15:28:00,2990.3845,2990.5855,2979.9385,2980.6115
2026-03-22 15:29:00,2980.4825,2980.6765,2966.9285,2971.6155
2026-03-22 15:30:00,2971.5565,2976.2015,2968.2415,2969.6735
2026-03-22 15:31:00,2969.6745,2978.1785,2966.9845,2973.8185
2026-03-22 15:32:00,2973.6895,2984.2885,2970.2275,2980.3575
2026-03-22 15:33:00,2980.8565,2987.5235,2979.5485,2983.1115
2026-03-22 15:34:00,2982.6685,2985.5605,2969.7105,2972.8685
2026-03-22 15:35:00,2972.8735,2974.8835,2965.2805,2965.8455
2026-03-22 15:36:00,2965.5525,2965.9275,2959.3815,2965.2765
2026-03-22 15:37:00,2965.3965,2977.2255,2964.0265,2977.0385
2026-03-22 15:38:00,2977.1065,2977.4905,2962.4135,2966.6155
2026-03-22 15:39:00,2967.2245,2967.3155,2955.9095,2959.3695
2026-03-22 15:40:00,2959.3685,2959.7155,2947.3415,2949.2915
2026-03-22 15:41:00,2949.2925,2950.2355,2942.5165,2942.6725
2026-03-22 15:42:00,2943.9405,2953.6195,2943.9405,2951.7165
2026-03-22 15:43:00,2951.2265,2960.5035,2950.2425,2959.9965
2026-03-22 15:44:00,2959.9935,2960.0645,2951.6575,2955.6915
2026-03-22 15:45:00,2955.6905,2957.9905,2951.3485,2956.4525
2026-03-22 15:46:00,2956.4555,2959.6905,2954.0885,2955.7835
2026-03-22 15:47:00,2955.6495,2958.9745,2952.0445,2952.4315
2026-03-22 15:48:00,2952.4345,2956.0655,2951.3315,2954.1495
2026-03-22 15:49:00,2954.1455,2963.9125,2954.1455,2961.1025
2026-03-22 15:50:00,2961.0985,2961.0985,2945.5905,2946.1415
2026-03-22 15:51:00,2946.1455,2947.1075,2942.3785,2945.2135
2026-03-22 15:52:00,2945.0545,2946.4085,2938.6045,2938.6045
2026-03-22 15:53:00,2938.6005,2939.8685,2930.3625,2931.2685
2026-03-22 15:54:00,2931.6395,2944.1545,2929.7695,2941.6995
2026-03-22 15:55:00,2941.0815,2941.8735,2934.8165,2935.3085
2026-03-22 15:56:00,2935.3065,2935.8655,2923.7075,2927.0075
2026-03-22 15:57:00,2926.6365,2935.2225,2926.4365,2933.2795
2026-03-22 15:58:00,2933.2755,2935.5825,2926.7605,2927.9695
2026-03-22 15:59:00,2927.9735,2929.0695,2918.8355,2919.0925
2026-03-22 16:00:00,2919.0345,2926.1345,2914.8375,2925.9625
2026-03-22 16:01:00,2926.0415,2930.6445,2922.5845,2930.5815
2026-03-22 16:02:00,2930.5775,2934.3755,2925.3845,2932.2275
2026-03-22 16:03:00,2932.2245,2944.0425,2931.3805,2944.0425
2026-03-22 16:04:00,2944.0465,2957.6455,2943.9845,2950.4005
2026-03-22 16:05:00,2950.3975,2956.7375,2949.2525,2950.3815
2026-03-22 16:06:00,2950.1695,2950.7785,2944.6305,2945.6025
2026-03-22 16:07:00,2945.6065,2954.7395,2945.6055,2950.0325
2026-03-22 16:08:00,2950.0915,2950.1205,2941.0375,2942.8575
2026-03-22 16:09:00,2942.8015,2944.1985,2931.6825,2943.0775
2026-03-22 16:10:00,2943.0795,2943.0795,2933.9525,2936.1195
2026-03-22 16:11:00,2935.9255,2936.2905,2929.1575,2929.6645
2026-03-22 16:12:00,2929.6635,2929.9715,2918.3055,2924.0375
2026-03-22 16:13:00,2924.0355,2932.6385,2923.3625,2931.5825
2026-03-22 16:14:00,2931.5805,2938.7885,2930.9245,2933.7195
2026-03-22 16:15:00,2933.7175,2936.8535,2927.8635,2936.4195
2026-03-22 16:16:00,2936.4175,2947.2755,2936.1675,2942.4925
2026-03-22 16:17:00,2942.3655,2948.8335,2941.4205,2944.6295
2026-03-22 16:18:00,2944.0125,2950.5295,2941.6275,2941.6275
2026-03-22 16:19:00,2941.2515,2942.3585,2937.0495,2938.3485
2026-03-22 16:20:00,2938.3455,2941.0345,2926.7175,2927.7135
2026-03-22 16:21:00,2927.6605,2935.0675,2926.1355,2933.4435
2026-03-22 16:22:00,2933.5065,2937.8035,2926.6825,2927.4735
2026-03-22 16:23:00,2927.6925,2930.1375,2921.9995,2925.8075
2026-03-22 16:24:00,2925.6745,2934.7435,2922.2615,2934.4345
2026-03-22 16:25:00,2934.4335,2936.7555,2931.0955,2933.8775
2026-03-22 16:26:00,2933.8755,2935.6325,2918.9855,2919.3545
2026-03-22 16:27:00,2919.4865,2924.9395,2917.6735,2920.0805
2026-03-22 16:28:00,2919.9545,2922.0885,2915.6625,2921.8795
2026-03-22 16:29:00,2922.0025,2925.3535,2915.9175,2921.3955
2026-03-22 16:30:00,2923.8475,2931.4475,2923.8475,2926.9405
2026-03-22 16:31:00,2927.0155,2934.0345,2927.0155,2931.3495
2026-03-22 16:32:00,2931.3535,2940.6115,2931.2195,2935.4385
2026-03-22 16:33:00,2935.1385,2942.9595,2928.0145,2928.0145
2026-03-22 16:34:00,2928.0805,2928.1845,2919.0695,2919.6105
2026-03-22 16:35:00,2919.6115,2926.0815,2917.6195,2920.4445
2026-03-22 16:36:00,2920.4425,2922.9575,2916.5535,2916.5585
2026-03-22 16:37:00,2915.5185,2917.6845,2906.3995,2906.5455
2026-03-22 16:38:00,2906.6965,2913.4115,2906.3955,2913.2125
2026-03-22 16:39:00,2912.8355,2914.2955,2906.7065,2912.4095
2026-03-22 16:40:00,2912.4835,2912.8575,2902.5445,2905.6915
2026-03-22 16:41:00,2905.6895,2905.6895,2899.0455,2900.5035
2026-03-22 16:42:00,2900.3195,2902.2855,2891.2745,2891.2745
2026-03-22 16:43:00,2891.0905,2894.1475,2888.0565,2893.9615
2026-03-22 16:44:00,2893.8455,2904.7545,2893.0685,2904.5675
2026-03-22 16:45:00,2904.6845,2908.7215,2898.8675,2900.0585
2026-03-22 16:46:00,2900.2255,2902.0335,2892.0675,2892.2645
2026-03-22 16:47:00,2892.2675,2903.6485,2889.4845,2902.8615
2026-03-22 16:48:00,2902.8565,2910.0395,2898.0085,2909.0195
2026-03-22 16:49:00,2909.0915,2911.7115,2904.5635,2910.6785
2026-03-22 16:50:00,2910.0755,2910.5245,2902.2405,2902.8565
2026-03-22 16:51:00,2902.7895,2912.4025,2901.6945,2908.8975
2026-03-22 16:52:00,2908.8985,2916.3045,2907.5895,2916.3015
2026-03-22 16:53:00,2916.4195,2919.5875,2907.8475,2919.5175
2026-03-22 16:54:00,2919.5755,2920.9295,2908.4635,2908.5855
2026-03-22 16:55:00,2908.5815,2910.5635,2905.3995,2905.6315
2026-03-22 16:56:00,2905.3205,2907.2915,2898.1615,2898.2955
2026-03-22 16:57:00,2898.3575,2907.1355,2896.7905,2906.5885
2026-03-22 16:58:00,2906.5145,2913.9945,2903.5205,2913.9905
2026-03-22 16:59:00,2914.1795,2917.3725,2910.4825,2913.8315
2026-03-22 17:00:00,2913.7095,2913.7095,2903.6325,2904.0685
2026-03-22 17:01:00,2904.0065,2912.8905,2903.5735,2911.4435
2026-03-22 17:02:00,2911.4385,2916.6005,2907.6555,2907.6555
2026-03-22 17:03:00,2907.6565,2918.6245,2907.4445,2912.1335
2026-03-22 17:04:00,2912.1385,2912.5455,2907.1115,2907.1795
2026-03-22 17:05:00,2907.1775,2908.2465,2904.7505,2906.8365
2026-03-22 17:06:00,2906.9095,2915.9415,2905.5035,2915.9415
2026-03-22 17:07:00,2916.3515,2922.0155,2916.0685,2919.1305
2026-03-22 17:08:00,2919.1335,2919.1335,2909.4395,2909.4395
2026-03-22 17:09:00,2909.3765,2917.7635,2907.5395,2915.0855
2026-03-22 17:10:00,2915.0865,2921.5855,2914.7675,2921.5855
2026-03-22 17:11:00,2921.5695,2921.5715,2912.5315,2915.0425
2026-03-22 17:12:00,2915.3655,2916.9115,2910.3355,2916.0205
2026-03-22 17:13:00,2917.3005,2921.0465,2912.6955,2913.3045
2026-03-22 17:14:00,2913.2285,2917.1325,2910.0995,2915.2345
2026-03-22 17:15:00,2912.9095,2913.5205,2909.6105,2909.8095
2026-03-22 17:16:00,2909.8875,2911.1605,2905.3105,2910.8375
2026-03-22 17:17:00,2910.7815,2919.0455,2908.5245,2918.0815
2026-03-22 17:18:00,2918.3225,2923.5015,2913.2405,2914.1555
2026-03-22 17:19:00,2913.9185,2915.5855,2907.5355,2908.3265
2026-03-22 17:20:00,2908.3255,2910.8395,2905.2435,2910.7265
2026-03-22 17:21:00,2908.2195,2908.7505,2901.0955,2907.1805
2026-03-22 17:22:00,2907.3625,2915.3015,2904.8185,2909.2845
2026-03-22 17:23:00,2909.5215,2909.9275,2901.8355,2904.6855
2026-03-22 17:24:00,2904.9155,2911.1465,2900.8745,2902.6535
2026-03-22 17:25:00,2902.6515,2902.8355,2898.2675,2899.4665
2026-03-22 17:26:00,2899.4635,2903.2865,2895.8515,2901.3305
2026-03-22 17:27:00,2901.3345,2901.7425,2893.2965,2895.5415
2026-03-22 17:28:00,2895.5425,2897.1605,2877.3735,2877.8445
2026-03-22 17:29:00,2877.4685,2877.4685,2870.6155,2872.9225
2026-03-22 17:30:00,2872.9265,2884.5685,2872.9245,2882.8115
2026-03-22 17:31:00,2882.7485,2892.1075,2882.7485,2887.6305
2026-03-22 17:32:00,2889.9245,2899.7175,2887.6215,2897.2615
2026-03-22 17:33:00,2897.2585,2902.8645,2896.1625,2902.2135
2026-03-22 17:34:00,2902.1715,2903.4595,2894.4835,2903.4575
2026-03-22 17:35:00,2903.5815,2913.0665,2902.5175,2910.4865
2026-03-22 17:36:00,2910.4835,2917.9115,2909.2325,2912.3985
2026-03-22 17:37:00,2911.7245,2914.5475,2909.8705,2913.9065
2026-03-22 17:38:00,2913.9095,2914.1585,2907.0485,2909.7115
2026-03-22 17:39:00,2909.5705,2909.7215,2900.6905,2900.9825
2026-03-22 17:40:00,2900.9835,2901.3235,2893.7805,2896.2175
2026-03-22 17:41:00,2896.2145,2902.5295,2896.0715,2902.3995
2026-03-22 17:42:00,2902.5405,2909.1825,2901.9845,2908.1215
2026-03-22 17:43:00,2908.1655,2908.8305,2902.5605,2904.0915
2026-03-22 17:44:00,2903.3205,2921.1945,2902.7005,2916.4005
2026-03-22 17:45:00,2916.3975,2917.7825,2910.5495,2914.6635
2026-03-22 17:46:00,2914.5125,2919.0395,2912.5435,2915.0205
2026-03-22 17:47:00,2915.0175,2917.7695,2911.3805,2912.4935
2026-03-22 17:48:00,2912.2115,2913.3715,2906.5515,2910.2535
2026-03-22 17:49:00,2910.2495,2918.0475,2910.2445,2915.8625
2026-03-22 17:50:00,2915.7065,2921.7195,2912.8775,2921.2035
2026-03-22 17:51:00,2921.1535,2921.7165,2910.4505,2910.7725
2026-03-22 17:52:00,2910.8325,2910.8355,2902.5805,2905.9055
2026-03-22 17:53:00,2905.8275,2907.3775,2903.4835,2907.3775
2026-03-22 17:54:00,2907.3735,2914.4915,2906.7915,2912.8555
2026-03-22 17:55:00,2912.8515,2922.6355,2912.8515,2920.0505
2026-03-22 17:56:00,2920.1095,2926.5865,2918.4265,2919.1755
2026-03-22 17:57:00,2919.3865,2923.3005,2916.7755,2916.7755
2026-03-22 17:58:00,2916.7765,2919.1035,2910.6335,2917.2025
2026-03-22 17:59:00,2917.1395,2917.5065,2903.8385,2910.5395
2026-03-22 18:00:00,2911.9735,2917.1855,2909.9625,2910.8085
2026-03-22 18:01:00,2910.8115,2913.0595,2908.3395,2909.3075
2026-03-22 18:02:00,2908.9955,2911.7915,2901.2825,2905.6925
2026-03-22 18:03:00,2905.6355,2914.0435,2904.8235,2913.8625
2026-03-22 18:04:00,2913.8665,2914.8965,2910.1625,2910.8365
2026-03-22 18:05:00,2910.6875,2914.6615,2909.5915,2912.2015
2026-03-22 18:06:00,2912.3285,2925.0825,2912.0395,2924.0565
2026-03-22 18:07:00,2924.2365,2930.0055,2919.7585,2921.5425
2026-03-22 18:08:00,2921.5395,2933.1565,2921.5305,2932.4045
2026-03-22 18:09:00,2932.4015,2934.0635,2929.4285,2934.0635
2026-03-22 18:10:00,2934.0625,2947.7905,2929.9455,2943.1145
2026-03-22 18:11:00,2943.0515,2949.1755,2940.5635,2943.6805
2026-03-22 18:12:00,2943.1275,2950.7245,2941.5265,2947.4355
2026-03-22 18:13:00,2947.3805,2954.3625,2947.3805,2954.0105
2026-03-22 18:14:00,2953.7855,2960.7045,2952.9835,2957.1495
2026-03-22 18:15:00,2957.0905,2959.8655,2946.0885,2947.1685
2026-03-22 18:16:00,2947.5515,2948.5995,2939.9025,2942.6315
2026-03-22 18:17:00,2942.5635,2942.5635,2929.6525,2931.4075
2026-03-22 18:18:00,2931.4055,2932.7915,2924.9885,2928.3785
2026-03-22 18:19:00,2930.6255,2931.9925,2913.9985,2917.6695
2026-03-22 18:20:00,2917.5785,2929.3855,2917.5785,2928.5745
2026-03-22 18:21:00,2928.3775,2931.1795,2924.7065,2927.4465
2026-03-22 18:22:00,2927.2655,2932.4185,2926.2315,2929.4155
2026-03-22 18:23:00,2929.4105,2930.2185,2921.4235,2926.0565
2026-03-22 18:24:00,2926.0525,2932.3015,2925.4165,2926.8935
2026-03-22 18:25:00,2926.8915,2927.9145,2917.3295,2920.2235
2026-03-22 18:26:00,2919.3645,2923.8255,2916.8135,2920.2565
2026-03-22 18:27:00,2920.2525,2928.3535,2919.0145,2927.0275
2026-03-22 18:28:00,2927.0285,2931.3525,2923.3495,2929.4275
2026-03-22 18:29:00,2929.2305,2943.2015,2928.8485,2939.1245
2026-03-22 18:30:00,2938.4875,2946.2415,2938.3625,2945.7705
2026-03-22 18:31:00,2945.7685,2946.2485,2938.7535,2944.0735
2026-03-22 18:32:00,2943.9135,2945.8155,2938.1945,2945.8155
2026-03-22 18:33:00,2945.8175,2949.5895,2941.4385,2945.8845
2026-03-22 18:34:00,2945.4385,2948.2765,2940.6735,2943.1005
2026-03-22 18:35:00,2943.0995,2949.7935,2940.4025,2949.7905
2026-03-22 18:36:00,2949.9775,2953.0185,2946.9035,2952.5485
2026-03-22 18:37:00,2952.2745,2954.9865,2949.5125,2950.7565
2026-03-22 18:38:00,2950.7545,2957.1205,2949.4135,2956.6275
2026-03-22 18:39:00,2956.6265,2958.1085,2951.9745,2953.0145
2026-03-22 18:40:00,2952.7785,2958.1755,2949.8955,2952.3405
2026-03-22 18:41:00,2952.8445,2956.3495,2942.0285,2942.0305
2026-03-22 18:42:00,2941.9025,2944.1795,2935.5315,2937.0225
2026-03-22 18:43:00,2935.3605,2935.3605,2922.8375,2923.1605
2026-03-22 18:44:00,2923.1565,2923.2275,2912.1445,2912.7655
2026-03-22 18:45:00,2912.3725,2922.2155,2911.9555,2921.9555
2026-03-22 18:46:00,2921.8975,2928.1925,2919.8785,2927.5735
2026-03-22 18:47:00,2927.5745,2929.8965,2919.3025,2927.3715
2026-03-22 18:48:00,2927.3105,2938.6585,2925.0265,2937.7925
2026-03-22 18:49:00,2938.0975,2938.6385,2932.1845,2936.7945
2026-03-22 18:50:00,2936.9775,2942.8705,2933.8295,2938.4885
2026-03-22 18:51:00,2938.6705,2945.5235,2932.4875,2932.7275
2026-03-22 18:52:00,2932.6615,2933.6335,2928.8525,2929.0105
2026-03-22 18:53:00,2928.9325,2931.2515,2923.0365,2929.2575
2026-03-22 18:54:00,2929.6565,2931.4785,2923.7245,2925.0745
2026-03-22 18:55:00,2924.8845,2931.0585,2924.3995,2928.1725
2026-03-22 18:56:00,2928.1125,2932.3335,2925.7415,2930.5695
2026-03-22 18:57:00,2930.3265,2937.3175,2929.6925,2935.3935
2026-03-22 18:58:00,2935.3895,2939.8285,2932.2675,2939.6275
2026-03-22 18:59:00,2939.8145,2942.6425,2934.5535,2940.7125
2026-03-22 19:00:00,2941.0285,2944.1605,2937.6525,2942.3645
2026-03-22 19:01:00,2942.3675,2948.7965,2942.2085,2943.5135
2026-03-22 19:02:00,2943.3815,2948.4735,2941.7675,2947.4665
2026-03-22 19:03:00,2948.5825,2951.3545,2943.9695,2947.0465
2026-03-22 19:04:00,2947.0435,2947.0435,2938.7955,2940.8415
2026-03-22 19:05:00,2940.8385,2943.2625,2937.0855,2938.0775
2026-03-22 19:06:00,2938.0725,2947.4825,2937.8615,2941.8675
2026-03-22 19:07:00,2941.8665,2944.6705,2939.5895,2940.7215
2026-03-22 19:08:00,2940.7255,2948.8555,2940.2425,2946.4525
2026-03-22 19:09:00,2946.4485,2949.8175,2944.4045,2948.4295
2026-03-22 19:10:00,2948.4285,2955.3345,2946.1705,2952.7535
2026-03-22 19:11:00,2952.7515,2959.6565,2950.6735,2956.8015
2026-03-22 19:12:00,2957.8165,2962.5015,2953.0305,2953.4425
2026-03-22 19:13:00,2954.0065,2955.5325,2942.4835,2942.4835
2026-03-22 19:14:00,2942.0585,2942.6265,2936.4815,2936.5275
2026-03-22 19:15:00,2936.5265,2937.6745,2931.8705,2933.8075
2026-03-22 19:16:00,2934.0235,2939.6255,2929.7445,2930.4625
2026-03-22 19:17:00,2930.4605,2939.3205,2924.6105,2938.9585
2026-03-22 19:18:00,2938.6525,2940.7985,2928.3975,2932.6795
2026-03-22 19:19:00,2934.1505,2945.9505,2933.8465,2943.5645
2026-03-22 19:20:00,2943.5665,2943.6305,2934.4485,2937.3635
2026-03-22 19:21:00,2937.3655,2944.0155,2931.3705,2932.8485
2026-03-22 19:22:00,2932.8515,2940.7415,2930.7265,2940.0695
2026-03-22 19:23:00,2940.6825,2945.6815,2937.4775,2945.4765
2026-03-22 19:24:00,2945.7225,2952.5085,2945.7165,2946.6525
2026-03-22 19:25:00,2946.7145,2955.3335,2946.2065,2955.2405
2026-03-22 19:26:00,2955.2375,2956.8525,2947.2355,2956.8525
2026-03-22 19:27:00,2956.8535,2956.8985,2950.8015,2951.9755
2026-03-22 19:28:00,2951.9135,2952.5085,2941.0695,2941.0715
2026-03-22 19:29:00,2941.0695,2951.3595,2941.0685,2946.2445
2026-03-22 19:30:00,2946.1155,2950.6915,2944.5015,2946.4255
2026-03-22 19:31:00,2946.4825,2947.3505,2938.7185,2944.3685
2026-03-22 19:32:00,2944.3745,2950.1645,2942.6645,2950.1645
2026-03-22 19:33:00,2950.8445,2962.1675,2950.3945,2954.1995
2026-03-22 19:34:00,2954.3895,2956.3105,2950.5215,2952.6175
2026-03-22 19:35:00,2952.6165,2953.3795,2949.5285,2952.5835
2026-03-22 19:36:00,2952.4245,2954.3955,2945.4815,2948.1205
2026-03-22 19:37:00,2946.9825,2953.0635,2945.0965,2950.2795
2026-03-22 19:38:00,2950.2755,2952.4465,2939.4595,2939.6435
2026-03-22 19:39:00,2938.9395,2944.6255,2936.7105,2937.3945
2026-03-22 19:40:00,2937.2105,2939.3705,2933.8345,2935.8385
2026-03-22 19:41:00,2935.7595,2941.4495,2932.2625,2939.7015
2026-03-22 19:42:00,2939.7065,2941.7715,2934.2935,2934.6835
2026-03-22 19:43:00,2934.8425,2937.3455,2927.9345,2931.9865
2026-03-22 19:44:00,2933.2825,2938.5705,2930.4925,2938.3425
2026-03-22 19:45:00,2938.7055,2940.1365,2932.3975,2940.1365
2026-03-22 19:46:00,2940.1545,2944.8005,2937.6705,2944.2325
2026-03-22 19:47:00,2944.2305,2944.6785,2929.9995,2932.5545
2026-03-22 19:48:00,2932.5565,2938.5895,2928.3675,2938.5895
2026-03-22 19:49:00,2938.5855,2945.2495,2938.1605,2945.1875
2026-03-22 19:50:00,2946.9645,2947.9155,2940.2705,2947.9155
2026-03-22 19:51:00,2947.5245,2951.2565,2941.0305,2945.6285
2026-03-22 19:52:00,2945.6315,2945.7635,2939.1065,2945.0755
2026-03-22 19:53:00,2945.0705,2947.9955,2935.2395,2935.3905
2026-03-22 19:54:00,2935.3935,2936.1445,2931.2885,2936.1395
2026-03-22 19:55:00,2934.9665,2937.5955,2932.6255,2933.7095
2026-03-22 19:56:00,2933.7045,2933.8715,2918.2575,2918.8235
2026-03-22 19:57:00,2918.7565,2928.9475,2916.6745,2917.7975
2026-03-22 19:58:00,2917.9815,2925.9075,2915.9815,2925.8825
2026-03-22 19:59:00,2925.8795,2927.8675,2923.4675,2925.3745
2026-03-22 20:00:00,2925.3115,2927.1595,2916.8625,2923.2575
2026-03-22 20:01:00,2923.3365,2927.8325,2920.3925,2920.8295
2026-03-22 20:02:00,2920.8315,2927.3375,2920.8265,2926.2805
2026-03-22 20:03:00,2926.2785,2926.9505,2920.6455,2924.9215
2026-03-22 20:04:00,2924.8565,2928.5935,2923.8465,2928.5935
2026-03-22 20:05:00,2928.3535,2930.1045,2918.3405,2921.5175
2026-03-22 20:06:00,2921.3905,2929.9985,2921.3905,2927.6345
2026-03-22 20:07:00,2927.7085,2932.2095,2925.0005,2925.0045
2026-03-22 20:08:00,2925.0065,2928.3975,2918.1275,2927.8735
2026-03-22 20:09:00,2927.8095,2930.8775,2921.3775,2921.3775
2026-03-22 20:10:00,2921.3755,2928.3065,2920.7255,2925.4415
2026-03-22 20:11:00,2925.4355,2937.0095,2925.4355,2928.6305
2026-03-22 20:12:00,2929.0435,2929.6885,2915.3545,2917.0825
2026-03-22 20:13:00,2917.0225,2919.9495,2912.7305,2915.9585
2026-03-22 20:14:00,2916.0775,2919.4065,2912.8995,2912.8995
2026-03-22 20:15:00,2912.9625,2922.2325,2912.9625,2918.4135
2026-03-22 20:16:00,2918.4785,2928.5055,2918.4635,2925.3935
2026-03-22 20:17:00,2925.5555,2926.7875,2915.1185,2915.6675
2026-03-22 20:18:00,2915.6645,2916.1185,2911.2305,2914.1235
2026-03-22 20:19:00,2913.7315,2924.4225,2913.7315,2923.0945
2026-03-22 20:20:00,2923.0325,2930.3315,2920.5095,2928.1115
2026-03-22 20:21:00,2928.6165,2936.7305,2928.4965,2933.4415
2026-03-22 20:22:00,2933.9355,2938.8425,2931.6715,2932.6455
2026-03-22 20:23:00,2932.6445,2934.4135,2929.8465,2929.8535
2026-03-22 20:24:00,2929.8575,2929.9325,2923.0655,2926.0435
2026-03-22 20:25:00,2926.0455,2926.8795,2916.4885,2919.4815
2026-03-22 20:26:00,2919.2825,2927.2035,2919.2795,2920.0205
2026-03-22 20:27:00,2919.1335,2925.5415,2915.1755,2922.1895
2026-03-22 20:28:00,2922.1905,2925.5335,2919.8355,2920.5885
2026-03-22 20:29:00,2921.1625,2921.8435,2917.9495,2921.6455
2026-03-22 20:30:00,2921.6425,2937.5405,2921.4195,2924.4625
2026-03-22 20:31:00,2924.4595,2930.0695,2923.1345,2928.0855
2026-03-22 20:32:00,2928.2985,2935.2685,2928.0585,2934.0175
2026-03-22 20:33:00,2934.0195,2945.4535,2934.0115,2943.3755
2026-03-22 20:34:00,2943.4945,2949.0425,2942.0815,2947.7105
2026-03-22 20:35:00,2947.7065,2951.2575,2939.2515,2940.1085
2026-03-22 20:36:00,2940.1775,2950.3075,2939.3965,2950.3075
2026-03-22 20:37:00,2950.3125,2960.2035,2946.8625,2959.0595
2026-03-22 20:38:00,2959.1965,2964.6515,2951.8425,2951.8425
2026-03-22 20:39:00,2951.4065,2955.6925,2949.1095,2952.5385
2026-03-22 20:40:00,2952.2845,2953.2105,2938.3955,2943.7175
2026-03-22 20:41:00,2943.7755,2947.7075,2941.5085,2947.2425
2026-03-22 20:42:00,2947.4275,2953.7165,2946.9875,2951.7545
2026-03-22 20:43:00,2951.5655,2953.3365,2936.8265,2944.0985
2026-03-22 20:44:00,2942.2175,2947.5085,2938.0155,2945.3835
2026-03-22 20:45:00,2945.3845,2946.8925,2934.6835,2935.3055
2026-03-22 20:46:00,2935.3655,2940.7575,2933.8775,2937.8815
2026-03-22 20:47:00,2937.8845,2954.5955,2937.8615,2953.1295
2026-03-22 20:48:00,2953.0615,2961.5685,2951.5485,2961.2265
2026-03-22 20:49:00,2961.4125,2966.5815,2959.6425,2965.0385
2026-03-22 20:50:00,2966.6695,2970.9445,2965.8265,2966.2415
2026-03-22 20:51:00,2966.2385,2966.7275,2961.8255,2964.5235
2026-03-22 20:52:00,2964.8555,2969.0195,2961.1725,2969.0195
2026-03-22 20:53:00,2969.0205,2970.6595,2963.1335,2968.8455
2026-03-22 20:54:00,2968.8485,2969.8005,2959.0765,2959.7595
2026-03-22 20:55:00,2959.8845,2960.7545,2950.7045,2951.7885
2026-03-22 20:56:00,2951.9645,2959.8385,2951.5985,2953.6725
2026-03-22 20:57:00,2953.6675,2954.0815,2945.3535,2953.1595
2026-03-22 20:58:00,2953.2875,2958.2025,2950.3305,2951.5455
2026-03-22 20:59:00,2951.6985,2957.3265,2951.6375,2954.5885
2026-03-22 21:00:00,2954.2105,2954.2745,2944.5205,2946.9035
2026-03-22 21:01:00,2946.8985,2950.0825,2940.4675,2942.9465
2026-03-22 21:02:00,2942.9425,2944.0565,2938.3035,2938.7905
2026-03-22 21:03:00,2938.8585,2949.5825,2938.8585,2944.6175
2026-03-22 21:04:00,2944.8035,2946.2375,2934.5215,2946.2375
2026-03-22 21:05:00,2946.0455,2951.1115,2944.2755,2949.9715
2026-03-22 21:06:00,2950.1595,2953.5485,2946.1545,2949.5985
2026-03-22 21:07:00,2949.5205,2953.5365,2947.6885,2951.3345
2026-03-22 21:08:00,2951.3315,2957.6675,2950.4985,2957.5875
2026-03-22 21:09:00,2957.6495,2965.0545,2955.2355,2963.3775
2026-03-22 21:10:00,2963.3795,2971.6015,2962.7785,2969.2955
2026-03-22 21:11:00,2968.9155,2974.3075,2958.8725,2961.8305
2026-03-22 21:12:00,2961.5225,2961.7355,2941.7495,2942.1545
2026-03-22 21:13:00,2942.2885,2942.5425,2931.2825,2932.4555
2026-03-22 21:14:00,2932.5175,2943.1035,2931.8745,2942.4275
2026-03-22 21:15:00,2942.4285,2947.6675,2933.1025,2936.6765
2026-03-22 21:16:00,2936.6805,2941.4745,2936.0125,2937.0765
2026-03-22 21:17:00,2936.8965,2937.5185,2928.6485,2929.1195
2026-03-22 21:18:00,2928.9965,2932.3425,2922.5095,2923.9225
2026-03-22 21:19:00,2923.8475,2927.9835,2920.2435,2921.7905
2026-03-22 21:20:00,2921.0715,2924.0075,2916.1685,2919.0105
2026-03-22 21:21:00,2913.6265,2916.9945,2911.4855,2913.2885
2026-03-22 21:22:00,2913.2935,2913.2935,2898.0925,2898.2135
2026-03-22 21:23:00,2898.2165,2901.8585,2894.8245,2898.3865
2026-03-22 21:24:00,2897.4115,2900.0215,2890.4795,2896.9575
2026-03-22 21:25:00,2896.9545,2900.6395,2895.9995,2898.6275
2026-03-22 21:26:00,2900.3295,2903.7115,2896.9665,2901.8925
2026-03-22 21:27:00,2901.8885,2905.2555,2898.9565,2904.9735
2026-03-22 21:28:00,2904.9685,2905.5715,2894.8565,2898.7545
2026-03-22 21:29:00,2898.8075,2903.0855,2896.4415,2899.5475
2026-03-22 21:30:00,2899.5445,2900.8465,2894.7845,2898.4965
2026-03-22 21:31:00,2898.4985,2901.2755,2896.9025,2901.1075
2026-03-22 21:32:00,2903.2385,2910.3195,2900.6295,2909.5375
2026-03-22 21:33:00,2909.3385,2911.8765,2900.7235,2908.6565
2026-03-22 21:34:00,2908.6555,2913.8765,2906.9595,2912.5415
2026-03-22 21:35:00,2912.4835,2923.2395,2911.5615,2922.9985
2026-03-22 21:36:00,2922.1835,2926.8325,2921.1645,2922.8515
2026-03-22 21:37:00,2922.7275,2929.8215,2920.0195,2920.5095
2026-03-22 21:38:00,2920.5405,2926.3965,2917.2165,2925.5815
2026-03-22 21:39:00,2926.0045,2926.0045,2916.8275,2924.3285
2026-03-22 21:40:00,2924.1435,2927.7645,2919.7045,2925.8165
2026-03-22 21:41:00,2925.8335,2925.8945,2917.5955,2921.1045
2026-03-22 21:42:00,2921.2705,2923.9155,2917.0275,2923.4695
2026-03-22 21:43:00,2923.2795,2923.2795,2911.3605,2913.0785
2026-03-22 21:44:00,2913.0205,2918.7515,2909.1805,2918.7515
2026-03-22 21:45:00,2918.7475,2920.6355,2915.6595,2920.0555
2026-03-22 21:46:00,2919.9795,2923.2945,2914.0075,2920.7275
2026-03-22 21:47:00,2920.8805,2928.5635,2920.2455,2926.2885
2026-03-22 21:48:00,2926.0985,2928.0255,2919.7915,2920.2525
2026-03-22 21:49:00,2920.2555,2920.5015,2913.4865,2914.4785
2026-03-22 21:50:00,2914.8065,2918.6025,2913.1525,2917.7085
2026-03-22 21:51:00,2918.0865,2929.2135,2916.2755,2929.0275
2026-03-22 21:52:00,2929.0285,2930.2775,2923.6625,2930.1285
2026-03-22 21:53:00,2930.3185,2941.3865,2930.1355,2937.2885
2026-03-22 21:54:00,2937.5145,2942.2205,2937.5125,2937.9585
2026-03-22 21:55:00,2937.9615,2944.3945,2931.3515,2943.6745
2026-03-22 21:56:00,2943.5965,2944.1365,2932.7485,2936.9295
2026-03-22 21:57:00,2937.1535,2945.2195,2934.2205,2941.5425
2026-03-22 21:58:00,2941.5435,2947.4435,2940.4675,2945.1715
2026-03-22 21:59:00,2945.1685,2953.2895,2944.2005,2953.2895
2026-03-22 22:00:00,2953.4555,2964.6145,2953.4555,2962.9375
2026-03-22 22:01:00,2963.0595,2965.4465,2955.5705,2955.5705
2026-03-22 22:02:00,2956.3845,2959.1575,2950.8865,2951.7075
2026-03-22 22:03:00,2951.7495,2954.9685,2945.3775,2952.9135
2026-03-22 22:04:00,2953.0805,2961.7875,2944.5435,2945.7185
2026-03-22 22:05:00,2945.7665,2950.3505,2942.8095,2944.7455
2026-03-22 22:06:00,2945.7155,2950.3535,2945.1315,2948.2885
2026-03-22 22:07:00,2948.3805,2948.3805,2932.7425,2937.5055
2026-03-22 22:08:00,2938.2235,2951.7185,2938.1705,2949.4465
2026-03-22 22:09:00,2949.1895,2949.1895,2939.1155,2939.1155
2026-03-22 22:10:00,2939.1125,2939.5605,2927.7745,2930.6805
2026-03-22 22:11:00,2930.6815,2933.5695,2924.5135,2924.7125
2026-03-22 22:12:00,2924.6445,2927.5375,2920.6645,2921.2135
2026-03-22 22:13:00,2921.1465,2935.6495,2920.9005,2930.5205
2026-03-22 22:14:00,2930.4615,2931.2245,2926.8745,2926.9435
2026-03-22 22:15:00,2926.8655,2930.7165,2925.9675,2926.9355
2026-03-22 22:16:00,2927.5575,2930.9425,2926.0435,2929.1765
2026-03-22 22:17:00,2930.6305,2938.3365,2930.0545,2935.4935
2026-03-22 22:18:00,2935.4925,2936.9715,2926.5805,2929.6885
2026-03-22 22:19:00,2929.6935,2929.6935,2918.0905,2919.7635
2026-03-22 22:20:00,2919.8865,2920.0675,2911.7455,2913.8625
2026-03-22 22:21:00,2913.8005,2928.2135,2911.3525,2928.2135
2026-03-22 22:22:00,2928.2125,2931.7125,2925.5275,2926.2215
2026-03-22 22:23:00,2926.2245,2930.7635,2925.2755,2925.9935
2026-03-22 22:24:00,2926.4415,2933.1135,2923.7845,2931.3045
2026-03-22 22:25:00,2931.3065,2937.1215,2926.5315,2932.6575
2026-03-22 22:26:00,2930.8175,2934.5335,2927.3945,2934.2425
2026-03-22 22:27:00,2934.4035,2939.5735,2930.3015,2931.6435
2026-03-22 22:28:00,2931.6975,2933.4045,2928.7295,2932.4165
2026-03-22 22:29:00,2932.2845,2938.4605,2929.7715,2938.4605
2026-03-22 22:30:00,2938.3995,2941.2475,2936.0125,2939.4905
2026-03-22 22:31:00,2939.3725,2944.4725,2937.9325,2939.4105
2026-03-22 22:32:00,2939.3505,2942.6365,2937.4245,2939.6245
2026-03-22 22:33:00,2939.6275,2941.8365,2935.5125,2939.7975
2026-03-22 22:34:00,2938.6885,2954.4335,2936.8585,2952.6905
2026-03-22 22:35:00,2952.6865,2961.5025,2951.3455,2961.5025
2026-03-22 22:36:00,2961.5045,2961.5855,2954.5375,2959.5085
2026-03-22 22:37:00,2959.0455,2971.5505,2958.9845,2968.7715
2026-03-22 22:38:00,2968.6255,2982.1255,2967.6065,2981.9895
2026-03-22 22:39:00,2981.9855,2986.2665,2981.0745,2985.1515
2026-03-22 22:40:00,2985.0075,2988.3185,2971.3425,2971.5065
2026-03-22 22:41:00,2971.5105,2972.2895,2960.9865,2966.1285
2026-03-22 22:42:00,2966.0705,2967.0985,2960.5435,2965.8415
2026-03-22 22:43:00,2965.8385,2973.2145,2962.0845,2967.4205
2026-03-22 22:44:00,2967.7385,2968.8395,2963.1415,2963.2275
2026-03-22 22:45:00,2963.1065,2963.6055,2958.6325,2961.0795
2026-03-22 22:46:00,2960.9575,2966.9415,2959.3675,2962.1745
2026-03-22 22:47:00,2962.1725,2967.5285,2958.8575,2960.2305
2026-03-22 22:48:00,2960.2265,2962.4735,2954.7225,2962.1435
2026-03-22 22:49:00,2962.2765,2966.1895,2960.9475,2962.2515
2026-03-22 22:50:00,2962.1235,2962.4085,2955.2415,2955.4175
2026-03-22 22:51:00,2955.4185,2959.4395,2954.1205,2956.8925
2026-03-22 22:52:00,2956.9565,2960.7495,2953.6225,2956.3565
2026-03-22 22:53:00,2956.2845,2964.7005,2955.6475,2961.4455
2026-03-22 22:54:00,2961.5065,2969.4705,2958.5595,2968.6385
2026-03-22 22:55:00,2968.6395,2978.2385,2966.9825,2977.9985
2026-03-22 22:56:00,2978.0005,2979.5005,2971.3595,2979.4355
2026-03-22 22:57:00,2979.0025,2985.6895,2977.1025,2984.8785
2026-03-22 22:58:00,2984.7515,2984.7515,2978.0465,2978.3415
2026-03-22 22:59:00,2978.3365,2979.5735,2964.5345,2964.5345
2026-03-22 23:00:00,2964.4715,2970.4105,2958.0835,2958.0835
2026-03-22 23:01:00,2958.0845,2962.4775,2956.6995,2961.5235
2026-03-22 23:02:00,2961.3975,2961.7135,2951.6835,2952.4045
2026-03-22 23:03:00,2952.5375,2953.9115,2947.9525,2950.7465
2026-03-22 23:04:00,2950.9065,2952.8395,2940.1455,2940.1455
2026-03-22 23:05:00,2938.8545,2940.2305,2931.9995,2931.9995
2026-03-22 23:06:00,2931.5305,2937.1245,2926.4495,2937.0005
2026-03-22 23:07:00,2936.7145,2938.8575,2929.5715,2929.5715
2026-03-22 23:08:00,2929.6965,2930.5415,2925.7135,2927.4705
2026-03-22 23:09:00,2927.5295,2935.1575,2927.4735,2933.7955
2026-03-22 23:10:00,2934.1005,2936.0505,2924.4375,2924.4375
2026-03-22 23:11:00,2924.5885,2926.4725,2918.9075,2921.7965
2026-03-22 23:12:00,2921.7325,2922.7325,2915.0395,2916.8655
2026-03-22 23:13:00,2916.9425,2924.7055,2915.6725,2921.7765
2026-03-22 23:14:00,2921.7795,2925.8765,2915.9325,2917.1915
2026-03-22 23:15:00,2917.1205,2917.1205,2900.6255,2902.3835
2026-03-22 23:16:00,2902.3855,2902.3855,2886.9365,2890.3565
2026-03-22 23:17:00,2888.8415,2895.1295,2884.6535,2892.1355
2026-03-22 23:18:00,2892.0605,2896.6045,2891.6665,2892.4545
2026-03-22 23:19:00,2892.4525,2895.6185,2889.5955,2893.6605
2026-03-22 23:20:00,2893.6585,2893.6605,2881.1475,2885.7985
2026-03-22 23:21:00,2885.9855,2894.3795,2885.9105,2889.2765
2026-03-22 23:22:00,2889.2775,2895.9025,2886.5615,2886.6565
2026-03-22 23:23:00,2886.6525,2887.7325,2882.4795,2885.0865
2026-03-22 23:24:00,2885.0875,2895.2595,2882.0055,2893.5515
2026-03-22 23:25:00,2893.5505,2894.1145,2883.6115,2888.8095
2026-03-22 23:26:00,2888.8125,2905.0595,2886.2605,2905.0315
2026-03-22 23:27:00,2906.4795,2910.7115,2901.2615,2902.6715
2026-03-22 23:28:00,2902.7345,2903.1835,2896.9655,2900.3825
2026-03-22 23:29:00,2900.5115,2902.3205,2895.1155,2896.1325
2026-03-22 23:30:00,2896.1295,2900.0605,2892.2235,2892.3795
2026-03-22 23:31:00,2892.5405,2895.6585,2881.7245,2883.1645
2026-03-22 23:32:00,2883.1625,2892.7375,2883.1625,2891.1395
2026-03-22 23:33:00,2891.1445,2896.7215,2890.1995,2895.3795
2026-03-22 23:34:00,2895.2565,2896.1045,2888.7775,2891.5545
2026-03-22 23:35:00,2891.1145,2893.0065,2885.5405,2886.1025
2026-03-22 23:36:00,2886.5475,2889.5325,2878.0945,2880.3035
2026-03-22 23:37:00,2880.3015,2886.7235,2879.7085,2882.0875
2026-03-22 23:38:00,2882.0865,2882.7735,2870.9725,2873.4065
2026-03-22 23:39:00,2873.1795,2877.6975,2866.7885,2876.7575
2026-03-22 23:40:00,2876.7595,2879.5935,2869.2395,2870.4315
2026-03-22 23:41:00,2870.4345,2874.8985,2866.5865,2868.3975
2026-03-22 23:42:00,2869.0455,2876.7945,2866.8705,2876.3395
2026-03-22 23:43:00,2876.3445,2882.1105,2874.1865,2878.5595
2026-03-22 23:44:00,2878.5625,2881.4765,2870.1845,2871.8195
2026-03-22 23:45:00,2871.8175,2871.8175,2859.6035,2866.5935
2026-03-22 23:46:00,2866.5915,2868.2035,2855.1805,2861.4515
2026-03-22 23:47:00,2861.4495,2868.0195,2860.3655,2867.4915
2026-03-22 23:48:00,2867.3725,2871.6545,2866.3805,2871.6545
2026-03-22 23:49:00,2871.6525,2874.4175,2867.6765,2872.8955
2026-03-22 23:50:00,2872.8965,2873.0985,2864.7995,2867.5495
2026-03-22 23:51:00,2867.4905,2876.4305,2864.4125,2874.5655
2026-03-22 23:52:00,2874.5635,2879.9195,2872.1735,2875.6635
2026-03-22 23:53:00,2875.7205,2880.5955,2873.0455,2877.5065
2026-03-22 23:54:00,2874.3085,2878.2455,2872.5515,2877.2865
2026-03-22 23:55:00,2877.2815,2877.2815,2866.7825,2872.5785
2026-03-22 23:56:00,2872.5775,2878.1075,2871.0435,2874.2815
2026-03-22 23:57:00,2874.2935,2877.0535,2864.6255,2869.5225
2026-03-22 23:58:00,2869.4225,2869.4665,2853.4615,2854.9305
2026-03-22 23:59:00,2854.8625,2855.3015,2842.1825,2843.2935
2026-03-23 00:00:00,2844.3415,2844.3415,2836.5815,2837.3165
2026-03-23 00:01:00,2837.2645,2837.4575,2828.9525,2829.2605
2026-03-23 00:02:00,2829.1705,2833.3315,2826.7095,2827.6825
2026-03-23 00:03:00,2828.2125,2829.8545,2818.1755,2818.9635
2026-03-23 00:04:00,2818.8495,2829.2975,2817.9455,2829.2975
2026-03-23 00:05:00,2829.3755,2835.1685,2826.3515,2834.0165
2026-03-23 00:06:00,2833.6285,2833.6285,2825.9785,2830.1235
2026-03-23 00:07:00,2830.1275,2838.4945,2826.6695,2832.9055
2026-03-23 00:08:00,2832.5395,2839.4715,2831.9875,2835.6455
2026-03-23 00:09:00,2835.6495,2838.8405,2823.4745,2823.4745
2026-03-23 00:10:00,2823.2555,2826.3235,2815.1585,2816.2435
2026-03-23 00:11:00,2816.5845,2819.9465,2809.8545,2819.8475
2026-03-23 00:12:00,2822.0325,2835.3385,2821.6755,2829.2145
2026-03-23 00:13:00,2829.2305,2835.5175,2826.7375,2834.9795
2026-03-23 00:14:00,2834.9765,2840.0515,2832.3555,2840.0485
2026-03-23 00:15:00,2840.0195,2840.4345,2831.9065,2832.2195
2026-03-23 00:16:00,2832.7545,2844.1545,2832.7545,2841.3555
2026-03-23 00:17:00,2841.6505,2841.8175,2836.5165,2838.4115
2026-03-23 00:18:00,2838.4075,2844.2935,2835.8075,2840.2335
2026-03-23 00:19:00,2840.3065,2843.6465,2837.6365,2839.3685
2026-03-23 00:20:00,2839.0625,2841.6535,2831.8335,2834.1385
2026-03-23 00:21:00,2834.2655,2836.0165,2826.4015,2828.3945
2026-03-23 00:22:00,2828.2145,2829.0035,2819.3075,2820.6615
2026-03-23 00:23:00,2820.6655,2820.8395,2810.7255,2813.0605
2026-03-23 00:24:00,2812.9955,2814.0985,2804.8835,2811.9995
2026-03-23 00:25:00,2812.2255,2816.9655,2807.2135,2808.2115
2026-03-23 00:26:00,2808.2075,2808.5255,2798.4925,2799.1525
2026-03-23 00:27:00,2799.2685,2809.0315,2798.6595,2808.8845
2026-03-23 00:28:00,2808.9405,2808.9405,2802.9435,2805.2865
2026-03-23 00:29:00,2805.1665,2805.1665,2797.6575,2800.3205
2026-03-23 00:30:00,2800.3245,2801.5315,2795.5745,2795.7975
2026-03-23 00:31:00,2795.7985,2803.2255,2794.5365,2802.1715
2026-03-23 00:32:00,2802.1705,2802.9265,2797.2055,2797.9545
2026-03-23 00:33:00,2797.7165,2797.7165,2784.9835,2791.7845
2026-03-23 00:34:00,2791.7835,2797.9415,2791.6645,2796.2005
2026-03-23 00:35:00,2796.3485,2806.0895,2795.6065,2803.1315
2026-03-23 00:36:00,2803.0745,2804.5425,2799.0705,2800.3985
2026-03-23 00:37:00,2800.3995,2800.8855,2788.5915,2788.8305
2026-03-23 00:38:00,2788.8355,2792.5865,2786.3395,2789.7645
2026-03-23 00:39:00,2789.5845,2791.5855,2784.4575,2788.2715
2026-03-23 00:40:00,2788.2755,2792.6685,2785.5615,2787.5185
2026-03-23 00:41:00,2787.5195,2787.6965,2782.2485,2782.2485
2026-03-23 00:42:00,2782.3855,2782.4995,2776.1845,2781.6195
2026-03-23 00:43:00,2781.5565,2785.1575,2775.1215,2781.9085
2026-03-23 00:44:00,2782.1815,2782.1815,2776.8955,2779.2675
2026-03-23 00:45:00,2779.1485,2786.2565,2777.7175,2785.6865
2026-03-23 00:46:00,2785.1665,2793.0695,2784.2365,2784.5565
2026-03-23 00:47:00,2781.2705,2790.0195,2780.5255,2787.7385
2026-03-23 00:48:00,2787.5615,2797.0895,2785.0575,2797.0345
2026-03-23 00:49:00,2796.8535,2798.4675,2785.5895,2788.3525
2026-03-23 00:50:00,2788.3505,2805.2045,2787.4935,2805.2045
2026-03-23 00:51:00,2805.2685,2811.7975,2803.4815,2810.0685
2026-03-23 00:52:00,2809.9405,2814.4365,2803.8655,2814.1065
2026-03-23 00:53:00,2814.1045,2814.6005,2801.4915,2801.9735
2026-03-23 00:54:00,2802.0955,2806.1595,2801.9705,2803.4545
2026-03-23 00:55:00,2802.6785,2803.2465,2799.7865,2800.8765
2026-03-23 00:56:00,2800.6605,2810.1975,2800.6605,2810.1425
2026-03-23 00:57:00,2810.7855,2811.8975,2803.1585,2804.0295
2026-03-23 00:58:00,2804.0335,2808.0375,2800.3875,2808.0375
2026-03-23 00:59:00,2808.4785,2813.0235,2805.3025,2812.7685
2026-03-23 01:00:00,2812.9475,2815.6865,2810.8795,2812.2335
2026-03-23 01:01:00,2812.2305,2818.0515,2811.2165,2812.0295
2026-03-23 01:02:00,2812.0305,2813.0785,2800.5505,2804.1705
2026-03-23 01:03:00,2804.1735,2804.4485,2794.9885,2795.3665
2026-03-23 01:04:00,2795.3635,2804.2385,2794.4995,2803.9825
2026-03-23 01:10:00,2803.9825,2873.4275,2803.9825,2872.3195
2026-03-23 01:11:00,2872.3765,2872.4265,2863.6465,2868.6235
2026-03-23 01:12:00,2868.5475,2869.0525,2857.5405,2859.3205
2026-03-23 01:13:00,2859.3235,2866.1815,2857.3595,2865.6855
2026-03-23 01:14:00,2865.7475,2868.2575,2858.7405,2865.8035
2026-03-23 01:15:00,2865.7985,2866.2665,2857.7965,2857.7965
2026-03-23 01:16:00,2857.7975,2859.5805,2850.7425,2852.6815
2026-03-23 01:17:00,2852.7525,2854.4945,2848.1415,2849.6095
2026-03-23 01:18:00,2849.6135,2855.7805,2849.6115,2855.5795
2026-03-23 01:19:00,2855.5775,2856.9925,2848.1575,2848.7495
2026-03-23 01:20:00,2848.6665,2855.1655,2846.3135,2854.2155
2026-03-23 01:21:00,2853.9165,2864.1185,2853.9165,2861.6565
2026-03-23 01:22:00,2861.6515,2862.4945,2856.5705,2862.2585
2026-03-23 01:23:00,2862.2605,2866.0255,2861.6925,2863.6085
2026-03-23 01:24:00,2863.7235,2872.6285,2862.9465,2872.2765
2026-03-23 01:25:00,2872.2745,2875.1555,2868.2705,2870.2715
2026-03-23 01:26:00,2870.2755,2874.5565,2868.0345,2872.1585
2026-03-23 01:27:00,2872.1615,2874.0665,2867.5025,2872.3895
2026-03-23 01:28:00,2872.3885,2876.2825,2867.2425,2874.2685
2026-03-23 01:29:00,2872.9445,2878.8435,2870.4165,2876.4635
2026-03-23 01:30:00,2876.4165,2893.1795,2875.8975,2892.5275
2026-03-23 01:31:00,2892.5255,2894.5115,2889.7595,2889.8445
2026-03-23 01:32:00,2889.7295,2889.7295,2873.0765,2873.1545
2026-03-23 01:33:00,2873.3795,2874.7945,2865.6605,2865.6615
2026-03-23 01:34:00,2865.6575,2869.6065,2861.5565,2864.0505
2026-03-23 01:35:00,2863.9005,2869.4865,2863.8265,2867.3455
2026-03-23 01:36:00,2867.2835,2872.6495,2865.9195,2871.5435
2026-03-23 01:37:00,2870.6635,2871.4195,2853.7375,2858.4395
2026-03-23 01:38:00,2858.5075,2865.3925,2858.0675,2865.0145
2026-03-23 01:39:00,2865.3185,2868.2795,2863.2425,2867.3105
2026-03-23 01:40:00,2867.3065,2869.6445,2862.3475,2862.3475
2026-03-23 01:41:00,2862.4665,2870.0075,2861.0155,2867.2625
2026-03-23 01:42:00,2867.4145,2867.5775,2859.5485,2860.4765
2026-03-23 01:43:00,2860.4795,2867.0875,2860.4795,2865.9615
2026-03-23 01:44:00,2865.9655,2872.5325,2865.5905,2868.5735
2026-03-23 01:45:00,2868.5745,2875.8855,2865.7105,2871.0925
2026-03-23 01:46:00,2871.0935,2884.3885,2871.0935,2884.0115
2026-03-23 01:47:00,2884.2815,2893.6035,2882.0035,2893.1715
2026-03-23 01:48:00,2893.1685,2894.7465,2889.6345,2892.0955
2026-03-23 01:49:00,2892.3155,2892.3175,2877.2815,2878.4875
2026-03-23 01:50:00,2878.7915,2880.2555,2875.5245,2879.7215
2026-03-23 01:51:00,2879.8815,2887.7615,2879.6675,2882.9605
2026-03-23 01:52:00,2882.8135,2895.2125,2882.8105,2887.0315
2026-03-23 01:53:00,2887.1635,2888.6445,2882.3675,2882.5755
2026-03-23 01:54:00,2883.1345,2889.8525,2881.4545,2882.4885
2026-03-23 01:55:00,2883.3485,2891.4545,2882.4265,2891.1465
2026-03-23 01:56:00,2891.2295,2895.9515,2887.1825,2893.6385
2026-03-23 01:57:00,2893.6345,2895.1375,2879.8755,2879.9415
2026-03-23 01:58:00,2879.9375,2882.8335,2877.1815,2879.8115
2026-03-23 01:59:00,2879.9955,2882.7395,2876.9885,2877.5715
2026-03-23 02:00:00,2877.5705,2879.0425,2870.2355,2872.4945
2026-03-23 02:01:00,2872.4935,2878.2685,2871.8725,2877.4345
2026-03-23 02:02:00,2877.4565,2879.3405,2873.1445,2875.3505
2026-03-23 02:03:00,2875.3535,2882.3185,2869.4255,2869.8295
2026-03-23 02:04:00,2869.7775,2872.9365,2863.7405,2868.4185
2026-03-23 02:05:00,2868.4195,2886.1575,2868.1895,2881.7015
2026-03-23 02:06:00,2881.9455,2883.2285,2873.5005,2874.0765
2026-03-23 02:07:00,2873.8325,2874.2035,2864.4685,2870.8205
2026-03-23 02:08:00,2870.8215,2871.1925,2864.3155,2865.6345
2026-03-23 02:09:00,2865.6955,2874.1355,2865.5735,2874.1325
2026-03-23 02:10:00,2874.1365,2874.5465,2863.2765,2863.2765
2026-03-23 02:11:00,2863.2755,2875.9945,2863.2745,2875.0755
2026-03-23 02:12:00,2875.0715,2879.8555,2873.1825,2878.8005
2026-03-23 02:13:00,2878.9235,2885.7235,2877.1005,2879.5615
2026-03-23 02:14:00,2880.2735,2892.9465,2879.2545,2889.9755
2026-03-23 02:15:00,2889.9105,2901.0245,2889.2175,2900.2995
2026-03-23 02:16:00,2900.2985,2905.0025,2897.2775,2899.7475
2026-03-23 02:17:00,2899.7505,2903.7625,2897.7915,2900.7945
2026-03-23 02:18:00,2900.6715,2911.4155,2896.6645,2908.3795
2026-03-23 02:19:00,2908.6025,2913.7285,2906.7585,2910.2955
2026-03-23 02:20:00,2910.5435,2914.4395,2906.0455,2913.1675
2026-03-23 02:21:00,2913.0515,2913.4315,2900.8505,2905.5815
2026-03-23 02:22:00,2905.5245,2913.9115,2903.9885,2910.0685
2026-03-23 02:23:00,2910.0725,2911.3715,2904.4715,2905.7975
2026-03-23 02:24:00,2905.7955,2908.7405,2899.3985,2899.5205
2026-03-23 02:25:00,2899.5225,2902.0025,2893.5515,2897.8155
2026-03-23 02:26:00,2897.8135,2897.8135,2889.6905,2893.6685
2026-03-23 02:27:00,2894.1245,2894.7855,2888.8025,2890.5495
2026-03-23 02:28:00,2890.5515,2900.9615,2890.5515,2900.9615
2026-03-23 02:29:00,2901.5305,2903.9505,2898.7825,2901.9575
2026-03-23 02:30:00,2901.9545,2906.6795,2900.6535,2905.8065
2026-03-23 02:31:00,2905.8075,2905.9595,2897.3925,2902.5975
2026-03-23 02:32:00,2902.0615,2906.2495,2896.5965,2900.1835
2026-03-23 02:33:00,2900.1825,2900.4345,2889.2175,2889.3435
2026-03-23 02:34:00,2890.8345,2892.1965,2883.4055,2886.9865
2026-03-23 02:35:00,2887.1075,2893.8925,2886.4935,2892.1455
2026-03-23 02:36:00,2891.5335,2894.3655,2879.6745,2879.6775
2026-03-23 02:37:00,2880.2755,2881.6015,2874.9975,2880.1145
2026-03-23 02:38:00,2880.1105,2880.3575,2874.1565,2875.7695
2026-03-23 02:39:00,2877.7925,2879.3505,2871.3345,2878.3445
2026-03-23 02:40:00,2878.4055,2879.7885,2869.8275,2875.3655
2026-03-23 02:41:00,2875.4265,2877.2025,2868.1635,2871.9115
2026-03-23 02:42:00,2871.9165,2872.5245,2866.7715,2871.9715
2026-03-23 02:43:00,2871.1995,2871.3755,2853.7145,2854.4175
2026-03-23 02:44:00,2854.9065,2862.7025,2854.1165,2857.2645
2026-03-23 02:45:00,2857.2675,2863.7855,2856.2025,2861.5355
2026-03-23 02:46:00,2861.6945,2869.0805,2860.4905,2865.1825
2026-03-23 02:47:00,2864.6205,2876.2715,2864.5395,2875.8365
2026-03-23 02:48:00,2874.9935,2877.0705,2871.8235,2874.2655
2026-03-23 02:49:00,2874.3275,2874.6635,2860.4725,2863.4615
2026-03-23 02:50:00,2863.3465,2879.9125,2863.1675,2874.7215
2026-03-23 02:51:00,2874.7255,2888.5205,2872.9055,2886.3635
2026-03-23 02:52:00,2885.8465,2885.9945,2878.9255,2880.7745
2026-03-23 02:53:00,2880.5155,2882.4325,2877.0835,2880.2875
2026-03-23 02:54:00,2880.4105,2880.4785,2869.3015,2871.1975
2026-03-23 02:55:00,2871.0145,2883.7515,2871.0145,2883.7515
2026-03-23 02:56:00,2884.6995,2892.8505,2884.0175,2891.4835
2026-03-23 02:57:00,2891.6445,2891.9095,2882.8225,2885.0255
2026-03-23 02:58:00,2885.6825,2888.2915,2882.2975,2884.9575
2026-03-23 02:59:00,2885.0095,2890.3485,2884.3755,2884.8065
2026-03-23 03:00:00,2884.7425,2887.6295,2880.0125,2881.6365
2026-03-23 03:01:00,2881.6405,2888.3025,2877.7235,2886.5285
2026-03-23 03:02:00,2886.5255,2892.9085,2883.6805,2892.8505
2026-03-23 03:03:00,2892.8535,2897.4945,2889.3125,2895.5065
2026-03-23 03:04:00,2894.5535,2896.6815,2887.2435,2887.2435
2026-03-23 03:05:00,2887.5415,2887.7595,2880.7695,2883.2855
2026-03-23 03:06:00,2883.3475,2891.6175,2883.2185,2885.1585
2026-03-23 03:07:00,2885.0845,2888.6385,2882.2255,2882.3115
2026-03-23 03:08:00,2882.4285,2888.7525,2881.1875,2887.2135
2026-03-23 03:09:00,2887.2835,2891.5355,2886.4995,2890.8165
2026-03-23 03:10:00,2891.0405,2896.0795,2889.3615,2892.8555
2026-03-23 03:11:00,2892.8505,2892.9115,2881.3075,2882.0545
2026-03-23 03:12:00,2882.2345,2899.5965,2881.2815,2899.5965
2026-03-23 03:13:00,2899.6015,2903.3995,2891.6815,2897.5325
2026-03-23 03:14:00,2897.5295,2898.3445,2890.5635,2892.7095
2026-03-23 03:15:00,2892.7065,2896.3425,2885.8955,2889.1385
2026-03-23 03:16:00,2889.1415,2894.6785,2888.2825,2889.7595
2026-03-23 03:17:00,2889.8855,2902.9515,2889.0485,2902.8755
2026-03-23 03:18:00,2902.9355,2902.9355,2891.0945,2893.2675
2026-03-23 03:19:00,2893.3255,2893.4085,2886.2545,2887.0165
2026-03-23 03:20:00,2886.9545,2896.4375,2886.2345,2894.8275
2026-03-23 03:21:00,2896.0895,2899.9985,2893.5895,2898.9565
2026-03-23 03:22:00,2898.7125,2900.1515,2893.8855,2894.0105
2026-03-23 03:23:00,2894.0145,2894.2215,2882.8445,2888.0265
2026-03-23 03:24:00,2887.9495,2894.8105,2886.9425,2893.1235
2026-03-23 03:25:00,2893.2625,2893.2625,2887.4155,2889.4175
2026-03-23 03:26:00,2890.2765,2898.2195,2890.2765,2897.0845
2026-03-23 03:27:00,2897.1375,2903.0605,2896.5365,2901.6945
2026-03-23 03:28:00,2901.6355,2909.8995,2900.8775,2906.8475
2026-03-23 03:29:00,2906.8485,2909.5335,2905.5185,2905.8155
2026-03-23 03:30:00,2905.8105,2912.0325,2902.8725,2908.0265
2026-03-23 03:31:00,2908.0315,2912.6695,2907.2055,2909.5315
2026-03-23 03:32:00,2909.5295,2910.7685,2902.9395,2906.4755
2026-03-23 03:33:00,2906.3145,2916.7925,2906.1885,2912.4755
2026-03-23 03:34:00,2912.6245,2913.1385,2905.9415,2907.5795
2026-03-23 03:35:00,2907.5825,2907.5825,2895.1635,2898.6765
2026-03-23 03:36:00,2898.1325,2900.7395,2896.6985,2898.1975
2026-03-23 03:37:00,2897.6555,2898.7315,2889.4535,2890.5285
2026-03-23 03:38:00,2890.2195,2892.6945,2885.0275,2889.2755
2026-03-23 03:39:00,2889.1555,2892.0265,2885.7945,2888.5905
2026-03-23 03:40:00,2888.5295,2892.3825,2886.9205,2890.5335
2026-03-23 03:41:00,2890.4235,2893.2305,2888.5445,2889.4285
2026-03-23 03:42:00,2889.0235,2900.4755,2884.6515,2900.4755
2026-03-23 03:43:00,2900.4715,2903.5145,2898.9305,2901.7535
2026-03-23 03:44:00,2901.7515,2902.1185,2892.6545,2892.9255
2026-03-23 03:45:00,2893.2895,2898.7655,2892.6395,2892.9425
2026-03-23 03:46:00,2892.9435,2896.7495,2888.4695,2896.7495
2026-03-23 03:47:00,2896.9035,2897.0995,2889.0765,2894.9025
2026-03-23 03:48:00,2894.9015,2897.6055,2891.5475,2896.8055
2026-03-23 03:49:00,2896.8645,2898.4395,2892.7545,2894.8655
2026-03-23 03:50:00,2894.8065,2897.7145,2891.5695,2894.8435
2026-03-23 03:51:00,2894.7205,2902.5345,2894.6025,2898.0465
2026-03-23 03:52:00,2898.0435,2902.7395,2897.5855,2902.7395
2026-03-23 03:53:00,2902.7445,2902.8955,2894.5765,2896.7165
2026-03-23 03:54:00,2896.7185,2900.7805,2894.5855,2896.7955
2026-03-23 03:55:00,2896.8485,2904.5415,2896.8485,2902.8085
2026-03-23 03:56:00,2902.8105,2903.2025,2887.3625,2887.8265
2026-03-23 03:57:00,2888.7975,2891.7335,2885.7025,2888.5055
2026-03-23 03:58:00,2888.5005,2889.3445,2876.6925,2882.9805
2026-03-23 03:59:00,2882.9765,2883.7715,2877.4975,2881.0585
2026-03-23 04:00:00,2880.5675,2893.5575,2877.0265,2893.5575
2026-03-23 04:01:00,2893.5585,2899.3985,2890.5915,2899.1435
2026-03-23 04:02:00,2899.0225,2904.4505,2898.3085,2903.7915
2026-03-23 04:03:00,2903.7945,2904.5765,2900.9945,2902.1435
2026-03-23 04:04:00,2902.4645,2903.9325,2893.0145,2894.5775
2026-03-23 04:05:00,2894.5735,2897.0725,2891.6085,2897.0725
2026-03-23 04:06:00,2897.0755,2904.2545,2894.7875,2904.2545
2026-03-23 04:07:00,2903.8015,2907.0685,2891.9895,2894.4325
2026-03-23 04:08:00,2894.0045,2899.7435,2891.8045,2898.3905
2026-03-23 04:09:00,2898.3865,2905.2925,2896.3855,2904.1005
2026-03-23 04:10:00,2904.0965,2913.6285,2904.0945,2913.1905
2026-03-23 04:11:00,2913.2445,2919.7315,2908.6965,2909.6725
2026-03-23 04:12:00,2909.8215,2910.0115,2903.1285,2904.5605
2026-03-23 04:13:00,2905.4455,2906.2835,2900.7545,2903.6005
2026-03-23 04:14:00,2903.4525,2908.4625,2900.6385,2903.2205
2026-03-23 04:15:00,2903.2245,2906.8575,2901.7575,2905.0455
2026-03-23 04:16:00,2904.9575,2910.8245,2904.2075,2906.1435
2026-03-23 04:17:00,2906.1475,2918.0835,2906.1475,2916.0585
2026-03-23 04:18:00,2916.0625,2916.2415,2910.3505,2911.4875
2026-03-23 04:19:00,2911.4245,2912.0785,2902.1045,2902.1045
2026-03-23 04:20:00,2901.6225,2909.5025,2900.1855,2905.3975
2026-03-23 04:21:00,2905.1365,2911.9125,2900.4255,2911.7915
2026-03-23 04:22:00,2911.8555,2912.5825,2904.0615,2907.5575
2026-03-23 04:23:00,2907.5595,2921.6835,2906.5475,2921.0905
2026-03-23 04:24:00,2919.5005,2919.5005,2909.2575,2918.7655
2026-03-23 04:25:00,2918.7685,2919.3655,2909.8395,2914.9365
2026-03-23 04:26:00,2914.9355,2915.3885,2908.9625,2909.9215
2026-03-23 04:27:00,2909.9255,2909.9255,2901.2295,2901.3695
2026-03-23 04:28:00,2901.6985,2904.5235,2891.0435,2894.5905
2026-03-23 04:29:00,2894.6795,2904.9625,2893.9695,2904.4805
2026-03-23 04:30:00,2904.4755,2909.4305,2902.9085,2904.7465
2026-03-23 04:31:00,2904.7475,2916.7075,2904.7405,2909.9545
2026-03-23 04:32:00,2909.8295,2924.8475,2909.7065,2924.7635
2026-03-23 04:33:00,2924.7615,2924.7615,2920.2545,2922.0665
2026-03-23 04:34:00,2922.0675,2923.5675,2911.3965,2911.8925
2026-03-23 04:35:00,2911.8265,2912.8355,2901.7615,2902.3115
2026-03-23 04:36:00,2902.3105,2914.3995,2902.2045,2906.3145
2026-03-23 04:37:00,2905.6975,2912.1435,2905.3325,2906.5555
2026-03-23 04:38:00,2906.3365,2906.8835,2900.8885,2902.5295
2026-03-23 04:39:00,2902.4715,2905.3955,2897.1835,2897.7095
2026-03-23 04:40:00,2897.7045,2897.7045,2887.0975,2887.2425
2026-03-23 04:41:00,2887.3925,2894.0245,2885.0385,2894.0245
2026-03-23 04:42:00,2894.8945,2903.4715,2892.8315,2896.6305
2026-03-23 04:43:00,2896.9095,2904.2815,2895.7125,2898.3435
2026-03-23 04:44:00,2898.3475,2911.7735,2897.8815,2907.6575
2026-03-23 04:45:00,2907.0215,2914.5985,2904.0625,2912.4275
2026-03-23 04:46:00,2912.4835,2914.4635,2909.1095,2909.2175
2026-03-23 04:47:00,2909.2215,2916.6505,2908.5935,2916.6505
2026-03-23 04:48:00,2916.1015,2919.0835,2914.2945,2916.3595
2026-03-23 04:49:00,2916.3615,2916.3615,2902.7475,2904.1455
2026-03-23 04:50:00,2904.0795,2905.9545,2902.7075,2903.2815
2026-03-23 04:51:00,2903.1765,2903.8245,2895.5455,2903.6485
2026-03-23 04:52:00,2903.6495,2903.7115,2895.9305,2900.5265
2026-03-23 04:53:00,2900.4975,2903.1975,2896.1905,2902.1645
2026-03-23 04:54:00,2902.0975,2903.4735,2892.2595,2892.2665
2026-03-23 04:55:00,2891.5185,2893.0525,2882.3175,2886.4335
2026-03-23 04:56:00,2885.4055,2895.4945,2884.6785,2892.2125
2026-03-23 04:57:00,2892.2135,2892.5075,2884.1245,2884.1245
2026-03-23 04:58:00,2884.0625,2890.5575,2882.2305,2885.7815
2026-03-23 04:59:00,2885.3435,2888.8565,2882.4555,2882.4595
2026-03-23 05:00:00,2883.0095,2890.3195,2882.9675,2886.2715
2026-03-23 05:01:00,2885.6935,2900.4375,2885.6935,2899.0245
2026-03-23 05:02:00,2899.0195,2901.1985,2893.8645,2900.4155
2026-03-23 05:03:00,2900.4165,2901.3135,2897.2075,2898.4315
2026-03-23 05:04:00,2898.4925,2900.7675,2890.9615,2891.3885
2026-03-23 05:05:00,2891.3245,2894.3125,2889.0515,2893.6965
2026-03-23 05:06:00,2893.6395,2896.1965,2887.5795,2891.0125
2026-03-23 05:07:00,2891.0165,2892.2705,2881.6135,2887.4095
2026-03-23 05:08:00,2887.4575,2892.5775,2886.1545,2888.9775
2026-03-23 05:09:00,2889.0565,2897.8595,2888.2205,2897.0085
2026-03-23 05:10:00,2897.1285,2899.3885,2886.1115,2886.2625
2026-03-23 05:11:00,2885.9855,2895.0845,2883.1655,2893.8785
2026-03-23 05:12:00,2893.6415,2895.9805,2890.3605,2891.5675
2026-03-23 05:13:00,2890.6415,2890.8315,2884.6735,2885.1815
2026-03-23 05:14:00,2885.1835,2891.8915,2885.0185,2891.2645
2026-03-23 05:15:00,2891.1335,2898.0525,2888.7385,2897.9895
2026-03-23 05:16:00,2897.9945,2901.6335,2892.9485,2894.0955
2026-03-23 05:17:00,2895.5935,2896.7005,2885.8645,2886.6255
2026-03-23 05:18:00,2886.7055,2886.7055,2878.2385,2880.5705
2026-03-23 05:19:00,2880.4175,2880.4175,2868.4155,2869.5975
2026-03-23 05:20:00,2869.7035,2874.7565,2868.9215,2869.2765
2026-03-23 05:21:00,2869.2725,2869.2725,2859.1515,2860.6185
2026-03-23 05:22:00,2860.5565,2860.6895,2853.8635,2857.5675
2026-03-23 05:23:00,2857.5695,2857.6355,2850.2675,2852.0125
2026-03-23 05:24:00,2852.3095,2853.2585,2846.7185,2847.6425
2026-03-23 05:25:00,2847.4315,2849.0195,2835.1585,2836.2135
2026-03-23 05:26:00,2836.2175,2842.9975,2835.9165,2840.5905
2026-03-23 05:27:00,2840.4645,2840.7295,2828.2725,2831.2065
2026-03-23 05:28:00,2831.2055,2832.3005,2826.1465,2828.8145
2026-03-23 05:29:00,2828.8125,2832.8595,2826.4615,2828.2165
2026-03-23 05:30:00,2828.0215,2828.3485,2814.3025,2815.7145
2026-03-23 05:31:00,2815.7155,2817.4775,2809.8635,2811.6225
2026-03-23 05:32:00,2811.0945,2811.1215,2805.2015,2805.5065
2026-03-23 05:33:00,2806.5575,2811.4835,2803.2445,2811.4835
2026-03-23 05:34:00,2811.4125,2819.1205,2807.2985,2819.0595
2026-03-23 05:35:00,2819.0615,2822.7325,2815.4775,2818.7845
2026-03-23 05:36:00,2819.2365,2820.6315,2815.5065,2817.2915
2026-03-23 05:37:00,2817.2925,2822.1195,2817.2105,2820.0845
2026-03-23 05:38:00,2820.0825,2831.4195,2820.0825,2826.3145
2026-03-23 05:39:00,2826.6805,2830.3815,2816.7085,2819.3345
2026-03-23 05:40:00,2819.2745,2819.4045,2808.4885,2808.4885
2026-03-23 05:41:00,2808.7305,2810.8035,2804.2315,2804.5155
2026-03-23 05:42:00,2804.5175,2806.9615,2800.4975,2806.0665
2026-03-23 05:43:00,2806.0635,2811.0125,2803.8785,2807.7735
2026-03-23 05:44:00,2807.7775,2808.7165,2799.9035,2801.7205
2026-03-23 05:45:00,2801.7175,2810.6905,2800.6115,2810.2765
2026-03-23 05:46:00,2810.2725,2816.6165,2809.4255,2816.0645
2026-03-23 05:47:00,2815.8895,2822.2165,2815.5605,2818.0105
2026-03-23 05:48:00,2818.0155,2828.1675,2817.9395,2828.1675
2026-03-23 05:49:00,2827.1595,2842.1755,2826.2475,2840.3725
2026-03-23 05:50:00,2840.3765,2843.2885,2834.1965,2835.1615
2026-03-23 05:51:00,2835.1605,2839.7515,2831.4505,2838.4235
2026-03-23 05:52:00,2838.4195,2842.2825,2835.1225,2841.1835
2026-03-23 05:53:00,2841.1865,2844.1335,2839.5175,2841.4165
2026-03-23 05:54:00,2841.4205,2843.7995,2838.0825,2838.2155
2026-03-23 05:55:00,2838.2115,2846.7445,2838.2115,2846.4895
2026-03-23 05:56:00,2846.4865,2854.6675,2846.4215,2853.8435
2026-03-23 05:57:00,2853.8425,2853.8455,2847.5875,2850.1885
2026-03-23 05:58:00,2850.1895,2854.5715,2846.2095,2851.8935
2026-03-23 05:59:00,2851.7085,2853.9855,2849.7835,2849.7835
2026-03-23 06:00:00,2849.7845,2851.2965,2840.3615,2840.3615
2026-03-23 06:01:00,2840.3655,2845.4615,2839.5225,2843.6515
2026-03-23 06:02:00,2843.9405,2848.8855,2840.3255,2847.0375
2026-03-23 06:03:00,2847.1955,2851.6955,2846.6215,2847.2915
2026-03-23 06:04:00,2847.2885,2847.4635,2833.5745,2836.3355
2026-03-23 06:05:00,2837.4655,2840.1975,2832.1645,2832.5475
2026-03-23 06:06:00,2832.6685,2835.4555,2829.1825,2830.9125
2026-03-23 06:07:00,2830.9085,2832.1265,2826.8215,2827.3495
2026-03-23 06:08:00,2827.2955,2837.0945,2827.2955,2834.3645
2026-03-23 06:09:00,2834.9285,2843.7155,2832.9605,2843.7155
2026-03-23 06:10:00,2843.7195,2846.4595,2834.2405,2844.5985
2026-03-23 06:11:00,2844.6645,2855.0835,2844.4275,2854.4425
2026-03-23 06:12:00,2854.2885,2859.6985,2852.7815,2858.2705
2026-03-23 06:13:00,2858.0845,2865.8855,2854.1685,2864.7815
2026-03-23 06:14:00,2864.7795,2869.2355,2861.6035,2864.8605
2026-03-23 06:15:00,2864.8575,2865.1895,2856.7075,2858.1485
2026-03-23 06:16:00,2858.1525,2860.1915,2853.5005,2856.1255
2026-03-23 06:17:00,2856.1305,2865.7065,2856.0115,2865.3785
2026-03-23 06:18:00,2864.4005,2875.0675,2863.2885,2874.7365
2026-03-23 06:19:00,2874.7305,2876.9145,2865.1795,2867.4655
2026-03-23 06:20:00,2867.4625,2874.5735,2866.5955,2870.8595
2026-03-23 06:21:00,2870.8585,2874.3135,2862.4465,2865.4955
2026-03-23 06:22:00,2864.9925,2871.8275,2862.0355,2867.1915
2026-03-23 06:23:00,2867.3085,2870.9165,2862.2765,2870.9145
2026-03-23 06:24:00,2870.5445,2873.3985,2862.8625,2862.8625
2026-03-23 06:25:00,2862.9285,2862.9315,2852.3525,2856.2495
2026-03-23 06:26:00,2856.5685,2859.0635,2853.0485,2853.6105
2026-03-23 06:27:00,2853.6075,2857.3635,2847.1065,2855.1905
2026-03-23 06:28:00,2855.1865,2855.1865,2844.8395,2852.5955
2026-03-23 06:29:00,2852.8195,2862.2365,2852.2905,2859.7085
2026-03-23 06:30:00,2859.7125,2863.5965,2855.9345,2858.4855
2026-03-23 06:31:00,2858.4135,2860.5045,2852.4255,2852.9775
2026-03-23 06:32:00,2852.9745,2859.7825,2851.4105,2853.4025
2026-03-23 06:33:00,2853.3375,2864.5375,2851.2375,2863.2975
2026-03-23 06:34:00,2863.8865,2864.5655,2849.4575,2852.1875
2026-03-23 06:35:00,2852.1915,2855.7705,2850.1035,2852.4115
2026-03-23 06:36:00,2852.3595,2858.6995,2848.7075,2857.8615
2026-03-23 06:37:00,2857.8565,2864.2605,2855.4465,2863.9045
2026-03-23 06:38:00,2864.3845,2865.3335,2860.4115,2861.5805
2026-03-23 06:39:00,2861.5775,2868.3435,2861.3615,2864.8095
2026-03-23 06:40:00,2864.9385,2869.2025,2862.4745,2862.5185
2026-03-23 06:41:00,2862.6875,2870.1135,2862.1795,2866.4565
2026-03-23 06:42:00,2866.0395,2868.9925,2863.8695,2865.3535
2026-03-23 06:43:00,2865.2225,2865.4625,2859.3445,2861.0795
2026-03-23 06:44:00,2861.0785,2867.2445,2859.1245,2861.3855
2026-03-23 06:45:00,2861.3875,2861.3925,2851.6985,2858.4695
2026-03-23 06:46:00,2858.7325,2863.0935,2857.5735,2858.5545
2026-03-23 06:47:00,2858.5605,2858.6215,2849.1305,2849.1975
2026-03-23 06:48:00,2848.9445,2857.6705,2848.9445,2857.6675
2026-03-23 06:49:00,2857.7825,2863.2665,2851.5445,2853.3655
2026-03-23 06:50:00,2853.5545,2863.7635,2853.5545,2862.0875
2026-03-23 06:51:00,2862.0915,2865.6295,2860.1815,2861.3345
2026-03-23 06:52:00,2861.1585,2864.1855,2856.6545,2860.4655
2026-03-23 06:53:00,2860.5885,2862.6305,2857.3615,2859.7575
2026-03-23 06:54:00,2859.7525,2862.4275,2853.4985,2853.5005
2026-03-23 06:55:00,2853.5015,2855.4725,2848.8595,2850.3745
2026-03-23 06:56:00,2850.3705,2853.3265,2847.0015,2852.7145
2026-03-23 06:57:00,2852.7735,2856.1665,2850.8855,2856.1665
2026-03-23 06:58:00,2855.9615,2858.9995,2852.0155,2852.0545
2026-03-23 06:59:00,2852.0585,2856.4345,2850.7625,2852.1895
2026-03-23 07:00:00,2852.1905,2858.9875,2852.1905,2855.8855
2026-03-23 07:01:00,2855.7275,2860.4965,2853.0715,2859.3395
2026-03-23 07:02:00,2859.4125,2866.8155,2853.5595,2853.6295
2026-03-23 07:03:00,2853.3135,2854.8415,2844.2405,2844.2405
2026-03-23 07:04:00,2843.5155,2843.6985,2831.2295,2836.9595
2026-03-23 07:05:00,2836.9625,2844.1065,2834.6375,2844.1065
2026-03-23 07:06:00,2844.1105,2844.1105,2835.9705,2842.3255
2026-03-23 07:07:00,2842.3235,2843.9575,2840.4645,2843.9575
2026-03-23 07:08:00,2844.0255,2844.0965,2833.5795,2838.4845
2026-03-23 07:09:00,2838.4885,2847.7625,2836.3845,2846.0415
2026-03-23 07:10:00,2846.6355,2849.0045,2839.3945,2841.8915
2026-03-23 07:11:00,2841.8905,2845.6835,2840.0445,2840.4305
2026-03-23 07:12:00,2840.7085,2842.1635,2836.7495,2838.1615
2026-03-23 07:13:00,2838.1575,2841.7585,2831.8405,2835.1455
2026-03-23 07:14:00,2835.1505,2845.6675,2831.9195,2845.6675
2026-03-23 07:15:00,2845.6725,2850.4215,2844.0165,2849.1945
2026-03-23 07:16:00,2849.5005,2855.2655,2847.8355,2848.0785
2026-03-23 07:17:00,2847.9885,2856.8845,2845.1985,2855.7795
2026-03-23 07:18:00,2855.6615,2857.1625,2852.4115,2856.9655
2026-03-23 07:19:00,2856.9665,2871.6665,2856.9665,2869.4835
2026-03-23 07:20:00,2868.4465,2872.6545,2861.9955,2872.4875
2026-03-23 07:21:00,2872.7875,2875.1405,2869.5065,2873.3525
2026-03-23 07:22:00,2873.3565,2881.4835,2872.1725,2873.5905
2026-03-23 07:23:00,2873.5945,2879.8705,2869.4435,2875.6065
2026-03-23 07:24:00,2874.8195,2885.7155,2874.8195,2881.8855
2026-03-23 07:25:00,2881.8815,2888.9605,2881.8815,2887.7715
2026-03-23 07:26:00,2887.2115,2894.4975,2887.0635,2891.8305
2026-03-23 07:27:00,2891.8295,2900.4285,2889.4705,2889.4705
2026-03-23 07:28:00,2889.5325,2896.2975,2888.1855,2891.4985
2026-03-23 07:29:00,2891.4935,2892.1845,2886.1585,2888.2845
2026-03-23 07:30:00,2887.8305,2888.6115,2880.7905,2883.9285
2026-03-23 07:31:00,2884.0515,2884.0515,2878.0065,2878.8675
2026-03-23 07:32:00,2878.8725,2891.2345,2878.8725,2885.8565
2026-03-23 07:33:00,2885.8585,2893.4885,2885.7815,2889.9645
2026-03-23 07:34:00,2889.9635,2890.4535,2879.7915,2881.8455
2026-03-23 07:35:00,2881.9325,2883.1345,2875.0935,2875.3845
2026-03-23 07:36:00,2875.3815,2878.7625,2872.9545,2874.8775
2026-03-23 07:37:00,2874.2115,2874.2115,2866.6745,2868.4455
2026-03-23 07:38:00,2868.6235,2875.5665,2867.6375,2871.3275
2026-03-23 07:39:00,2870.9985,2875.3705,2870.9985,2873.0375
2026-03-23 07:40:00,2873.0945,2873.6415,2870.2965,2871.7605
2026-03-23 07:41:00,2871.7055,2875.4105,2870.7475,2871.1695
2026-03-23 07:42:00,2871.0915,2874.0505,2866.8515,2866.9775
2026-03-23 07:43:00,2866.9765,2867.0655,2856.9595,2866.0825
2026-03-23 07:44:00,2866.0805,2866.0805,2859.4955,2861.8835
2026-03-23 07:45:00,2861.8875,2866.2635,2858.8405,2862.4625
2026-03-23 07:46:00,2862.4655,2867.4355,2862.1235,2863.7685
2026-03-23 07:47:00,2863.1085,2868.8715,2862.0715,2868.1885
2026-03-23 07:48:00,2868.3065,2868.4295,2861.4485,2865.8045
2026-03-23 07:49:00,2865.8075,2871.5015,2865.6585,2868.7255
2026-03-23 07:50:00,2868.3645,2881.3975,2867.2085,2880.1075
2026-03-23 07:51:00,2880.2275,2889.0925,2880.2275,2888.2155
2026-03-23 07:52:00,2888.1565,2891.8535,2881.8425,2888.1415
2026-03-23 07:53:00,2888.1405,2888.1445,2880.6355,2883.0205
2026-03-23 07:54:00,2883.0815,2906.5465,2883.0815,2906.5465
2026-03-23 07:55:00,2906.5435,2908.6295,2900.7265,2901.9265
2026-03-23 07:56:00,2901.9225,2906.7945,2896.5965,2896.6895
2026-03-23 07:57:00,2896.6865,2899.3765,2895.1215,2898.0365
2026-03-23 07:58:00,2898.1015,2898.5315,2889.3495,2890.9595
2026-03-23 07:59:00,2891.0425,2906.4825,2891.0425,2902.0575
2026-03-23 08:00:00,2900.6515,2903.0435,2897.3605,2897.4505
2026-03-23 08:01:00,2897.4465,2898.6705,2890.3775,2891.2905
2026-03-23 08:02:00,2891.7275,2901.3095,2891.1315,2899.6075
2026-03-23 08:03:00,2899.6105,2905.2335,2899.1995,2904.8735
2026-03-23 08:04:00,2904.3905,2909.7805,2900.1365,2901.6345
2026-03-23 08:05:00,2902.0175,2908.0375,2899.8425,2899.8425
2026-03-23 08:06:00,2899.8375,2901.1475,2891.8865,2892.2585
2026-03-23 08:07:00,2891.5275,2898.3585,2889.2745,2897.8945
2026-03-23 08:08:00,2897.5025,2897.6115,2889.4265,2889.6395
2026-03-23 08:09:00,2889.6415,2890.9685,2875.3225,2875.6165
2026-03-23 08:10:00,2875.6145,2878.1345,2872.8475,2878.1295
2026-03-23 08:11:00,2878.1275,2884.9845,2877.9375,2882.5915
2026-03-23 08:12:00,2882.6465,2889.3965,2881.7645,2885.3915
2026-03-23 08:13:00,2885.3955,2887.2535,2873.0555,2880.7395
2026-03-23 08:14:00,2880.6845,2890.4355,2880.5145,2888.5615
2026-03-23 08:15:00,2888.6315,2890.6995,2881.0615,2888.5485
2026-03-23 08:16:00,2888.5665,2897.8795,2888.5665,2895.7955
2026-03-23 08:17:00,2895.7985,2897.6045,2890.2665,2896.7635
2026-03-23 08:18:00,2896.5975,2902.1795,2895.1735,2898.8995
2026-03-23 08:19:00,2898.8975,2900.0365,2894.5295,2899.0955
2026-03-23 08:20:00,2899.2905,2901.6655,2893.7255,2895.2215
2026-03-23 08:21:00,2895.0735,2895.3365,2886.2905,2887.1085
2026-03-23 08:22:00,2887.1735,2892.4995,2885.8985,2892.0655
2026-03-23 08:23:00,2892.0675,2898.6975,2892.0675,2898.2685
2026-03-23 08:24:00,2898.0805,2902.1725,2897.1075,2900.3475
2026-03-23 08:25:00,2900.3485,2904.1275,2897.9805,2900.2075
2026-03-23 08:26:00,2901.1105,2905.7115,2899.1175,2903.5935
2026-03-23 08:27:00,2903.5955,2905.0885,2898.4845,2904.8995
2026-03-23 08:28:00,2904.8975,2906.4285,2898.3765,2900.3045
2026-03-23 08:29:00,2900.6465,2900.8375,2891.1725,2891.3695
2026-03-23 08:30:00,2891.0625,2893.3145,2885.1985,2886.2505
2026-03-23 08:31:00,2886.0115,2886.1455,2876.7905,2884.5915
2026-03-23 08:32:00,2885.1595,2888.7935,2882.9215,2886.2525
2026-03-23 08:33:00,2886.0095,2892.0175,2882.4765,2884.8835
2026-03-23 08:34:00,2885.0355,2887.6415,2882.4555,2884.1215
2026-03-23 08:35:00,2884.1245,2890.3435,2882.6135,2884.3805
2026-03-23 08:36:00,2884.2625,2892.9555,2881.6275,2886.6465
2026-03-23 08:37:00,2886.0865,2887.5075,2882.7115,2887.5075
2026-03-23 08:38:00,2887.5035,2891.6135,2885.4855,2888.8635
2026-03-23 08:39:00,2888.6895,2892.0945,2878.7075,2879.9645
2026-03-23 08:40:00,2879.8025,2884.2325,2877.8005,2879.5045
2026-03-23 08:41:00,2879.5025,2893.0875,2878.4595,2893.0475
2026-03-23 08:42:00,2892.9225,2893.4055,2880.6225,2883.1605
2026-03-23 08:43:00,2884.1335,2885.5775,2871.7615,2873.8275
2026-03-23 08:44:00,2873.9035,2879.4675,2873.9035,2877.6535
2026-03-23 08:45:00,2877.6565,2881.3035,2876.7145,2881.0605
2026-03-23 08:46:00,2881.0625,2885.0185,2878.5835,2885.0185
2026-03-23 08:47:00,2885.0155,2885.7755,2873.6655,2876.1175
2026-03-23 08:48:00,2875.8505,2880.2265,2874.7945,2876.7275
2026-03-23 08:49:00,2876.7395,2877.6975,2870.8205,2872.5035
2026-03-23 08:50:00,2871.9205,2879.1575,2869.7495,2878.2245
2026-03-23 08:51:00,2878.2835,2888.3905,2878.2205,2886.1475
2026-03-23 08:52:00,2886.1465,2889.9115,2883.6865,2886.1115
2026-03-23 08:53:00,2886.4375,2888.3315,2877.6855,2883.0375
2026-03-23 08:54:00,2883.2225,2889.5375,2878.6355,2889.1525
2026-03-23 08:55:00,2889.1495,2889.5315,2878.4305,2885.3155
2026-03-23 08:56:00,2884.9515,2886.4155,2879.4385,2886.1625
2026-03-23 08:57:00,2886.1015,2887.6815,2884.0925,2884.1885
2026-03-23 08:58:00,2884.1745,2884.1745,2876.0785,2882.2705
2026-03-23 08:59:00,2882.4505,2882.4505,2869.9295,2876.7205
2026-03-23 09:00:00,2876.7255,2880.0705,2873.3845,2879.7465
2026-03-23 09:01:00,2879.7485,2879.8745,2871.7015,2873.0225
2026-03-23 09:02:00,2873.0205,2875.1495,2870.9545,2874.7405
2026-03-23 09:03:00,2874.7415,2877.4715,2869.4425,2874.7105
2026-03-23 09:04:00,2875.1595,2880.4085,2869.7975,2873.5495
2026-03-23 09:05:00,2873.9105,2875.3525,2869.1085,2869.7195
2026-03-23 09:06:00,2869.7245,2879.5195,2868.2755,2879.3655
2026-03-23 09:07:00,2879.3615,2889.0345,2879.3615,2888.8075
2026-03-23 09:08:00,2887.0585,2889.1415,2876.9895,2877.0695
2026-03-23 09:09:00,2877.0665,2877.3505,2868.4225,2872.2765
2026-03-23 09:10:00,2872.5185,2878.7155,2869.9665,2874.3445
2026-03-23 09:11:00,2874.2785,2880.9735,2867.3795,2867.4405
2026-03-23 09:12:00,2867.4425,2874.0715,2859.0935,2871.8025
2026-03-23 09:13:00,2870.2115,2882.8895,2869.9975,2882.7505
2026-03-23 09:14:00,2880.5075,2887.0865,2875.3605,2875.3605
2026-03-23 09:15:00,2875.4205,2888.6495,2871.9385,2888.6495
2026-03-23 09:16:00,2888.2855,2888.9955,2880.1935,2880.1935
2026-03-23 09:17:00,2880.5645,2897.0665,2880.5645,2896.0225
2026-03-23 09:18:00,2896.0275,2896.3245,2886.9085,2887.4355
2026-03-23 09:19:00,2887.4335,2890.2035,2885.3245,2888.3415
2026-03-23 09:20:00,2888.5245,2893.1245,2885.8405,2892.9995
2026-03-23 09:21:00,2893.3845,2897.0165,2890.8395,2893.7045
2026-03-23 09:22:00,2894.0285,2897.0505,2889.0325,2895.2025
2026-03-23 09:23:00,2895.1455,2896.4515,2887.2655,2887.2655
2026-03-23 09:24:00,2887.2665,2887.5005,2871.2645,2874.9025
2026-03-23 09:25:00,2874.8995,2879.2495,2872.5155,2875.1325
2026-03-23 09:26:00,2875.0085,2882.4235,2873.5005,2879.5485
2026-03-23 09:27:00,2879.5515,2886.1415,2878.7115,2883.4965
2026-03-23 09:28:00,2880.2865,2882.7445,2871.1475,2872.4235
2026-03-23 09:29:00,2872.4845,2876.9705,2871.7075,2871.7905
2026-03-23 09:30:00,2871.6475,2873.6115,2862.7985,2863.6285
2026-03-23 09:31:00,2865.0885,2869.9635,2864.6955,2868.0355
2026-03-23 09:32:00,2867.5675,2874.0985,2862.5815,2863.8215
2026-03-23 09:33:00,2864.4085,2873.4765,2864.0625,2871.4285
2026-03-23 09:34:00,2871.4265,2882.9345,2870.3005,2882.5825
2026-03-23 09:35:00,2884.3235,2890.4325,2882.8785,2888.8375
2026-03-23 09:36:00,2889.0965,2890.2265,2879.2305,2879.2305
2026-03-23 09:37:00,2879.2345,2879.4165,2872.8645,2875.3205
2026-03-23 09:38:00,2875.4825,2885.0855,2873.7355,2880.0135
2026-03-23 09:39:00,2880.1405,2882.6045,2874.9625,2882.5415
2026-03-23 09:40:00,2882.6605,2884.3065,2869.7335,2869.7335
2026-03-23 09:41:00,2869.8535,2873.0915,2866.6035,2867.9345
2026-03-23 09:42:00,2867.9365,2868.9685,2860.5275,2866.7485
2026-03-23 09:43:00,2866.7455,2867.9275,2858.1645,2862.6755
2026-03-23 09:44:00,2862.6795,2869.9395,2862.4365,2869.5625
2026-03-23 09:45:00,2868.3725,2876.3455,2868.3725,2873.4015
2026-03-23 09:46:00,2873.6475,2875.2905,2870.9335,2871.8255
2026-03-23 09:47:00,2871.4315,2874.0885,2868.7955,2869.9765
2026-03-23 09:48:00,2869.4845,2874.2325,2866.6715,2869.5695
2026-03-23 09:49:00,2869.7585,2873.6485,2868.2745,2868.2745
2026-03-23 09:50:00,2868.4585,2879.2805,2866.4135,2877.6375
2026-03-23 09:51:00,2877.5775,2878.1215,2871.9095,2873.3555
2026-03-23 09:52:00,2873.7275,2879.1035,2869.5475,2876.4615
2026-03-23 09:53:00,2876.4635,2882.1435,2876.0525,2880.3485
2026-03-23 09:54:00,2880.4995,2880.7935,2873.6735,2873.6735
2026-03-23 09:55:00,2873.3725,2875.8635,2872.1195,2874.4045
2026-03-23 09:56:00,2874.9445,2878.7525,2863.6245,2863.7445
2026-03-23 09:57:00,2863.5245,2870.9605,2862.0305,2869.4545
2026-03-23 09:58:00,2869.6435,2875.2335,2868.6645,2870.9715
2026-03-23 09:59:00,2870.9695,2871.5985,2866.3965,2867.9925
2026-03-23 10:00:00,2867.8715,2876.2835,2865.6915,2876.1595
2026-03-23 10:01:00,2875.8635,2875.8635,2870.3945,2873.2865
2026-03-23 10:02:00,2873.4455,2875.6705,2867.7045,2873.8565
2026-03-23 10:03:00,2873.8535,2877.9895,2873.5625,2876.5345
2026-03-23 10:04:00,2876.4555,2878.2195,2869.4355,2869.9095
2026-03-23 10:05:00,2869.9115,2871.7835,2866.2575,2871.7835
2026-03-23 10:06:00,2871.7815,2873.2725,2862.0625,2862.1245
2026-03-23 10:07:00,2862.1225,2865.6325,2856.6495,2860.9425
2026-03-23 10:08:00,2860.9215,2867.6525,2860.7625,2864.8225
2026-03-23 10:09:00,2864.8205,2873.0105,2863.5265,2864.0525
2026-03-23 10:10:00,2864.0495,2864.6385,2857.3965,2859.8615
2026-03-23 10:11:00,2859.8625,2862.2735,2855.9005,2856.1085
2026-03-23 10:12:00,2856.1045,2858.8275,2854.2205,2856.2105
2026-03-23 10:13:00,2856.2155,2859.8235,2852.5455,2858.4845
2026-03-23 10:14:00,2858.4895,2861.0625,2857.8745,2859.8525
2026-03-23 10:15:00,2860.0345,2869.2575,2858.9965,2867.5035
2026-03-23 10:16:00,2867.5045,2878.8085,2867.2465,2878.6935
2026-03-23 10:17:00,2878.6925,2883.3175,2878.4315,2880.6195
2026-03-23 10:18:00,2880.3405,2880.5505,2872.2935,2872.2935
2026-03-23 10:19:00,2872.1085,2875.2505,2868.7945,2869.4105
2026-03-23 10:20:00,2869.4865,2871.6625,2867.3875,2868.0385
2026-03-23 10:21:00,2868.0435,2875.2005,2867.6405,2875.1175
2026-03-23 10:22:00,2875.0545,2878.9035,2873.6265,2873.8955
2026-03-23 10:23:00,2872.9325,2874.9095,2867.1155,2867.1155
2026-03-23 10:24:00,2867.0375,2868.9795,2864.4015,2866.7785
2026-03-23 10:25:00,2866.8365,2867.2485,2863.6885,2866.9155
2026-03-23 10:26:00,2867.2335,2872.5715,2865.0125,2868.0805
2026-03-23 10:27:00,2868.4895,2877.4415,2868.2605,2869.3425
2026-03-23 10:28:00,2869.4765,2869.6945,2862.3925,2867.5145
2026-03-23 10:29:00,2868.0255,2872.4735,2866.6745,2870.4685
2026-03-23 10:30:00,2870.8285,2876.7465,2870.8285,2875.4965
2026-03-23 10:31:00,2875.4085,2876.9685,2859.5055,2860.1955
2026-03-23 10:32:00,2860.3745,2863.9355,2860.1675,2861.8945
2026-03-23 10:33:00,2862.0475,2865.0395,2858.7255,2862.0975
2026-03-23 10:34:00,2862.1025,2865.0665,2859.2645,2863.1015
2026-03-23 10:35:00,2863.3405,2867.5455,2856.4445,2856.4455
2026-03-23 10:36:00,2855.6855,2861.2305,2853.7065,2855.7095
2026-03-23 10:37:00,2855.5185,2857.5105,2850.0315,2853.2685
2026-03-23 10:38:00,2853.4545,2855.4695,2848.7715,2849.3725
2026-03-23 10:39:00,2849.4905,2852.5715,2847.8765,2851.8625
2026-03-23 10:40:00,2851.8675,2853.1925,2843.2955,2852.9355
2026-03-23 10:41:00,2852.7945,2861.5105,2852.7945,2859.8895
2026-03-23 10:42:00,2859.8905,2868.0925,2859.6315,2865.5915
2026-03-23 10:43:00,2864.7545,2874.7425,2863.5195,2872.9905
2026-03-23 10:44:00,2872.9895,2879.0355,2868.7605,2868.8855
2026-03-23 10:45:00,2869.1595,2872.2525,2866.5165,2866.7735
2026-03-23 10:46:00,2866.1975,2871.9475,2866.1925,2871.0235
2026-03-23 10:47:00,2870.9635,2874.9235,2869.2675,2871.7895
2026-03-23 10:48:00,2871.9075,2873.1785,2865.8385,2871.0125
2026-03-23 10:49:00,2870.4675,2877.0405,2866.6245,2877.0405
2026-03-23 10:50:00,2876.2735,2880.1025,2868.6615,2871.6175
2026-03-23 10:51:00,2871.5595,2875.4185,2867.5735,2872.4755
2026-03-23 10:52:00,2872.4805,2875.4565,2869.6525,2872.5305
2026-03-23 10:53:00,2872.5355,2872.6025,2861.9315,2865.9285
2026-03-23 10:54:00,2865.9305,2871.3065,2863.1185,2871.2605
2026-03-23 10:55:00,2871.0725,2873.5695,2864.3575,2873.2325
2026-03-23 10:56:00,2873.3515,2875.2515,2865.5035,2865.5225
2026-03-23 10:57:00,2865.3335,2877.8595,2863.7155,2877.1305
2026-03-23 10:58:00,2877.1335,2877.2245,2864.9655,2876.0735
2026-03-23 10:59:00,2876.0775,2876.8245,2870.9605,2871.1125
2026-03-23 11:00:00,2871.1095,2872.3835,2863.5715,2863.5715
2026-03-23 11:01:00,2863.5745,2865.5015,2854.5525,2856.9645
2026-03-23 11:02:00,2857.0125,2858.6665,2849.8755,2849.9485
2026-03-23 11:03:00,2849.9525,2854.5705,2848.6585,2850.5755
2026-03-23 11:04:00,2850.5795,2851.9655,2846.8375,2851.2505
2026-03-23 11:05:00,2851.2465,2852.8355,2845.9215,2847.9185
2026-03-23 11:06:00,2847.8605,2854.4345,2846.2685,2853.9615
2026-03-23 11:07:00,2854.0235,2861.0885,2847.0225,2860.8045
2026-03-23 11:08:00,2860.8715,2860.9525,2855.3415,2859.2755
2026-03-23 11:09:00,2859.2765,2866.5615,2857.9185,2857.9185
2026-03-23 11:10:00,2857.8605,2863.1395,2856.8735,2860.0855
2026-03-23 11:11:00,2860.6295,2861.3425,2852.0095,2852.0925
2026-03-23 11:12:00,2852.6815,2853.0555,2849.2435,2850.9775
2026-03-23 11:13:00,2851.4195,2853.6725,2849.1805,2850.0645
2026-03-23 11:14:00,2850.2835,2850.2835,2839.5495,2840.5445
2026-03-23 11:15:00,2840.5475,2849.1875,2838.5715,2843.9375
2026-03-23 11:16:00,2843.7785,2847.1445,2842.4155,2846.9955
2026-03-23 11:17:00,2846.9425,2853.0675,2844.1755,2847.7535
2026-03-23 11:18:00,2847.5275,2852.9045,2847.3545,2852.9025
2026-03-23 11:19:00,2852.9735,2855.0135,2845.9955,2846.2915
2026-03-23 11:20:00,2846.2925,2847.5565,2841.6795,2842.1145
2026-03-23 11:21:00,2842.1135,2845.3825,2838.7825,2841.2935
2026-03-23 11:22:00,2841.2245,2844.3615,2839.9865,2840.9545
2026-03-23 11:23:00,2840.9525,2841.1735,2836.1235,2840.2955
2026-03-23 11:24:00,2840.2975,2841.3505,2832.2985,2832.9215
2026-03-23 11:25:00,2833.1335,2833.3605,2829.4585,2830.7405
2026-03-23 11:26:00,2830.5695,2830.9505,2825.1325,2828.0125
2026-03-23 11:27:00,2828.0135,2828.5105,2824.3285,2824.4525
2026-03-23 11:28:00,2824.5245,2831.4485,2824.2235,2827.0525
2026-03-23 11:29:00,2827.0545,2828.2465,2818.7205,2818.8315
2026-03-23 11:30:00,2818.8355,2823.4105,2816.7385,2818.4535
2026-03-23 11:31:00,2818.5175,2830.0125,2818.2865,2829.6495
2026-03-23 11:32:00,2829.7145,2838.0735,2828.5905,2836.4925
2026-03-23 11:33:00,2836.4955,2844.2645,2833.6895,2840.3155
2026-03-23 11:34:00,2840.3195,2848.7585,2839.8235,2847.4015
2026-03-23 11:35:00,2847.4575,2852.2925,2847.3965,2848.8185
2026-03-23 11:36:00,2848.8145,2854.3595,2847.7745,2849.5255
2026-03-23 11:37:00,2849.2815,2856.8375,2847.8475,2854.0565
2026-03-23 11:38:00,2853.9895,2855.8815,2850.9235,2851.2175
2026-03-23 11:39:00,2851.2145,2855.6585,2847.2525,2854.8165
2026-03-23 11:40:00,2854.7625,2854.7635,2846.4345,2846.4345
2026-03-23 11:41:00,2846.4305,2853.2575,2846.4285,2848.6515
2026-03-23 11:42:00,2848.6485,2851.3435,2843.8165,2843.9735
2026-03-23 11:43:00,2843.7385,2848.9225,2841.9105,2844.2165
2026-03-23 11:44:00,2844.2115,2851.8125,2843.7475,2848.5055
2026-03-23 11:45:00,2848.6275,2849.8615,2840.3245,2849.8575
2026-03-23 11:46:00,2849.8605,2850.0695,2837.9785,2843.4165
2026-03-23 11:47:00,2843.3565,2855.8205,2843.1115,2855.6365
2026-03-23 11:48:00,2855.6315,2863.0515,2853.4985,2863.0305
2026-03-23 11:49:00,2863.0325,2872.6455,2861.7295,2872.0775
2026-03-23 11:50:00,2872.3465,2874.2545,2865.4755,2872.7755
2026-03-23 11:51:00,2872.7785,2875.7135,2867.3845,2870.6375
2026-03-23 11:52:00,2870.6335,2876.6115,2868.4165,2868.4165
2026-03-23 11:53:00,2868.4125,2877.0285,2867.7585,2871.9535
2026-03-23 11:54:00,2871.9555,2872.6675,2868.9295,2872.5745
2026-03-23 11:55:00,2872.5725,2873.2995,2863.3195,2867.4355
2026-03-23 11:56:00,2867.4305,2873.2815,2863.2735,2869.7015
2026-03-23 11:57:00,2869.6235,2877.1915,2869.1755,2875.4675
2026-03-23 11:58:00,2875.4635,2877.8255,2872.3665,2874.3025
2026-03-23 11:59:00,2874.3695,2874.6555,2870.4355,2873.2305
2026-03-23 12:00:00,2873.1635,2877.3025,2870.9175,2873.9985
2026-03-23 12:01:00,2874.0095,2874.0135,2864.7555,2868.8915
2026-03-23 12:02:00,2868.8885,2875.4505,2864.4755,2867.4995
2026-03-23 12:03:00,2867.7995,2869.6775,2857.9595,2864.8565
2026-03-23 12:04:00,2864.8605,2867.7235,2862.4865,2865.0845
2026-03-23 12:05:00,2865.2265,2867.0795,2859.4285,2859.7195
2026-03-23 12:06:00,2859.8375,2861.5935,2850.9405,2852.5435
2026-03-23 12:07:00,2852.5325,2854.5875,2847.3585,2848.1015
2026-03-23 12:08:00,2847.8745,2850.6405,2843.8975,2849.0535
2026-03-23 12:09:00,2847.9915,2853.7385,2847.9915,2852.3455
2026-03-23 12:10:00,2852.3475,2852.4175,2840.2125,2840.3485
2026-03-23 12:11:00,2840.3515,2840.5575,2829.6385,2830.1605
2026-03-23 12:12:00,2830.1615,2833.0175,2827.5865,2831.1625
2026-03-23 12:13:00,2831.1665,2833.5865,2824.6755,2830.5045
2026-03-23 12:14:00,2830.5015,2839.1485,2830.5015,2838.9375
2026-03-23 12:15:00,2838.9405,2846.2305,2837.0085,2840.2855
2026-03-23 12:16:00,2840.2905,2842.0415,2831.4795,2832.0915
2026-03-23 12:17:00,2832.0925,2832.4965,2824.1645,2825.5795
2026-03-23 12:18:00,2825.5815,2829.6375,2824.1955,2826.3865
2026-03-23 12:19:00,2826.3855,2827.4025,2818.0845,2821.4765
2026-03-23 12:20:00,2821.4725,2833.9315,2821.3265,2833.0035
2026-03-23 12:21:00,2833.0025,2834.0525,2827.4635,2830.7625
2026-03-23 12:22:00,2831.4665,2839.3785,2830.4115,2835.1335
2026-03-23 12:23:00,2835.1965,2838.3315,2830.4675,2833.2015
2026-03-23 12:24:00,2833.2025,2836.0125,2828.3025,2831.8225
2026-03-23 12:25:00,2832.6515,2838.9955,2831.2445,2838.1465
2026-03-23 12:26:00,2838.1485,2848.6025,2837.1525,2847.2775
2026-03-23 12:27:00,2847.6475,2852.9725,2845.9795,2851.7355
2026-03-23 12:28:00,2851.5805,2854.2965,2841.2595,2842.4255
2026-03-23 12:29:00,2841.2925,2849.8405,2841.2925,2846.5065
2026-03-23 12:30:00,2846.5095,2847.7285,2840.5505,2845.9965
2026-03-23 12:31:00,2845.9925,2849.1405,2839.1215,2841.0415
2026-03-23 12:32:00,2841.0385,2843.4125,2839.0515,2841.3295
2026-03-23 12:33:00,2841.3875,2841.8075,2835.4495,2838.2745
2026-03-23 12:34:00,2838.2785,2846.0665,2837.7805,2842.7485
2026-03-23 12:35:00,2842.5155,2843.0535,2832.1635,2832.4545
2026-03-23 12:36:00,2832.4145,2836.5545,2826.3235,2829.8715
2026-03-23 12:37:00,2830.0535,2830.3705,2823.6325,2826.0605
2026-03-23 12:38:00,2824.6395,2829.8155,2822.7955,2824.1925
2026-03-23 12:39:00,2823.6355,2823.8595,2818.0225,2820.6005
2026-03-23 12:40:00,2820.3835,2825.4635,2819.3005,2824.8825
2026-03-23 12:41:00,2824.7585,2832.2575,2821.5025,2832.2575
2026-03-23 12:42:00,2832.3725,2838.2195,2830.2215,2830.2215
2026-03-23 12:43:00,2829.8575,2830.4485,2825.7445,2826.3335
2026-03-23 12:44:00,2826.5645,2827.4835,2823.9665,2826.3135
2026-03-23 12:45:00,2826.8695,2829.7295,2821.3685,2826.6765
2026-03-23 12:46:00,2826.9685,2835.2675,2826.1735,2834.3675
2026-03-23 12:47:00,2835.1375,2839.5995,2830.9755,2836.9625
2026-03-23 12:48:00,2835.7725,2837.0315,2830.7005,2837.0315
2026-03-23 12:49:00,2837.4835,2849.6345,2837.4835,2847.7345
2026-03-23 12:50:00,2847.6165,2851.5975,2845.7815,2847.6535
2026-03-23 12:51:00,2847.2855,2849.7215,2845.2885,2847.8975
2026-03-23 12:52:00,2848.8565,2852.9155,2841.5935,2852.9155
2026-03-23 12:53:00,2852.9135,2857.7355,2852.6675,2856.9255
2026-03-23 12:54:00,2856.9215,2859.9765,2853.6595,2856.2385
2026-03-23 12:55:00,2856.5315,2863.2715,2854.2595,2862.5865
2026-03-23 12:56:00,2861.6835,2864.1895,2849.1975,2850.5565
2026-03-23 12:57:00,2851.6825,2867.2145,2850.6545,2866.6365
2026-03-23 12:58:00,2866.6375,2866.6475,2851.3745,2852.6635
2026-03-23 12:59:00,2853.2485,2853.9845,2848.0235,2848.1425
2026-03-23 13:00:00,2848.1445,2850.8595,2844.4615,2850.3735
2026-03-23 13:01:00,2850.3005,2852.0425,2841.7805,2846.7045
2026-03-23 13:02:00,2846.7865,2847.2025,2842.2945,2842.5705
2026-03-23 13:03:00,2842.5685,2849.9695,2842.3615,2846.5945
2026-03-23 13:04:00,2846.6515,2848.8065,2837.4285,2837.5965
2026-03-23 13:05:00,2837.5335,2841.7505,2832.3715,2837.8055
2026-03-23 13:06:00,2837.8045,2841.9835,2836.8275,2839.5375
2026-03-23 13:07:00,2839.5995,2841.9165,2832.0055,2836.9105
2026-03-23 13:08:00,2836.9095,2852.2555,2836.9095,2851.4545
2026-03-23 13:09:00,2850.9775,2850.9775,2838.3665,2841.5055
2026-03-23 13:10:00,2841.2155,2844.4675,2834.0225,2844.1715
2026-03-23 13:11:00,2844.1735,2848.2625,2841.9225,2845.0955
2026-03-23 13:12:00,2844.7885,2844.7885,2836.1855,2836.3075
2026-03-23 13:13:00,2836.4885,2843.4855,2833.6355,2834.1275
2026-03-23 13:14:00,2834.2005,2843.7335,2832.3385,2843.7335
2026-03-23 13:15:00,2843.7925,2843.7925,2839.1715,2840.3585
2026-03-23 13:16:00,2840.3575,2843.0975,2830.2775,2830.2795
2026-03-23 13:17:00,2830.2845,2841.7265,2828.9325,2841.2595
2026-03-23 13:18:00,2842.0415,2842.1005,2836.7965,2836.8915
2026-03-23 13:19:00,2836.9515,2836.9535,2831.4225,2835.3345
2026-03-23 13:20:00,2835.3305,2840.8885,2830.5375,2840.8885
2026-03-23 13:21:00,2840.9655,2844.7755,2838.1765,2838.4945
2026-03-23 13:22:00,2838.4895,2841.8205,2832.4045,2835.8135
2026-03-23 13:23:00,2835.7525,2840.4425,2834.6555,2839.2965
2026-03-23 13:24:00,2839.5395,2840.5045,2835.1025,2838.0995
2026-03-23 13:25:00,2838.0415,2838.4935,2826.0705,2826.4225
2026-03-23 13:26:00,2826.5405,2838.0185,2826.5405,2835.7495
2026-03-23 13:27:00,2835.5465,2844.9475,2835.5465,2844.8075
2026-03-23 13:28:00,2844.8105,2849.0515,2842.4935,2844.2295
2026-03-23 13:29:00,2844.2305,2844.3705,2839.8345,2843.2715
2026-03-23 13:30:00,2843.2705,2848.5365,2843.2665,2846.4025
2026-03-23 13:31:00,2846.4455,2849.5505,2843.2725,2845.5745
2026-03-23 13:32:00,2845.3965,2845.4445,2834.4795,2836.0205
2026-03-23 13:33:00,2836.0165,2840.6825,2834.6455,2838.9185
2026-03-23 13:34:00,2839.0745,2839.2915,2831.7295,2834.4085
2026-03-23 13:35:00,2834.4125,2834.9295,2829.0645,2830.5165
2026-03-23 13:36:00,2830.2205,2837.8405,2830.1455,2835.4425
2026-03-23 13:37:00,2835.4455,2837.6675,2831.5975,2833.2325
2026-03-23 13:38:00,2834.1765,2835.1405,2818.9995,2821.5725
2026-03-23 13:39:00,2821.2795,2825.9305,2819.6485,2825.5825
2026-03-23 13:40:00,2826.5945,2827.0695,2819.9405,2819.9405
2026-03-23 13:41:00,2819.9425,2827.8335,2816.9075,2827.8225
2026-03-23 13:42:00,2827.6755,2830.7425,2825.0245,2825.3135
2026-03-23 13:43:00,2826.0775,2832.5305,2824.7285,2832.4565
2026-03-23 13:44:00,2831.9265,2832.1865,2825.0855,2826.0815
2026-03-23 13:45:00,2826.0805,2838.3175,2825.7945,2836.8855
2026-03-23 13:46:00,2836.8825,2843.1275,2836.8175,2839.8365
2026-03-23 13:47:00,2839.8335,2840.6965,2832.4265,2838.2815
2026-03-23 13:48:00,2838.2825,2844.1235,2834.8415,2843.4215
2026-03-23 13:49:00,2843.2505,2843.7915,2836.5185,2839.7215
2026-03-23 13:50:00,2839.7195,2844.8835,2838.2985,2844.5805
2026-03-23 13:51:00,2844.8145,2844.8145,2838.1635,2838.9865
2026-03-23 13:52:00,2839.0465,2849.4035,2837.0295,2847.8415
2026-03-23 13:53:00,2847.6145,2849.0245,2840.6225,2843.0375
2026-03-23 13:54:00,2842.2135,2842.6995,2834.0535,2835.6815
2026-03-23 13:55:00,2835.9185,2835.9185,2828.3975,2828.3975
2026-03-23 13:56:00,2828.4695,2830.6235,2825.3495,2826.3125
2026-03-23 13:57:00,2826.3155,2829.7065,2823.4295,2827.3445
2026-03-23 13:58:00,2827.3425,2831.6905,2826.1335,2827.6095
2026-03-23 13:59:00,2827.6055,2830.5625,2821.0925,2821.9665
2026-03-23 14:00:00,2821.9635,2822.7975,2815.4545,2820.6715
2026-03-23 14:01:00,2821.4515,2822.9245,2814.4425,2814.4475
2026-03-23 14:02:00,2814.3855,2814.3855,2805.2795,2807.4455
2026-03-23 14:03:00,2807.4495,2809.4805,2803.6045,2805.1855
2026-03-23 14:04:00,2805.1885,2807.7555,2801.3825,2804.7185
2026-03-23 14:05:00,2804.9245,2810.8385,2804.2825,2808.9115
2026-03-23 14:06:00,2808.9135,2811.7965,2804.6205,2809.3465
2026-03-23 14:07:00,2809.3445,2810.6425,2800.2505,2800.8685
2026-03-23 14:08:00,2800.8725,2802.7425,2793.8665,2798.7345
2026-03-23 14:09:00,2798.7365,2804.8795,2798.0975,2803.7145
2026-03-23 14:10:00,2804.2445,2806.4995,2799.8935,2806.4695
2026-03-23 14:11:00,2806.5325,2807.3225,2800.6675,2801.4575
2026-03-23 14:12:00,2801.6465,2805.4855,2798.5915,2805.3695
2026-03-23 14:13:00,2806.8165,2813.6095,2804.7965,2809.0155
2026-03-23 14:14:00,2809.4705,2810.4015,2802.5925,2802.5925
2026-03-23 14:15:00,2802.5895,2806.6315,2798.8005,2799.8925
2026-03-23 14:16:00,2799.4245,2805.8985,2797.1655,2804.9375
2026-03-23 14:17:00,2804.9395,2806.3055,2800.2585,2801.5685
2026-03-23 14:18:00,2801.5705,2808.1235,2799.7195,2806.3375
2026-03-23 14:19:00,2806.2645,2811.6805,2803.3175,2811.6805
2026-03-23 14:20:00,2811.6845,2811.9235,2802.1665,2802.5815
2026-03-23 14:21:00,2802.5855,2803.6055,2796.9035,2801.9685
2026-03-23 14:22:00,2801.7565,2808.6335,2799.9565,2806.7425
2026-03-23 14:23:00,2805.6825,2812.3125,2804.0975,2805.3175
2026-03-23 14:24:00,2805.3215,2810.0245,2803.6105,2805.1685
2026-03-23 14:25:00,2805.1725,2810.1285,2802.2415,2808.0505
2026-03-23 14:26:00,2808.0535,2812.9765,2806.1195,2806.8785
2026-03-23 14:27:00,2806.8795,2810.4775,2806.3025,2810.4775
2026-03-23 14:28:00,2810.4115,2811.3845,2805.9345,2807.1135
2026-03-23 14:29:00,2807.4045,2813.1315,2802.5065,2803.3265
2026-03-23 14:30:00,2803.7415,2809.9725,2802.9035,2807.6275
2026-03-23 14:31:00,2807.6315,2822.2685,2807.5685,2822.2685
2026-03-23 14:32:00,2822.3205,2826.9665,2818.4765,2818.8075
2026-03-23 14:33:00,2818.8625,2819.0345,2808.4935,2808.4935
2026-03-23 14:34:00,2808.4965,2814.7935,2805.3775,2812.9215
2026-03-23 14:35:00,2812.9235,2821.8115,2811.7295,2821.2445
2026-03-23 14:36:00,2821.0035,2822.3105,2816.8585,2817.7095
2026-03-23 14:37:00,2817.7765,2823.5775,2813.1145,2822.9365
2026-03-23 14:38:00,2822.9315,2827.5985,2821.0025,2825.6575
2026-03-23 14:39:00,2825.6585,2832.2355,2820.5665,2824.5735
2026-03-23 14:40:00,2824.5755,2829.7465,2820.9245,2828.2675
2026-03-23 14:41:00,2828.4165,2839.2395,2827.2705,2839.1485
2026-03-23 14:42:00,2839.2095,2840.1655,2833.3085,2836.1285
2026-03-23 14:43:00,2835.9965,2836.8485,2828.9175,2833.8445
2026-03-23 14:44:00,2833.8485,2840.2675,2833.8435,2838.8895
2026-03-23 14:45:00,2838.7665,2843.0275,2837.7285,2837.7475
2026-03-23 14:46:00,2837.7465,2837.7465,2829.2245,2829.4745
2026-03-23 14:47:00,2829.3555,2834.5055,2827.7755,2834.3055
2026-03-23 14:48:00,2835.0895,2845.6155,2831.9645,2841.7265
2026-03-23 14:49:00,2840.8955,2846.8365,2839.1005,2839.1615
2026-03-23 14:50:00,2838.8125,2839.4435,2832.6415,2833.1705
2026-03-23 14:51:00,2832.9545,2839.6755,2827.7165,2838.3555
2026-03-23 14:52:00,2838.1195,2850.4085,2837.9255,2840.5755
2026-03-23 14:53:00,2840.4465,2845.1345,2834.5795,2834.5795
2026-03-23 14:54:00,2834.5825,2838.8375,2833.5785,2837.9515
2026-03-23 14:55:00,2837.7695,2838.8475,2828.1055,2828.8005
2026-03-23 14:56:00,2828.9575,2831.6525,2824.8855,2828.3315
2026-03-23 14:57:00,2829.4025,2829.9125,2821.4635,2822.6655
2026-03-23 14:58:00,2822.5315,2833.8475,2821.8025,2830.6365
2026-03-23 14:59:00,2830.5135,2837.5705,2830.5135,2835.3475
2026-03-23 15:00:00,2835.3515,2836.3765,2827.3305,2829.9775
2026-03-23 15:01:00,2829.9165,2831.6245,2822.3245,2830.6085
2026-03-23 15:02:00,2830.2955,2835.2435,2821.4245,2835.2335
2026-03-23 15:03:00,2835.2295,2848.0615,2834.6385,2846.0115
2026-03-23 15:04:00,2846.6215,2847.2525,2836.8905,2844.1215
2026-03-23 15:05:00,2844.0065,2844.1335,2834.2625,2840.2565
2026-03-23 15:06:00,2839.8835,2841.3205,2836.6665,2841.2505
2026-03-23 15:07:00,2840.8085,2843.7575,2834.9145,2835.5875
2026-03-23 15:08:00,2835.5925,2836.8715,2823.9155,2828.2985
2026-03-23 15:09:00,2828.3025,2837.2895,2824.4345,2824.6415
2026-03-23 15:10:00,2824.5625,2825.3635,2817.7375,2824.5385
2026-03-23 15:11:00,2824.2005,2830.9345,2823.2875,2830.8395
2026-03-23 15:12:00,2830.8415,2842.5355,2830.8415,2841.6245
2026-03-23 15:13:00,2841.7635,2844.8255,2831.8465,2832.9575
2026-03-23 15:14:00,2833.0165,2834.2285,2825.4155,2826.0345
2026-03-23 15:15:00,2826.0965,2840.6435,2826.0225,2837.5815
2026-03-23 15:16:00,2839.0225,2850.6465,2838.4365,2849.1085
2026-03-23 15:17:00,2849.1685,2853.7015,2849.1095,2850.9805
2026-03-23 15:18:00,2851.1965,2851.4315,2845.4005,2848.5005
2026-03-23 15:19:00,2847.6015,2862.3435,2847.4865,2856.0725
2026-03-23 15:20:00,2855.7735,2856.3095,2851.2175,2855.4585
2026-03-23 15:21:00,2855.4605,2862.4275,2852.5315,2862.3065
2026-03-23 15:22:00,2862.7285,2862.7405,2856.5225,2857.2115
2026-03-23 15:23:00,2857.2725,2859.5785,2846.5345,2848.6315
2026-03-23 15:24:00,2848.5725,2856.0995,2847.6325,2850.0655
2026-03-23 15:25:00,2849.9995,2851.7485,2840.0615,2845.0305
2026-03-23 15:26:00,2844.9545,2853.2375,2843.0095,2848.2325
2026-03-23 15:27:00,2848.7685,2850.8075,2836.9675,2838.0555
2026-03-23 15:28:00,2838.0585,2838.1155,2832.4195,2836.4125
2026-03-23 15:29:00,2836.0335,2836.0335,2824.4795,2829.1115
2026-03-23 15:30:00,2828.2225,2835.9905,2826.6435,2835.9875
2026-03-23 15:31:00,2836.8695,2843.3175,2836.5695,2836.6325
2026-03-23 15:32:00,2836.9275,2847.3705,2834.5105,2845.0395
2026-03-23 15:33:00,2844.9895,2846.6885,2841.7095,2845.8665
2026-03-23 15:34:00,2845.8655,2856.4915,2844.3975,2856.4855
2026-03-23 15:35:00,2856.2795,2858.9765,2851.8535,2855.6175
2026-03-23 15:36:00,2855.1425,2855.5345,2849.4895,2850.0575
2026-03-23 15:37:00,2849.4685,2849.4685,2843.0035,2847.0295
2026-03-23 15:38:00,2847.0345,2848.7535,2835.8895,2836.1785
2026-03-23 15:39:00,2836.6285,2836.6285,2823.6235,2825.8305
2026-03-23 15:40:00,2823.0295,2834.3455,2822.9725,2834.3455
2026-03-23 15:41:00,2834.7785,2841.4955,2834.4175,2837.4005
2026-03-23 15:42:00,2835.9045,2842.1785,2835.2765,2838.5975
2026-03-23 15:43:00,2838.7165,2849.3795,2835.5925,2848.8545
2026-03-23 15:44:00,2848.8515,2856.9285,2846.4445,2856.5885
2026-03-23 15:45:00,2856.2705,2863.2605,2856.0205,2861.2205
2026-03-23 15:46:00,2861.3805,2863.5965,2858.4375,2860.5205
2026-03-23 15:47:00,2860.5245,2864.9875,2857.7955,2861.9725
2026-03-23 15:48:00,2862.0535,2868.6095,2860.0885,2865.9665
2026-03-23 15:49:00,2865.9705,2869.4925,2860.1895,2864.2705
2026-03-23 15:50:00,2864.2745,2868.8365,2863.4885,2865.9095
2026-03-23 15:51:00,2865.6035,2872.6135,2864.9995,2872.6135
2026-03-23 15:52:00,2873.0125,2879.1175,2868.7345,2878.8565
2026-03-23 15:53:00,2879.0085,2893.4535,2879.0085,2883.8695
2026-03-23 15:54:00,2883.8665,2884.8545,2878.4595,2879.7605
2026-03-23 15:55:00,2880.6705,2887.9575,2878.0935,2885.1095
2026-03-23 15:56:00,2885.1125,2885.4315,2873.9625,2874.5445
2026-03-23 15:57:00,2874.5455,2876.5455,2864.7115,2866.8175
2026-03-23 15:58:00,2866.8155,2867.0385,2850.3925,2854.2155
2026-03-23 15:59:00,2853.9185,2858.1385,2843.9835,2845.8985
2026-03-23 16:00:00,2845.9005,2848.3795,2834.9175,2834.9175
2026-03-23 16:01:00,2834.9165,2836.8325,2831.8965,2834.9395
2026-03-23 16:02:00,2834.8255,2834.8295,2824.9245,2829.3765
2026-03-23 16:03:00,2829.4345,2830.8955,2826.1875,2826.4925
2026-03-23 16:04:00,2826.5615,2833.9785,2825.3285,2833.4775
2026-03-23 16:05:00,2833.5965,2841.2555,2830.9695,2840.3655
2026-03-23 16:06:00,2840.3675,2847.0045,2837.0135,2838.7555
2026-03-23 16:07:00,2838.9525,2841.6665,2836.7335,2837.0525
2026-03-23 16:08:00,2837.0505,2848.4385,2837.0495,2848.4385
2026-03-23 16:09:00,2848.4365,2848.4495,2832.9205,2836.0075
2026-03-23 16:10:00,2834.9535,2836.9755,2826.8105,2836.9755
2026-03-23 16:11:00,2836.7905,2840.0145,2833.8755,2840.0145
2026-03-23 16:12:00,2839.7175,2850.2565,2839.6545,2847.8575
2026-03-23 16:13:00,2848.1885,2848.1885,2837.0995,2838.0815
2026-03-23 16:14:00,2838.0795,2851.0215,2837.7505,2850.9435
2026-03-23 16:15:00,2850.6455,2860.8975,2848.2665,2860.6285
2026-03-23 16:16:00,2860.7445,2869.4585,2859.4155,2865.5195
2026-03-23 16:17:00,2863.1205,2863.2255,2856.7245,2856.7245
2026-03-23 16:18:00,2857.4415,2861.2705,2854.2735,2861.2705
2026-03-23 16:19:00,2861.3955,2863.1455,2856.9435,2860.7335
2026-03-23 16:20:00,2860.9725,2862.0765,2854.9305,2856.8125
2026-03-23 16:21:00,2856.6215,2861.2015,2856.6215,2860.3425
2026-03-23 16:22:00,2860.3395,2865.2005,2859.5235,2865.1935
2026-03-23 16:23:00,2865.3195,2878.2245,2865.3195,2875.4595
2026-03-23 16:24:00,2875.4635,2880.1485,2870.7735,2874.1395
2026-03-23 16:25:00,2874.1415,2884.0975,2872.9355,2880.7985
2026-03-23 16:26:00,2880.8525,2885.1425,2877.1305,2880.7185
2026-03-23 16:27:00,2881.0995,2886.3755,2879.3095,2884.4335
2026-03-23 16:28:00,2884.4285,2885.0395,2878.8735,2879.9595
2026-03-23 16:29:00,2879.8025,2885.5985,2876.6755,2885.2675
2026-03-23 16:30:00,2885.2685,2889.9515,2885.0295,2887.8215
2026-03-23 16:31:00,2887.8225,2894.4045,2887.7895,2892.0205
2026-03-23 16:32:00,2891.8725,2896.1305,2884.9975,2896.1305
2026-03-23 16:33:00,2896.1325,2897.6965,2891.6835,2891.6835
2026-03-23 16:34:00,2891.6055,2893.1385,2889.6925,2892.8835
2026-03-23 16:35:00,2892.8845,2893.1805,2885.8125,2887.7535
2026-03-23 16:36:00,2887.7525,2887.7525,2875.7615,2879.2145
2026-03-23 16:37:00,2879.2195,2887.4705,2878.3845,2882.9575
2026-03-23 16:38:00,2882.9595,2887.8025,2882.7175,2886.6685
2026-03-23 16:39:00,2886.6035,2887.1625,2879.0625,2884.2955
2026-03-23 16:40:00,2884.1735,2893.8205,2883.0755,2892.1775
2026-03-23 16:41:00,2892.1755,2894.7885,2888.9285,2891.2645
2026-03-23 16:42:00,2891.2655,2891.4405,2880.5875,2881.4835
2026-03-23 16:43:00,2881.7235,2891.3475,2880.2625,2891.0335
2026-03-23 16:44:00,2891.1985,2892.1375,2884.3815,2887.7945
2026-03-23 16:45:00,2887.9755,2892.0565,2881.5605,2883.5085
2026-03-23 16:46:00,2883.5065,2888.5135,2883.1585,2883.7525
2026-03-23 16:47:00,2884.3455,2884.3455,2878.2355,2880.6725
2026-03-23 16:48:00,2880.3705,2881.1065,2871.5635,2876.5225
2026-03-23 16:49:00,2876.5275,2878.6815,2873.2465,2876.4555
2026-03-23 16:50:00,2876.4515,2879.6195,2873.8615,2879.4975
2026-03-23 16:51:00,2879.5005,2886.0425,2878.0035,2884.8885
2026-03-23 16:52:00,2884.8925,2891.4885,2880.7335,2891.3005
2026-03-23 16:53:00,2891.2405,2895.5425,2888.8655,2888.8655
2026-03-23 16:54:00,2888.9285,2889.9675,2880.8735,2884.8815
2026-03-23 16:55:00,2884.8835,2888.5255,2877.8745,2878.2605
2026-03-23 16:56:00,2878.2625,2879.6025,2871.0655,2871.4775
2026-03-23 16:57:00,2872.5255,2875.9935,2866.7965,2868.9705
2026-03-23 16:58:00,2870.8925,2877.9005,2870.2195,2871.6495
2026-03-23 16:59:00,2871.7835,2873.2395,2865.5935,2867.2975
2026-03-23 17:00:00,2867.3535,2870.4485,2860.7015,2866.2225
2026-03-23 17:01:00,2866.2185,2867.5375,2862.3655,2866.0985
2026-03-23 17:02:00,2866.9755,2868.1905,2854.5495,2857.0725
2026-03-23 17:03:00,2857.0715,2859.8285,2848.6655,2848.6655
2026-03-23 17:04:00,2848.6645,2850.9645,2842.3975,2843.6395
2026-03-23 17:05:00,2843.5755,2843.8505,2834.0905,2835.6385
2026-03-23 17:06:00,2835.6475,2841.6425,2832.6035,2835.3085
2026-03-23 17:07:00,2835.3125,2842.4405,2835.0255,2839.0365
2026-03-23 17:08:00,2839.4545,2840.5765,2834.2855,2836.4505
2026-03-23 17:09:00,2836.3925,2839.9885,2830.4615,2832.2385
2026-03-23 17:10:00,2832.3825,2832.5065,2821.8015,2829.6025
2026-03-23 17:11:00,2829.6045,2831.2855,2824.5055,2824.9835
2026-03-23 17:12:00,2824.9875,2830.1535,2824.1415,2828.1745
2026-03-23 17:13:00,2827.5885,2841.4475,2827.3755,2833.9285
2026-03-23 17:14:00,2833.9915,2836.9505,2822.6795,2823.3935
2026-03-23 17:15:00,2824.7665,2831.8935,2823.4375,2823.8645
2026-03-23 17:16:00,2824.0145,2827.7895,2820.9025,2822.1495
2026-03-23 17:17:00,2822.1485,2827.7145,2818.8315,2821.8245
2026-03-23 17:18:00,2821.8285,2825.6115,2818.3095,2818.8205
2026-03-23 17:19:00,2818.8965,2822.3035,2810.4995,2815.5085
2026-03-23 17:20:00,2815.5095,2816.6255,2809.6155,2812.3155
2026-03-23 17:21:00,2812.1005,2815.1955,2809.4055,2811.1845
2026-03-23 17:22:00,2811.1825,2815.6625,2810.4475,2815.2435
2026-03-23 17:23:00,2815.1815,2820.9315,2813.8705,2820.2635
2026-03-23 17:24:00,2821.4545,2826.6405,2815.9055,2818.0925
2026-03-23 17:25:00,2818.0265,2822.4145,2816.3835,2820.5725
2026-03-23 17:26:00,2820.5705,2825.1985,2816.9095,2824.9595
2026-03-23 17:27:00,2825.1415,2827.2295,2819.7555,2824.7965
2026-03-23 17:28:00,2824.8005,2824.9145,2814.1885,2814.1885
2026-03-23 17:29:00,2812.6275,2817.1665,2809.8525,2811.2555
2026-03-23 17:30:00,2811.3255,2814.8485,2809.9955,2814.1075
2026-03-23 17:31:00,2814.0745,2815.8685,2810.1775,2811.5225
2026-03-23 17:32:00,2810.0515,2814.0815,2804.8415,2808.6045
2026-03-23 17:33:00,2808.6725,2816.0185,2808.2345,2816.0185
2026-03-23 17:34:00,2816.0225,2819.6185,2808.8745,2809.4655
2026-03-23 17:35:00,2809.4615,2814.6445,2805.7465,2813.0905
2026-03-23 17:36:00,2813.0875,2817.4915,2811.4595,2811.8185
2026-03-23 17:37:00,2811.7585,2815.5605,2810.5025,2815.4385
2026-03-23 17:38:00,2815.5865,2820.3625,2812.0215,2813.9275
2026-03-23 17:39:00,2811.4415,2812.4715,2802.3995,2802.5375
2026-03-23 17:40:00,2802.5335,2802.5335,2790.5445,2790.6065
2026-03-23 17:41:00,2790.6605,2791.4875,2783.5345,2783.5345
2026-03-23 17:42:00,2783.5315,2787.7305,2781.5495,2787.3095
2026-03-23 17:43:00,2787.3135,2794.3835,2784.2405,2787.8625
2026-03-23 17:44:00,2788.9195,2791.4805,2783.5025,2788.4205
2026-03-23 17:45:00,2788.4235,2789.5315,2785.2365,2785.6735
2026-03-23 17:46:00,2785.1505,2785.1505,2780.7095,2782.2055
2026-03-23 17:47:00,2782.2075,2790.5115,2779.8935,2788.9595
2026-03-23 17:48:00,2788.9635,2794.0195,2788.3795,2791.3505
2026-03-23 17:49:00,2791.3475,2797.7255,2787.7505,2796.3885
2026-03-23 17:50:00,2796.0485,2803.1095,2795.2225,2803.0405
2026-03-23 17:51:00,2803.0385,2807.4565,2800.1795,2802.0325
2026-03-23 17:52:00,2801.9695,2803.5635,2791.3695,2796.1545
2026-03-23 17:53:00,2796.2715,2800.0705,2792.2235,2797.3915
2026-03-23 17:54:00,2794.7695,2801.5965,2794.6505,2800.3625
2026-03-23 17:55:00,2800.4235,2800.4255,2789.7295,2794.4765
2026-03-23 17:56:00,2793.8925,2800.8255,2790.2555,2796.4035
2026-03-23 17:57:00,2796.3835,2797.5615,2783.3975,2783.3975
2026-03-23 17:58:00,2782.6785,2785.8125,2781.1425,2781.7545
2026-03-23 17:59:00,2781.6335,2786.0235,2780.4785,2785.8845
2026-03-23 18:00:00,2786.2525,2789.7595,2779.9765,2782.0405
2026-03-23 18:01:00,2782.0425,2784.4345,2778.4575,2778.5145
2026-03-23 18:02:00,2778.4615,2781.1665,2774.9185,2775.9915
2026-03-23 18:03:00,2775.4705,2793.5705,2775.4705,2792.2975
2026-03-23 18:04:00,2792.2995,2803.7805,2790.8985,2801.2485
2026-03-23 18:05:00,2801.0065,2802.3855,2797.3615,2798.8455
2026-03-23 18:06:00,2799.0255,2805.9835,2799.0255,2803.3845
2026-03-23 18:07:00,2803.3855,2803.3855,2792.9345,2794.9235
2026-03-23 18:08:00,2794.9215,2798.3155,2790.7825,2797.6845
2026-03-23 18:09:00,2797.6825,2799.5215,2792.1125,2795.9065
2026-03-23 18:10:00,2795.5135,2803.2355,2794.7305,2802.9795
2026-03-23 18:11:00,2803.1295,2806.9495,2794.7995,2794.8025
2026-03-23 18:12:00,2794.7975,2796.8445,2787.2785,2793.8785
2026-03-23 18:13:00,2793.8755,2798.6425,2787.8655,2788.1015
2026-03-23 18:14:00,2788.1025,2796.6035,2788.0995,2791.4685
2026-03-23 18:15:00,2791.4705,2792.2825,2784.9345,2784.9345
2026-03-23 18:16:00,2785.2515,2788.1225,2781.8225,2782.1365
2026-03-23 18:17:00,2781.9225,2790.1915,2781.7835,2789.7495
2026-03-23 18:18:00,2789.6845,2797.8765,2788.7755,2791.5685
2026-03-23 18:19:00,2791.5095,2801.2575,2790.3105,2801.2575
2026-03-23 18:20:00,2801.3205,2801.6815,2790.0395,2792.5455
2026-03-23 18:21:00,2792.5495,2793.5805,2785.6375,2789.6145
2026-03-23 18:22:00,2789.6755,2798.2315,2789.6745,2798.1315
2026-03-23 18:23:00,2798.3145,2801.3895,2795.9625,2796.9945
2026-03-23 18:24:00,2797.4575,2802.5275,2796.5525,2800.9215
2026-03-23 18:25:00,2800.9235,2808.5125,2799.7125,2807.5315
2026-03-23 18:26:00,2807.7205,2811.0475,2802.7995,2804.1855
2026-03-23 18:27:00,2804.3435,2807.3285,2798.5415,2799.1935
2026-03-23 18:28:00,2797.9635,2800.6075,2790.0785,2790.2955
2026-03-23 18:29:00,2790.1605,2790.6345,2784.3095,2788.7345
2026-03-23 18:30:00,2788.7365,2798.9575,2787.8605,2788.9495
2026-03-23 18:31:00,2789.4255,2797.3565,2786.0235,2789.3415
2026-03-23 18:32:00,2789.3385,2789.3385,2783.4195,2785.8045
2026-03-23 18:33:00,2785.8095,2791.1055,2785.6445,2790.1305
2026-03-23 18:34:00,2790.1335,2799.6355,2790.1315,2798.1815
2026-03-23 18:35:00,2798.5755,2798.5755,2786.1935,2787.4275
2026-03-23 18:36:00,2787.5785,2798.6765,2786.9865,2798.6765
2026-03-23 18:37:00,2798.6775,2802.9365,2796.1705,2802.9365
2026-03-23 18:38:00,2802.6805,2805.8755,2801.9645,2803.5225
2026-03-23 18:39:00,2803.2875,2807.1425,2798.9855,2803.6845
2026-03-23 18:40:00,2803.6275,2804.6945,2795.7735,2798.4025
2026-03-23 18:41:00,2798.6415,2800.2375,2795.6155,2796.7535
2026-03-23 18:42:00,2797.3585,2802.9725,2795.6585,2802.9725
2026-03-23 18:43:00,2802.9675,2808.4405,2796.0535,2796.0565
2026-03-23 18:44:00,2796.0585,2796.9325,2789.3985,2793.2725
2026-03-23 18:45:00,2793.3855,2795.7815,2785.4495,2785.7635
2026-03-23 18:46:00,2785.7495,2789.5375,2785.2655,2788.9695
2026-03-23 18:47:00,2788.9105,2798.2715,2787.9695,2796.7195
2026-03-23 18:48:00,2796.7145,2797.9245,2791.4685,2794.3665
2026-03-23 18:49:00,2794.0295,2801.7995,2793.7345,2799.3755
2026-03-23 18:50:00,2799.2005,2811.7565,2799.1975,2809.1135
2026-03-23 18:51:00,2809.1625,2812.2525,2806.8255,2811.6605
2026-03-23 18:52:00,2811.6615,2812.8285,2808.4905,2810.7005
2026-03-23 18:53:00,2810.6985,2811.3965,2805.7975,2806.4505
2026-03-23 18:54:00,2806.3335,2809.2535,2801.1105,2807.2815
2026-03-23 18:55:00,2807.1615,2807.2135,2799.5735,2800.1245
2026-03-23 18:56:00,2800.1225,2809.4085,2800.1225,2800.9355
2026-03-23 18:57:00,2800.9315,2801.4865,2790.8005,2793.3655
2026-03-23 18:58:00,2793.3625,2796.1135,2790.5685,2790.9605
2026-03-23 18:59:00,2790.9565,2791.2985,2783.0025,2791.2985
2026-03-23 19:00:00,2791.2975,2792.6195,2786.9975,2792.1655
2026-03-23 19:01:00,2792.3265,2802.1695,2792.3215,2800.0825
2026-03-23 19:02:00,2800.2025,2806.6085,2798.8075,2803.1795
2026-03-23 19:03:00,2803.1055,2812.0465,2802.9535,2809.9325
2026-03-23 19:04:00,2809.9905,2815.4515,2805.5575,2810.5365
2026-03-23 19:05:00,2810.8615,2817.8635,2808.8795,2816.3095
2026-03-23 19:06:00,2815.4485,2817.1505,2811.9065,2813.7405
2026-03-23 19:07:00,2813.6805,2813.6845,2806.4435,2809.3745
2026-03-23 19:08:00,2809.3755,2815.3695,2807.6355,2815.3695
2026-03-23 19:09:00,2815.5085,2827.3985,2815.1425,2819.2295
2026-03-23 19:10:00,2819.2245,2819.3755,2812.7225,2815.5395
2026-03-23 19:11:00,2815.3255,2816.8685,2810.5275,2812.1445
2026-03-23 19:12:00,2812.1425,2812.2135,2797.6575,2797.9475
2026-03-23 19:13:00,2797.9445,2802.5235,2792.9095,2796.9775
2026-03-23 19:14:00,2797.1055,2807.1695,2793.3715,2805.0155
2026-03-23 19:15:00,2804.8905,2813.5525,2804.6905,2812.2645
2026-03-23 19:16:00,2812.2655,2812.5655,2805.1025,2806.2425
2026-03-23 19:17:00,2806.0425,2814.5215,2805.2005,2813.5015
2026-03-23 19:18:00,2813.3235,2815.0485,2805.6945,2807.9765
2026-03-23 19:19:00,2807.9815,2819.4555,2804.3525,2817.7215
2026-03-23 19:20:00,2817.7265,2824.1715,2815.7075,2818.4305
2026-03-23 19:21:00,2818.4355,2819.4395,2809.1195,2810.8115
2026-03-23 19:22:00,2810.8095,2813.8995,2809.4565,2812.7295
2026-03-23 19:23:00,2812.8005,2813.7805,2807.9815,2809.7855
2026-03-23 19:24:00,2810.1945,2813.2795,2807.2055,2807.2055
2026-03-23 19:25:00,2807.2085,2807.2085,2803.0115,2806.8675
2026-03-23 19:26:00,2806.8685,2810.4715,2805.1675,2807.0105
2026-03-23 19:27:00,2807.4135,2809.3065,2804.4795,2806.9495
2026-03-23 19:28:00,2806.9485,2808.2115,2799.1395,2799.9485
2026-03-23 19:29:00,2799.9535,2799.9535,2791.7155,2796.5545
2026-03-23 19:30:00,2796.6755,2798.2715,2790.1575,2791.7735
2026-03-23 19:31:00,2791.7175,2797.2705,2791.3375,2794.6455
2026-03-23 19:32:00,2794.6475,2795.5715,2788.3645,2790.3115
2026-03-23 19:33:00,2790.5435,2791.7185,2783.8405,2791.4995
2026-03-23 19:34:00,2791.7415,2793.4855,2785.9395,2788.5705
2026-03-23 19:35:00,2788.6405,2789.6295,2773.5745,2774.4415
2026-03-23 19:36:00,2774.3735,2785.8565,2774.0615,2784.9315
2026-03-23 19:37:00,2784.3975,2791.1175,2783.8245,2789.6305
2026-03-23 19:38:00,2789.6275,2799.3455,2789.4445,2796.4215
2026-03-23 19:39:00,2795.8685,2797.6065,2786.4295,2788.1285
2026-03-23 19:40:00,2788.1235,2791.7355,2781.9395,2782.0755
2026-03-23 19:41:00,2782.2485,2782.3485,2777.5845,2779.6925
2026-03-23 19:42:00,2779.7435,2779.8265,2771.7045,2772.7905
2026-03-23 19:43:00,2772.7335,2781.8205,2770.2105,2781.8205
2026-03-23 19:44:00,2781.6775,2783.9125,2771.1815,2771.9415
2026-03-23 19:45:00,2772.0585,2775.7965,2767.1545,2770.5935
2026-03-23 19:46:00,2770.5895,2773.2415,2769.7535,2771.1215
2026-03-23 19:47:00,2770.9905,2781.3985,2770.9905,2781.3325
2026-03-23 19:48:00,2781.3135,2785.3535,2776.5565,2778.4605
2026-03-23 19:49:00,2779.1655,2783.7945,2772.9045,2781.6965
2026-03-23 19:50:00,2781.2525,2784.9925,2777.6015,2784.0755
2026-03-23 19:51:00,2784.4425,2785.3115,2780.3645,2780.6365
2026-03-23 19:52:00,2780.6375,2784.6635,2779.0005,2781.3045
2026-03-23 19:53:00,2781.3085,2787.1695,2780.6735,2785.1125
2026-03-23 19:54:00,2785.1105,2787.8535,2778.9675,2778.9675
2026-03-23 19:55:00,2779.0215,2781.2425,2762.4855,2763.1125
2026-03-23 19:56:00,2763.6335,2768.9285,2763.5635,2768.2145
2026-03-23 19:57:00,2768.1515,2774.6145,2767.9635,2769.2325
2026-03-23 19:58:00,2769.2875,2770.9765,2767.2065,2769.6375
2026-03-23 19:59:00,2769.6425,2773.8115,2761.4425,2767.1395
2026-03-23 20:00:00,2766.9805,2779.2895,2763.8545,2778.5395
2026-03-23 20:01:00,2778.5415,2788.1145,2778.5405,2784.0015
2026-03-23 20:02:00,2784.0005,2785.5815,2779.9905,2782.9245
2026-03-23 20:03:00,2783.0355,2786.8005,2780.1065,2786.3355
2026-03-23 20:04:00,2786.1635,2790.5735,2781.5985,2790.5735
2026-03-23 20:05:00,2789.7115,2793.8315,2786.4005,2787.0815
2026-03-23 20:06:00,2787.0855,2787.7025,2782.3555,2785.6235
2026-03-23 20:07:00,2785.6195,2788.4825,2781.1745,2781.9795
2026-03-23 20:08:00,2781.9845,2785.6995,2780.4225,2782.8095
2026-03-23 20:09:00,2782.6915,2786.2415,2780.5235,2785.5375
2026-03-23 20:10:00,2785.6825,2786.3455,2783.1605,2784.6005
2026-03-23 20:11:00,2784.9085,2785.6865,2780.6415,2784.6015
2026-03-23 20:12:00,2783.6185,2791.0445,2783.6185,2790.1935
2026-03-23 20:13:00,2789.8795,2794.2335,2787.1485,2788.4205
2026-03-23 20:14:00,2788.4835,2797.0685,2787.0815,2796.9535
2026-03-23 20:15:00,2796.9505,2802.3825,2794.7505,2800.7545
2026-03-23 20:16:00,2800.7525,2811.6905,2797.7325,2806.1925
2026-03-23 20:17:00,2805.1915,2807.0855,2799.6225,2805.1115
2026-03-23 20:18:00,2805.1845,2805.1845,2797.1995,2798.6875
2026-03-23 20:19:00,2798.6895,2800.2655,2794.0435,2798.8365
2026-03-23 20:20:00,2798.9515,2808.3455,2795.5705,2804.1035
2026-03-23 20:21:00,2804.1045,2804.9335,2799.2875,2801.9415
2026-03-23 20:22:00,2801.9425,2805.3865,2799.1165,2801.2165
2026-03-23 20:23:00,2801.2145,2803.8145,2795.6805,2796.1065
2026-03-23 20:24:00,2795.5145,2798.3035,2788.9225,2789.0155
2026-03-23 20:25:00,2789.0145,2795.9715,2784.8255,2795.9695
2026-03-23 20:26:00,2795.9725,2803.6245,2792.0455,2803.4905
2026-03-23 20:27:00,2803.3485,2806.3665,2799.5125,2799.6645
2026-03-23 20:28:00,2799.4885,2804.3255,2796.7665,2796.9385
2026-03-23 20:29:00,2797.0135,2797.0895,2792.1285,2793.0235
2026-03-23 20:30:00,2793.0635,2794.5415,2781.8785,2785.5785
2026-03-23 20:31:00,2785.5825,2792.5285,2784.2565,2787.1605
2026-03-23 20:32:00,2787.1645,2792.5475,2781.2805,2781.2805
2026-03-23 20:33:00,2781.2855,2789.7955,2780.7375,2788.7965
2026-03-23 20:34:00,2789.0015,2790.0475,2777.2825,2778.9365
2026-03-23 20:35:00,2778.9385,2780.2535,2774.5895,2775.6625
2026-03-23 20:36:00,2775.6755,2778.1095,2770.3285,2770.3285
2026-03-23 20:37:00,2771.2475,2782.3755,2771.2475,2778.1485
2026-03-23 20:38:00,2780.3675,2790.8255,2780.3675,2789.9445
2026-03-23 20:39:00,2789.9475,2790.2055,2784.2885,2785.7065
2026-03-23 20:40:00,2786.7565,2791.4025,2784.1955,2790.8825
2026-03-23 20:41:00,2790.7315,2792.5295,2779.2325,2779.8105
2026-03-23 20:42:00,2779.8085,2781.5635,2767.8285,2774.1285
2026-03-23 20:43:00,2777.3175,2777.9415,2766.3485,2767.5035
2026-03-23 20:44:00,2767.9535,2771.4835,2763.5295,2769.7315
2026-03-23 20:45:00,2769.7335,2771.9045,2758.2735,2760.8545
2026-03-23 20:46:00,2760.9115,2761.2005,2752.9365,2753.9865
2026-03-23 20:47:00,2754.0985,2754.3875,2749.4695,2751.9445
2026-03-23 20:48:00,2751.4365,2752.4485,2747.3905,2748.1295
2026-03-23 20:49:00,2747.1645,2750.4945,2743.8715,2745.2725
2026-03-23 20:50:00,2745.2705,2748.2695,2741.6395,2745.2585
2026-03-23 20:51:00,2745.2665,2758.7255,2739.8835,2758.5695
2026-03-23 20:52:00,2758.5665,2766.1905,2755.4275,2761.2675
2026-03-23 20:53:00,2761.0945,2765.3605,2756.1005,2764.9655
2026-03-23 20:54:00,2764.9085,2771.0615,2763.3595,2770.9505
2026-03-23 20:55:00,2770.5395,2770.7225,2765.0855,2765.5405
2026-03-23 20:56:00,2765.7075,2771.4445,2762.8825,2765.8565
2026-03-23 20:57:00,2765.7835,2779.7355,2765.7835,2779.7335
2026-03-23 20:58:00,2779.7305,2787.0245,2779.3745,2786.8245
2026-03-23 20:59:00,2786.7645,2805.4115,2784.5585,2804.9855
2026-03-23 21:00:00,2804.6275,2805.8305,2792.4105,2792.4105
2026-03-23 21:01:00,2792.5835,2793.0515,2787.0445,2790.3145
2026-03-23 21:02:00,2790.3165,2799.6635,2790.3165,2796.9215
2026-03-23 21:03:00,2797.1385,2806.0775,2796.1575,2803.8135
2026-03-23 21:04:00,2803.7565,2810.4935,2803.7565,2807.6905
2026-03-23 21:05:00,2807.6945,2817.8245,2807.1125,2813.6975
2026-03-23 21:06:00,2813.6955,2815.1905,2804.8715,2804.8725
2026-03-23 21:07:00,2804.8765,2805.1765,2800.8835,2804.7205
2026-03-23 21:08:00,2804.4865,2805.1865,2798.5385,2804.0725
2026-03-23 21:09:00,2804.1935,2805.2685,2798.4275,2802.8425
2026-03-23 21:10:00,2802.9015,2803.2735,2791.3025,2791.7125
2026-03-23 21:11:00,2791.7145,2799.8915,2791.4735,2791.7335
2026-03-23 21:12:00,2791.5965,2798.1305,2789.4565,2796.6655
2026-03-23 21:13:00,2796.6625,2805.2715,2794.6495,2802.9525
2026-03-23 21:14:00,2802.9495,2810.1185,2798.4455,2807.0945
2026-03-23 21:15:00,2807.0955,2807.9425,2798.9485,2800.4305
2026-03-23 21:16:00,2800.4295,2804.1945,2793.7205,2793.8325
2026-03-23 21:17:00,2793.6835,2795.1405,2788.2085,2790.9395
2026-03-23 21:18:00,2790.9345,2794.0735,2788.3215,2792.9575
2026-03-23 21:19:00,2793.0185,2797.9145,2793.0185,2797.9145
2026-03-23 21:20:00,2797.9105,2797.9105,2781.5015,2782.7025
2026-03-23 21:21:00,2782.6445,2787.5725,2775.2765,2776.4915
2026-03-23 21:22:00,2776.5605,2794.5735,2776.5605,2790.9585
2026-03-23 21:23:00,2790.9625,2793.8065,2782.0045,2784.6105
2026-03-23 21:24:00,2784.6095,2785.8735,2776.0975,2781.0105
2026-03-23 21:25:00,2781.0085,2782.8345,2777.9035,2779.7965
2026-03-23 21:26:00,2779.2925,2781.7885,2776.6095,2777.3095
2026-03-23 21:27:00,2777.7805,2778.9365,2774.0715,2778.5765
2026-03-23 21:28:00,2778.5685,2778.8535,2772.4415,2772.5095
2026-03-23 21:29:00,2772.5135,2779.3885,2771.5375,2777.6565
2026-03-23 21:30:00,2777.6515,2779.7375,2772.1785,2779.6195
2026-03-23 21:31:00,2779.5085,2793.8945,2779.5085,2793.8945
2026-03-23 21:32:00,2792.7955,2794.8435,2783.7255,2784.9825
2026-03-23 21:33:00,2784.9785,2788.9655,2777.4165,2777.5635
2026-03-23 21:34:00,2777.4945,2780.4415,2772.3405,2773.1255
2026-03-23 21:35:00,2773.1265,2776.8405,2770.6865,2774.9975
2026-03-23 21:36:00,2774.9955,2777.6835,2771.3945,2775.8525
2026-03-23 21:37:00,2775.9255,2778.0635,2772.2165,2772.4045
2026-03-23 21:38:00,2772.4055,2776.8015,2770.4755,2776.5515
2026-03-23 21:39:00,2776.4225,2778.5935,2768.5715,2774.6715
2026-03-23 21:40:00,2774.6685,2774.8725,2768.1545,2773.7235
2026-03-23 21:41:00,2773.4635,2781.9005,2767.6215,2779.6475
2026-03-23 21:42:00,2779.6435,2780.4355,2771.4155,2772.6375
2026-03-23 21:43:00,2772.6395,2774.3835,2769.5405,2773.2295
2026-03-23 21:44:00,2773.2825,2783.0905,2772.7715,2776.5065
2026-03-23 21:45:00,2776.1055,2783.8505,2775.1345,2781.4825
2026-03-23 21:46:00,2781.4225,2788.0585,2781.2905,2783.9925
2026-03-23 21:47:00,2784.3835,2787.5115,2778.3805,2785.5555
2026-03-23 21:48:00,2785.4985,2787.2855,2781.5685,2783.1145
2026-03-23 21:49:00,2783.1775,2790.8865,2782.6675,2790.0215
2026-03-23 21:50:00,2790.3695,2791.1075,2783.2525,2783.5005
2026-03-23 21:51:00,2782.8545,2794.0245,2782.5025,2792.6475
2026-03-23 21:52:00,2792.6485,2793.4835,2785.7345,2789.6475
2026-03-23 21:53:00,2788.4945,2803.0285,2788.4945,2798.0745
2026-03-23 21:54:00,2798.7975,2803.8845,2798.3295,2800.6275
2026-03-23 21:55:00,2800.6315,2803.1705,2795.6985,2800.0085
2026-03-23 21:56:00,2800.0125,2806.9405,2798.0425,2802.0925
2026-03-23 21:57:00,2802.0885,2805.6205,2797.4605,2797.9255
2026-03-23 21:58:00,2798.1905,2804.8535,2794.4415,2800.1105
2026-03-23 21:59:00,2800.0495,2804.6275,2797.0335,2799.2815
2026-03-23 22:00:00,2794.4165,2800.6655,2790.5705,2799.1405
2026-03-23 22:01:00,2799.1375,2804.2805,2798.7565,2798.9695
2026-03-23 22:02:00,2799.3365,2804.0095,2794.0585,2794.7115
2026-03-23 22:03:00,2794.8665,2796.3205,2783.9515,2785.9435
2026-03-23 22:04:00,2785.9475,2793.6165,2785.2875,2788.3775
2026-03-23 22:05:00,2788.3735,2796.3505,2786.9595,2790.6605
2026-03-23 22:06:00,2790.6555,2796.2675,2788.6025,2792.7305
2026-03-23 22:07:00,2792.6065,2795.7795,2790.8705,2791.5225
2026-03-23 22:08:00,2791.5775,2801.3675,2788.0695,2801.1225
2026-03-23 22:09:00,2801.0595,2812.0145,2799.6035,2803.6275
2026-03-23 22:10:00,2803.6315,2808.1545,2801.9175,2805.6795
2026-03-23 22:11:00,2805.8205,2809.5345,2801.0215,2809.1805
2026-03-23 22:12:00,2809.1655,2822.6005,2808.9025,2819.4265
2026-03-23 22:13:00,2819.6395,2822.1305,2813.9095,2815.9395
2026-03-23 22:14:00,2815.8125,2817.6885,2810.5785,2810.9385
2026-03-23 22:15:00,2810.9395,2814.2165,2809.6015,2812.6335
2026-03-23 22:16:00,2812.7005,2814.8655,2811.2605,2814.1465
2026-03-23 22:17:00,2814.1495,2814.4015,2803.4885,2803.9185
2026-03-23 22:18:00,2804.0355,2809.3365,2799.5595,2799.7605
2026-03-23 22:19:00,2799.8315,2806.0815,2796.7665,2804.1825
2026-03-23 22:20:00,2804.7675,2806.1945,2798.5295,2802.0645
2026-03-23 22:21:00,2802.7875,2802.8495,2795.9305,2798.9685
2026-03-23 22:22:00,2798.9655,2799.0645,2793.1035,2797.6725
2026-03-23 22:23:00,2797.6775,2799.6295,2792.1225,2796.2855
2026-03-23 22:24:00,2796.1485,2799.1755,2791.4115,2791.5665
2026-03-23 22:25:00,2791.6425,2803.3985,2790.9625,2802.0755
2026-03-23 22:26:00,2802.2165,2802.6735,2785.9495,2786.3085
2026-03-23 22:27:00,2786.2505,2789.0715,2783.0815,2783.9965
2026-03-23 22:28:00,2784.0015,2784.0015,2773.4065,2775.0475
2026-03-23 22:29:00,2775.0525,2775.0525,2766.0605,2768.0935
2026-03-23 22:30:00,2768.3435,2770.1675,2765.4985,2768.1405
2026-03-23 22:31:00,2767.9265,2773.4925,2764.4005,2771.0365
2026-03-23 22:32:00,2771.4425,2771.4435,2757.7825,2761.5455
2026-03-23 22:33:00,2761.1215,2770.5365,2758.0995,2764.4745
2026-03-23 22:34:00,2764.4105,2764.4605,2754.6515,2754.7405
2026-03-23 22:35:00,2754.7365,2755.7975,2746.2465,2749.7415
2026-03-23 22:36:00,2749.7445,2751.3805,2740.8265,2745.1435
2026-03-23 22:37:00,2745.1445,2751.3665,2744.0815,2750.6535
2026-03-23 22:38:00,2750.6505,2756.9945,2750.1205,2751.3495
2026-03-23 22:39:00,2750.9055,2753.5485,2741.7545,2744.3765
2026-03-23 22:40:00,2744.4915,2745.7145,2738.1595,2741.3665
2026-03-23 22:41:00,2741.2995,2744.3135,2738.8895,2741.6505
2026-03-23 22:42:00,2741.6545,2741.7945,2735.2465,2738.4735
2026-03-23 22:43:00,2738.5305,2739.8605,2732.7145,2734.0445
2026-03-23 22:44:00,2734.0455,2741.1915,2734.0155,2741.0365
2026-03-23 22:45:00,2740.9855,2746.0745,2740.1135,2745.7735
2026-03-23 22:46:00,2746.3525,2746.4915,2740.7145,2742.3355
2026-03-23 22:47:00,2742.2745,2745.1025,2739.0655,2742.2155
2026-03-23 22:48:00,2742.2145,2750.9165,2740.7175,2749.6455
2026-03-23 22:49:00,2749.7635,2754.5565,2746.0415,2746.0965
2026-03-23 22:50:00,2746.0345,2758.1745,2744.7575,2756.1815
2026-03-23 22:51:00,2755.7815,2762.6105,2755.2885,2758.1645
2026-03-23 22:52:00,2758.1625,2759.5325,2754.2015,2757.3145
2026-03-23 22:53:00,2757.3105,2760.2955,2754.5325,2756.9045
2026-03-23 22:54:00,2756.9075,2764.9145,2752.5955,2753.8315
2026-03-23 22:55:00,2753.7145,2758.5315,2751.9645,2756.5225
2026-03-23 22:56:00,2757.3095,2763.9185,2755.5585,2763.4485
2026-03-23 22:57:00,2763.6795,2764.6135,2757.9745,2759.8645
2026-03-23 22:58:00,2759.8635,2762.6265,2757.4825,2761.9835
2026-03-23 22:59:00,2762.1995,2765.0055,2754.9385,2754.9385
2026-03-23 23:00:00,2754.9335,2762.2595,2750.5215,2759.4635
2026-03-23 23:01:00,2759.3515,2759.5985,2752.0085,2753.4695
2026-03-23 23:02:00,2753.6115,2763.3965,2752.5025,2760.3005
2026-03-23 23:03:00,2760.3035,2765.6985,2760.3035,2764.5495
2026-03-23 23:04:00,2764.5535,2764.8695,2759.4265,2760.6505
2026-03-23 23:05:00,2759.5415,2770.0015,2759.5415,2769.5215
2026-03-23 23:06:00,2769.3445,2771.7745,2763.8325,2770.2375
2026-03-23 23:07:00,2770.4105,2773.1875,2765.7665,2765.8345
2026-03-23 23:08:00,2766.2415,2771.6095,2763.3265,2767.9055
2026-03-23 23:09:00,2767.8445,2769.3965,2766.3845,2768.8585
2026-03-23 23:10:00,2768.8605,2771.4925,2767.7145,2770.0065
2026-03-23 23:11:00,2770.0105,2772.2525,2766.7415,2768.9235
2026-03-23 23:12:00,2768.2635,2768.2635,2760.3625,2762.7965
2026-03-23 23:13:00,2762.7985,2762.8365,2752.8365,2753.9235
2026-03-23 23:14:00,2753.9225,2759.5165,2753.6195,2753.6195
2026-03-23 23:15:00,2753.4445,2757.5685,2751.1165,2751.7995
2026-03-23 23:16:00,2751.8025,2759.9285,2748.1905,2757.8225
2026-03-23 23:17:00,2757.8245,2759.7225,2749.5915,2757.6055
2026-03-23 23:18:00,2757.5505,2762.2995,2755.9325,2759.8485
2026-03-23 23:19:00,2760.1965,2769.4545,2760.1965,2764.0525
2026-03-23 23:20:00,2764.0535,2768.6525,2760.5315,2767.4315
2026-03-23 23:21:00,2767.4285,2770.3735,2763.9485,2763.9485
2026-03-23 23:22:00,2763.7455,2766.6905,2759.6985,2763.4005
2026-03-23 23:23:00,2763.3995,2764.4865,2749.3115,2751.7035
2026-03-23 23:24:00,2751.7065,2757.0245,2750.2185,2756.9635
2026-03-23 23:25:00,2756.4445,2758.9205,2754.7175,2758.1465
2026-03-23 23:26:00,2758.1965,2758.4485,2751.3765,2751.4145
2026-03-23 23:27:00,2751.4165,2753.0825,2747.0895,2750.7565
2026-03-23 23:28:00,2750.6905,2756.3025,2748.4525,2751.4175
2026-03-23 23:29:00,2751.7965,2753.9975,2747.4235,2748.0375
2026-03-23 23:30:00,2748.1085,2760.5125,2747.0955,2759.3975
2026-03-23 23:31:00,2759.2815,2769.4455,2759.2765,2762.2835
2026-03-23 23:32:00,2762.4995,2763.9205,2756.8855,2757.6345
2026-03-23 23:33:00,2757.9305,2762.8355,2754.8945,2759.6245
2026-03-23 23:34:00,2759.6205,2759.6205,2750.3925,2751.1695
2026-03-23 23:35:00,2751.0855,2751.5245,2743.7175,2745.3555
2026-03-23 23:36:00,2745.3545,2745.5195,2738.0185,2743.6745
2026-03-23 23:37:00,2743.6155,2749.6385,2742.8385,2745.2335
2026-03-23 23:38:00,2744.6665,2744.6665,2735.5315,2740.6085
2026-03-23 23:39:00,2740.6075,2745.2205,2738.6765,2738.7175
2026-03-23 23:40:00,2738.8595,2744.8185,2735.1655,2743.9995
2026-03-23 23:41:00,2744.4985,2746.8815,2739.6935,2744.1375
2026-03-23 23:42:00,2744.2155,2749.8305,2743.5615,2747.1375
2026-03-23 23:43:00,2747.9195,2752.0005,2746.8525,2750.4325
2026-03-23 23:44:00,2750.4365,2750.4365,2735.7785,2736.6295
2026-03-23 23:45:00,2736.8595,2748.3545,2736.1135,2745.1815
2026-03-23 23:46:00,2745.1795,2749.3955,2743.4425,2748.1875
2026-03-23 23:47:00,2747.3345,2749.1145,2742.0565,2743.8365
2026-03-23 23:48:00,2743.7785,2745.9925,2739.2015,2742.4955
2026-03-23 23:49:00,2741.8945,2751.4185,2740.9665,2751.1585
2026-03-23 23:50:00,2751.1625,2751.7535,2742.6985,2743.1745
2026-03-23 23:51:00,2743.4515,2746.6865,2741.5225,2742.9895
2026-03-23 23:52:00,2743.0485,2744.4725,2737.9625,2738.3015
2026-03-23 23:53:00,2738.1835,2753.0435,2737.8475,2752.4505
2026-03-23 23:54:00,2752.7435,2758.5655,2749.5275,2752.2035
2026-03-23 23:55:00,2752.1475,2752.8985,2743.2575,2743.3725
2026-03-23 23:56:00,2743.3775,2753.1885,2743.1745,2752.9525
2026-03-23 23:57:00,2752.9565,2756.0875,2746.2395,2748.6115
2026-03-23 23:58:00,2749.2465,2752.8915,2742.2485,2742.3995
2026-03-23 23:59:00,2742.5695,2757.3875,2741.4385,2754.6065
2026-03-24 00:00:00,2754.1955,2756.6805,2749.5535,2750.6545
2026-03-24 00:01:00,2752.1935,2765.2495,2752.1935,2763.8975
2026-03-24 00:02:00,2763.8965,2763.9565,2756.5305,2761.1225
2026-03-24 00:03:00,2761.1875,2761.1875,2754.9155,2755.3585
2026-03-24 00:04:00,2755.3595,2760.8085,2755.2945,2755.8755
2026-03-24 00:05:00,2755.8205,2765.0905,2755.0715,2757.6035
2026-03-24 00:06:00,2757.5425,2761.1715,2754.7185,2758.1955
2026-03-24 00:07:00,2758.1435,2763.7715,2758.1395,2760.9725
2026-03-24 00:08:00,2761.1245,2766.7945,2757.4145,2766.5025
2026-03-24 00:09:00,2766.4985,2769.8165,2765.3975,2767.7595
2026-03-24 00:10:00,2767.5775,2767.9765,2751.8645,2753.6955
2026-03-24 00:11:00,2753.7005,2757.2215,2752.4655,2754.6335
2026-03-24 00:12:00,2754.6295,2761.3935,2752.0385,2752.2745
2026-03-24 00:13:00,2752.2715,2755.2865,2743.6825,2743.7525
2026-03-24 00:14:00,2743.7515,2743.8775,2734.5655,2736.9305
2026-03-24 00:15:00,2736.6745,2742.5055,2736.6715,2739.3475
2026-03-24 00:16:00,2739.2305,2750.8415,2738.4675,2748.7725
2026-03-24 00:17:00,2747.4015,2753.3705,2743.3475,2743.3475
2026-03-24 00:18:00,2743.4345,2746.1725,2738.1655,2738.3475
2026-03-24 00:19:00,2738.4865,2741.2685,2735.5595,2737.7575
2026-03-24 00:20:00,2737.5665,2746.5375,2737.3965,2745.1815
2026-03-24 00:21:00,2745.2375,2745.9585,2736.8445,2740.4645
2026-03-24 00:22:00,2740.2945,2740.2945,2733.5045,2734.4015
2026-03-24 00:23:00,2734.4145,2736.7965,2731.1225,2731.2185
2026-03-24 00:24:00,2731.1045,2732.5105,2729.7225,2731.6555
2026-03-24 00:25:00,2731.6545,2732.0575,2715.7215,2715.9355
2026-03-24 00:26:00,2715.5835,2720.6945,2713.9295,2718.5775
2026-03-24 00:27:00,2718.4385,2721.8605,2716.5225,2720.1145
2026-03-24 00:28:00,2719.8355,2733.7575,2719.7335,2733.4815
2026-03-24 00:29:00,2733.4825,2733.4825,2729.1875,2730.5385
2026-03-24 00:30:00,2730.5345,2733.4835,2728.2995,2728.2995
2026-03-24 00:31:00,2728.0385,2733.7665,2727.5075,2731.6125
2026-03-24 00:32:00,2731.6085,2735.3385,2729.1225,2731.3745
2026-03-24 00:33:00,2731.3785,2731.9875,2723.3165,2723.3165
2026-03-24 00:34:00,2723.3125,2723.5785,2714.3835,2715.2035
2026-03-24 00:35:00,2715.2155,2717.5355,2712.8905,2713.9035
2026-03-24 00:36:00,2713.9085,2713.9685,2701.2495,2703.1575
2026-03-24 00:37:00,2703.1565,2709.4605,2701.4495,2707.9055
2026-03-24 00:38:00,2707.8565,2710.0155,2702.6795,2704.2145
2026-03-24 00:39:00,2704.2115,2705.6555,2698.2955,2699.2335
2026-03-24 00:40:00,2699.2295,2699.5505,2689.1505,2689.1505
2026-03-24 00:41:00,2689.1455,2692.6305,2687.5345,2687.5345
2026-03-24 00:42:00,2688.0375,2693.5295,2685.8395,2687.8655
2026-03-24 00:43:00,2687.8665,2694.3225,2686.1785,2692.9935
2026-03-24 00:44:00,2693.1065,2697.9525,2689.3825,2696.9945
2026-03-24 00:45:00,2697.1445,2704.5135,2697.1445,2703.4455
2026-03-24 00:46:00,2703.3075,2705.3545,2702.0095,2704.3945
2026-03-24 00:47:00,2704.3905,2705.3245,2696.2565,2705.3245
2026-03-24 00:48:00,2705.2655,2708.0865,2703.4075,2705.8995
2026-03-24 00:49:00,2705.8975,2715.5845,2705.0535,2711.8055
2026-03-24 00:50:00,2711.6865,2714.5825,2710.3935,2713.2835
2026-03-24 00:51:00,2712.9175,2716.5025,2709.5055,2712.2315
2026-03-24 00:52:00,2712.3015,2714.4275,2703.6645,2703.6665
2026-03-24 00:53:00,2703.6685,2711.4485,2703.4955,2704.6015
2026-03-24 00:54:00,2704.6065,2705.1005,2698.6315,2701.3585
2026-03-24 00:55:00,2701.3565,2706.8055,2700.9535,2705.2785
2026-03-24 00:56:00,2705.2775,2708.0805,2703.1965,2704.8855
2026-03-24 00:57:00,2704.8835,2711.2635,2700.7845,2700.8365
2026-03-24 00:58:00,2700.8345,2706.6725,2699.0785,2703.8745
2026-03-24 00:59:00,2703.8105,2704.1995,2698.9995,2699.4225
2026-03-24 01:00:00,2699.5595,2712.4195,2698.4035,2710.9985
2026-03-24 01:01:00,2711.0495,2716.4015,2706.4135,2712.9925
2026-03-24 01:02:00,2712.9935,2715.6785,2703.8805,2704.3285
2026-03-24 01:03:00,2704.0315,2710.6765,2702.4845,2704.0625
2026-03-24 01:04:00,2704.0615,2704.4915,2692.4555,2692.9185
2026-03-24 01:10:00,2692.9185,2692.9185,2692.9185,2692.9185
2026-03-24 01:11:00,2692.9185,2978.1935,2692.9185,2977.8735
2026-03-24 01:12:00,2977.7945,2991.6335,2975.3505,2989.6245
2026-03-24 01:13:00,2989.6235,2994.0125,2988.9525,2989.2855
2026-03-24 01:14:00,2989.2795,2997.4155,2988.8825,2996.4985
2026-03-24 01:15:00,2996.5015,2998.9795,2994.0255,2996.0685
2026-03-24 01:16:00,2996.0645,3000.7925,2993.4495,2995.9455
2026-03-24 01:17:00,2996.0045,3006.4775,2995.5575,3005.4995
2026-03-24 01:18:00,3005.0015,3017.6365,3003.7365,3013.7235
2026-03-24 01:19:00,3013.9175,3024.3225,3013.9105,3019.0855
2026-03-24 01:20:00,3019.1535,3027.8055,3018.3025,3026.9145
2026-03-24 01:21:00,3026.9085,3029.0345,3023.9705,3024.9015
2026-03-24 01:22:00,3024.9065,3034.7965,3022.4955,3034.7965
2026-03-24 01:23:00,3034.9275,3037.6625,3020.4455,3021.8775
2026-03-24 01:24:00,3024.5215,3032.6595,3022.2305,3031.8625
2026-03-24 01:25:00,3031.3515,3038.6375,3031.3515,3032.2135
2026-03-24 01:26:00,3032.2115,3039.5555,3031.1855,3031.6325
2026-03-24 01:27:00,3031.5665,3031.6235,3022.1625,3023.0365
2026-03-24 01:28:00,3023.1445,3023.6225,3015.1705,3017.2495
2026-03-24 01:29:00,3017.2515,3021.2535,3015.3105,3020.9645
2026-03-24 01:30:00,3020.5615,3031.5405,3017.1115,3028.5085
2026-03-24 01:31:00,3028.5105,3034.3985,3020.6895,3025.4435
2026-03-24 01:32:00,3025.4465,3029.2115,3021.6915,3027.3745
2026-03-24 01:33:00,3027.3115,3030.4825,3020.6265,3027.8355
2026-03-24 01:34:00,3028.5295,3029.5455,3020.0425,3021.0985
2026-03-24 01:35:00,3021.0965,3022.1025,3017.1235,3020.1785
2026-03-24 01:36:00,3020.3085,3020.3085,3011.1755,3014.5815
2026-03-24 01:37:00,3014.6475,3028.7455,3014.6115,3023.9705
2026-03-24 01:38:00,3023.9715,3029.9665,3019.1465,3023.4365
2026-03-24 01:39:00,3023.1935,3032.5555,3021.8655,3031.3945
2026-03-24 01:40:00,3031.3925,3036.4045,3031.3925,3033.0375
2026-03-24 01:41:00,3030.9875,3031.6155,3021.1075,3025.2315
2026-03-24 01:42:00,3024.1885,3033.6565,3023.1575,3030.9635
2026-03-24 01:43:00,3030.9675,3032.7965,3027.4195,3027.5205
2026-03-24 01:44:00,3027.5225,3030.6155,3022.4385,3022.6755
2026-03-24 01:45:00,3022.6735,3024.1435,3015.1725,3018.6045
2026-03-24 01:46:00,3018.6095,3020.8645,3014.7955,3017.4235
2026-03-24 01:47:00,3017.3605,3021.5275,3013.7725,3020.2285
2026-03-24 01:48:00,3019.9425,3030.6015,3016.9825,3030.0275
2026-03-24 01:49:00,3029.5335,3038.4635,3028.4955,3029.0255
2026-03-24 01:50:00,3029.0245,3029.0245,3023.1125,3025.7975
2026-03-24 01:51:00,3025.7945,3031.3265,3024.4735,3031.3265
2026-03-24 01:52:00,3031.3305,3032.8925,3026.9395,3029.4975
2026-03-24 01:53:00,3029.5865,3034.4485,3028.4165,3031.4415
2026-03-24 01:54:00,3031.3765,3036.8225,3028.8485,3032.6115
2026-03-24 01:55:00,3032.2215,3036.8565,3031.0425,3035.0495
2026-03-24 01:56:00,3035.0555,3039.0855,3033.9595,3034.8175
2026-03-24 01:57:00,3035.1505,3037.1655,3023.4235,3024.0555
2026-03-24 01:58:00,3024.0605,3024.8305,3015.4355,3015.4405
2026-03-24 01:59:00,3015.4395,3015.5675,3006.9965,3011.5195
2026-03-24 02:00:00,3011.6505,3018.5295,3010.2285,3014.3065
2026-03-24 02:01:00,3014.3695,3015.8665,3011.3075,3014.9845
2026-03-24 02:02:00,3015.2355,3022.2665,3005.0805,3008.8085
2026-03-24 02:03:00,3009.2205,3011.2195,3007.0985,3008.5445
2026-03-24 02:04:00,3008.2295,3015.8585,3008.2295,3013.5575
2026-03-24 02:05:00,3013.0585,3020.6915,3013.0575,3018.8965
2026-03-24 02:06:00,3018.8255,3021.1635,3015.5395,3019.9115
2026-03-24 02:07:00,3019.9155,3026.4255,3019.1685,3021.7295
2026-03-24 02:08:00,3021.7275,3022.9235,3015.1485,3015.3875
2026-03-24 02:09:00,3015.0655,3017.3475,3013.4785,3016.1495
2026-03-24 02:10:00,3016.1475,3019.0485,3014.4345,3018.7455
2026-03-24 02:11:00,3018.8135,3027.4765,3016.8265,3027.4715
2026-03-24 02:12:00,3027.1575,3035.8805,3025.5045,3035.8175
2026-03-24 02:13:00,3036.4345,3039.3875,3032.9405,3039.1585
2026-03-24 02:14:00,3039.1595,3039.5855,3032.7935,3035.6155
2026-03-24 02:15:00,3035.6195,3035.6195,3029.0635,3029.3445
2026-03-24 02:16:00,3031.7945,3031.9885,3013.1935,3020.4245
2026-03-24 02:17:00,3020.4255,3021.5825,3010.5055,3010.5695
2026-03-24 02:18:00,3010.5725,3015.0665,3004.0225,3004.5365
2026-03-24 02:19:00,3004.5425,3005.4955,2996.1915,2998.0655
2026-03-24 02:20:00,2998.0645,3004.7005,2993.1865,3004.5585
2026-03-24 02:21:00,3004.5615,3015.8405,3004.5615,3014.1715
2026-03-24 02:22:00,3013.9795,3018.6655,3009.0635,3018.2965
2026-03-24 02:23:00,3018.2295,3019.0005,3006.6905,3007.6305
2026-03-24 02:24:00,3007.4315,3009.3135,3003.2325,3007.6595
2026-03-24 02:25:00,3008.0805,3014.3825,3003.0355,3008.3165
2026-03-24 02:26:00,3008.3115,3014.1925,3006.4215,3011.1265
2026-03-24 02:27:00,3011.1255,3019.5555,3008.2355,3015.8925
2026-03-24 02:28:00,3015.7585,3015.7595,3010.1325,3011.5315
2026-03-24 02:29:00,3011.5355,3012.9475,3006.5435,3010.9075
2026-03-24 02:30:00,3010.9035,3012.1555,3004.2995,3008.4225
2026-03-24 02:31:00,3007.5465,3010.0725,3005.3925,3007.6755
2026-03-24 02:32:00,3007.4305,3018.4145,3007.1845,3018.4115
2026-03-24 02:33:00,3018.4105,3032.0495,3018.4105,3031.9525
2026-03-24 02:34:00,3030.6125,3044.4735,3029.9065,3043.9285
2026-03-24 02:35:00,3044.7125,3050.6045,3037.8135,3040.4815
2026-03-24 02:36:00,3040.4105,3045.6255,3038.7995,3042.5485
2026-03-24 02:37:00,3042.5495,3047.7855,3035.5745,3036.1655
2026-03-24 02:38:00,3036.2325,3045.3965,3032.0585,3040.4805
2026-03-24 02:39:00,3040.3545,3047.8665,3031.3955,3033.0235
2026-03-24 02:40:00,3033.0895,3041.8605,3031.8575,3040.4625
2026-03-24 02:41:00,3040.4665,3041.3575,3028.9545,3029.4965
2026-03-24 02:42:00,3029.4975,3031.1425,3024.8785,3028.9075
2026-03-24 02:43:00,3028.2785,3036.2545,3027.6675,3036.2545
2026-03-24 02:44:00,3036.4515,3038.0015,3031.1635,3036.8925
2026-03-24 02:45:00,3036.8905,3047.4705,3032.5925,3046.4045
2026-03-24 02:46:00,3046.2405,3050.1875,3039.5395,3039.8635
2026-03-24 02:47:00,3039.9315,3049.0635,3039.9315,3041.4075
2026-03-24 02:48:00,3041.4015,3056.0385,3039.9855,3054.3455
