time,open,high,low,close
2026-03-20 15:14:00,122.1985,123.5805,122.1335,123.0205
2026-03-20 15:15:00,122.9535,123.8755,122.5345,123.5595
2026-03-20 15:16:00,123.6155,124.3785,123.2415,124.1325
2026-03-20 15:17:00,124.1955,124.3915,122.2155,122.5225
2026-03-20 15:18:00,122.5845,123.3835,121.5885,121.6515
2026-03-20 15:19:00,121.5915,121.7195,120.5775,121.4625
2026-03-20 15:20:00,121.5265,121.9295,120.1785,120.4945
2026-03-20 15:21:00,120.4315,120.5975,119.0785,119.3005
2026-03-20 15:22:00,119.3645,119.9465,118.9045,119.7475
2026-03-20 15:23:00,119.6805,119.9075,118.9345,119.5955
2026-03-20 15:24:00,119.6495,120.2895,118.4325,118.9185
2026-03-20 15:25:00,118.9835,119.2015,117.7915,118.9055
2026-03-20 15:26:00,118.8485,120.8905,118.4205,120.8905
2026-03-20 15:27:00,120.9555,122.8045,120.8985,122.4535
2026-03-20 15:28:00,122.5195,123.0005,122.1425,122.3495
2026-03-20 15:29:00,122.4055,123.2335,122.0005,122.4135
2026-03-20 15:30:00,122.3515,122.8515,121.6375,121.9545
2026-03-20 15:31:00,122.0165,122.6445,120.7705,120.9005
2026-03-20 15:32:00,120.8405,121.4615,120.3145,121.1345
2026-03-20 15:33:00,121.0715,121.6055,120.4695,121.1765
2026-03-20 15:34:00,121.1255,122.3945,120.9225,121.7485
2026-03-20 15:35:00,121.8135,123.2585,121.7665,123.1305
2026-03-20 15:36:00,123.1865,123.4815,122.1115,122.8045
2026-03-20 15:37:00,122.8635,123.4045,122.6815,123.2865
2026-03-20 15:38:00,123.1765,124.3555,123.1765,123.5525
2026-03-20 15:39:00,123.6155,125.1305,123.4365,125.0785
2026-03-20 15:40:00,125.0225,125.4145,123.3295,123.3315
2026-03-20 15:41:00,123.2635,123.6475,122.1205,122.1725
2026-03-20 15:42:00,122.2365,122.5535,121.3095,122.5535
2026-03-20 15:43:00,122.4075,122.7445,121.8405,122.0635
2026-03-20 15:44:00,122.1485,123.2295,122.1065,123.0895
2026-03-20 15:45:00,123.1535,123.8935,122.8535,123.7145
2026-03-20 15:46:00,123.7765,124.8475,123.3695,124.3395
2026-03-20 15:47:00,124.2735,125.4635,123.7015,124.5545
2026-03-20 15:48:00,124.6185,124.8225,123.9015,124.7535
2026-03-20 15:49:00,124.8225,125.7185,123.8545,124.9655
2026-03-20 15:50:00,124.9115,126.0805,123.8765,125.8055
2026-03-20 15:51:00,125.7365,125.7365,124.4985,125.0395
2026-03-20 15:52:00,125.1045,125.4375,123.7855,124.2165
2026-03-20 15:53:00,124.3835,124.4515,123.3105,123.7735
2026-03-20 15:54:00,123.7095,125.2775,123.3085,125.2115
2026-03-20 15:55:00,125.1505,126.3735,124.5395,124.5395
2026-03-20 15:56:00,124.4835,124.7505,123.9445,124.2575
2026-03-20 15:57:00,124.3205,124.7835,123.8745,124.0735
2026-03-20 15:58:00,124.1285,124.1285,122.6865,123.7635
2026-03-20 15:59:00,123.8155,126.1035,123.7505,126.0045
2026-03-20 16:00:00,125.9455,126.3675,125.1225,125.8705
2026-03-20 16:01:00,125.8145,127.3545,125.3755,126.4785
2026-03-20 16:02:00,126.5395,127.0445,125.9315,126.8295
2026-03-20 16:03:00,126.7765,127.0695,126.0845,126.7185
2026-03-20 16:04:00,126.7835,127.4475,126.5555,127.2315
2026-03-20 16:05:00,127.1755,127.8475,126.3765,126.3765
2026-03-20 16:06:00,126.3075,126.3765,124.2635,124.8505
2026-03-20 16:07:00,124.9035,125.4845,124.3005,125.2835
2026-03-20 16:08:00,125.2175,125.8755,124.4545,124.7355
2026-03-20 16:09:00,124.6705,125.1785,124.2105,125.1785
2026-03-20 16:10:00,125.1115,125.1685,123.2605,123.8185
2026-03-20 16:11:00,123.7515,125.8185,123.7515,125.2705
2026-03-20 16:12:00,125.2125,126.0285,124.9455,125.6255
2026-03-20 16:13:00,125.6925,125.9795,123.9295,125.9795
2026-03-20 16:14:00,125.9185,126.7325,125.6455,126.3965
2026-03-20 16:15:00,126.3345,126.3965,124.9495,125.9245
2026-03-20 16:16:00,125.8715,126.4045,124.5395,124.5395
2026-03-20 16:17:00,124.4855,125.7715,124.4835,125.4285
2026-03-20 16:18:00,125.4925,125.7495,123.3605,124.2515
2026-03-20 16:19:00,124.1965,125.0185,124.0795,124.2305
2026-03-20 16:20:00,124.1635,124.5025,123.1065,123.5325
2026-03-20 16:21:00,123.5955,124.5485,123.1095,123.1095
2026-03-20 16:22:00,123.0435,123.9975,122.8205,123.3995
2026-03-20 16:23:00,123.4545,123.7295,123.0055,123.1235
2026-03-20 16:24:00,123.0555,123.9975,122.6725,122.6725
2026-03-20 16:25:00,122.6045,122.6585,121.0815,121.3685
2026-03-20 16:26:00,121.4245,122.2685,120.9145,121.5065
2026-03-20 16:27:00,121.5695,121.5795,119.5435,119.7195
2026-03-20 16:28:00,119.8525,120.0665,118.7975,119.3035
2026-03-20 16:29:00,119.2415,120.2025,118.8955,119.3565
2026-03-20 16:30:00,119.2905,120.4145,119.2495,119.4915
2026-03-20 16:31:00,119.5445,119.8585,118.2175,118.7355
2026-03-20 16:32:00,118.7925,119.1225,118.0005,118.4915
2026-03-20 16:33:00,118.4415,118.9165,117.9405,118.4345
2026-03-20 16:34:00,118.3795,119.3095,118.2525,118.5555
2026-03-20 16:35:00,118.6085,118.9845,117.7955,118.9845
2026-03-20 16:36:00,118.9195,119.0945,117.5425,118.0095
2026-03-20 16:37:00,118.0725,118.0725,116.7285,117.3275
2026-03-20 16:38:00,117.2675,117.6155,116.4195,116.4195
2026-03-20 16:39:00,116.4775,117.7995,116.2515,116.8535
2026-03-20 16:40:00,116.7965,117.2955,116.3115,116.7715
2026-03-20 16:41:00,116.7215,117.8385,116.3035,117.7765
2026-03-20 16:42:00,117.8275,117.9335,116.3865,116.3865
2026-03-20 16:43:00,116.4355,116.5655,113.7725,114.2755
2026-03-20 16:44:00,114.2265,115.9935,113.7185,115.9835
2026-03-20 16:45:00,116.0455,117.3925,116.0425,117.3295
2026-03-20 16:46:00,117.2695,118.1825,117.2135,117.7995
2026-03-20 16:47:00,117.7415,118.8075,117.1485,118.5645
2026-03-20 16:48:00,118.6185,119.8455,118.1615,119.6275
2026-03-20 16:49:00,119.6875,120.1835,119.2445,119.5045
2026-03-20 16:50:00,119.5555,120.2965,119.4545,120.0405
2026-03-20 16:51:00,120.1635,121.2315,119.9915,120.8845
2026-03-20 16:52:00,120.9495,121.0135,120.0605,120.6055
2026-03-20 16:53:00,120.6685,121.4585,120.4225,121.4585
2026-03-20 16:54:00,121.4065,121.5985,120.5155,120.9035
2026-03-20 16:55:00,120.8455,121.4065,120.4685,121.3065
2026-03-20 16:56:00,121.2495,121.2495,119.8905,120.5475
2026-03-20 16:57:00,120.4815,121.1055,119.6355,119.6355
2026-03-20 16:58:00,119.5745,120.2855,118.2205,119.1155
2026-03-20 16:59:00,119.0495,119.2875,117.3655,117.4295
2026-03-20 17:00:00,117.3715,118.1655,116.1465,118.0585
2026-03-20 17:01:00,117.9995,119.0675,117.5365,118.7135
2026-03-20 17:02:00,118.6605,118.9745,117.9775,118.9065
2026-03-20 17:03:00,118.7315,118.9445,117.5455,118.3805
2026-03-20 17:04:00,118.3215,118.4115,116.8065,117.9315
2026-03-20 17:05:00,117.8755,119.9955,117.7775,118.7255
2026-03-20 17:06:00,118.7765,120.1445,118.6625,118.9715
2026-03-20 17:07:00,119.0255,120.8715,119.0255,119.7975
2026-03-20 17:08:00,119.7435,120.4955,119.0685,119.0685
2026-03-20 17:09:00,119.0055,119.3735,118.4595,119.1825
2026-03-20 17:10:00,119.2385,120.3265,119.1765,119.2125
2026-03-20 17:11:00,119.1525,120.7555,118.8035,119.9945
2026-03-20 17:12:00,119.9435,120.9875,119.7645,120.9115
2026-03-20 17:13:00,120.9755,122.4135,120.9105,122.4095
2026-03-20 17:14:00,122.4695,122.7375,121.2565,121.5225
2026-03-20 17:15:00,121.4695,121.6775,120.3715,120.4375
2026-03-20 17:16:00,120.3715,120.7375,119.8305,120.0425
2026-03-20 17:17:00,120.0935,120.2475,119.0135,119.2295
2026-03-20 17:18:00,119.1735,119.1785,117.8925,117.9515
2026-03-20 17:19:00,117.8895,118.9205,117.3215,117.5295
2026-03-20 17:20:00,117.4665,118.9105,117.4475,118.2415
2026-03-20 17:21:00,118.3045,118.5745,117.2915,118.4035
2026-03-20 17:22:00,118.3475,119.2145,118.1285,118.5555
2026-03-20 17:23:00,118.6065,119.0585,117.9445,118.0595
2026-03-20 17:24:00,117.9995,118.1365,116.8385,116.9195
2026-03-20 17:25:00,116.8555,116.8955,115.3235,115.3755
2026-03-20 17:26:00,115.4325,115.5865,113.5275,113.6575
2026-03-20 17:27:00,113.7055,113.9965,112.4925,112.8095
2026-03-20 17:28:00,112.7475,112.9595,112.0905,112.3425
2026-03-20 17:29:00,112.2925,113.8715,112.0685,113.8105
2026-03-20 17:30:00,113.6875,114.0025,112.5175,112.5235
2026-03-20 17:31:00,112.4655,113.7575,112.1365,113.5195
2026-03-20 17:32:00,113.4585,113.5895,112.6115,113.0355
2026-03-20 17:33:00,112.9725,112.9725,111.4695,112.7355
2026-03-20 17:34:00,112.6875,113.6915,112.0545,113.6425
2026-03-20 17:35:00,113.5925,114.0335,112.6885,113.2595
2026-03-20 17:36:00,113.3095,114.0935,112.6845,114.0335
2026-03-20 17:37:00,113.9805,115.2705,113.4215,115.2395
2026-03-20 17:38:00,115.2945,115.6085,113.9165,114.0955
2026-03-20 17:39:00,114.0455,115.4755,113.9895,114.5475
2026-03-20 17:40:00,114.6035,115.7305,114.1585,115.7305
2026-03-20 17:41:00,115.6795,116.5385,115.2725,115.6005
2026-03-20 17:42:00,115.5415,116.4295,115.2055,115.6865
2026-03-20 17:43:00,115.6285,116.8285,115.5205,115.5245
2026-03-20 17:44:00,115.4695,116.2905,115.0155,115.7735
2026-03-20 17:45:00,115.7165,116.3675,114.8585,116.3155
2026-03-20 17:46:00,116.3735,117.9665,115.9465,117.7995
2026-03-20 17:47:00,117.7365,118.3275,117.2545,118.3235
2026-03-20 17:48:00,118.2625,119.0945,118.2005,119.0485
2026-03-20 17:49:00,118.9845,119.0585,117.2585,117.5975
2026-03-20 17:50:00,117.6535,117.8305,116.2345,116.9695
2026-03-20 17:51:00,116.9125,117.5915,116.4505,116.4815
2026-03-20 17:52:00,116.5415,116.8365,114.1885,114.2515
2026-03-20 17:53:00,114.3095,116.2795,114.1925,115.1475
2026-03-20 17:54:00,115.2085,115.2085,114.0895,114.2915
2026-03-20 17:55:00,114.2405,114.6015,113.5585,114.1285
2026-03-20 17:56:00,114.0785,114.1285,112.2075,112.4145
2026-03-20 17:57:00,112.4655,113.9805,112.1935,113.9695
2026-03-20 17:58:00,114.0305,114.7495,113.5755,114.4405
2026-03-20 17:59:00,114.3915,115.5715,114.2425,115.5335
2026-03-20 18:00:00,115.5915,116.1945,115.3245,116.1315
2026-03-20 18:01:00,116.2865,117.2405,116.0835,116.9795
2026-03-20 18:02:00,117.0335,117.9655,116.9545,117.2905
2026-03-20 18:03:00,117.3515,117.8445,116.3725,116.4255
2026-03-20 18:04:00,116.3675,116.5025,114.4785,114.6545
2026-03-20 18:05:00,114.6015,115.2745,114.2065,115.0195
2026-03-20 18:06:00,115.0825,115.7015,115.0155,115.3505
2026-03-20 18:07:00,115.4135,116.3935,114.7215,116.1575
2026-03-20 18:08:00,116.1025,116.1245,115.3485,115.5095
2026-03-20 18:09:00,115.5705,115.9695,114.4555,114.9645
2026-03-20 18:10:00,115.0175,115.3925,114.3725,115.0965
2026-03-20 18:11:00,115.0425,115.3235,114.1765,114.5855
2026-03-20 18:12:00,114.5285,115.0575,113.9265,114.5515
2026-03-20 18:13:00,114.6025,116.1955,114.3875,115.9095
2026-03-20 18:14:00,115.8485,115.9485,115.0275,115.4825
2026-03-20 18:15:00,115.5425,116.3135,115.3215,115.8635
2026-03-20 18:16:00,115.8135,116.7945,115.4075,116.3215
2026-03-20 18:17:00,116.2625,116.3675,114.5895,114.9525
2026-03-20 18:18:00,114.8955,115.5985,114.6375,115.5395
2026-03-20 18:19:00,115.6025,116.4985,114.8075,116.3355
2026-03-20 18:20:00,116.2865,117.4985,115.9965,116.9145
2026-03-20 18:21:00,116.9855,118.9035,116.4145,118.4185
2026-03-20 18:22:00,118.4815,119.9255,118.1315,119.0835
2026-03-20 18:23:00,119.0325,119.4475,118.1515,118.4885
2026-03-20 18:24:00,118.4345,119.6005,118.2595,118.9925
2026-03-20 18:25:00,118.9295,119.0255,118.1035,118.6985
2026-03-20 18:26:00,118.6335,118.9205,117.7355,118.9075
2026-03-20 18:27:00,118.9645,120.5795,118.9645,120.0595
2026-03-20 18:28:00,120.1195,122.0225,119.8035,122.0135
2026-03-20 18:29:00,122.0705,122.1325,120.7815,120.8255
2026-03-20 18:30:00,120.8895,121.9105,120.8895,121.5045
2026-03-20 18:31:00,121.5555,121.8855,120.6775,121.0475
2026-03-20 18:32:00,120.9895,122.2555,120.6625,121.7285
2026-03-20 18:33:00,121.7845,123.6195,121.6425,123.2795
2026-03-20 18:34:00,123.3445,123.9685,122.6955,122.8445
2026-03-20 18:35:00,122.7905,124.6605,122.7905,124.3215
2026-03-20 18:36:00,124.2645,124.3735,122.9415,123.7775
2026-03-20 18:37:00,123.8395,124.5105,122.8625,124.3185
2026-03-20 18:38:00,124.3745,126.5195,123.6965,126.0665
2026-03-20 18:39:00,126.1205,126.7525,125.5535,126.2475
2026-03-20 18:40:00,126.1925,127.0815,125.8205,127.0815
2026-03-20 18:41:00,127.0245,127.3045,125.2355,125.7375
2026-03-20 18:42:00,125.6715,126.4195,125.1335,125.1515
2026-03-20 18:43:00,125.0655,125.8865,124.8125,125.1085
2026-03-20 18:44:00,125.1715,126.5785,124.4275,125.6625
2026-03-20 18:45:00,125.7175,125.8955,124.2725,124.4525
2026-03-20 18:46:00,124.4005,125.2875,124.3285,125.2685
2026-03-20 18:47:00,125.3355,125.4425,123.2015,123.5185
2026-03-20 18:48:00,123.5715,123.7145,122.5435,122.9905
2026-03-20 18:49:00,123.0875,123.3785,121.5875,122.5145
2026-03-20 18:50:00,122.6065,123.0945,121.9715,122.7235
2026-03-20 18:51:00,122.6625,123.0475,121.9495,122.2185
2026-03-20 18:52:00,122.1595,123.1195,121.9865,122.7345
2026-03-20 18:53:00,122.7915,122.7915,119.7895,119.7895
2026-03-20 18:54:00,119.8525,119.9175,118.0885,118.3755
2026-03-20 18:55:00,118.3205,119.6505,118.2385,119.2735
2026-03-20 18:56:00,119.3425,120.5045,119.2805,119.7125
2026-03-20 18:57:00,119.6615,119.8335,117.7955,118.0815
2026-03-20 18:58:00,118.0315,119.6445,117.8545,118.1705
2026-03-20 18:59:00,118.2385,119.7245,118.2375,119.4805
2026-03-20 19:00:00,119.5335,119.7095,118.6155,119.4485
2026-03-20 19:01:00,119.5005,119.6665,117.8255,118.4495
2026-03-20 19:02:00,118.5135,119.2985,118.2675,118.5215
2026-03-20 19:03:00,118.4405,119.5335,118.0675,118.5575
2026-03-20 19:04:00,118.6135,120.1015,118.4685,119.3935
2026-03-20 19:05:00,119.3395,120.5085,118.9045,120.4515
2026-03-20 19:06:00,120.5095,121.5835,119.8485,121.2495
2026-03-20 19:07:00,121.3105,121.8445,120.8175,121.3255
2026-03-20 19:08:00,121.3885,121.9125,121.1555,121.5985
2026-03-20 19:09:00,121.6595,122.3305,121.2965,122.0965
2026-03-20 19:10:00,122.0295,123.0945,122.0095,122.9325
2026-03-20 19:11:00,122.8615,123.5395,122.1875,122.7675
2026-03-20 19:12:00,122.7045,123.5295,122.5145,122.8835
2026-03-20 19:13:00,122.9365,123.4085,122.5815,122.8505
2026-03-20 19:14:00,122.9155,123.9835,122.4355,122.4485
2026-03-20 19:15:00,122.5025,123.2885,122.1795,123.0805
2026-03-20 19:16:00,123.1405,123.7115,122.7935,123.0585
2026-03-20 19:17:00,123.1265,123.7815,122.5565,123.3385
2026-03-20 19:18:00,123.3935,125.7175,123.2825,125.7175
2026-03-20 19:19:00,125.6505,126.5905,124.5765,124.5765
2026-03-20 19:20:00,124.6355,124.9075,123.1075,123.8325
2026-03-20 19:21:00,123.7685,124.4025,123.0725,124.2405
2026-03-20 19:22:00,124.1775,125.2855,123.9205,125.1235
2026-03-20 19:23:00,125.2095,126.2135,123.8265,123.8315
2026-03-20 19:24:00,123.8845,124.3435,123.0225,124.0405
2026-03-20 19:25:00,123.9745,124.3865,123.0285,123.3465
2026-03-20 19:26:00,123.2755,123.5675,122.6635,122.8085
2026-03-20 19:27:00,122.8735,125.8165,122.8735,125.2615
2026-03-20 19:28:00,125.3305,126.1845,124.4365,124.5535
2026-03-20 19:29:00,124.6155,126.3125,124.5145,126.3125
2026-03-20 19:30:00,126.2455,127.3705,126.1505,126.7625
2026-03-20 19:31:00,126.6815,127.1795,124.9125,125.5105
2026-03-20 19:32:00,125.4405,125.5405,124.3975,124.7595
2026-03-20 19:33:00,124.7045,124.8385,123.5345,124.0915
2026-03-20 19:34:00,124.0075,125.3535,123.6335,124.7575
2026-03-20 19:35:00,124.6955,124.8935,123.7285,124.3105
2026-03-20 19:36:00,124.2555,125.3825,124.0075,124.8795
2026-03-20 19:37:00,124.8105,125.0485,123.8525,123.9135
2026-03-20 19:38:00,123.8585,124.4525,122.8745,123.4355
2026-03-20 19:39:00,123.3755,123.7905,122.5125,122.8825
2026-03-20 19:40:00,122.8275,123.3265,120.9255,121.4645
2026-03-20 19:41:00,121.4105,123.0775,120.9885,122.8985
2026-03-20 19:42:00,122.8305,123.7365,122.2765,123.4565
2026-03-20 19:43:00,123.5135,125.5275,123.1855,125.4665
2026-03-20 19:44:00,125.4005,126.8315,125.2395,125.9895
2026-03-20 19:45:00,125.9205,127.9225,125.6645,127.6815
2026-03-20 19:46:00,127.7515,128.2625,127.6025,128.0085
2026-03-20 19:47:00,128.0785,128.5695,127.4605,128.3305
2026-03-20 19:48:00,128.2665,128.5835,127.2125,127.2295
2026-03-20 19:49:00,127.2845,127.9865,126.9805,127.6005
2026-03-20 19:50:00,127.4685,127.5555,126.1825,127.3445
2026-03-20 19:51:00,127.4135,127.4995,125.1805,125.1805
2026-03-20 19:52:00,125.1235,125.4025,123.8095,123.8635
2026-03-20 19:53:00,123.6925,124.5035,123.4155,124.0495
2026-03-20 19:54:00,124.1065,124.3475,123.1845,123.8735
2026-03-20 19:55:00,123.8185,124.8165,123.0715,124.4345
2026-03-20 19:56:00,124.5125,124.9185,124.2245,124.3365
2026-03-20 19:57:00,124.2745,124.4385,122.3775,122.5215
2026-03-20 19:58:00,122.5765,123.4535,121.8415,122.4575
2026-03-20 19:59:00,122.3955,122.9365,121.6995,121.8395
2026-03-20 20:00:00,121.9135,123.1785,121.8085,122.3695
2026-03-20 20:01:00,122.4325,122.7745,121.6475,121.7985
2026-03-20 20:02:00,121.7475,123.2975,121.6225,122.6675
2026-03-20 20:03:00,122.6145,123.4835,121.9595,122.3235
2026-03-20 20:04:00,122.2715,122.7905,121.6165,122.4425
2026-03-20 20:05:00,122.4985,122.4985,120.2615,120.6065
2026-03-20 20:06:00,120.5435,121.0375,119.5345,119.7225
2026-03-20 20:07:00,119.6695,120.1495,118.2875,118.4495
2026-03-20 20:08:00,118.5075,120.1305,118.0265,119.4725
2026-03-20 20:09:00,119.4065,120.3625,119.1545,120.2475
2026-03-20 20:10:00,120.2995,121.3365,119.4255,120.8385
2026-03-20 20:11:00,120.7745,121.0225,119.9015,120.5745
2026-03-20 20:12:00,120.5125,121.1545,120.0935,120.4485
2026-03-20 20:13:00,120.5095,120.5215,119.5205,120.2045
2026-03-20 20:14:00,120.1405,120.7115,119.6305,120.2795
2026-03-20 20:15:00,120.0965,121.0275,119.7885,120.9585
2026-03-20 20:16:00,121.0175,122.4925,120.4785,120.5345
2026-03-20 20:17:00,120.4805,121.4275,119.8295,120.8725
2026-03-20 20:18:00,120.9295,121.3335,120.2025,120.3155
2026-03-20 20:19:00,120.2635,120.4925,119.4245,119.5465
2026-03-20 20:20:00,119.6045,120.2965,118.5145,120.2965
2026-03-20 20:21:00,120.2405,120.3645,119.3485,119.4125
2026-03-20 20:22:00,119.4655,121.1015,119.4655,120.9865
2026-03-20 20:23:00,120.9305,122.4355,120.7055,122.4225
2026-03-20 20:24:00,122.4885,123.0645,121.7685,122.8865
2026-03-20 20:25:00,122.7355,123.8825,122.3395,123.2725
2026-03-20 20:26:00,123.2085,123.3255,121.7685,121.7875
2026-03-20 20:27:00,121.9595,123.3595,121.4835,122.9165
2026-03-20 20:28:00,122.9735,123.5175,121.5895,121.7705
2026-03-20 20:29:00,121.8295,122.9065,121.5475,122.5065
2026-03-20 20:30:00,122.5675,123.0615,121.8335,122.7595
2026-03-20 20:31:00,122.8125,123.4675,121.9865,122.1615
2026-03-20 20:32:00,122.1055,122.6835,121.3455,122.2825
2026-03-20 20:33:00,122.2285,122.4075,120.5215,120.8505
2026-03-20 20:34:00,120.9065,122.3375,120.8665,121.7655
2026-03-20 20:35:00,121.8175,122.0215,119.1275,119.1905
2026-03-20 20:36:00,119.2475,119.9575,119.0335,119.1545
2026-03-20 20:37:00,119.1005,119.3715,118.2855,118.9085
2026-03-20 20:38:00,118.9715,119.0265,117.6845,117.9975
2026-03-20 20:39:00,118.0595,118.2955,117.1495,117.4625
2026-03-20 20:40:00,117.4085,117.7875,116.1895,116.7045
2026-03-20 20:41:00,116.7675,118.5465,116.6925,118.4295
2026-03-20 20:42:00,118.3495,118.4645,117.0945,117.6205
2026-03-20 20:43:00,117.5695,117.9705,116.6105,117.9705
2026-03-20 20:44:00,117.9205,118.3615,117.4105,117.8575
2026-03-20 20:45:00,117.9195,117.9915,116.1635,116.2255
2026-03-20 20:46:00,116.2795,116.3885,114.6025,114.6645
2026-03-20 20:47:00,114.7165,114.7165,112.7795,112.7795
2026-03-20 20:48:00,112.8365,113.3585,112.3555,113.1105
2026-03-20 20:49:00,113.1645,113.8235,112.4925,113.8235
2026-03-20 20:50:00,113.7725,115.6995,113.5645,115.2395
2026-03-20 20:51:00,115.1845,117.2065,115.1845,117.0275
2026-03-20 20:52:00,117.0865,117.4355,116.4645,116.4645
2026-03-20 20:53:00,116.4015,116.4705,115.0845,115.2095
2026-03-20 20:54:00,115.2725,116.2225,114.4965,115.9725
2026-03-20 20:55:00,116.0225,116.2265,113.7915,113.8415
2026-03-20 20:56:00,113.7915,114.9995,113.4965,114.6175
2026-03-20 20:57:00,114.5615,114.8945,113.8445,114.6975
2026-03-20 20:58:00,114.7685,115.3795,114.2675,115.2835
2026-03-20 20:59:00,115.2285,115.4655,114.7495,115.4655
2026-03-20 21:00:00,115.3355,115.8065,114.7855,115.7455
2026-03-20 21:01:00,115.6955,115.8275,113.7685,113.7685
2026-03-20 21:02:00,113.7165,113.9265,112.3195,112.8565
2026-03-20 21:03:00,112.7945,113.8475,112.5975,112.7945
2026-03-20 21:04:00,112.8445,114.2245,112.6895,114.1135
2026-03-20 21:05:00,113.9955,114.5125,113.3795,114.1335
2026-03-20 21:06:00,114.0735,114.0735,113.1485,113.5685
2026-03-20 21:07:00,113.5165,114.0045,112.5255,113.0605
2026-03-20 21:08:00,113.0095,114.5765,113.0095,114.4845
2026-03-20 21:09:00,114.4225,114.4255,113.5125,113.9035
2026-03-20 21:10:00,113.8315,115.8145,113.8315,115.2155
2026-03-20 21:11:00,115.1575,115.2145,114.1145,114.5185
2026-03-20 21:12:00,114.5795,115.6485,114.4405,115.4665
2026-03-20 21:13:00,115.4045,115.6935,114.7515,114.9755
2026-03-20 21:14:00,114.9255,115.8065,114.5955,115.8065
2026-03-20 21:15:00,115.7565,115.7615,114.5755,115.3325
2026-03-20 21:16:00,115.3855,115.3855,113.4915,113.7845
2026-03-20 21:17:00,113.8375,116.3625,113.8375,116.3025
2026-03-20 21:18:00,116.2445,117.1975,115.3515,116.8595
2026-03-20 21:19:00,116.8035,117.1805,115.6475,115.7095
2026-03-20 21:20:00,115.7655,115.8265,114.8845,115.7085
2026-03-20 21:21:00,115.6545,115.9485,113.9995,113.9995
2026-03-20 21:22:00,113.9495,114.7385,113.6775,114.1705
2026-03-20 21:23:00,114.0835,114.3575,113.3645,113.4165
2026-03-20 21:24:00,113.3545,113.6465,112.6995,113.3165
2026-03-20 21:25:00,113.2605,113.3235,112.4865,113.2245
2026-03-20 21:26:00,113.1755,113.9575,111.8785,111.8785
2026-03-20 21:27:00,111.8185,114.3795,111.3285,114.2505
2026-03-20 21:28:00,114.1985,114.5765,113.0615,113.4865
2026-03-20 21:29:00,113.4305,113.4905,110.4255,110.6925
2026-03-20 21:30:00,110.7455,111.5805,110.6455,111.1775
2026-03-20 21:31:00,111.2335,112.2855,110.8025,110.9315
2026-03-20 21:32:00,110.8765,111.6845,110.5615,111.0925
2026-03-20 21:33:00,111.0425,111.5435,110.6695,111.2535
2026-03-20 21:34:00,111.1945,111.4915,109.2025,109.3275
2026-03-20 21:35:00,109.3805,109.7915,109.0085,109.5905
2026-03-20 21:36:00,109.6485,110.1895,109.0725,109.4755
2026-03-20 21:37:00,109.3275,109.4915,108.4745,108.7245
2026-03-20 21:38:00,108.6715,110.1995,108.4375,109.7665
2026-03-20 21:39:00,109.7135,110.0445,108.6725,108.9565
2026-03-20 21:40:00,108.8985,110.0535,108.8295,110.0535
2026-03-20 21:41:00,109.9965,110.7675,109.7875,110.4825
2026-03-20 21:42:00,110.5405,112.5435,109.5485,112.4755
2026-03-20 21:43:00,112.5245,113.4605,112.3135,112.9925
2026-03-20 21:44:00,113.0435,113.5635,112.6495,113.4995
2026-03-20 21:45:00,113.5535,113.6675,112.4455,112.6915
2026-03-20 21:46:00,112.7525,113.0325,111.6865,112.5865
2026-03-20 21:47:00,112.6435,113.6005,112.5865,113.4465
2026-03-20 21:48:00,113.3865,114.3355,112.9635,114.2805
2026-03-20 21:49:00,114.3405,115.0765,114.1605,114.7745
2026-03-20 21:50:00,114.7195,115.4285,114.0605,114.2875
2026-03-20 21:51:00,114.2285,114.3305,113.1615,113.3665
2026-03-20 21:52:00,113.3185,114.5545,112.3915,114.0435
2026-03-20 21:53:00,113.9905,114.1825,113.0405,113.9125
2026-03-20 21:54:00,113.8615,115.0985,113.8105,114.7975
2026-03-20 21:55:00,114.8865,115.2705,114.0945,114.4895
2026-03-20 21:56:00,114.4335,114.7705,113.1045,113.2195
2026-03-20 21:57:00,113.2805,113.7095,112.5175,113.0105
2026-03-20 21:58:00,112.9525,113.9555,112.6945,113.6555
2026-03-20 21:59:00,113.7145,115.0255,113.6655,114.7155
2026-03-20 22:00:00,114.7645,114.8265,112.6655,112.9245
2026-03-20 22:01:00,112.9745,113.5055,112.4615,113.2695
2026-03-20 22:02:00,113.2155,114.1675,112.8285,113.5245
2026-03-20 22:03:00,113.4725,113.7225,112.6195,113.6355
2026-03-20 22:04:00,113.5815,114.2645,112.9745,113.6385
2026-03-20 22:05:00,113.6925,113.8485,112.3395,112.7715
2026-03-20 22:06:00,112.7095,113.2455,112.0985,113.0675
2026-03-20 22:07:00,113.1285,113.7265,112.7035,113.1295
2026-03-20 22:08:00,113.1855,113.5485,112.1575,112.4565
2026-03-20 22:09:00,112.4005,112.5615,111.4985,111.6685
2026-03-20 22:10:00,111.6125,112.2405,111.1325,111.5425
2026-03-20 22:11:00,111.6015,111.8195,110.4395,110.6685
2026-03-20 22:12:00,110.7175,111.2805,109.9485,111.0165
2026-03-20 22:13:00,110.9695,110.9965,109.6155,109.6195
2026-03-20 22:14:00,109.6785,110.8265,109.4555,110.5965
2026-03-20 22:15:00,110.5475,110.8795,109.0785,109.2545
2026-03-20 22:16:00,109.2055,109.9295,109.1235,109.1985
2026-03-20 22:17:00,109.2545,109.6315,108.5745,108.8005
2026-03-20 22:18:00,108.8605,109.1505,107.2655,107.2915
2026-03-20 22:19:00,107.2395,107.6115,106.1585,107.5285
2026-03-20 22:20:00,107.5795,108.4375,107.1275,107.2165
2026-03-20 22:21:00,107.1705,107.7955,106.7175,106.7635
2026-03-20 22:22:00,106.7055,106.7505,106.2095,106.2685
2026-03-20 22:23:00,106.2105,106.3145,105.3485,106.0695
2026-03-20 22:24:00,106.1225,106.1795,105.0145,105.2235
2026-03-20 22:25:00,105.1565,105.4795,104.3555,104.6155
2026-03-20 22:26:00,104.5665,104.6625,103.5655,103.8945
2026-03-20 22:27:00,103.8495,104.4735,103.2805,103.5895
2026-03-20 22:28:00,103.6335,104.3355,102.8055,103.4795
2026-03-20 22:29:00,103.4235,104.5835,103.0175,104.5835
2026-03-20 22:30:00,104.5255,105.3895,104.4945,105.0615
2026-03-20 22:31:00,105.0135,105.6785,104.6135,105.4345
2026-03-20 22:32:00,105.4925,105.4925,104.2185,104.6535
2026-03-20 22:33:00,104.6085,105.1845,104.4585,104.4635
2026-03-20 22:34:00,104.4075,105.0915,104.0915,104.1095
2026-03-20 22:35:00,104.0055,104.2535,102.3025,102.4975
2026-03-20 22:36:00,102.4435,102.9905,101.9695,102.5475
2026-03-20 22:37:00,102.5945,103.1595,102.0105,102.1645
2026-03-20 22:38:00,102.1175,102.4095,100.8355,101.9205
2026-03-20 22:39:00,101.9755,103.0575,101.9755,102.1105
2026-03-20 22:40:00,102.0585,103.5345,102.0085,102.3105
2026-03-20 22:41:00,102.3575,102.6995,100.4305,100.5875
2026-03-20 22:42:00,100.5425,101.1255,100.3285,100.3285
2026-03-20 22:43:00,100.2795,101.5905,100.0605,101.5345
2026-03-20 22:44:00,101.4845,101.7315,101.0105,101.5435
2026-03-20 22:45:00,101.4915,102.2135,101.1475,101.4055
2026-03-20 22:46:00,101.4775,101.9925,101.1665,101.1665
2026-03-20 22:47:00,101.2125,102.9625,101.2125,101.9485
2026-03-20 22:48:00,101.8955,103.3795,101.7525,102.0265
2026-03-20 22:49:00,102.0695,102.7095,101.3635,101.6005
2026-03-20 22:50:00,101.5485,101.5485,100.7165,100.8135
2026-03-20 22:51:00,100.7645,102.6095,100.5545,102.6095
2026-03-20 22:52:00,102.6535,102.8105,101.0555,101.2555
2026-03-20 22:53:00,101.2095,101.2095,99.9545,100.1155
2026-03-20 22:54:00,100.2125,100.2705,99.4005,99.6955
2026-03-20 22:55:00,99.7375,100.0265,99.0205,99.3865
2026-03-20 22:56:00,99.4345,99.7075,98.8345,99.0715
2026-03-20 22:57:00,99.1155,99.6635,98.1975,98.2635
2026-03-20 22:58:00,98.2195,98.8965,97.6895,98.8965
2026-03-20 22:59:00,98.9475,99.1655,98.3725,98.6665
2026-03-20 23:00:00,98.7205,98.7205,96.8075,96.9855
2026-03-20 23:01:00,97.0335,97.2695,96.4405,96.8685
2026-03-20 23:02:00,96.8145,97.1175,95.2955,95.3195
2026-03-20 23:03:00,95.3675,95.6215,94.8875,95.0365
2026-03-20 23:04:00,94.9355,95.1745,93.8645,94.1445
2026-03-20 23:05:00,94.0955,95.0215,93.9185,94.7545
2026-03-20 23:06:00,94.7955,95.0695,94.4755,94.8865
2026-03-20 23:07:00,94.8415,95.2075,93.7295,93.8815
2026-03-20 23:08:00,93.9265,94.5035,92.6435,92.6435
2026-03-20 23:09:00,92.6895,93.0805,92.1215,92.1545
2026-03-20 23:10:00,92.1945,92.1945,90.5075,91.2385
2026-03-20 23:11:00,91.1915,91.7495,90.4635,91.4255
2026-03-20 23:12:00,91.3855,91.7365,90.4965,90.6585
2026-03-20 23:13:00,90.6115,91.6375,90.3045,90.8615
2026-03-20 23:14:00,90.8085,91.2365,90.3235,90.6495
2026-03-20 23:15:00,90.6015,91.6265,90.4105,91.2585
2026-03-20 23:16:00,91.3045,91.5565,90.8095,91.0945
2026-03-20 23:17:00,91.2165,91.6145,90.8315,91.1375
2026-03-20 23:18:00,91.0905,91.9725,90.9605,91.7995
2026-03-20 23:19:00,91.8445,92.2235,91.1305,91.7615
2026-03-20 23:20:00,91.7185,92.0045,91.3995,91.6015
2026-03-20 23:21:00,91.5555,92.2825,90.8445,90.8925
2026-03-20 23:22:00,90.7785,91.5095,90.6555,90.9325
2026-03-20 23:23:00,90.8855,91.8695,90.7415,91.3355
2026-03-20 23:24:00,91.3745,91.5615,90.6335,90.8585
2026-03-20 23:25:00,90.9045,91.2465,90.5285,90.9595
2026-03-20 23:26:00,90.9045,91.4635,90.5965,91.4575
2026-03-20 23:27:00,91.5315,91.8245,90.9315,91.2175
2026-03-20 23:28:00,91.1755,91.4745,90.7435,90.8985
2026-03-20 23:29:00,90.9435,90.9435,89.8215,89.8705
2026-03-20 23:30:00,89.9195,90.7085,89.3175,89.5425
2026-03-20 23:31:00,89.6555,90.5755,89.5795,90.2785
2026-03-20 23:32:00,90.2335,92.1435,90.2335,92.0445
2026-03-20 23:33:00,92.0035,92.7985,91.8545,92.7985
2026-03-20 23:34:00,92.7585,94.1345,92.6295,93.7535
2026-03-20 23:35:00,93.7955,94.5775,93.3225,93.3225
2026-03-20 23:36:00,93.3645,94.0885,93.2625,93.7145
2026-03-20 23:37:00,93.7565,93.9445,93.1245,93.5665
2026-03-20 23:38:00,93.6175,94.1715,92.9975,93.8225
2026-03-20 23:39:00,93.7805,93.7805,92.4975,92.8145
2026-03-20 23:40:00,92.7715,93.4325,92.7715,93.2125
2026-03-20 23:41:00,93.2635,93.7865,92.8545,92.8935
2026-03-20 23:42:00,92.7595,94.0675,92.6565,93.7475
2026-03-20 23:43:00,93.7955,94.3125,92.8435,92.9265
2026-03-20 23:44:00,92.9745,93.3205,92.3995,92.4925
2026-03-20 23:45:00,92.5355,93.1495,92.2885,92.7475
2026-03-20 23:46:00,92.7055,93.0565,92.2585,92.4905
2026-03-20 23:47:00,92.4415,92.5625,91.2345,91.2345
2026-03-20 23:48:00,91.2805,92.2005,90.7245,92.0795
2026-03-20 23:49:00,92.0345,93.0425,92.0345,92.9215
2026-03-20 23:50:00,92.9705,93.9715,92.9385,93.6305
2026-03-20 23:51:00,93.6775,94.0485,92.9495,93.1285
2026-03-20 23:52:00,93.1805,93.5975,92.5645,92.6445
2026-03-20 23:53:00,92.6885,93.2295,92.3805,92.9475
2026-03-20 23:54:00,92.9945,92.9945,92.4165,92.5475
2026-03-20 23:55:00,92.5925,93.6565,92.5925,93.4515
2026-03-20 23:56:00,93.4985,94.7255,93.4985,94.5775
2026-03-20 23:57:00,94.5345,95.1735,94.3715,94.4825
2026-03-20 23:58:00,94.4385,94.8245,94.0335,94.1425
2026-03-20 23:59:00,94.1925,96.0635,94.1475,96.0555
2026-03-21 00:00:00,96.1055,96.4435,95.5945,96.0035
2026-03-21 00:01:00,96.0565,96.8595,95.8045,96.1415
2026-03-21 00:02:00,96.1885,96.5805,95.7765,95.8725
2026-03-21 00:03:00,95.9295,96.1935,95.3455,95.4955
2026-03-21 00:04:00,95.5395,95.6815,94.4925,94.6655
2026-03-21 00:05:00,94.7075,94.8085,93.1815,93.5825
2026-03-21 00:06:00,93.5425,94.0095,93.0835,93.3925
2026-03-21 00:07:00,93.3425,94.6815,93.0895,94.5875
2026-03-21 00:08:00,94.6375,95.4765,94.4055,95.4295
2026-03-21 00:09:00,95.4735,96.3255,94.8255,95.0515
2026-03-21 00:10:00,95.0945,95.9845,94.5175,94.6105
2026-03-21 00:11:00,94.5625,95.1045,94.4775,95.0595
2026-03-21 00:12:00,95.1475,95.3435,94.7185,95.2385
2026-03-21 00:13:00,95.2835,95.2835,93.3135,93.8135
2026-03-21 00:14:00,93.8645,94.4675,93.0785,93.2735
2026-03-21 00:15:00,93.3205,94.2775,93.0615,94.2205
2026-03-21 00:16:00,94.1775,94.8965,93.9025,94.8555
2026-03-21 00:17:00,94.9015,95.3715,94.3345,94.5305
2026-03-21 00:18:00,94.4805,95.3465,94.3495,94.9245
2026-03-21 00:19:00,94.8735,95.1265,94.3255,94.7655
2026-03-21 00:20:00,94.8105,94.8505,93.4845,93.5115
2026-03-21 00:21:00,93.4605,93.6855,92.6625,92.9455
2026-03-21 00:22:00,92.9925,93.9715,92.7255,93.2235
2026-03-21 00:23:00,93.1785,93.2925,91.9445,92.5265
2026-03-21 00:24:00,92.4765,93.2605,92.4315,92.9435
2026-03-21 00:25:00,92.8985,93.1395,91.9375,92.2805
2026-03-21 00:26:00,92.3285,92.3285,91.0565,91.6665
2026-03-21 00:27:00,91.6275,91.7065,90.9825,91.6635
2026-03-21 00:28:00,91.6145,91.6745,90.7965,91.3445
2026-03-21 00:29:00,91.3865,91.9375,91.1035,91.8435
2026-03-21 00:30:00,91.8015,91.9835,90.3515,90.4865
2026-03-21 00:31:00,90.5355,90.6885,89.3025,89.3795
2026-03-21 00:32:00,89.4255,89.6565,88.6515,88.7475
2026-03-21 00:33:00,88.7065,90.0085,87.9445,89.9205
2026-03-21 00:34:00,89.8785,90.4655,89.1845,89.3235
2026-03-21 00:35:00,89.3655,90.2375,89.1545,89.6505
2026-03-21 00:36:00,89.6065,90.1005,89.2755,89.5305
2026-03-21 00:37:00,89.4815,89.4975,88.5945,88.6465
2026-03-21 00:38:00,88.6095,88.9655,87.8985,88.0095
2026-03-21 00:39:00,88.0565,88.5675,87.5535,88.3215
2026-03-21 00:40:00,88.2765,88.7395,87.9285,88.0565
2026-03-21 00:41:00,88.1045,88.9945,87.7335,88.9025
2026-03-21 00:42:00,88.8585,89.5565,88.8585,89.3425
2026-03-21 00:43:00,89.3015,89.3375,88.6685,89.0365
2026-03-21 00:44:00,88.9925,89.1535,88.5485,89.1165
2026-03-21 00:45:00,89.1635,90.0715,88.8765,89.7765
2026-03-21 00:46:00,89.7365,90.6645,89.7365,90.2045
2026-03-21 00:47:00,90.1635,90.8915,89.7505,90.4345
2026-03-21 00:48:00,90.3955,90.7675,89.6545,90.0695
2026-03-21 00:49:00,90.1135,90.6865,89.5285,90.6395
2026-03-21 00:50:00,90.7605,91.2525,90.5605,90.9625
2026-03-21 00:51:00,91.0105,91.5205,90.8675,91.2225
2026-03-21 00:52:00,91.2655,92.3505,90.9245,92.2485
2026-03-21 00:53:00,92.2905,92.5925,91.4415,92.4125
2026-03-21 00:54:00,92.3665,93.2925,92.1345,93.0825
2026-03-21 00:55:00,93.0335,93.8195,93.0335,93.4325
2026-03-21 00:56:00,93.4795,93.9085,93.3675,93.6255
2026-03-21 00:57:00,93.6695,94.0555,93.2265,93.8735
2026-03-21 00:58:00,93.9165,93.9165,91.4295,91.4295
2026-03-21 00:59:00,91.4685,91.5555,90.7895,91.1135
2026-03-21 01:00:00,91.0675,91.0675,89.2185,89.2565
2026-03-21 01:01:00,89.2075,89.5315,87.7625,87.8565
2026-03-21 01:02:00,87.9005,89.1905,87.2915,89.1905
2026-03-21 01:03:00,89.1495,90.3715,89.0585,90.3715
2026-03-21 01:04:00,90.3315,91.1955,90.0775,90.9915
2026-03-21 01:05:00,91.0405,91.1335,90.1475,90.3615
2026-03-21 01:06:00,90.4045,90.5575,89.7935,90.1405
2026-03-21 01:07:00,90.1825,90.4815,89.2135,89.4735
2026-03-21 01:08:00,89.4355,89.8585,88.6155,88.9785
2026-03-21 01:09:00,89.0235,89.4825,88.4615,88.7365
2026-03-21 01:10:00,88.6885,90.3705,88.5065,90.2025
2026-03-21 01:11:00,90.1565,91.2015,89.9545,90.1665
2026-03-21 01:12:00,90.1275,91.4685,90.0935,91.3235
2026-03-21 01:13:00,91.3675,91.5385,90.8935,90.9755
2026-03-21 01:14:00,90.9325,91.1035,90.2965,90.4275
2026-03-21 01:15:00,90.3825,90.7925,89.9775,90.6955
2026-03-21 01:16:00,90.6545,90.7445,88.9975,89.2035
2026-03-21 01:17:00,89.2445,89.8485,88.5725,88.8325
2026-03-21 01:18:00,88.7935,89.1415,87.7725,88.5575
2026-03-21 01:19:00,88.6015,88.6015,86.9095,87.5435
2026-03-21 01:20:00,87.5855,87.7935,87.0735,87.4995
2026-03-21 01:21:00,87.5475,87.8625,87.0735,87.5245
2026-03-21 01:22:00,87.4835,88.6895,87.4835,88.3375
2026-03-21 01:23:00,88.3795,88.5825,87.9935,88.3515
2026-03-21 01:24:00,88.3935,88.7525,87.9335,88.6025
2026-03-21 01:25:00,88.6445,89.3435,88.5985,89.3355
2026-03-21 01:26:00,89.3755,90.0645,88.9415,89.6375
2026-03-21 01:27:00,89.6775,89.7935,89.2245,89.3855
2026-03-21 01:28:00,89.4345,89.8895,89.1705,89.2735
2026-03-21 01:29:00,89.4135,90.8065,89.3215,90.7605
2026-03-21 01:30:00,90.8025,90.9915,90.3385,90.7065
2026-03-21 01:31:00,90.7465,90.9985,90.3485,90.9215
2026-03-21 01:32:00,90.8805,91.1635,90.6085,90.6475
2026-03-21 01:33:00,90.6095,91.1325,89.9995,90.0455
2026-03-21 01:34:00,89.9965,90.9425,89.9055,90.5315
2026-03-21 01:35:00,90.4845,90.6475,89.8415,90.0865
2026-03-21 01:36:00,90.1345,90.5785,89.6795,90.5005
2026-03-21 01:37:00,90.4515,90.5575,89.5305,90.1435
2026-03-21 01:38:00,90.0995,91.8125,90.0465,91.8125
2026-03-21 01:39:00,91.8635,92.5795,91.0735,92.2695
2026-03-21 01:40:00,92.2295,93.0175,91.9225,92.9555
2026-03-21 01:41:00,92.9095,92.9935,91.6415,92.3395
2026-03-21 01:42:00,92.2915,93.1885,91.5855,91.8275
2026-03-21 01:43:00,91.7855,92.0235,91.1295,91.3335
2026-03-21 01:44:00,91.3755,92.0355,91.1835,91.7625
2026-03-21 01:45:00,91.8085,91.9905,91.4625,91.8545
2026-03-21 01:46:00,91.8075,92.8625,91.5425,92.7745
2026-03-21 01:47:00,92.8235,93.4795,92.4175,93.1855
2026-03-21 01:48:00,93.2325,93.4775,92.0865,92.5155
2026-03-21 01:49:00,92.4755,92.8455,91.7265,91.8065
2026-03-21 01:50:00,91.8475,92.1465,91.0725,91.8545
2026-03-21 01:51:00,91.8985,92.1615,90.7585,90.7585
2026-03-21 01:52:00,90.8095,91.1015,90.0965,90.6955
2026-03-21 01:53:00,90.7405,90.9345,90.1775,90.5125
2026-03-21 01:54:00,90.4705,90.5995,89.6985,89.8075
2026-03-21 01:55:00,89.8495,90.3265,89.2395,89.3445
2026-03-21 01:56:00,89.3925,90.5685,89.2355,89.7645
2026-03-21 01:57:00,89.7255,91.1385,89.2535,90.9805
2026-03-21 01:58:00,90.9315,92.0095,90.8745,91.8775
2026-03-21 01:59:00,91.8275,92.1215,91.5265,92.0795
2026-03-21 02:00:00,92.1255,92.8255,92.1255,92.5165
2026-03-21 02:01:00,92.4725,92.4725,91.7715,92.2995
2026-03-21 02:02:00,92.2565,92.6175,90.9195,91.4975
2026-03-21 02:03:00,91.5415,92.4895,91.3945,91.3945
2026-03-21 02:04:00,91.4335,92.2385,91.2705,91.4035
2026-03-21 02:05:00,91.3595,93.0585,91.3025,93.0065
2026-03-21 02:06:00,92.9665,94.8155,92.5795,94.5465
2026-03-21 02:07:00,94.5895,94.9525,93.4885,93.5855
2026-03-21 02:08:00,93.6305,94.6425,93.4935,94.3715
2026-03-21 02:09:00,94.3245,94.3245,92.1155,92.4235
2026-03-21 02:10:00,92.3775,92.6895,91.9305,91.9775
2026-03-21 02:11:00,92.0165,92.1645,91.5245,91.7265
2026-03-21 02:12:00,91.7725,91.8215,90.2265,90.2655
2026-03-21 02:13:00,90.3115,91.4755,90.1055,91.4755
2026-03-21 02:14:00,91.5225,92.4095,91.2055,91.8155
2026-03-21 02:15:00,91.8575,92.8965,91.5415,92.6075
2026-03-21 02:16:00,92.6505,92.6505,91.8035,91.8035
2026-03-21 02:17:00,91.8505,92.1125,90.9975,91.0865
2026-03-21 02:18:00,91.1305,91.4825,90.8845,91.2795
2026-03-21 02:19:00,91.2275,91.5825,90.8185,91.3935
2026-03-21 02:20:00,91.4415,91.7645,89.8735,90.0675
2026-03-21 02:21:00,90.1085,90.6775,89.9345,90.1905
2026-03-21 02:22:00,90.2345,90.7525,89.6675,89.7135
2026-03-21 02:23:00,89.7605,90.2425,89.4425,90.1685
2026-03-21 02:24:00,90.2155,90.7355,88.6845,88.7025
2026-03-21 02:25:00,88.6585,89.2145,87.9905,88.8915
2026-03-21 02:26:00,88.9335,89.5055,88.4365,88.5045
2026-03-21 02:27:00,88.4665,89.4885,88.2005,89.0935
2026-03-21 02:28:00,89.1355,89.6905,88.9375,89.3155
2026-03-21 02:29:00,89.3565,89.6035,88.7515,89.0265
2026-03-21 02:30:00,88.9865,89.3195,88.3635,88.7785
2026-03-21 02:31:00,88.7395,89.1675,88.2605,89.1675
2026-03-21 02:32:00,89.1305,89.1305,88.0795,88.4495
2026-03-21 02:33:00,88.4045,88.8105,87.9625,88.4085
2026-03-21 02:34:00,88.3685,88.4795,87.4205,88.3605
2026-03-21 02:35:00,88.3145,88.3545,87.5465,87.5715
2026-03-21 02:36:00,87.6185,87.9595,87.1195,87.2135
2026-03-21 02:37:00,87.1735,87.9635,86.7205,87.6515
2026-03-21 02:38:00,87.6045,88.0705,87.1545,87.6745
2026-03-21 02:39:00,87.6335,88.1935,87.0165,87.5525
2026-03-21 02:40:00,87.5915,87.6845,86.1715,86.6655
2026-03-21 02:41:00,86.6235,87.7455,86.5885,87.0365
2026-03-21 02:42:00,86.9925,87.5325,86.3725,87.2125
2026-03-21 02:43:00,87.2565,87.6905,86.4165,86.8585
2026-03-21 02:44:00,86.8115,87.9075,86.7735,87.4875
2026-03-21 02:45:00,87.3675,88.7385,87.2905,88.6635
2026-03-21 02:46:00,88.7115,88.8895,87.2375,87.5405
2026-03-21 02:47:00,87.4935,87.9115,86.6685,87.3585
2026-03-21 02:48:00,87.3175,87.6995,87.0165,87.3995
2026-03-21 02:49:00,87.3545,87.4495,86.4975,86.8375
2026-03-21 02:50:00,86.7915,87.1155,86.6305,86.8135
2026-03-21 02:51:00,86.8595,87.5435,86.4255,87.5295
2026-03-21 02:52:00,87.4865,87.5435,86.8895,87.1545
2026-03-21 02:53:00,87.2005,87.8975,86.9675,87.8075
2026-03-21 02:54:00,87.7665,88.4875,87.5425,88.0165
2026-03-21 02:55:00,88.0645,89.6235,88.0195,89.3095
2026-03-21 02:56:00,89.2645,89.9125,89.1475,89.1925
2026-03-21 02:57:00,89.2375,89.2475,88.2745,88.4765
2026-03-21 02:58:00,88.4345,88.7795,88.1835,88.5775
2026-03-21 02:59:00,88.6175,89.2455,88.4625,89.0445
2026-03-21 03:00:00,89.0015,90.3515,89.0015,90.3515
2026-03-21 03:01:00,90.3995,91.9955,90.3945,91.5405
2026-03-21 03:02:00,91.5875,91.8655,91.0925,91.8645
2026-03-21 03:03:00,91.9095,93.0085,91.6205,92.6745
2026-03-21 03:04:00,92.6355,92.6685,91.5175,91.9035
2026-03-21 03:05:00,91.9435,93.0225,91.8985,93.0225
2026-03-21 03:06:00,92.9805,93.9195,92.5465,92.7825
2026-03-21 03:07:00,92.8215,94.0925,92.7295,93.1725
2026-03-21 03:08:00,93.2135,93.5605,92.6485,93.1895
2026-03-21 03:09:00,93.2335,94.4525,92.9795,94.2525
2026-03-21 03:10:00,94.2955,94.2955,92.8755,93.5965
2026-03-21 03:11:00,93.6375,93.6375,91.9875,92.4835
2026-03-21 03:12:00,92.4445,92.8825,92.0085,92.0955
2026-03-21 03:13:00,92.0525,92.1105,90.5575,91.4705
2026-03-21 03:14:00,91.5125,92.1335,91.3905,91.7445
2026-03-21 03:15:00,91.7825,92.0155,91.1455,91.8245
2026-03-21 03:16:00,91.7805,92.8195,91.0725,92.6315
2026-03-21 03:17:00,92.5885,93.4695,92.4495,93.3675
2026-03-21 03:18:00,93.4195,93.6675,92.2015,92.2515
2026-03-21 03:19:00,92.2065,93.6235,92.1145,93.3415
2026-03-21 03:20:00,93.2995,93.3495,91.1185,91.2495
2026-03-21 03:21:00,91.2985,92.3545,91.1185,91.8065
2026-03-21 03:22:00,91.8465,93.4735,91.7765,93.1685
2026-03-21 03:23:00,93.2185,93.2185,91.7685,92.2515
2026-03-21 03:24:00,92.3135,92.5845,91.9015,92.1605
2026-03-21 03:25:00,92.2075,93.9015,92.1285,93.8545
2026-03-21 03:26:00,93.9005,93.9765,92.4205,92.4855
2026-03-21 03:27:00,92.5315,92.7995,91.1215,91.1295
2026-03-21 03:28:00,91.0885,91.1725,90.5865,90.8565
2026-03-21 03:29:00,90.8125,91.2675,90.6505,90.9155
2026-03-21 03:30:00,90.8275,91.5875,90.6545,91.1915
2026-03-21 03:31:00,91.1525,91.2405,90.0415,90.1415
2026-03-21 03:32:00,90.0945,90.1355,88.7175,88.8585
2026-03-21 03:33:00,88.8195,89.1165,88.3915,88.9995
2026-03-21 03:34:00,88.9545,89.6415,88.3595,89.5985
2026-03-21 03:35:00,89.6475,91.3485,89.5715,91.3075
2026-03-21 03:36:00,91.3495,91.5045,90.7885,91.2055
2026-03-21 03:37:00,91.1565,91.7295,90.7245,91.2215
2026-03-21 03:38:00,91.1275,91.1765,90.2495,90.8645
2026-03-21 03:39:00,90.9095,91.9095,90.7445,91.7345
2026-03-21 03:40:00,91.7755,92.5205,91.4755,91.8315
2026-03-21 03:41:00,91.7835,93.0405,91.7795,92.1835
2026-03-21 03:42:00,92.1435,94.1005,92.1185,94.0325
2026-03-21 03:43:00,93.9845,95.8995,93.8675,95.3745
2026-03-21 03:44:00,95.3345,96.9545,95.2075,96.9545
2026-03-21 03:45:00,96.9965,98.3815,96.9455,98.0005
2026-03-21 03:46:00,98.0455,98.1395,97.1825,97.1825
2026-03-21 03:47:00,97.1355,99.2045,96.9735,98.7285
2026-03-21 03:48:00,98.7705,99.5985,98.6675,99.1295
2026-03-21 03:49:00,99.1835,100.5245,99.0265,99.4995
2026-03-21 03:50:00,99.4085,100.3895,98.9685,100.2375
2026-03-21 03:51:00,100.2865,100.8275,99.6755,100.2915
2026-03-21 03:52:00,100.1905,100.2705,98.9545,98.9545
2026-03-21 03:53:00,98.9015,99.3675,98.2865,99.1575
2026-03-21 03:54:00,99.1115,100.2855,98.9675,99.7745
2026-03-21 03:55:00,99.8175,100.0965,99.4595,99.5025
2026-03-21 03:56:00,99.4475,100.6195,99.3415,99.9405
2026-03-21 03:57:00,99.8425,99.8425,99.0795,99.5265
2026-03-21 03:58:00,99.5795,101.0345,99.5775,100.7695
2026-03-21 03:59:00,100.7155,101.2085,100.5035,100.7135
2026-03-21 04:00:00,100.6695,102.6445,100.6695,102.5615
2026-03-21 04:01:00,102.5135,102.9345,101.7815,102.1455
2026-03-21 04:02:00,102.0915,102.0915,100.4125,100.7145
2026-03-21 04:03:00,100.8275,100.8275,99.9815,100.1945
2026-03-21 04:04:00,100.2485,100.9585,99.9495,100.7965
2026-03-21 04:05:00,100.8445,101.3325,100.3965,100.6385
2026-03-21 04:06:00,100.6855,100.6985,98.3875,98.5815
2026-03-21 04:07:00,98.5365,99.0225,98.0505,98.9735
2026-03-21 04:08:00,98.9235,99.5015,98.4215,98.5125
2026-03-21 04:09:00,98.5605,98.9515,97.8845,98.3435
2026-03-21 04:10:00,98.2905,99.0835,97.9125,98.6735
2026-03-21 04:11:00,98.7185,99.6235,98.3495,98.5165
2026-03-21 04:12:00,98.4625,98.7225,97.9465,98.3725
2026-03-21 04:13:00,98.4245,99.5745,98.3805,99.5745
2026-03-21 04:14:00,99.6265,99.8505,98.8315,98.9785
2026-03-21 04:15:00,98.9285,99.7395,98.5885,99.3365
2026-03-21 04:16:00,99.3855,100.7545,99.3155,100.7545
2026-03-21 04:17:00,100.8085,101.4095,100.2865,100.3245
2026-03-21 04:18:00,100.2725,100.7285,99.6385,100.6285
2026-03-21 04:19:00,100.6735,101.5405,100.6625,101.1745
2026-03-21 04:20:00,101.2225,101.2655,99.8085,99.9125
2026-03-21 04:21:00,99.8635,100.0735,97.6285,98.1875
2026-03-21 04:22:00,98.2345,98.3015,97.1215,97.1695
2026-03-21 04:23:00,97.1185,97.7205,96.8315,96.9165
2026-03-21 04:24:00,96.9685,97.3295,96.4755,96.4755
2026-03-21 04:25:00,96.5235,97.0005,95.9595,96.6365
2026-03-21 04:26:00,96.5915,98.3485,96.5825,97.9365
2026-03-21 04:27:00,97.9885,98.8215,97.0725,97.7965
2026-03-21 04:28:00,97.8485,98.1795,97.0365,97.8835
2026-03-21 04:29:00,97.9365,98.9755,97.6275,98.0425
2026-03-21 04:30:00,98.0935,98.1405,96.4665,96.7735
2026-03-21 04:31:00,96.8235,96.9365,95.8595,95.8595
2026-03-21 04:32:00,95.9105,97.0785,95.9105,96.8225
2026-03-21 04:33:00,96.8665,97.4285,96.2375,96.4835
2026-03-21 04:34:00,96.5345,96.8215,95.0505,95.3315
2026-03-21 04:35:00,95.2855,95.2855,93.8175,93.8555
2026-03-21 04:36:00,93.7115,95.2295,93.5815,95.2295
2026-03-21 04:37:00,95.2805,95.6725,94.6395,95.2855
2026-03-21 04:38:00,95.3315,95.8775,95.1985,95.2795
2026-03-21 04:39:00,95.2075,96.3495,95.2075,96.3175
2026-03-21 04:40:00,96.3645,96.4915,95.7405,96.2775
2026-03-21 04:41:00,96.2335,97.9715,96.0015,96.9415
2026-03-21 04:42:00,96.8985,97.1975,96.0305,96.4225
2026-03-21 04:43:00,96.3705,96.7555,94.9465,96.4355
2026-03-21 04:44:00,96.4815,97.1815,96.0285,97.0495
2026-03-21 04:45:00,97.0015,97.7105,96.3745,96.5345
2026-03-21 04:46:00,96.4885,96.5835,95.3845,96.1055
2026-03-21 04:47:00,96.1505,96.6495,95.2595,95.4595
2026-03-21 04:48:00,95.5045,97.1495,95.4835,96.9515
2026-03-21 04:49:00,97.0005,97.9725,96.7755,97.5145
2026-03-21 04:50:00,97.5575,97.8825,96.4325,96.4415
2026-03-21 04:51:00,96.4885,96.7875,95.9505,96.0445
2026-03-21 04:52:00,95.9955,96.0635,94.8255,95.4325
2026-03-21 04:53:00,95.3845,95.8375,94.7025,95.3965
2026-03-21 04:54:00,95.4375,95.8115,95.1385,95.5855
2026-03-21 04:55:00,95.6305,95.6775,94.3795,94.7765
2026-03-21 04:56:00,94.8225,95.8355,94.7795,95.6965
2026-03-21 04:57:00,95.6435,95.9725,95.0195,95.9175
2026-03-21 04:58:00,95.8645,95.9835,94.6595,94.9135
2026-03-21 04:59:00,94.8665,94.8665,93.6435,93.8255
2026-03-21 05:00:00,93.8715,94.0815,93.3065,93.3625
2026-03-21 05:01:00,93.3175,93.4805,92.7885,93.1855
2026-03-21 05:02:00,93.2295,95.0735,93.1875,94.3385
2026-03-21 05:03:00,94.3885,94.8695,94.1205,94.5665
2026-03-21 05:04:00,94.5155,95.1535,94.2005,95.1445
2026-03-21 05:05:00,95.1025,95.4855,94.4525,95.0095
2026-03-21 05:06:00,95.0495,95.5465,94.3445,95.4565
2026-03-21 05:07:00,95.5065,96.0045,95.1735,95.6185
2026-03-21 05:08:00,95.5775,95.7555,94.6495,94.6985
2026-03-21 05:09:00,94.7515,94.9595,94.0715,94.5285
2026-03-21 05:10:00,94.5715,94.8395,94.0505,94.4735
2026-03-21 05:11:00,94.4305,94.5205,93.4995,94.4735
2026-03-21 05:12:00,94.4225,94.9005,93.6555,94.8945
2026-03-21 05:13:00,94.9375,95.4245,94.1265,94.2815
2026-03-21 05:14:00,94.3445,94.4445,93.6595,94.1875
2026-03-21 05:15:00,94.1345,94.4575,92.7965,92.7965
2026-03-21 05:16:00,92.7515,93.6485,92.6115,93.0455
2026-03-21 05:17:00,93.0885,93.9265,93.0055,93.5465
2026-03-21 05:18:00,93.5865,94.2085,93.4385,94.0985
2026-03-21 05:19:00,94.0545,94.9555,93.2835,93.6255
2026-03-21 05:20:00,93.5825,94.2405,93.5825,93.7605
2026-03-21 05:21:00,93.7175,94.3225,93.0315,93.4105
2026-03-21 05:22:00,93.3715,93.7425,93.0115,93.2715
2026-03-21 05:23:00,93.3175,93.3905,92.4385,93.0715
2026-03-21 05:24:00,93.1115,93.6935,92.4805,93.6485
2026-03-21 05:25:00,93.5985,93.8065,92.9565,93.0585
2026-03-21 05:26:00,93.0085,93.9535,92.9075,93.9535
2026-03-21 05:27:00,93.8925,94.3535,93.5205,94.1245
2026-03-21 05:28:00,94.0785,95.0255,93.9825,94.6055
2026-03-21 05:29:00,94.5665,95.3755,94.2445,95.0395
2026-03-21 05:30:00,95.0835,96.0315,94.7465,95.6265
2026-03-21 05:31:00,95.6665,96.1165,95.0765,95.7085
2026-03-21 05:32:00,95.6565,95.7865,94.0205,94.0635
2026-03-21 05:33:00,94.0195,95.8265,93.7195,95.7085
2026-03-21 05:34:00,95.7595,96.6755,95.4285,96.0165
2026-03-21 05:35:00,96.0605,96.6445,95.9925,96.0955
2026-03-21 05:36:00,96.1465,96.4865,95.8325,96.4385
2026-03-21 05:37:00,96.4845,97.3095,96.3785,96.7715
2026-03-21 05:38:00,96.7195,97.1725,96.4575,96.6865
2026-03-21 05:39:00,96.6375,98.2185,96.5775,98.1205
2026-03-21 05:40:00,98.0695,98.7015,97.7975,98.5245
2026-03-21 05:41:00,98.4785,99.2765,98.3725,98.8745
2026-03-21 05:42:00,98.9235,100.6235,98.9145,100.6235
2026-03-21 05:43:00,100.6695,101.8095,100.1245,101.8015
2026-03-21 05:44:00,101.8545,101.8985,100.6765,101.0345
2026-03-21 05:45:00,101.0835,101.1805,100.1295,100.1785
2026-03-21 05:46:00,100.2325,100.4685,99.6795,100.3635
2026-03-21 05:47:00,100.3145,100.3255,98.7295,99.6095
2026-03-21 05:48:00,99.6515,100.6675,99.5375,100.3905
2026-03-21 05:49:00,100.4355,100.5715,99.6605,99.8625
2026-03-21 05:50:00,99.8165,99.9485,98.6975,99.0605
2026-03-21 05:51:00,98.9045,99.6245,98.5135,99.5225
2026-03-21 05:52:00,99.4695,100.4235,99.0055,99.4455
2026-03-21 05:53:00,99.3955,99.7395,98.9405,99.4945
2026-03-21 05:54:00,99.3795,100.0275,98.9865,99.7475
2026-03-21 05:55:00,99.7975,100.8945,99.7905,100.3965
2026-03-21 05:56:00,100.4445,100.5365,99.3895,100.1015
2026-03-21 05:57:00,100.1605,100.2125,98.9475,99.9205
2026-03-21 05:58:00,99.9755,100.3445,99.3135,99.8905
2026-03-21 05:59:00,99.8465,100.0495,99.3575,99.6375
2026-03-21 06:00:00,99.5835,99.9195,98.6595,98.9465
2026-03-21 06:01:00,98.9995,99.7735,98.8015,99.4725
2026-03-21 06:02:00,99.5155,100.8655,99.3975,100.2485
2026-03-21 06:03:00,100.3025,101.0155,99.4135,99.5465
2026-03-21 06:04:00,99.4955,99.5925,98.8335,99.5155
2026-03-21 06:05:00,99.5645,99.9245,98.3915,98.6255
2026-03-21 06:06:00,98.5775,99.2005,98.1125,98.4645
2026-03-21 06:07:00,98.4215,98.5635,97.6505,98.0985
2026-03-21 06:08:00,98.0535,98.4055,97.5695,98.1515
2026-03-21 06:09:00,98.1045,98.5885,96.9045,97.4705
2026-03-21 06:10:00,97.5115,98.0115,96.9265,97.3885
2026-03-21 06:11:00,97.3415,97.8545,97.0405,97.4545
2026-03-21 06:12:00,97.4025,99.6475,97.3655,99.6475
2026-03-21 06:13:00,99.6045,99.9475,99.0635,99.8055
2026-03-21 06:14:00,99.7635,99.8085,99.1275,99.2405
2026-03-21 06:15:00,99.2875,99.5795,98.0055,98.2305
2026-03-21 06:16:00,98.2725,98.7115,97.2925,97.3905
2026-03-21 06:17:00,97.3435,97.6865,96.3485,96.8855
2026-03-21 06:18:00,96.8375,96.8815,95.5135,95.5135
2026-03-21 06:19:00,95.4685,95.9135,95.1045,95.6145
2026-03-21 06:20:00,95.5685,95.6175,93.3815,93.6765
2026-03-21 06:21:00,93.6355,94.5235,93.5475,94.1125
2026-03-21 06:22:00,94.0605,94.5575,93.5845,94.0465
2026-03-21 06:23:00,94.0015,94.2625,92.7825,93.0105
2026-03-21 06:24:00,92.9715,93.9485,92.9245,93.4395
2026-03-21 06:25:00,93.4845,94.3005,93.1315,93.9065
2026-03-21 06:26:00,93.8615,94.0345,92.4505,92.9235
2026-03-21 06:27:00,92.8735,93.1205,92.4315,92.8685
2026-03-21 06:28:00,92.9095,93.3955,92.4785,92.5625
2026-03-21 06:29:00,92.6055,93.4265,92.5595,93.4265
2026-03-21 06:30:00,93.3855,93.3855,92.4335,93.0245
2026-03-21 06:31:00,93.0645,93.4305,92.6245,92.9785
2026-03-21 06:32:00,92.9315,93.9855,92.8675,93.2555
2026-03-21 06:33:00,93.2075,93.5545,92.7915,93.2195
2026-03-21 06:34:00,93.2655,93.4925,92.1835,92.2255
2026-03-21 06:35:00,92.1785,92.3945,91.8865,92.0345
2026-03-21 06:36:00,91.9945,92.1765,90.6375,90.8955
2026-03-21 06:37:00,90.8525,91.5315,90.4325,91.4865
2026-03-21 06:38:00,91.4365,91.9355,91.2765,91.5325
2026-03-21 06:39:00,91.5715,91.7145,90.0925,90.0925
2026-03-21 06:40:00,90.1325,90.2795,88.5265,89.2055
2026-03-21 06:41:00,89.1125,89.7285,89.1125,89.4075
2026-03-21 06:42:00,89.2795,89.6285,88.2705,88.6795
2026-03-21 06:43:00,88.7175,90.0065,88.3845,89.8805
2026-03-21 06:44:00,89.8375,90.1425,89.3005,89.9425
2026-03-21 06:45:00,89.8955,91.3135,89.8825,91.3135
2026-03-21 06:46:00,91.2725,91.9105,91.1875,91.6315
2026-03-21 06:47:00,91.5845,91.6255,90.9475,91.3455
2026-03-21 06:48:00,91.3045,92.0255,90.9605,91.9375
2026-03-21 06:49:00,91.8805,91.9275,90.5935,91.2955
2026-03-21 06:50:00,91.2485,91.9305,90.9255,91.6665
2026-03-21 06:51:00,91.6225,91.7545,90.9765,91.1285
2026-03-21 06:52:00,91.1745,92.2715,91.0315,92.2715
2026-03-21 06:53:00,92.3195,92.5435,91.4375,91.6605
2026-03-21 06:54:00,91.7065,91.7445,90.5995,90.9215
2026-03-21 06:55:00,90.8745,91.5265,90.8085,91.0055
2026-03-21 06:56:00,90.9605,91.7925,90.9135,91.4935
2026-03-21 06:57:00,91.5415,91.6025,90.1685,90.8265
2026-03-21 06:58:00,90.8655,91.3775,90.5725,91.2095
2026-03-21 06:59:00,91.2565,91.6785,90.9655,91.5885
2026-03-21 07:00:00,91.6375,91.6375,90.4265,91.1635
2026-03-21 07:01:00,91.1215,92.4695,91.0755,91.6425
2026-03-21 07:02:00,91.6835,92.6145,91.5015,92.3435
2026-03-21 07:03:00,92.2945,92.6815,91.5965,91.6335
2026-03-21 07:04:00,91.6735,91.9955,91.0835,91.5715
2026-03-21 07:05:00,91.5275,92.5365,91.3895,92.3125
2026-03-21 07:06:00,92.2305,93.3375,92.0505,93.1395
2026-03-21 07:07:00,93.0995,94.0385,93.0585,93.9005
2026-03-21 07:08:00,93.9465,95.3785,93.9465,95.2695
2026-03-21 07:09:00,95.2175,95.8625,94.6875,95.6955
2026-03-21 07:10:00,95.7465,96.9985,95.5185,96.8155
2026-03-21 07:11:00,96.7645,97.4535,96.6025,97.1085
2026-03-21 07:12:00,97.0665,98.0385,96.8125,98.0095
2026-03-21 07:13:00,98.0565,98.0565,97.0425,97.3755
2026-03-21 07:14:00,97.3325,97.6085,97.0155,97.3945
2026-03-21 07:15:00,97.4395,98.6775,97.4335,98.6775
2026-03-21 07:16:00,98.7225,99.4115,98.2805,98.6775
2026-03-21 07:17:00,98.7195,99.5845,98.2045,99.4885
2026-03-21 07:18:00,99.5385,100.7295,99.5385,99.8095
2026-03-21 07:19:00,99.7655,100.2635,99.1725,100.0615
2026-03-21 07:20:00,100.1115,100.3915,99.3315,99.9245
2026-03-21 07:21:00,99.8715,101.4855,99.8185,100.9205
2026-03-21 07:22:00,100.8715,100.9865,100.1165,100.6555
2026-03-21 07:23:00,100.7095,100.9125,100.1805,100.3835
2026-03-21 07:24:00,100.3245,101.8165,100.3245,101.8165
2026-03-21 07:25:00,101.8645,102.6595,101.4595,102.3145
2026-03-21 07:26:00,102.3655,103.3785,102.2175,102.3315
2026-03-21 07:27:00,102.2805,102.5205,101.5595,102.0915
2026-03-21 07:28:00,102.0405,102.7215,101.7495,102.2195
2026-03-21 07:29:00,102.2695,102.8495,101.8545,102.2755
2026-03-21 07:30:00,102.3215,103.0785,101.9875,102.6645
2026-03-21 07:31:00,102.7175,104.2895,102.6275,104.1275
2026-03-21 07:32:00,104.0735,104.5335,103.7745,104.3735
2026-03-21 07:33:00,104.4185,105.0495,103.8085,103.9125
2026-03-21 07:34:00,103.9765,104.5935,103.6015,103.9945
2026-03-21 07:35:00,104.0445,105.0105,103.5375,104.6895
2026-03-21 07:36:00,104.6375,105.0255,104.1555,104.4855
2026-03-21 07:37:00,104.4395,105.6995,104.0325,105.3015
2026-03-21 07:38:00,105.3525,106.4775,105.2405,106.3695
2026-03-21 07:39:00,106.3165,107.0495,105.5285,105.9015
2026-03-21 07:40:00,105.8535,107.4135,105.4805,106.8935
2026-03-21 07:41:00,106.9425,107.3575,106.4365,106.8985
2026-03-21 07:42:00,106.8505,106.9915,105.8115,105.8115
2026-03-21 07:43:00,105.8655,106.4805,105.7205,106.0445
2026-03-21 07:44:00,105.9965,106.3125,105.1665,106.0345
2026-03-21 07:45:00,106.0815,107.0975,105.8405,106.9565
2026-03-21 07:46:00,107.0115,107.3975,105.6195,105.8325
2026-03-21 07:47:00,105.7765,107.0775,105.1465,105.2345
2026-03-21 07:48:00,105.1815,105.7125,104.4145,105.0005
2026-03-21 07:49:00,104.9515,105.3005,104.1505,105.3005
2026-03-21 07:50:00,105.2475,105.3505,104.4845,105.1965
2026-03-21 07:51:00,105.1505,105.2045,103.8235,104.9365
2026-03-21 07:52:00,104.9835,105.8965,104.8975,105.5675
2026-03-21 07:53:00,105.5105,105.6175,104.6115,105.5645
2026-03-21 07:54:00,105.6095,106.8145,105.3275,106.6975
2026-03-21 07:55:00,106.7545,107.3045,106.0495,106.5925
2026-03-21 07:56:00,106.5445,107.2265,106.1615,107.0595
2026-03-21 07:57:00,107.1075,107.3575,106.4465,107.3575
2026-03-21 07:58:00,107.3005,108.1865,107.2335,107.7175
2026-03-21 07:59:00,107.7715,108.1475,106.7515,106.7565
2026-03-21 08:00:00,106.7075,107.2985,106.4765,106.8825
2026-03-21 08:01:00,106.9345,107.5755,106.1725,107.1205
2026-03-21 08:02:00,107.1785,107.8685,106.2555,107.6715
2026-03-21 08:03:00,107.6245,108.3925,107.1585,107.8845
2026-03-21 08:04:00,107.8345,108.2555,107.6065,107.8995
2026-03-21 08:10:00,107.8995,123.0645,107.8995,122.6035
2026-03-21 08:11:00,122.5505,122.5505,121.5955,122.1505
2026-03-21 08:12:00,122.0955,123.3355,121.3205,123.3355
2026-03-21 08:13:00,123.1605,123.2975,122.4215,122.9315
2026-03-21 08:14:00,122.8705,124.4115,122.8705,123.8145
2026-03-21 08:15:00,123.7465,123.9065,121.8885,122.2465
2026-03-21 08:16:00,122.1785,122.6035,121.5985,122.1815
2026-03-21 08:17:00,122.1225,123.0605,121.5435,123.0485
2026-03-21 08:18:00,122.9935,123.7895,122.4375,123.5965
2026-03-21 08:19:00,123.5345,124.0925,122.9035,123.6805
2026-03-21 08:20:00,123.7455,124.1225,122.4015,122.7155
2026-03-21 08:21:00,122.6635,122.6635,120.4285,120.6845
2026-03-21 08:22:00,120.6275,120.6825,119.7175,120.5275
2026-03-21 08:23:00,120.4725,121.2135,119.9015,120.5045
2026-03-21 08:24:00,120.3665,121.0775,119.8565,120.7915
2026-03-21 08:25:00,120.8485,121.9885,120.8485,121.8425
2026-03-21 08:26:00,121.9035,123.4435,121.8935,122.3655
2026-03-21 08:27:00,122.4275,123.8065,122.3115,123.2685
2026-03-21 08:28:00,123.3305,123.9715,121.8115,121.8115
2026-03-21 08:29:00,121.7595,122.1885,120.9565,121.7975
2026-03-21 08:30:00,121.8645,122.6855,121.5475,122.1695
2026-03-21 08:31:00,122.2235,122.2235,120.9965,121.4175
2026-03-21 08:32:00,121.3545,122.4105,120.6545,121.7895
2026-03-21 08:33:00,121.7235,122.3585,120.7905,121.3725
2026-03-21 08:34:00,121.3175,121.3825,120.3835,121.0945
2026-03-21 08:35:00,121.1535,122.5075,121.0935,122.3445
2026-03-21 08:36:00,122.4155,123.3865,122.1405,123.2555
2026-03-21 08:37:00,123.3215,123.4445,122.2835,122.8155
2026-03-21 08:38:00,122.8675,123.1875,121.5965,123.1225
2026-03-21 08:39:00,123.1885,124.4925,123.0425,124.2075
2026-03-21 08:40:00,124.1455,125.9425,123.9585,125.6355
2026-03-21 08:41:00,125.6915,125.9795,124.2945,124.3935
2026-03-21 08:42:00,124.3385,125.4695,123.7285,124.9835
2026-03-21 08:43:00,125.0395,125.1715,123.2905,123.5175
2026-03-21 08:44:00,123.5835,123.6415,122.4405,123.0645
2026-03-21 08:45:00,123.0115,123.5335,122.4825,123.3925
2026-03-21 08:46:00,123.4525,124.3075,122.7185,123.2915
2026-03-21 08:47:00,123.4365,124.3765,123.0575,123.0575
2026-03-21 08:48:00,122.9925,122.9955,121.8215,122.4755
2026-03-21 08:49:00,122.4165,122.5545,120.8725,121.2535
2026-03-21 08:50:00,121.3085,122.2555,120.9825,122.1005
2026-03-21 08:51:00,122.1675,122.5565,121.1745,121.4565
2026-03-21 08:52:00,121.5095,122.7655,121.1465,122.4755
2026-03-21 08:53:00,122.4125,122.7645,121.3535,121.8775
2026-03-21 08:54:00,121.9585,122.4975,121.5065,121.9285
2026-03-21 08:55:00,121.9945,122.3635,121.0765,121.7295
2026-03-21 08:56:00,121.7925,121.7925,119.9885,120.6395
2026-03-21 08:57:00,120.5785,120.8215,118.7155,118.9815
2026-03-21 08:58:00,118.9315,119.7905,118.7445,119.2965
2026-03-21 08:59:00,119.3625,119.5895,118.2455,118.3865
2026-03-21 09:00:00,118.3325,118.5385,117.3835,117.8975
2026-03-21 09:01:00,117.9525,120.4435,117.9525,120.3195
2026-03-21 09:02:00,120.3735,121.2905,120.3345,121.1465
2026-03-21 09:03:00,121.2945,122.5935,121.2295,121.6705
2026-03-21 09:04:00,121.6195,122.1405,121.3255,121.6355
2026-03-21 09:05:00,121.5785,121.6355,120.4285,120.9345
2026-03-21 09:06:00,120.9875,122.5385,120.9595,121.5655
2026-03-21 09:07:00,121.5085,122.1685,120.7285,121.9795
2026-03-21 09:08:00,121.9215,124.2555,121.9215,123.6545
2026-03-21 09:09:00,123.5705,124.3795,123.4185,124.0245
2026-03-21 09:10:00,124.0835,124.4965,122.8165,123.0055
2026-03-21 09:11:00,123.0615,123.6185,121.4965,121.6565
2026-03-21 09:12:00,121.6015,121.7895,120.2365,120.4675
2026-03-21 09:13:00,120.3165,120.9095,119.3155,120.8565
2026-03-21 09:14:00,120.8005,120.9515,118.5335,118.5945
2026-03-21 09:15:00,118.4185,120.7075,118.4185,119.1245
2026-03-21 09:16:00,119.1835,119.3545,118.3075,118.7965
2026-03-21 09:17:00,118.7455,119.0575,117.7265,117.7265
2026-03-21 09:18:00,117.6735,117.7925,116.1985,116.1985
2026-03-21 09:19:00,116.1345,116.7715,115.6915,116.5965
2026-03-21 09:20:00,116.5395,117.2255,115.1135,115.7225
2026-03-21 09:21:00,115.7725,115.9415,114.6265,115.4115
2026-03-21 09:22:00,115.3515,115.4045,114.1965,114.8125
2026-03-21 09:23:00,114.7635,115.0045,113.9235,114.6835
2026-03-21 09:24:00,114.7355,115.4275,113.8115,114.2985
2026-03-21 09:25:00,114.2355,115.6035,113.7935,114.7715
2026-03-21 09:26:00,114.7205,115.9165,114.6125,115.2435
2026-03-21 09:27:00,115.2985,116.5695,114.7625,115.0685
2026-03-21 09:28:00,115.0065,115.0065,113.0375,113.2515
2026-03-21 09:29:00,113.3075,114.3125,112.9955,114.0835
2026-03-21 09:30:00,114.0305,114.8825,113.6695,114.2895
2026-03-21 09:31:00,114.3505,116.3225,114.3505,115.0785
2026-03-21 09:32:00,115.0255,115.8405,114.6565,114.8185
2026-03-21 09:33:00,114.7645,114.9545,114.1015,114.6515
2026-03-21 09:34:00,114.7005,114.9985,113.9255,114.8785
2026-03-21 09:35:00,114.9925,115.0755,113.3935,113.5175
2026-03-21 09:36:00,113.5795,114.1045,113.2175,113.9835
2026-03-21 09:37:00,114.0315,114.7675,113.8555,114.5645
2026-03-21 09:38:00,114.6345,115.2085,114.1365,114.1365
2026-03-21 09:39:00,114.0765,115.2085,113.5675,114.9585
2026-03-21 09:40:00,115.0085,115.8425,114.5095,115.7855
2026-03-21 09:41:00,115.7245,115.7675,114.6055,114.7525
2026-03-21 09:42:00,114.6995,116.9045,114.6995,115.6885
2026-03-21 09:43:00,115.7435,117.6755,115.7435,116.7645
2026-03-21 09:44:00,116.8255,116.8255,116.1955,116.6735
2026-03-21 09:45:00,116.7285,116.8435,115.3515,116.3455
2026-03-21 09:46:00,116.3955,117.6345,115.9295,117.2315
2026-03-21 09:47:00,117.1795,117.4545,116.5675,117.1065
2026-03-21 09:48:00,117.1625,117.4065,116.3005,116.7905
2026-03-21 09:49:00,116.8435,117.4775,115.9825,117.3615
2026-03-21 09:50:00,117.2975,117.3995,115.9595,116.6725
2026-03-21 09:51:00,116.6125,116.7155,115.7985,116.0335
2026-03-21 09:52:00,115.9835,117.0765,115.8365,116.7305
2026-03-21 09:53:00,116.7855,117.9805,116.7145,117.8495
2026-03-21 09:54:00,117.9025,118.3015,117.5285,118.2235
2026-03-21 09:55:00,118.2765,118.4835,117.3725,118.1415
2026-03-21 09:56:00,118.2065,118.2065,115.7515,115.7595
2026-03-21 09:57:00,115.7105,115.9605,114.7375,115.3175
2026-03-21 09:58:00,115.4035,116.2585,115.1295,116.1575
2026-03-21 09:59:00,116.2185,116.3745,114.8735,115.7785
2026-03-21 10:00:00,115.8295,118.0415,115.7695,117.9775
2026-03-21 10:01:00,117.9145,118.0965,116.3705,116.3705
2026-03-21 10:02:00,116.4305,116.8825,116.1315,116.5535
2026-03-21 10:03:00,116.4945,116.5875,114.5505,114.5505
2026-03-21 10:04:00,114.4985,114.4985,113.2825,113.3365
2026-03-21 10:05:00,113.3965,114.1125,112.8235,114.0105
2026-03-21 10:06:00,114.1485,114.3685,113.2035,113.4475
2026-03-21 10:07:00,113.3985,113.4705,112.0475,112.4195
2026-03-21 10:08:00,112.3585,112.3585,110.6885,111.4275
2026-03-21 10:09:00,111.3665,112.2125,111.1185,111.9815
2026-03-21 10:10:00,112.0355,112.6345,111.7395,111.7395
2026-03-21 10:11:00,111.6775,111.7855,110.9615,111.3435
2026-03-21 10:12:00,111.2905,111.4075,110.4935,110.5405
2026-03-21 10:13:00,110.5915,111.3715,110.1545,111.1065
2026-03-21 10:14:00,111.1555,111.6535,110.7105,111.2765
2026-03-21 10:15:00,111.2195,111.5455,110.2125,111.5455
2026-03-21 10:16:00,111.6015,113.0555,111.3715,112.8855
2026-03-21 10:17:00,112.8275,113.5165,112.6115,113.1525
2026-03-21 10:18:00,113.2065,113.5405,112.4605,113.0075
2026-03-21 10:19:00,112.9555,113.0135,112.0655,112.1215
2026-03-21 10:20:00,112.1775,112.3355,110.8025,111.4785
2026-03-21 10:21:00,111.4295,112.0055,110.7895,111.7565
2026-03-21 10:22:00,111.8065,112.2365,111.1005,112.0375
2026-03-21 10:23:00,111.9755,113.7575,111.7175,113.4615
2026-03-21 10:24:00,113.4085,114.8015,113.3855,114.2495
2026-03-21 10:25:00,114.1935,114.2425,112.3255,112.5815
2026-03-21 10:26:00,112.6375,112.9745,111.7155,112.1155
2026-03-21 10:27:00,112.0625,113.2985,112.0075,113.2925
2026-03-21 10:28:00,113.2385,113.7165,112.7595,113.3875
2026-03-21 10:29:00,113.3285,114.2355,112.8255,113.8555
2026-03-21 10:30:00,113.7935,114.1465,113.0645,113.7285
2026-03-21 10:31:00,113.6715,115.8425,113.6195,115.7685
2026-03-21 10:32:00,115.7155,117.1105,115.4315,117.1105
2026-03-21 10:33:00,117.1745,117.1745,115.0225,115.4185
2026-03-21 10:34:00,115.3555,116.8715,115.1845,116.3105
2026-03-21 10:35:00,116.2475,116.6225,115.2145,115.7385
2026-03-21 10:36:00,115.8005,116.4245,115.4845,115.9125
2026-03-21 10:37:00,115.9685,116.1895,115.1165,115.9035
2026-03-21 10:38:00,115.8435,115.9655,115.1225,115.6285
2026-03-21 10:39:00,115.6905,116.1755,114.1535,114.1535
2026-03-21 10:40:00,114.2225,114.5445,113.6785,114.0405
2026-03-21 10:41:00,114.0895,115.6615,113.4555,115.3895
2026-03-21 10:42:00,115.4445,115.6735,114.2765,115.0245
2026-03-21 10:43:00,115.0845,116.8035,114.6895,116.6585
2026-03-21 10:44:00,116.5995,118.3015,116.5995,117.6435
2026-03-21 10:45:00,117.7085,118.4015,116.7695,117.1685
2026-03-21 10:46:00,117.2335,117.3185,115.4615,116.2515
2026-03-21 10:47:00,116.3095,117.1495,115.5715,117.0225
2026-03-21 10:48:00,116.9675,117.0565,115.7725,116.7705
2026-03-21 10:49:00,116.8305,117.4275,116.5625,116.8905
2026-03-21 10:50:00,116.8305,116.8305,115.8765,116.1615
2026-03-21 10:51:00,116.1015,116.4425,115.1375,115.7885
2026-03-21 10:52:00,115.7375,116.8605,115.6745,116.4655
2026-03-21 10:53:00,116.4055,117.2135,116.3905,116.8725
2026-03-21 10:54:00,116.8145,118.7515,116.5335,118.6475
2026-03-21 10:55:00,118.5965,119.1935,118.0365,118.4105
2026-03-21 10:56:00,118.4645,118.7245,117.6045,118.1905
2026-03-21 10:57:00,118.2515,118.4905,117.7045,118.4865
2026-03-21 10:58:00,118.5455,121.2275,118.4445,120.9295
2026-03-21 10:59:00,120.9935,122.0495,120.3815,122.0085
2026-03-21 11:00:00,122.0805,123.3185,122.0805,122.9205
2026-03-21 11:01:00,122.8585,123.9365,122.6945,123.8045
2026-03-21 11:02:00,123.7445,124.8295,123.3455,124.8295
2026-03-21 11:03:00,124.7225,124.7225,123.7565,124.1855
2026-03-21 11:04:00,124.1325,124.6245,122.8755,124.6225
2026-03-21 11:05:00,124.6815,125.7065,124.6245,125.4675
2026-03-21 11:06:00,125.3835,126.0185,124.8875,124.8875
2026-03-21 11:07:00,124.8325,124.8325,122.5765,123.1595
2026-03-21 11:08:00,123.0925,123.6265,122.6985,122.9475
2026-03-21 11:09:00,122.8875,124.8825,122.8875,124.8825
2026-03-21 11:10:00,124.8235,125.3485,123.8995,124.0395
2026-03-21 11:11:00,124.2235,124.4265,123.3945,124.1495
2026-03-21 11:12:00,124.0905,124.2165,122.8885,123.7905
2026-03-21 11:13:00,123.8525,123.8705,122.3735,123.5845
2026-03-21 11:14:00,123.6395,124.0335,122.9705,123.3535
2026-03-21 11:15:00,123.5375,126.0945,123.1485,126.0945
2026-03-21 11:16:00,126.0405,126.9845,125.7025,125.8055
2026-03-21 11:17:00,125.7475,125.8655,124.6245,125.1695
2026-03-21 11:18:00,125.2305,125.4825,123.7335,123.8185
2026-03-21 11:19:00,123.7645,123.9015,122.1355,122.8195
2026-03-21 11:20:00,122.8785,123.0715,121.9725,122.4515
2026-03-21 11:21:00,122.3905,123.0705,121.4735,122.3065
2026-03-21 11:22:00,122.3615,124.1325,121.8085,124.1325
2026-03-21 11:23:00,124.1955,124.9795,122.8615,123.1985
2026-03-21 11:24:00,123.2575,124.7885,123.0675,123.4195
2026-03-21 11:25:00,123.4855,124.2515,123.1565,123.8485
2026-03-21 11:26:00,123.9285,124.0255,122.5915,123.3235
2026-03-21 11:27:00,123.2655,125.3675,123.0005,125.3675
2026-03-21 11:28:00,125.4225,126.9165,125.0325,126.6535
2026-03-21 11:29:00,126.7165,127.1995,125.0795,125.6875
2026-03-21 11:30:00,125.7485,126.1475,124.8465,125.4295
2026-03-21 11:31:00,125.3695,125.9025,124.7935,125.5925
2026-03-21 11:32:00,125.6485,125.9815,123.6965,123.8825
2026-03-21 11:33:00,123.8285,125.3025,123.4975,125.1685
2026-03-21 11:34:00,125.2265,125.6805,124.5125,125.2135
2026-03-21 11:35:00,125.2725,125.7365,123.5555,123.6195
2026-03-21 11:36:00,123.5635,124.1735,122.9985,123.7355
2026-03-21 11:37:00,123.6735,123.8755,122.5975,122.8285
2026-03-21 11:38:00,122.8885,123.2315,121.6865,122.9135
2026-03-21 11:39:00,122.9655,124.2155,122.7735,124.0955
2026-03-21 11:40:00,124.0425,124.4345,123.2745,124.3585
2026-03-21 11:41:00,124.2915,125.5715,124.0535,124.9375
2026-03-21 11:42:00,124.8725,125.1555,124.0445,124.0475
2026-03-21 11:43:00,124.1065,124.1065,122.9795,123.5525
2026-03-21 11:44:00,123.6075,124.6255,123.5735,123.8785
2026-03-21 11:45:00,123.9325,124.1755,122.5335,122.5335
2026-03-21 11:46:00,122.4815,122.8665,121.1465,122.3055
2026-03-21 11:47:00,122.2365,122.7755,121.7655,122.5765
2026-03-21 11:48:00,122.6355,123.0205,121.9425,122.2985
2026-03-21 11:49:00,122.2415,122.6515,120.7705,121.5225
2026-03-21 11:50:00,121.5885,122.3255,121.2005,121.3135
2026-03-21 11:51:00,121.3735,122.2575,120.6935,122.2565
2026-03-21 11:52:00,122.3155,122.6955,121.3125,122.0445
2026-03-21 11:53:00,122.1015,122.2935,121.0475,121.0475
2026-03-21 11:54:00,120.9845,121.5615,120.1065,120.4395
2026-03-21 11:55:00,120.2705,120.2705,119.2585,119.6855
2026-03-21 11:56:00,119.7455,120.6165,118.6205,119.2695
2026-03-21 11:57:00,119.1915,119.6775,118.5855,118.5855
2026-03-21 11:58:00,118.6445,119.2985,118.3925,118.9905
2026-03-21 11:59:00,118.9295,119.1365,118.0585,118.4735
2026-03-21 12:00:00,118.4135,118.5965,117.4855,117.6835
2026-03-21 12:01:00,117.6325,117.8675,115.6105,115.9945
2026-03-21 12:02:00,115.9365,116.2965,114.1665,114.1665
2026-03-21 12:03:00,114.2175,115.4805,114.2175,115.2225
2026-03-21 12:04:00,115.1665,115.8235,114.8645,115.0945
2026-03-21 12:05:00,115.1455,115.4345,114.6505,114.9455
2026-03-21 12:06:00,115.0045,116.8555,114.7885,116.6835
2026-03-21 12:07:00,116.6195,117.3515,116.2555,116.7145
2026-03-21 12:08:00,116.6605,117.1415,115.5835,115.6255
2026-03-21 12:09:00,115.6855,116.4565,115.6725,116.2345
2026-03-21 12:10:00,116.2935,116.8505,115.6495,116.4085
2026-03-21 12:11:00,116.3515,116.7355,114.9905,114.9905
2026-03-21 12:12:00,114.9305,114.9305,112.8915,113.0775
2026-03-21 12:13:00,113.0225,113.5255,111.1815,111.1855
2026-03-21 12:14:00,111.2385,112.4165,111.0935,111.3075
2026-03-21 12:15:00,111.3545,112.4995,111.3225,111.8285
2026-03-21 12:16:00,111.7725,113.4005,111.7725,113.0375
2026-03-21 12:17:00,113.0865,113.0865,111.6995,111.8835
2026-03-21 12:18:00,111.8285,112.8325,111.5255,111.5255
2026-03-21 12:19:00,111.4715,111.8105,110.8015,111.1805
2026-03-21 12:20:00,111.1255,111.9265,111.0535,111.9265
2026-03-21 12:21:00,111.8645,112.6775,111.5405,112.2255
2026-03-21 12:22:00,112.1675,113.2955,111.8865,113.2955
2026-03-21 12:23:00,113.2335,113.2815,112.3595,112.6745
2026-03-21 12:24:00,112.6215,112.8555,111.1655,111.2425
2026-03-21 12:25:00,111.1915,112.6635,111.0165,112.3725
2026-03-21 12:26:00,112.3225,113.6255,111.9455,113.4745
2026-03-21 12:27:00,113.5315,115.8155,113.4315,115.7235
2026-03-21 12:28:00,115.6655,118.7125,115.6655,118.3885
2026-03-21 12:29:00,118.3275,119.6535,118.2475,118.4545
2026-03-21 12:30:00,118.4005,119.1535,117.9315,118.9415
2026-03-21 12:31:00,119.0065,119.0425,118.1655,118.7855
2026-03-21 12:32:00,118.7345,119.1665,117.6065,118.2405
2026-03-21 12:33:00,118.1895,118.7485,117.7105,117.7105
2026-03-21 12:34:00,117.6605,119.3405,117.5385,118.5865
2026-03-21 12:35:00,118.6445,118.8895,117.8345,118.5075
2026-03-21 12:36:00,118.4555,119.0975,118.0055,118.7965
2026-03-21 12:37:00,118.7275,118.9465,117.3025,117.8245
2026-03-21 12:38:00,117.8855,119.6055,117.7325,119.1605
2026-03-21 12:39:00,119.2235,119.7425,117.7365,117.8595
2026-03-21 12:40:00,117.8005,119.1825,117.8005,118.8185
2026-03-21 12:41:00,118.8715,120.1325,118.8715,119.1215
2026-03-21 12:42:00,119.1755,119.2335,117.7335,118.1265
2026-03-21 12:43:00,118.0685,119.4085,118.0135,119.1725
2026-03-21 12:44:00,119.2265,120.1745,118.2925,120.1515
2026-03-21 12:45:00,120.2155,121.3625,120.2155,121.0295
2026-03-21 12:46:00,120.9735,121.6775,120.5375,121.6775
2026-03-21 12:47:00,121.6195,122.3775,120.9125,122.2545
2026-03-21 12:48:00,122.1965,122.9655,121.6155,122.3685
2026-03-21 12:49:00,122.3125,122.6615,121.6375,121.8095
2026-03-21 12:50:00,121.7435,122.3935,121.0245,121.1225
2026-03-21 12:51:00,121.1785,121.1785,119.6065,121.0675
2026-03-21 12:52:00,121.0165,121.1485,119.5255,119.8985
2026-03-21 12:53:00,119.9505,120.2665,119.2335,120.1765
2026-03-21 12:54:00,120.2325,121.0545,119.8325,120.0255
2026-03-21 12:55:00,120.0885,120.8475,119.5735,119.5735
2026-03-21 12:56:00,119.5085,119.9555,117.4485,117.5095
2026-03-21 12:57:00,117.5615,117.7955,116.6805,117.3045
2026-03-21 12:58:00,117.2445,117.5865,116.6205,117.0395
2026-03-21 12:59:00,117.0895,117.8905,116.7225,116.9665
2026-03-21 13:00:00,116.9045,117.0275,115.6265,116.3995
2026-03-21 13:01:00,116.4615,116.5755,114.0095,114.1255
2026-03-21 13:02:00,114.0745,114.8735,113.6905,114.2215
2026-03-21 13:03:00,114.1655,115.2195,113.4135,113.8625
2026-03-21 13:04:00,113.8015,113.8575,111.9755,112.3865
2026-03-21 13:05:00,112.4415,112.7735,110.7995,110.9045
2026-03-21 13:06:00,110.8455,111.3775,110.0475,111.2675
2026-03-21 13:07:00,111.2095,111.3715,110.4605,110.9455
2026-03-21 13:08:00,110.8985,111.8365,110.8575,111.7665
2026-03-21 13:09:00,111.8145,112.0815,110.9565,111.5315
2026-03-21 13:10:00,111.4785,112.0965,110.9655,111.2795
2026-03-21 13:11:00,111.2275,111.9435,110.4315,110.5895
2026-03-21 13:12:00,110.6435,111.5675,109.8745,110.9815
2026-03-21 13:13:00,111.0305,111.8415,110.4555,111.6395
2026-03-21 13:14:00,111.5885,112.4455,111.3485,111.4595
2026-03-21 13:15:00,111.5165,111.9325,110.5925,111.1195
2026-03-21 13:16:00,111.0585,111.5665,110.4305,111.5665
2026-03-21 13:17:00,111.6255,113.5885,111.6225,113.2595
2026-03-21 13:18:00,113.2115,113.4875,111.5775,112.3975
2026-03-21 13:19:00,112.3465,112.5375,111.5045,112.0095
2026-03-21 13:20:00,111.8465,112.8515,111.8065,112.8515
2026-03-21 13:21:00,112.9045,114.8125,112.9045,114.7395
2026-03-21 13:22:00,114.6905,116.1425,114.5095,115.9615
2026-03-21 13:23:00,116.0255,116.2915,115.4605,116.0575
2026-03-21 13:24:00,115.9975,117.5015,115.9975,117.1635
2026-03-21 13:25:00,117.1125,117.2555,115.9455,117.2015
2026-03-21 13:26:00,117.2645,117.4075,116.4065,117.3985
2026-03-21 13:27:00,117.3435,117.9265,117.0705,117.4035
2026-03-21 13:28:00,117.4665,118.1575,116.8095,116.8605
2026-03-21 13:29:00,116.8045,119.4325,116.5165,118.6035
2026-03-21 13:30:00,118.6615,118.9695,117.9315,118.5325
2026-03-21 13:31:00,118.4705,118.4835,117.3225,118.3615
2026-03-21 13:32:00,118.2975,119.5565,118.2385,119.2295
2026-03-21 13:33:00,119.1775,119.4555,118.3805,118.6555
2026-03-21 13:34:00,118.5905,120.1645,118.1125,119.4865
2026-03-21 13:35:00,119.4295,119.8155,118.5205,119.5285
2026-03-21 13:36:00,119.4775,119.6205,117.6395,117.9305
2026-03-21 13:37:00,117.8685,118.0135,117.1855,117.5045
2026-03-21 13:38:00,117.5815,117.9465,116.3395,116.6005
2026-03-21 13:39:00,116.6585,117.6245,116.3925,116.9755
2026-03-21 13:40:00,116.9035,117.7845,116.7955,117.5155
2026-03-21 13:41:00,117.4605,118.6345,116.9735,118.6345
2026-03-21 13:42:00,118.6985,119.8645,118.6465,119.0465
2026-03-21 13:43:00,118.9825,119.3245,117.8355,118.1375
2026-03-21 13:44:00,118.1905,119.7465,117.7335,119.6945
2026-03-21 13:45:00,119.6405,120.9245,119.2965,120.6175
2026-03-21 13:46:00,120.5645,120.7885,119.6715,120.6695
2026-03-21 13:47:00,120.7285,120.9525,117.9505,117.9505
2026-03-21 13:48:00,118.0065,118.4785,117.5535,117.9035
2026-03-21 13:49:00,117.8265,118.1155,116.2435,116.7185
2026-03-21 13:50:00,116.7715,117.2315,116.1445,117.2285
2026-03-21 13:51:00,117.2925,118.2515,117.0365,117.8805
2026-03-21 13:52:00,117.9395,118.3925,117.4065,117.4655
2026-03-21 13:53:00,117.5295,118.2225,116.7415,116.9165
2026-03-21 13:54:00,116.9775,117.7045,116.5325,116.6545
2026-03-21 13:55:00,116.6055,117.2665,115.8685,117.1635
2026-03-21 13:56:00,117.2865,117.6605,116.5825,116.7225
2026-03-21 13:57:00,116.7825,117.2105,116.1975,116.5085
2026-03-21 13:58:00,116.4485,116.6165,115.0845,115.2445
2026-03-21 13:59:00,115.3765,115.6385,114.3775,114.3995
2026-03-21 14:00:00,114.3445,115.2185,113.9935,114.5315
2026-03-21 14:01:00,114.5855,114.9825,114.1025,114.4145
2026-03-21 14:02:00,114.2545,114.9575,113.9275,114.0825
2026-03-21 14:03:00,114.0305,114.1295,112.8875,112.9225
2026-03-21 14:04:00,112.9755,114.1085,112.5015,114.0815
2026-03-21 14:05:00,114.1315,114.5595,113.3555,114.2315
2026-03-21 14:06:00,114.2925,116.2365,113.9835,116.1635
2026-03-21 14:07:00,116.1025,116.5975,115.5405,116.0195
2026-03-21 14:08:00,115.9625,116.9805,115.5855,115.7505
2026-03-21 14:09:00,115.8035,117.6915,115.6935,117.3045
2026-03-21 14:10:00,117.2465,117.6755,116.6445,116.6955
2026-03-21 14:11:00,116.7475,117.5015,116.3405,117.1035
2026-03-21 14:12:00,117.0465,117.0465,115.2335,115.5855
2026-03-21 14:13:00,115.5315,116.0275,114.9815,115.3505
2026-03-21 14:14:00,115.4025,116.8095,114.9395,116.2825
2026-03-21 14:15:00,116.3385,116.5005,115.5845,115.8525
2026-03-21 14:16:00,115.9095,115.9745,114.5425,114.9025
2026-03-21 14:17:00,114.8405,114.9375,113.7015,114.3065
2026-03-21 14:18:00,114.3635,114.3635,112.5255,112.6265
2026-03-21 14:19:00,112.5675,113.5745,112.4755,113.4495
2026-03-21 14:20:00,113.3985,113.6855,112.3005,112.4535
2026-03-21 14:21:00,112.3925,112.8535,112.0575,112.1125
2026-03-21 14:22:00,112.0595,112.6765,110.3575,110.4735
2026-03-21 14:23:00,110.4125,111.5885,110.1635,111.3275
2026-03-21 14:24:00,111.2775,111.4925,110.1495,110.1495
2026-03-21 14:25:00,110.0915,110.4445,109.4325,109.7575
2026-03-21 14:26:00,109.7015,110.2435,109.0065,109.9255
2026-03-21 14:27:00,109.8795,110.5025,109.5315,110.4485
2026-03-21 14:28:00,110.6075,110.6595,109.6255,109.6255
2026-03-21 14:29:00,109.5725,110.3855,109.4595,110.0345
2026-03-21 14:30:00,110.0905,111.0745,109.9765,110.6905
2026-03-21 14:31:00,110.6375,113.3495,110.4205,113.3495
2026-03-21 14:32:00,113.2965,113.7485,111.9055,112.8865
2026-03-21 14:33:00,112.8345,113.0605,111.8905,112.4025
2026-03-21 14:34:00,112.3535,113.5165,112.0965,113.1645
2026-03-21 14:35:00,113.2175,113.2175,111.8855,113.0155
2026-03-21 14:36:00,112.9625,113.2795,111.8345,112.5765
2026-03-21 14:37:00,112.5275,113.1885,111.9735,112.6475
2026-03-21 14:38:00,112.7095,112.7095,110.5115,110.7525
2026-03-21 14:39:00,110.7025,111.7415,110.5245,111.6125
2026-03-21 14:40:00,111.7715,112.5825,110.8385,112.5445
2026-03-21 14:41:00,112.4885,112.7545,111.8765,112.1125
2026-03-21 14:42:00,112.0575,112.3125,111.2685,111.6745
2026-03-21 14:43:00,111.6045,112.1475,109.4355,110.2805
2026-03-21 14:44:00,110.3385,111.0455,109.9205,110.9855
2026-03-21 14:45:00,110.9335,110.9855,110.0845,110.4915
2026-03-21 14:46:00,110.4445,110.5125,109.4365,109.9155
2026-03-21 14:47:00,109.8695,110.7695,109.1415,110.5255
2026-03-21 14:48:00,110.5755,111.2225,110.0095,110.9845
2026-03-21 14:49:00,111.0435,112.1635,110.6595,111.1755
2026-03-21 14:50:00,111.2315,112.2065,110.8815,111.4345
2026-03-21 14:51:00,111.4895,112.0655,111.1455,112.0145
2026-03-21 14:52:00,112.0725,112.1315,110.9035,111.2595
2026-03-21 14:53:00,111.3065,111.5145,110.5795,111.0915
2026-03-21 14:54:00,111.0395,111.3135,110.2075,110.3495
2026-03-21 14:55:00,110.4075,113.0045,110.3585,112.8785
2026-03-21 14:56:00,112.9425,113.3645,112.6065,113.0245
2026-03-21 14:57:00,113.0745,113.7255,111.2655,111.6395
2026-03-21 14:58:00,111.5815,112.4965,111.4075,111.8775
2026-03-21 14:59:00,111.9275,112.3025,110.4085,110.6985
2026-03-21 15:00:00,110.6395,112.7065,110.6395,112.2545
2026-03-21 15:01:00,112.3205,112.9445,112.0325,112.9195
2026-03-21 15:02:00,112.9815,113.6925,112.4855,112.8925
2026-03-21 15:03:00,112.9505,113.5365,112.2095,112.6355
2026-03-21 15:04:00,112.5835,113.3865,112.1725,112.5565
2026-03-21 15:05:00,112.4945,113.0125,111.4945,112.7015
2026-03-21 15:06:00,112.6365,113.2185,111.4425,111.5815
2026-03-21 15:07:00,111.5305,112.5085,110.9785,112.5085
2026-03-21 15:08:00,112.4475,112.7045,110.8975,111.4555
2026-03-21 15:09:00,111.3935,112.0055,110.1265,110.2835
2026-03-21 15:10:00,110.3365,110.4395,109.1955,109.7645
2026-03-21 15:11:00,109.7095,109.7095,108.4495,108.9515
2026-03-21 15:12:00,108.9995,109.3675,108.4065,108.8085
2026-03-21 15:13:00,108.7525,109.9325,108.4895,109.2385
2026-03-21 15:14:00,109.2985,110.0715,108.9475,109.6235
2026-03-21 15:15:00,109.5705,110.0505,109.5365,109.7785
2026-03-21 15:16:00,109.7285,110.6705,109.3055,110.6705
2026-03-21 15:17:00,110.7185,111.2975,109.1655,109.5175
2026-03-21 15:18:00,109.5875,110.4445,109.0425,109.0865
2026-03-21 15:19:00,109.1465,109.4465,108.7405,109.1105
2026-03-21 15:20:00,109.1655,110.8155,109.1375,110.2365
2026-03-21 15:21:00,110.1785,111.3995,109.8725,111.3785
2026-03-21 15:22:00,111.4375,112.2305,111.2825,111.4135
2026-03-21 15:23:00,111.4695,111.5565,110.4405,111.5055
2026-03-21 15:24:00,111.4525,111.7995,110.9095,111.3375
2026-03-21 15:25:00,111.3935,112.8165,110.7575,112.7695
2026-03-21 15:26:00,112.8305,113.5905,111.8955,112.4505
2026-03-21 15:27:00,112.3955,112.7095,111.8505,112.1845
2026-03-21 15:28:00,112.2315,112.7995,111.4875,111.7475
2026-03-21 15:29:00,111.6955,112.4915,110.9415,112.4765
2026-03-21 15:30:00,112.5285,112.7975,111.2105,111.4215
2026-03-21 15:31:00,111.3605,113.0605,111.1395,113.0035
2026-03-21 15:32:00,112.9475,113.6735,112.3485,112.4535
2026-03-21 15:33:00,112.4035,112.4635,111.5405,112.1005
2026-03-21 15:34:00,112.0165,112.3715,111.2395,111.5565
2026-03-21 15:35:00,111.5065,111.9325,110.7065,111.4405
2026-03-21 15:36:00,111.4905,111.6395,109.9705,109.9705
2026-03-21 15:37:00,109.9125,111.2825,109.5755,109.7215
2026-03-21 15:38:00,109.7675,109.8975,107.3815,107.3815
2026-03-21 15:39:00,107.4375,107.6845,106.4325,107.2535
2026-03-21 15:40:00,107.2035,107.9655,106.7775,106.9945
2026-03-21 15:41:00,106.9355,107.1015,105.8495,106.5835
2026-03-21 15:42:00,106.5375,107.0335,106.2845,106.8675
2026-03-21 15:43:00,106.8195,107.2405,106.2655,107.1735
2026-03-21 15:44:00,107.1285,107.4035,106.2975,107.2115
2026-03-21 15:45:00,107.1585,108.1905,106.4025,106.5415
2026-03-21 15:46:00,106.5895,106.9475,106.1175,106.1175
2026-03-21 15:47:00,106.0715,106.3975,105.3555,106.0455
2026-03-21 15:48:00,106.0965,107.1965,105.8645,107.0415
2026-03-21 15:49:00,106.9925,108.5665,106.6485,108.4515
2026-03-21 15:50:00,108.3825,109.4605,108.1965,109.2885
2026-03-21 15:51:00,109.2365,110.4095,108.9495,110.4095
2026-03-21 15:52:00,110.3495,111.5795,110.1235,111.5115
2026-03-21 15:53:00,111.5655,112.1255,111.2585,112.0645
2026-03-21 15:54:00,112.1195,112.7015,111.4315,112.3325
2026-03-21 15:55:00,112.3895,113.0975,111.7255,111.7255
2026-03-21 15:56:00,111.7865,112.5045,111.4765,111.5305
2026-03-21 15:57:00,111.6475,111.6485,110.2305,110.5515
2026-03-21 15:58:00,110.4965,111.5355,110.4965,111.4055
2026-03-21 15:59:00,111.4655,111.5335,110.0545,110.0955
2026-03-21 16:00:00,110.1545,111.2425,109.6615,111.0285
2026-03-21 16:01:00,110.9745,111.5495,110.6295,110.6925
2026-03-21 16:02:00,110.7505,112.1965,110.6895,111.6965
2026-03-21 16:03:00,111.7505,113.6725,111.7415,113.6725
2026-03-21 16:04:00,113.7275,114.1535,112.6485,112.7635
2026-03-21 16:05:00,112.7015,114.3575,112.6415,114.3555
2026-03-21 16:06:00,114.2845,114.7405,113.7665,114.3945
2026-03-21 16:07:00,114.3365,114.7675,113.5405,113.6245
2026-03-21 16:08:00,113.6795,113.8135,112.8605,113.5895
2026-03-21 16:09:00,113.6455,114.3695,113.2185,114.2045
2026-03-21 16:10:00,114.1555,116.0305,113.9115,115.5865
2026-03-21 16:11:00,115.6625,115.7035,114.5815,114.9245
2026-03-21 16:12:00,114.9795,115.5255,113.9775,114.0385
2026-03-21 16:13:00,113.9865,114.0475,113.0745,113.4415
2026-03-21 16:14:00,113.3795,113.4815,111.8325,112.1325
2026-03-21 16:15:00,112.1895,113.3975,112.1895,113.0295
2026-03-21 16:16:00,112.9765,113.1995,111.1555,111.1555
2026-03-21 16:17:00,111.1015,111.5405,110.4835,111.1175
2026-03-21 16:18:00,111.1665,113.2635,111.1605,113.1365
2026-03-21 16:19:00,113.0745,115.0635,112.5975,114.2905
2026-03-21 16:20:00,114.2415,114.7345,113.8855,114.0245
2026-03-21 16:21:00,114.0855,114.1265,113.2935,113.9545
2026-03-21 16:22:00,114.0105,114.0255,112.7995,113.0215
2026-03-21 16:23:00,113.1365,113.1615,111.6875,112.5655
2026-03-21 16:24:00,112.6315,113.1875,112.3735,112.6495
2026-03-21 16:25:00,112.7035,114.4315,112.6385,114.2715
2026-03-21 16:26:00,114.3285,115.7025,113.8745,114.1655
2026-03-21 16:27:00,114.2235,114.5415,113.3485,113.3755
2026-03-21 16:28:00,113.3275,113.9505,113.0085,113.6135
2026-03-21 16:29:00,113.6765,113.9515,112.6375,112.9235
2026-03-21 16:30:00,112.8695,112.9275,112.0805,112.5455
2026-03-21 16:31:00,112.6045,112.8555,111.9365,112.0945
2026-03-21 16:32:00,112.0425,112.3645,111.5745,111.9715
2026-03-21 16:33:00,111.9175,112.2345,110.5455,110.8585
2026-03-21 16:34:00,110.9095,111.3505,109.7395,109.8275
2026-03-21 16:35:00,109.7795,110.1925,109.3555,109.6555
2026-03-21 16:36:00,109.6065,109.7815,108.6885,109.3305
2026-03-21 16:37:00,109.2725,110.0675,108.7285,108.8185
2026-03-21 16:38:00,108.8745,109.1135,107.8875,108.0145
2026-03-21 16:39:00,108.0655,109.0115,107.3935,108.6425
2026-03-21 16:40:00,108.6905,109.3505,108.4095,109.2025
2026-03-21 16:41:00,109.1435,110.0895,109.1085,109.6865
2026-03-21 16:42:00,109.7445,110.9295,109.3805,110.5325
2026-03-21 16:43:00,110.4855,110.7765,109.5095,110.6715
2026-03-21 16:44:00,110.7465,110.7465,109.3045,109.4115
2026-03-21 16:45:00,109.3605,110.7585,108.9195,110.0455
2026-03-21 16:46:00,110.0985,110.6305,109.0535,109.1005
2026-03-21 16:47:00,109.1565,109.6705,108.6205,109.4515
2026-03-21 16:48:00,109.4025,110.1555,109.0875,110.1555
2026-03-21 16:49:00,110.2065,110.4515,109.4055,110.2865
2026-03-21 16:50:00,110.3455,110.4655,108.9425,109.9685
2026-03-21 16:51:00,109.9085,110.3405,109.4215,109.9775
2026-03-21 16:52:00,109.9195,110.7575,109.5515,109.6765
2026-03-21 16:53:00,109.7225,110.7395,109.6115,110.6875
2026-03-21 16:54:00,110.7345,112.7955,110.6255,112.6795
2026-03-21 16:55:00,112.7335,114.0135,112.6265,113.7735
2026-03-21 16:56:00,113.7215,114.2735,112.9165,114.1895
2026-03-21 16:57:00,114.1285,114.8505,113.8145,114.5335
2026-03-21 16:58:00,114.5905,115.4945,114.2635,115.0915
2026-03-21 16:59:00,115.1445,116.1795,114.7445,115.8725
2026-03-21 17:00:00,115.8175,117.3045,115.7105,116.9745
2026-03-21 17:01:00,117.0325,118.6945,116.9715,118.5685
2026-03-21 17:02:00,118.5075,119.7845,118.1605,119.7185
2026-03-21 17:03:00,119.7805,120.5725,119.0755,119.2465
2026-03-21 17:04:00,119.1875,119.8665,118.8125,119.1935
2026-03-21 17:05:00,119.1425,119.4575,118.3805,119.3365
2026-03-21 17:06:00,119.2785,119.3585,118.4395,119.1935
2026-03-21 17:07:00,119.1285,119.5265,118.3795,118.4625
2026-03-21 17:08:00,118.4075,119.9335,118.4075,119.7565
2026-03-21 17:09:00,119.8115,120.3665,118.5765,119.5395
2026-03-21 17:10:00,119.4845,119.6145,117.2205,117.2875
2026-03-21 17:11:00,117.3445,118.2325,116.9735,118.1825
2026-03-21 17:12:00,118.2405,118.6125,117.6005,117.8295
2026-03-21 17:13:00,117.7705,117.9555,116.7975,117.7725
2026-03-21 17:14:00,117.7115,117.7285,116.5085,116.8375
2026-03-21 17:15:00,116.8905,118.1995,116.3435,117.6965
2026-03-21 17:16:00,117.7475,117.8085,116.1895,116.9995
2026-03-21 17:17:00,117.0615,117.7835,116.5985,117.7265
2026-03-21 17:18:00,117.6695,117.7335,115.3575,115.6445
2026-03-21 17:19:00,115.6965,115.7715,113.8475,114.0315
2026-03-21 17:20:00,114.0865,115.7485,113.9145,115.4755
2026-03-21 17:21:00,115.4135,115.6685,114.6835,115.1025
2026-03-21 17:22:00,115.1635,115.9265,115.0095,115.0855
2026-03-21 17:23:00,115.1465,117.1015,115.0875,116.7595
2026-03-21 17:24:00,116.6975,116.7535,115.8065,116.6935
2026-03-21 17:25:00,116.7495,117.2015,116.3495,116.4545
2026-03-21 17:26:00,116.5075,117.5805,116.4515,116.8765
2026-03-21 17:27:00,116.9375,117.1775,116.4375,116.8695
2026-03-21 17:28:00,117.0495,117.7625,116.7505,117.6415
2026-03-21 17:29:00,117.5805,117.9375,116.9915,117.4475
2026-03-21 17:30:00,117.3975,118.3905,116.9255,118.0805
2026-03-21 17:31:00,118.1445,118.1965,116.8305,117.6405
2026-03-21 17:32:00,117.6945,118.4155,117.2655,117.7725
2026-03-21 17:33:00,117.8275,118.0445,116.6255,116.8595
2026-03-21 17:34:00,116.8005,116.8005,115.7915,116.3895
2026-03-21 17:35:00,116.4895,116.5195,115.6295,115.7925
2026-03-21 17:36:00,115.7415,115.8545,113.0645,113.2085
2026-03-21 17:37:00,113.1475,114.1135,112.9535,113.4205
2026-03-21 17:38:00,113.3585,113.8105,113.0105,113.5405
2026-03-21 17:39:00,113.5995,114.2445,112.8895,114.2445
2026-03-21 17:40:00,114.2955,114.2955,112.6525,112.8175
2026-03-21 17:41:00,112.7655,113.1675,112.3155,112.9475
2026-03-21 17:42:00,112.8125,113.4415,111.9535,112.1275
2026-03-21 17:43:00,112.1835,113.5095,112.1265,112.1625
2026-03-21 17:44:00,112.0305,113.1855,112.0305,113.0585
2026-03-21 17:45:00,113.0055,113.5785,112.2605,113.0915
2026-03-21 17:46:00,113.0345,113.6465,112.8505,113.0375
2026-03-21 17:47:00,112.9865,113.6385,112.4705,113.0865
2026-03-21 17:48:00,113.0295,114.7985,112.7905,114.7455
2026-03-21 17:49:00,114.7975,116.0795,114.5765,116.0795
2026-03-21 17:50:00,116.1425,116.6305,115.3935,115.7635
2026-03-21 17:51:00,115.7095,117.3425,115.6195,117.0445
2026-03-21 17:52:00,117.1025,117.4585,115.4535,116.1625
2026-03-21 17:53:00,116.2265,118.5065,116.0945,117.9435
2026-03-21 17:54:00,118.1015,118.6975,117.5965,117.6785
2026-03-21 17:55:00,117.6205,117.7245,116.4715,116.5385
2026-03-21 17:56:00,116.4795,117.3985,115.5865,117.2825
2026-03-21 17:57:00,117.3325,117.7645,116.6845,117.5745
2026-03-21 17:58:00,117.6305,118.8245,117.5165,117.9375
2026-03-21 17:59:00,117.8725,118.4605,117.3515,117.7635
2026-03-21 18:00:00,117.7085,118.4425,116.6555,116.7195
2026-03-21 18:01:00,116.6645,118.6465,115.8525,118.5955
2026-03-21 18:02:00,118.6455,120.0535,118.5085,120.0535
2026-03-21 18:03:00,119.9885,120.6365,119.0255,119.3795
2026-03-21 18:04:00,119.3245,120.0095,118.7695,119.2445
2026-03-21 18:05:00,119.1855,119.2975,116.9205,117.5245
2026-03-21 18:06:00,117.4645,118.6965,117.2815,118.0245
2026-03-21 18:07:00,118.0795,119.6295,118.0795,119.6285
2026-03-21 18:08:00,119.6805,120.1875,118.9505,119.9205
2026-03-21 18:09:00,119.8585,120.5135,119.2025,119.2655
2026-03-21 18:10:00,119.3175,120.0745,119.1065,120.0685
2026-03-21 18:11:00,120.0025,120.0415,118.0645,118.0645
2026-03-21 18:12:00,118.2345,118.7315,117.8135,117.8545
2026-03-21 18:13:00,117.9115,118.3985,116.2565,116.2565
2026-03-21 18:14:00,116.1955,116.7415,115.6325,116.3155
2026-03-21 18:15:00,116.3665,116.4725,114.6105,115.0945
2026-03-21 18:16:00,115.0355,116.0915,114.6875,115.0255
2026-03-21 18:17:00,115.0875,115.5735,114.5235,114.5235
2026-03-21 18:18:00,114.5825,114.6085,112.7895,113.5055
2026-03-21 18:19:00,113.5645,114.5175,113.4115,113.9685
2026-03-21 18:20:00,114.0195,114.9515,113.8485,114.6265
2026-03-21 18:21:00,114.5645,116.2815,114.4395,116.2305
2026-03-21 18:22:00,116.2845,116.9035,115.7165,115.7165
2026-03-21 18:23:00,115.7685,116.7155,115.5245,116.5365
2026-03-21 18:24:00,116.6015,117.0375,115.8675,116.8275
2026-03-21 18:25:00,116.8865,118.7415,116.7935,118.6805
2026-03-21 18:26:00,118.6165,118.9935,118.3535,118.6285
2026-03-21 18:27:00,118.6885,119.0735,117.6875,117.6875
2026-03-21 18:28:00,117.7465,117.9685,116.5545,117.0435
2026-03-21 18:29:00,117.0955,117.8875,116.1675,117.4415
2026-03-21 18:30:00,117.3905,118.2835,117.2675,118.2055
2026-03-21 18:31:00,118.1455,119.6055,117.7725,119.2105
2026-03-21 18:32:00,119.1525,119.5005,118.6575,118.9235
2026-03-21 18:33:00,118.9865,120.0375,118.9595,120.0375
2026-03-21 18:34:00,120.0955,120.3535,118.5705,118.7655
2026-03-21 18:35:00,118.7095,120.5115,118.7095,120.5115
2026-03-21 18:36:00,120.4215,120.6565,119.1365,119.5965
2026-03-21 18:37:00,119.5395,120.1405,119.1975,119.3445
2026-03-21 18:38:00,119.4025,120.2205,118.5475,120.1945
2026-03-21 18:39:00,120.2605,120.7485,119.8365,120.7485
2026-03-21 18:40:00,120.6965,121.6095,120.4715,120.5905
2026-03-21 18:41:00,120.5305,121.5605,120.4785,121.0165
2026-03-21 18:42:00,121.0815,121.2145,120.1985,120.7355
2026-03-21 18:43:00,120.7955,121.3475,119.7175,120.2615
2026-03-21 18:44:00,120.1975,120.5735,119.0045,119.1335
2026-03-21 18:45:00,119.0685,120.5215,119.0685,120.5095
2026-03-21 18:46:00,120.5625,121.3405,120.3295,121.1685
2026-03-21 18:47:00,121.2355,122.7685,121.0065,122.7685
2026-03-21 18:48:00,122.7085,123.9945,122.3865,123.9945
2026-03-21 18:49:00,124.0575,125.1405,123.9165,124.5985
2026-03-21 18:50:00,124.5455,124.9365,122.0625,122.2575
2026-03-21 18:51:00,122.3785,124.0485,122.1345,123.3145
2026-03-21 18:52:00,123.2565,123.5565,122.7135,123.2315
2026-03-21 18:53:00,123.1735,124.4215,122.7315,124.1415
2026-03-21 18:54:00,124.0765,125.3195,123.9565,125.0175
2026-03-21 18:55:00,124.9615,125.3265,123.3045,123.3715
2026-03-21 18:56:00,123.4395,123.6855,122.3955,123.5595
2026-03-21 18:57:00,123.6235,124.0055,122.7495,123.2155
2026-03-21 18:58:00,123.2765,123.7975,122.7915,123.3405
2026-03-21 18:59:00,123.3965,124.5675,122.6505,124.0035
2026-03-21 19:00:00,124.0685,124.0685,122.1325,123.1205
2026-03-21 19:01:00,123.1855,124.1505,122.8105,123.6835
2026-03-21 19:02:00,123.7465,125.6245,123.6615,124.9575
2026-03-21 19:03:00,125.0205,126.6195,124.8685,126.0975
2026-03-21 19:04:00,126.0335,126.8235,125.2175,126.7735
2026-03-21 19:05:00,126.8325,126.9475,126.2365,126.7115
2026-03-21 19:06:00,126.7755,127.7775,126.0705,127.4895
2026-03-21 19:07:00,127.4335,128.5215,127.3575,127.8935
2026-03-21 19:08:00,127.8275,127.8295,126.5645,126.8785
2026-03-21 19:09:00,126.8135,128.3695,126.2995,128.3415
2026-03-21 19:10:00,128.4005,129.3845,127.9875,129.1025
2026-03-21 19:11:00,129.1565,131.1205,128.8165,131.0785
2026-03-21 19:12:00,131.1335,131.7585,130.7485,131.7405
2026-03-21 19:13:00,131.8055,132.3455,131.3315,132.0885
2026-03-21 19:14:00,132.0295,132.5655,130.8895,131.6005
2026-03-21 19:15:00,131.5345,131.6385,130.3985,131.1605
2026-03-21 19:16:00,131.2255,132.2595,131.1505,131.8035
2026-03-21 19:17:00,131.7405,132.2115,131.2335,131.6755
2026-03-21 19:18:00,131.7315,133.8405,130.6985,133.7235
2026-03-21 19:19:00,133.7845,136.0625,133.7595,136.0025
2026-03-21 19:20:00,135.9295,135.9895,134.1175,134.8735
2026-03-21 19:21:00,134.7985,136.7865,134.4535,136.1395
2026-03-21 19:22:00,136.2075,136.2075,133.9995,134.2045
2026-03-21 19:23:00,134.2655,134.5285,131.7875,131.9145
2026-03-21 19:24:00,131.9745,134.2045,131.9615,134.2045
2026-03-21 19:25:00,134.2705,134.6115,132.7585,134.5855
2026-03-21 19:26:00,134.5205,135.5185,134.1585,135.4025
2026-03-21 19:27:00,135.3275,135.8015,134.4615,134.7115
2026-03-21 19:28:00,134.6385,136.8385,134.6385,136.1595
2026-03-21 19:29:00,136.0885,137.4715,135.5435,137.2645
2026-03-21 19:30:00,137.1955,137.3485,135.6415,136.2865
2026-03-21 19:31:00,136.2185,136.3535,134.3165,135.0215
2026-03-21 19:32:00,135.0925,135.0925,133.2965,133.3535
2026-03-21 19:33:00,133.2945,133.4265,132.0385,132.7245
2026-03-21 19:34:00,132.7815,133.9915,132.2925,133.7185
2026-03-21 19:35:00,133.6465,133.6465,131.5925,132.5485
2026-03-21 19:36:00,132.4805,132.8245,131.7245,132.2155
2026-03-21 19:37:00,132.2725,133.5015,132.0765,132.3755
2026-03-21 19:38:00,132.4935,132.9405,130.4105,130.6015
2026-03-21 19:39:00,130.6665,131.1565,130.1365,130.3425
2026-03-21 19:40:00,130.2775,130.6155,129.0595,129.8525
2026-03-21 19:41:00,129.9155,131.9305,129.9155,131.1095
2026-03-21 19:42:00,131.0395,132.6745,130.9345,131.7665
2026-03-21 19:43:00,131.6945,132.7985,131.5475,132.4735
2026-03-21 19:44:00,132.4165,133.8485,132.3465,133.7395
2026-03-21 19:45:00,133.8035,133.9485,132.8335,133.8095
2026-03-21 19:46:00,133.7465,135.2665,133.7465,135.0165
2026-03-21 19:47:00,135.0885,136.1475,134.9245,135.6055
2026-03-21 19:48:00,135.5355,135.9095,134.2285,135.9095
2026-03-21 19:49:00,135.9745,137.5405,135.2875,137.5405
2026-03-21 19:50:00,137.4675,137.7125,135.5265,135.7185
2026-03-21 19:51:00,135.7795,135.8405,134.5715,135.3185
2026-03-21 19:52:00,135.2585,136.3545,134.2835,134.6295
2026-03-21 19:53:00,134.8225,135.5845,134.4425,135.3575
2026-03-21 19:54:00,135.2905,135.5425,133.7575,134.2345
2026-03-21 19:55:00,134.1635,134.2295,132.5285,132.9105
2026-03-21 19:56:00,133.1165,135.6925,133.0585,134.2175
2026-03-21 19:57:00,134.2875,134.8545,133.6785,134.5965
2026-03-21 19:58:00,134.6715,137.4695,134.3655,136.8875
2026-03-21 19:59:00,136.8195,137.6025,135.9205,135.9845
2026-03-21 20:00:00,135.9135,136.2915,134.5335,134.6145
2026-03-21 20:01:00,134.4045,134.6815,133.0485,134.3805
2026-03-21 20:02:00,134.4435,135.6695,134.0635,134.4125
2026-03-21 20:03:00,134.5815,135.9655,134.4565,135.6185
2026-03-21 20:04:00,135.5595,135.7035,132.4775,132.4775
2026-03-21 20:05:00,132.4145,132.4145,131.3135,131.4425
2026-03-21 20:06:00,131.3845,131.5135,129.0345,129.2965
2026-03-21 20:07:00,129.3675,130.0355,129.1575,129.3655
2026-03-21 20:08:00,129.3085,130.1815,128.9525,129.1365
2026-03-21 20:09:00,129.2075,130.5585,128.8435,129.1175
2026-03-21 20:10:00,129.1775,129.8745,128.5615,129.5275
2026-03-21 20:11:00,129.4715,129.4715,128.3515,128.5125
2026-03-21 20:12:00,128.4495,128.9245,127.2055,127.2055
2026-03-21 20:13:00,127.1405,127.2715,125.5795,125.6305
2026-03-21 20:14:00,125.6975,125.9075,124.3725,125.5745
2026-03-21 20:15:00,125.6395,126.6855,125.4275,126.5695
2026-03-21 20:16:00,126.4875,128.2285,126.1085,127.1445
2026-03-21 20:17:00,127.0895,127.4765,125.5415,127.3005
2026-03-21 20:18:00,127.2345,128.0895,127.1805,127.5895
2026-03-21 20:19:00,127.5255,127.7925,126.9275,127.0705
2026-03-21 20:20:00,127.0025,127.2875,125.7595,125.7595
2026-03-21 20:21:00,125.8195,126.9295,125.8195,126.0465
2026-03-21 20:22:00,126.1075,128.4905,126.0385,128.2545
2026-03-21 20:23:00,128.1895,129.1955,127.6395,129.0075
2026-03-21 20:24:00,128.9375,129.2645,127.4605,127.8325
2026-03-21 20:25:00,127.7635,128.8765,127.4935,128.4155
2026-03-21 20:26:00,128.3465,130.7415,127.9825,130.4855
2026-03-21 20:27:00,130.5505,130.6775,129.4975,129.5585
2026-03-21 20:28:00,129.4985,130.9655,129.4985,130.0765
2026-03-21 20:29:00,130.1335,131.2765,130.1335,130.6765
2026-03-21 20:30:00,130.7445,132.0295,130.4155,130.8925
2026-03-21 20:31:00,130.9635,131.6065,130.5705,131.3825
2026-03-21 20:32:00,131.4505,131.9215,130.9275,131.7235
2026-03-21 20:33:00,131.7875,132.0635,129.6405,130.3905
2026-03-21 20:34:00,130.2465,131.1735,129.8215,129.9525
2026-03-21 20:35:00,129.8885,131.9715,129.3925,131.4585
2026-03-21 20:36:00,131.5285,132.6775,131.2615,132.3795
2026-03-21 20:37:00,132.4385,133.0195,131.9895,132.2455
2026-03-21 20:38:00,132.3075,132.7145,131.4625,131.5795
2026-03-21 20:39:00,131.5165,131.6495,130.4565,130.5165
2026-03-21 20:40:00,130.5785,131.0665,129.7185,129.9285
2026-03-21 20:41:00,129.9885,130.9505,129.4625,130.8835
2026-03-21 20:42:00,130.9525,131.7705,129.8695,129.8815
2026-03-21 20:43:00,129.9405,130.6875,129.5055,130.6875
2026-03-21 20:44:00,130.7525,131.3355,130.5225,130.8555
2026-03-21 20:45:00,130.7915,132.5195,130.5035,131.8815
2026-03-21 20:46:00,131.9505,131.9535,130.1785,130.4645
2026-03-21 20:47:00,130.2815,130.9465,129.2965,129.4285
2026-03-21 20:48:00,129.3665,130.5325,129.2765,130.2285
2026-03-21 20:49:00,130.1585,130.7645,129.2625,130.5485
2026-03-21 20:50:00,130.6195,130.8385,129.6795,130.2045
2026-03-21 20:51:00,130.2635,131.0795,129.7845,130.0415
2026-03-21 20:52:00,130.1015,130.8315,129.7555,129.9355
2026-03-21 20:53:00,129.9925,130.6575,129.2755,130.2445
2026-03-21 20:54:00,130.3145,132.5835,129.8355,132.5835
2026-03-21 20:55:00,132.5195,132.7345,131.5365,131.5365
2026-03-21 20:56:00,131.4735,131.7915,130.1825,130.1995
2026-03-21 20:57:00,130.2555,130.5455,129.3295,129.8955
2026-03-21 20:58:00,129.8365,130.2925,128.4915,128.6865
2026-03-21 20:59:00,128.7445,128.8255,127.0905,127.2075
2026-03-21 21:00:00,127.1465,127.3055,126.0545,126.2535
2026-03-21 21:01:00,126.3225,126.5875,124.3785,124.4965
2026-03-21 21:02:00,124.4295,124.4295,122.7655,122.9095
2026-03-21 21:03:00,122.9715,124.4415,122.8935,123.3875
2026-03-21 21:04:00,123.4515,123.7585,122.6385,122.9415
2026-03-21 21:05:00,122.8805,123.1795,121.8285,122.3745
2026-03-21 21:06:00,122.3125,122.3215,121.0465,122.1615
2026-03-21 21:07:00,122.1085,123.7965,121.9345,123.4135
2026-03-21 21:08:00,123.4665,125.1975,123.3335,124.4205
2026-03-21 21:09:00,124.3545,125.5295,124.3545,124.6925
2026-03-21 21:10:00,124.6215,125.4775,124.5075,125.1645
2026-03-21 21:11:00,125.2175,125.5625,124.5635,124.8935
2026-03-21 21:12:00,124.9545,125.8115,124.4325,125.5245
2026-03-21 21:13:00,125.5835,126.3345,124.6465,126.1415
2026-03-21 21:14:00,126.2035,126.2035,124.5685,125.6975
2026-03-21 21:15:00,125.7575,125.7575,123.7915,124.2665
2026-03-21 21:16:00,124.2035,126.1145,124.1075,126.0605
2026-03-21 21:17:00,126.1305,126.5935,125.5035,125.5635
2026-03-21 21:18:00,125.5005,126.7515,125.3775,126.7335
2026-03-21 21:19:00,126.6665,127.7685,126.5345,127.4765
2026-03-21 21:20:00,127.4135,128.2905,126.9745,126.9745
2026-03-21 21:21:00,127.0345,128.4365,126.6245,128.3795
2026-03-21 21:22:00,128.4445,128.5045,127.3935,128.2985
2026-03-21 21:23:00,128.3585,128.5025,127.3605,127.3605
2026-03-21 21:24:00,127.2985,128.1205,126.9515,127.9885
2026-03-21 21:25:00,127.9245,128.5425,126.6355,128.4055
2026-03-21 21:26:00,128.3355,130.0295,127.9485,129.9525
2026-03-21 21:27:00,130.0115,131.1665,129.6045,130.9085
2026-03-21 21:28:00,130.9645,131.9845,130.7005,131.3525
2026-03-21 21:29:00,131.2815,131.6285,130.4565,130.8915
2026-03-21 21:30:00,130.9515,131.5745,129.7445,129.7445
2026-03-21 21:31:00,129.8985,130.0225,128.9095,129.2185
2026-03-21 21:32:00,129.1555,131.3825,129.1005,129.4565
2026-03-21 21:33:00,129.2735,129.8505,128.9755,129.3895
2026-03-21 21:34:00,129.4565,130.9745,129.2525,130.9745
2026-03-21 21:35:00,131.0335,132.2525,130.6255,131.9445
2026-03-21 21:36:00,132.0135,132.6615,131.2055,131.2055
2026-03-21 21:37:00,131.2785,131.2785,129.4435,129.7775
2026-03-21 21:38:00,129.7225,131.9565,129.5695,131.5105
2026-03-21 21:39:00,131.5775,132.5795,131.2415,131.2415
2026-03-21 21:40:00,131.2985,131.5165,130.2795,130.8755
2026-03-21 21:41:00,130.9355,131.3445,129.9935,131.1745
2026-03-21 21:42:00,131.2335,131.2335,129.0395,129.3005
2026-03-21 21:43:00,129.2345,129.7585,128.9855,129.4395
2026-03-21 21:44:00,129.3785,129.7495,128.3385,128.8285
2026-03-21 21:45:00,128.8925,129.8945,127.9915,128.0895
2026-03-21 21:46:00,128.0255,129.2545,127.8545,128.9735
2026-03-21 21:47:00,129.0445,129.7345,127.2065,127.6645
2026-03-21 21:48:00,127.7185,130.0035,127.6455,129.2105
2026-03-21 21:49:00,129.2665,130.9445,129.2095,130.8675
2026-03-21 21:50:00,130.9325,130.9975,129.6715,129.6715
2026-03-21 21:51:00,129.6045,130.9525,129.6045,130.8935
2026-03-21 21:52:00,130.9565,131.4845,130.3895,130.6835
2026-03-21 21:53:00,130.7425,131.3725,130.2635,130.5795
2026-03-21 21:54:00,130.6345,132.1475,130.5555,131.8255
2026-03-21 21:55:00,131.8845,132.2365,131.0515,131.3375
2026-03-21 21:56:00,131.2745,132.6055,131.0815,132.6055
2026-03-21 21:57:00,132.5465,132.8055,131.0265,131.3695
2026-03-21 21:58:00,131.2975,131.2975,130.2175,131.1015
2026-03-21 21:59:00,131.1625,131.7925,130.5815,131.0565
2026-03-21 22:00:00,130.9865,134.3155,130.9865,134.2735
2026-03-21 22:01:00,134.2055,134.7995,132.6765,132.6765
2026-03-21 22:02:00,132.7335,132.8915,131.0885,131.0915
2026-03-21 22:03:00,131.1535,133.0805,131.1535,132.4575
2026-03-21 22:04:00,132.5205,134.7765,132.5205,134.3265
2026-03-21 22:05:00,134.3985,134.4755,132.9265,133.7625
2026-03-21 22:06:00,133.6935,135.2025,133.6935,134.6205
2026-03-21 22:07:00,134.6925,136.1225,134.3915,135.5305
2026-03-21 22:08:00,135.4635,136.8235,134.9885,136.5375
2026-03-21 22:09:00,136.6115,137.5265,136.0495,137.0655
2026-03-21 22:10:00,137.0065,138.8865,136.8745,138.7905
2026-03-21 22:11:00,138.8515,139.7105,138.0375,138.0375
2026-03-21 22:12:00,138.1005,138.4105,137.0075,137.4655
2026-03-21 22:13:00,137.5315,137.6745,136.7745,137.1845
2026-03-21 22:14:00,137.2535,138.7135,136.6325,138.2635
2026-03-21 22:15:00,138.3335,138.8655,136.0575,137.3715
2026-03-21 22:16:00,137.4425,138.8735,137.4425,138.1445
2026-03-21 22:17:00,138.0835,138.5165,136.5675,136.6525
2026-03-21 22:18:00,136.7245,137.7145,135.9785,137.5815
2026-03-21 22:19:00,137.5195,139.1245,137.3355,138.8595
2026-03-21 22:20:00,138.9225,139.1445,138.0305,138.7245
2026-03-21 22:21:00,138.7965,139.4755,137.9075,137.9075
2026-03-21 22:22:00,137.9755,138.6115,136.4315,136.7285
2026-03-21 22:23:00,136.7885,137.4925,134.8185,135.0395
2026-03-21 22:24:00,135.1105,136.6405,134.8555,136.5635
2026-03-21 22:25:00,136.6385,137.6375,135.7515,137.4715
2026-03-21 22:26:00,137.5435,138.0585,136.9805,137.6815
2026-03-21 22:27:00,137.6105,139.3605,137.6105,138.7745
2026-03-21 22:28:00,138.7055,140.5465,138.6195,140.2345
2026-03-21 22:29:00,140.1655,140.5325,139.1655,139.8775
2026-03-21 22:30:00,139.9405,141.2995,139.8845,140.8875
2026-03-21 22:31:00,140.8175,142.0595,140.2245,141.8575
2026-03-21 22:32:00,141.7915,143.0245,141.4465,142.8845
2026-03-21 22:33:00,142.9615,143.2615,142.4365,142.9085
2026-03-21 22:34:00,142.9775,145.1975,142.5845,144.6735
2026-03-21 22:35:00,144.5955,145.7055,144.5295,144.5535
2026-03-21 22:36:00,144.4885,146.9495,144.2665,146.5795
2026-03-21 22:37:00,146.6555,147.7145,145.8695,146.3375
2026-03-21 22:38:00,146.4125,147.7955,145.6085,145.7115
2026-03-21 22:39:00,145.6445,146.8615,145.5925,146.7955
2026-03-21 22:40:00,146.8845,148.5475,146.8795,148.4805
2026-03-21 22:41:00,148.5555,148.6335,146.9785,147.1545
2026-03-21 22:42:00,147.2305,148.3665,147.0255,147.4735
2026-03-21 22:43:00,147.5545,148.8735,146.5355,146.6185
2026-03-21 22:44:00,146.6835,148.5295,146.6125,146.9805
2026-03-21 22:45:00,146.9095,147.0555,144.8065,146.9935
2026-03-21 22:46:00,147.0705,147.7445,146.4545,147.6135
2026-03-21 22:47:00,147.6845,148.6505,147.1315,147.1365
2026-03-21 22:48:00,147.0635,147.7185,145.9935,147.6415
2026-03-21 22:49:00,147.5665,148.2415,146.8355,148.1425
2026-03-21 22:50:00,148.0695,149.5195,147.9025,149.0875
2026-03-21 22:51:00,149.1665,149.4635,147.5275,148.0295
2026-03-21 22:52:00,148.0985,149.5845,147.7655,148.6815
2026-03-21 22:53:00,148.7565,149.2395,148.0005,148.6485
2026-03-21 22:54:00,148.7195,150.5425,148.6315,149.8405
2026-03-21 22:55:00,149.9215,150.4545,149.2505,149.4955
2026-03-21 22:56:00,149.5595,150.5725,149.0295,149.1505
2026-03-21 22:57:00,149.2225,149.9665,148.2705,148.2785
2026-03-21 22:58:00,148.3525,148.8515,145.8065,146.2205
2026-03-21 22:59:00,146.2855,146.7325,145.2865,146.4335
2026-03-21 23:00:00,146.5105,147.0145,144.6695,144.6695
2026-03-21 23:01:00,144.7305,145.0715,142.6605,142.8635
2026-03-21 23:02:00,142.8005,143.6785,142.4875,143.3285
2026-03-21 23:03:00,143.2535,144.3575,142.5475,144.0115
2026-03-21 23:04:00,143.9475,145.4995,143.6325,144.6975
2026-03-21 23:05:00,144.6285,145.8915,144.2545,145.6465
2026-03-21 23:06:00,145.5045,145.8355,144.5635,145.0425
2026-03-21 23:07:00,144.9795,145.5865,144.6035,144.8775
2026-03-21 23:08:00,144.9555,145.7865,143.7685,143.7785
2026-03-21 23:09:00,143.8515,145.6425,143.1345,145.2855
2026-03-21 23:10:00,145.2145,145.8855,143.7265,143.7265
2026-03-21 23:11:00,143.8025,144.7435,143.4725,144.5975
2026-03-21 23:12:00,144.5275,145.1645,143.1955,143.5235
2026-03-21 23:13:00,143.4615,144.3235,143.0195,143.6585
2026-03-21 23:14:00,143.7325,145.0025,142.8375,145.0025
2026-03-21 23:15:00,145.0805,145.8005,143.8795,144.0185
2026-03-21 23:16:00,143.8935,145.2045,143.6725,145.0725
2026-03-21 23:17:00,145.1415,146.0725,144.6745,145.9535
2026-03-21 23:18:00,145.8795,146.1715,144.0275,145.4825
2026-03-21 23:19:00,145.4105,146.3325,144.6545,144.9515
2026-03-21 23:20:00,145.0195,146.0035,144.6385,144.8395
2026-03-21 23:21:00,144.9145,146.0625,144.7705,145.9355
2026-03-21 23:22:00,145.9995,146.5985,145.0495,145.7395
2026-03-21 23:23:00,145.8135,147.2935,145.6655,145.9185
2026-03-21 23:24:00,145.8565,145.9595,143.3105,143.4215
2026-03-21 23:25:00,143.3445,143.8935,141.5545,143.6095
2026-03-21 23:26:00,143.6795,144.5565,143.0335,144.5565
2026-03-21 23:27:00,144.6315,145.2925,143.8115,145.2285
2026-03-21 23:28:00,145.2975,146.7685,144.7835,146.5855
2026-03-21 23:29:00,146.6615,147.4325,146.1095,147.0715
2026-03-21 23:30:00,146.9935,147.2165,145.5335,145.5505
2026-03-21 23:31:00,145.4885,145.9325,144.7265,145.4575
2026-03-21 23:32:00,145.5245,146.7575,144.9295,145.2045
2026-03-21 23:33:00,145.2815,145.4325,143.4795,143.4795
2026-03-21 23:34:00,143.5975,143.5975,141.8525,142.4355
2026-03-21 23:35:00,142.3245,144.0965,142.1235,143.9075
2026-03-21 23:36:00,143.8305,144.5285,142.4565,142.6815
2026-03-21 23:37:00,142.6095,143.6045,141.8135,143.2595
2026-03-21 23:38:00,143.1835,144.0775,142.7335,143.8585
2026-03-21 23:39:00,144.0835,144.3775,142.1545,142.4085
2026-03-21 23:40:00,142.3305,144.3695,142.1125,144.2865
2026-03-21 23:41:00,144.3615,144.9915,143.7255,144.2505
2026-03-21 23:42:00,144.3225,147.3765,144.3225,147.1695
2026-03-21 23:43:00,147.2445,147.8295,146.3425,146.7655
2026-03-21 23:44:00,146.7015,148.0475,146.6365,147.9135
2026-03-21 23:45:00,147.9815,149.9695,147.9815,148.9855
2026-03-21 23:46:00,149.0605,149.7945,147.4025,147.5505
2026-03-21 23:47:00,147.4875,149.3775,147.4235,148.9145
2026-03-21 23:48:00,148.9865,149.6975,148.2645,148.4165
2026-03-21 23:49:00,148.3515,149.8305,147.8915,149.8305
2026-03-21 23:50:00,149.7675,149.9305,147.6825,148.1355
2026-03-21 23:51:00,148.0725,148.5565,147.2165,148.4455
2026-03-21 23:52:00,148.5225,149.0525,145.9185,146.4855
2026-03-21 23:53:00,146.5605,146.7805,145.4825,145.4825
2026-03-21 23:54:00,145.4105,146.2005,144.8085,145.8705
2026-03-21 23:55:00,145.7405,146.4545,144.9835,146.4405
2026-03-21 23:56:00,146.3745,146.8815,144.6045,145.4575
2026-03-21 23:57:00,145.3775,146.8585,145.1525,146.4185
2026-03-21 23:58:00,146.3375,146.6095,145.7095,145.9295
2026-03-21 23:59:00,145.9915,147.3265,145.5255,147.0105
2026-03-22 00:00:00,146.9425,148.1015,146.7455,147.7755
2026-03-22 00:01:00,147.8385,149.0965,147.4565,148.9215
2026-03-22 00:02:00,148.9965,150.2505,147.8165,149.7085
2026-03-22 00:03:00,149.7765,150.1225,148.7325,149.1725
2026-03-22 00:04:00,149.0995,150.4145,148.9465,150.1925
2026-03-22 00:05:00,149.9845,150.6075,148.8015,149.1365
2026-03-22 00:06:00,149.0675,150.1325,147.4695,147.8435
2026-03-22 00:07:00,147.7625,148.3895,147.0155,148.1405
2026-03-22 00:08:00,148.2045,148.4425,146.9405,148.0545
2026-03-22 00:09:00,147.9875,148.6125,147.4365,147.7955
2026-03-22 00:10:00,147.8735,148.1915,145.8775,145.8775
2026-03-22 00:11:00,145.9425,146.0125,142.6935,142.8255
2026-03-22 00:12:00,142.8935,143.3335,141.5705,141.7215
2026-03-22 00:13:00,141.7955,142.1475,139.3555,139.4945
2026-03-22 00:14:00,139.4195,140.9895,138.8285,140.9165
2026-03-22 00:15:00,140.8515,141.9035,140.1745,141.7045
2026-03-22 00:16:00,141.6415,141.6415,139.6795,139.9055
2026-03-22 00:17:00,139.9705,140.4695,139.5985,140.2495
2026-03-22 00:18:00,140.3185,141.6435,139.8905,141.4735
2026-03-22 00:19:00,141.5445,143.3435,141.4815,142.5295
2026-03-22 00:20:00,142.4565,143.1865,141.9505,142.2525
2026-03-22 00:21:00,142.1755,143.5135,141.3875,141.8465
2026-03-22 00:22:00,141.9235,142.5275,141.0095,141.6915
2026-03-22 00:23:00,141.6315,141.7825,140.5035,141.0515
2026-03-22 00:24:00,141.1265,144.6175,141.1265,143.7835
2026-03-22 00:25:00,143.8545,144.2075,143.3935,143.8505
2026-03-22 00:26:00,143.9215,145.9175,143.0935,145.5905
2026-03-22 00:27:00,145.6675,147.4515,145.4805,147.1535
2026-03-22 00:28:00,147.0085,147.3775,146.1965,147.1225
2026-03-22 00:29:00,147.0505,149.1975,146.3515,149.0535
2026-03-22 00:30:00,149.1285,150.9955,148.6295,150.4085
2026-03-22 00:31:00,150.4775,150.6905,148.7685,149.8365
2026-03-22 00:32:00,149.7715,150.0335,148.6335,148.7485
2026-03-22 00:33:00,148.8195,151.8295,148.6545,151.6045
2026-03-22 00:34:00,151.6875,152.3445,150.8545,152.3445
2026-03-22 00:35:00,152.4245,153.2925,151.9955,152.0755
2026-03-22 00:36:00,151.9945,154.2375,151.9155,154.0115
2026-03-22 00:37:00,154.0905,154.9035,153.6185,154.1235
2026-03-22 00:38:00,154.2055,154.6745,151.5535,152.2555
2026-03-22 00:39:00,152.1435,153.2985,151.8255,153.2305
2026-03-22 00:40:00,153.1555,153.8135,152.3425,153.4785
2026-03-22 00:41:00,153.4015,154.5375,152.9845,153.5505
2026-03-22 00:42:00,153.4685,154.5565,153.1245,154.1815
2026-03-22 00:43:00,154.2605,155.4905,154.1825,155.3425
2026-03-22 00:44:00,155.2585,156.4265,155.2585,155.5105
2026-03-22 00:45:00,155.4265,155.9605,153.7535,155.8025
2026-03-22 00:46:00,155.8885,156.9365,155.5755,156.5125
2026-03-22 00:47:00,156.5945,158.2365,155.7725,158.1555
2026-03-22 00:48:00,158.0745,159.2435,157.8115,159.2435
2026-03-22 00:49:00,159.3225,159.8475,158.6925,158.9285
2026-03-22 00:50:00,158.8575,160.4065,158.2855,159.9025
2026-03-22 00:51:00,159.9845,162.3815,159.9845,161.6725
2026-03-22 00:52:00,161.8005,163.4865,160.7305,163.4835
2026-03-22 00:53:00,163.5655,164.0605,162.2665,162.3365
2026-03-22 00:54:00,162.1125,162.1285,160.1085,160.2605
2026-03-22 00:55:00,160.3475,161.4775,160.1385,160.3715
2026-03-22 00:56:00,160.2845,161.4775,160.2345,160.8495
2026-03-22 00:57:00,160.7775,163.1475,160.2385,161.4545
2026-03-22 00:58:00,161.3705,163.3045,160.9445,162.5335
2026-03-22 00:59:00,162.4445,162.9415,161.9725,162.4515
2026-03-22 01:00:00,162.5375,163.1025,161.4935,161.6455
2026-03-22 01:01:00,161.7195,162.7155,160.7075,161.2695
2026-03-22 01:02:00,161.3535,161.5065,157.6745,157.8785
2026-03-22 01:03:00,157.9655,159.4775,157.4545,157.6465
2026-03-22 01:04:00,157.7265,158.7725,156.9725,158.0535
2026-03-22 01:05:00,157.9655,158.4585,157.1365,158.3075
2026-03-22 01:06:00,158.3805,160.4265,158.3185,159.6005
2026-03-22 01:07:00,159.5325,160.7015,159.2605,159.6765
2026-03-22 01:08:00,159.7505,160.8375,159.7505,160.8005
2026-03-22 01:09:00,160.7255,161.3145,160.1605,161.2585
2026-03-22 01:10:00,161.1815,161.1815,159.8615,159.8825
2026-03-22 01:11:00,159.9575,162.5125,159.7325,162.4425
2026-03-22 01:12:00,162.5195,163.5395,161.4765,162.1665
2026-03-22 01:13:00,162.0775,162.6885,161.0295,162.6065
2026-03-22 01:14:00,162.6945,166.0675,162.6945,165.9225
2026-03-22 01:15:00,165.8355,167.8645,165.6545,167.7885
2026-03-22 01:16:00,167.8745,169.2285,167.0395,169.2285
2026-03-22 01:17:00,169.4805,171.2945,169.2425,169.4855
2026-03-22 01:18:00,169.4105,169.5025,167.9425,168.5505
2026-03-22 01:19:00,168.4625,168.6355,166.7655,167.5495
2026-03-22 01:20:00,167.4735,168.8945,166.9545,168.8105
2026-03-22 01:21:00,168.7385,171.2025,168.7385,171.0795
2026-03-22 01:22:00,171.0075,171.5405,169.8725,170.7885
2026-03-22 01:23:00,170.9635,171.7615,169.7905,171.5855
2026-03-22 01:24:00,171.5085,171.5085,169.7365,170.4115
2026-03-22 01:25:00,170.3175,170.4905,168.5585,169.0275
2026-03-22 01:26:00,169.1175,169.3675,168.0435,168.5595
2026-03-22 01:27:00,168.6495,170.2035,168.1605,169.5735
2026-03-22 01:28:00,169.4905,169.5725,168.3775,168.7315
2026-03-22 01:29:00,168.6275,169.3785,168.0725,168.5235
2026-03-22 01:30:00,168.4505,168.8585,166.6475,167.0615
2026-03-22 01:31:00,167.1355,167.1355,164.6925,165.4755
2026-03-22 01:32:00,165.5645,166.6505,164.4805,164.7805
2026-03-22 01:33:00,164.8725,166.6045,163.9685,166.3395
2026-03-22 01:34:00,166.4185,167.7855,165.4165,166.0635
2026-03-22 01:35:00,166.1755,167.6045,165.6665,167.2195
2026-03-22 01:36:00,167.2965,172.0095,167.2365,170.7405
2026-03-22 01:37:00,170.8175,171.4985,170.2565,171.3525
2026-03-22 01:38:00,171.4285,173.8395,171.3915,173.6795
2026-03-22 01:39:00,173.5845,173.6815,171.2995,172.0575
2026-03-22 01:40:00,172.1335,172.9385,171.2445,172.1075
2026-03-22 01:41:00,172.0295,172.1175,170.5535,171.3235
2026-03-22 01:42:00,171.3985,172.6555,171.2345,171.7435
2026-03-22 01:43:00,171.6695,172.3015,170.2535,172.0995
2026-03-22 01:44:00,172.0045,173.6545,170.6105,173.5595
2026-03-22 01:45:00,173.6465,174.5045,172.8965,174.2865
2026-03-22 01:46:00,174.2095,174.3795,173.1205,173.9335
2026-03-22 01:47:00,173.8515,175.4735,173.0765,175.3495
2026-03-22 01:48:00,175.4375,177.3105,174.6205,175.4375
2026-03-22 01:49:00,175.5255,176.0865,173.8705,174.3145
2026-03-22 01:50:00,174.4075,174.4925,172.7125,172.7125
2026-03-22 01:51:00,172.7995,175.3755,171.6475,175.0355
2026-03-22 01:52:00,174.9615,176.9105,174.8575,175.5345
2026-03-22 01:53:00,175.4585,175.9925,173.2005,173.5195
2026-03-22 01:54:00,173.6095,175.2175,173.1695,174.1025
2026-03-22 01:55:00,174.1815,175.2175,173.6945,174.8705
2026-03-22 01:56:00,174.7855,175.8415,174.6825,175.2435
2026-03-22 01:57:00,175.3355,176.1085,174.5085,175.1245
2026-03-22 01:58:00,175.0215,175.3715,173.1235,173.4935
2026-03-22 01:59:00,173.4135,176.7535,173.0725,175.9915
2026-03-22 02:00:00,175.9155,176.6725,175.3085,175.5295
2026-03-22 02:01:00,175.4435,176.9535,175.1735,176.7775
2026-03-22 02:02:00,176.6875,177.2875,175.8245,176.9705
2026-03-22 02:03:00,177.0485,178.9745,175.9825,178.5305
2026-03-22 02:04:00,178.6105,178.7875,176.8745,176.8745
2026-03-22 02:05:00,176.9505,177.9915,175.5945,177.5265
2026-03-22 02:06:00,177.4335,177.6815,175.3625,176.1655
2026-03-22 02:07:00,176.2505,177.3765,175.8405,176.9885
2026-03-22 02:08:00,177.0835,177.4235,175.7105,176.5605
2026-03-22 02:09:00,176.6425,177.8125,176.1115,177.4055
2026-03-22 02:10:00,177.3125,178.7475,177.0345,177.4255
2026-03-22 02:11:00,177.3445,179.5585,177.1125,177.4845
2026-03-22 02:12:00,177.5625,180.4315,177.5625,180.2735
2026-03-22 02:13:00,180.1845,183.1175,180.0955,181.5625
2026-03-22 02:14:00,181.6425,182.0815,180.5305,181.7755
2026-03-22 02:15:00,181.8735,182.3645,180.3675,181.6805
2026-03-22 02:16:00,181.5825,183.6825,181.0705,183.6785
2026-03-22 02:17:00,183.7565,184.0965,181.4025,181.7105
2026-03-22 02:18:00,181.6155,181.6155,180.3995,180.8925
2026-03-22 02:19:00,180.8155,181.2585,179.0115,179.8295
2026-03-22 02:20:00,179.9205,180.3005,179.2895,179.4475
2026-03-22 02:21:00,179.3485,180.5385,179.1185,180.3485
2026-03-22 02:22:00,180.4465,183.1945,180.2115,182.8225
2026-03-22 02:23:00,182.7375,184.8015,182.1675,184.6225
2026-03-22 02:24:00,184.5435,185.1635,183.9215,184.9335
2026-03-22 02:25:00,184.8505,187.5405,184.5825,187.1035
2026-03-22 02:26:00,187.0245,188.8015,186.6825,187.5205
2026-03-22 02:27:00,187.4365,187.7335,185.8165,186.5155
2026-03-22 02:28:00,186.4325,189.4965,186.4325,188.7575
2026-03-22 02:29:00,188.8615,189.6375,187.2385,187.3415
2026-03-22 02:30:00,187.2515,190.1885,186.6905,189.1695
2026-03-22 02:31:00,189.2505,190.5285,188.8195,189.6355
2026-03-22 02:32:00,189.5365,190.4775,188.7405,188.7405
2026-03-22 02:33:00,188.6375,189.0005,187.2185,187.9565
2026-03-22 02:34:00,187.8615,188.1805,186.9375,187.2145
2026-03-22 02:35:00,187.1315,187.2175,184.3335,185.9085
2026-03-22 02:36:00,186.0105,187.4795,185.7535,187.1355
2026-03-22 02:37:00,187.0385,191.0735,186.5055,190.8605
2026-03-22 02:38:00,190.7725,192.9305,189.7645,192.1565
2026-03-22 02:39:00,192.2545,194.7035,192.0895,194.1145
2026-03-22 02:40:00,194.0085,194.8445,192.9315,193.2345
2026-03-22 02:41:00,193.3165,195.1945,192.0955,192.8045
2026-03-22 02:42:00,192.9085,194.8355,192.4805,193.4935
2026-03-22 02:43:00,193.5885,194.2715,190.8425,191.1495
2026-03-22 02:44:00,191.2365,192.1185,190.6535,191.6875
2026-03-22 02:45:00,191.6045,192.4365,190.3355,190.4175
2026-03-22 02:46:00,190.3225,192.6285,189.6485,192.6035
2026-03-22 02:47:00,192.5055,193.9905,191.6925,193.8925
2026-03-22 02:48:00,193.9845,194.9325,193.3065,193.4245
2026-03-22 02:49:00,193.3295,195.4985,192.9275,194.6155
2026-03-22 02:50:00,194.7035,195.2495,193.4965,194.5745
2026-03-22 02:51:00,194.4365,195.0255,193.4785,194.6155
2026-03-22 02:52:00,194.7225,194.7515,192.1075,193.3235
2026-03-22 02:53:00,193.2175,193.6265,191.2935,192.2525
2026-03-22 02:54:00,192.1655,193.1365,191.5175,192.4095
2026-03-22 02:55:00,192.4935,195.5705,192.3235,193.8415
2026-03-22 02:56:00,193.9325,194.9225,193.3555,193.4705
2026-03-22 02:57:00,193.5705,193.6695,189.9995,190.6755
2026-03-22 02:58:00,190.7635,190.8615,188.8135,189.5385
2026-03-22 02:59:00,189.6185,190.3245,188.8015,189.0995
2026-03-22 03:00:00,189.1995,189.8445,188.3355,188.9495
2026-03-22 03:01:00,189.0435,189.9255,188.5815,189.4165
2026-03-22 03:02:00,189.5115,189.9765,187.9245,189.0765
2026-03-22 03:03:00,189.1635,189.3635,187.4745,188.5035
2026-03-22 03:04:00,188.4105,190.2625,187.6955,189.2255
2026-03-22 03:05:00,189.3155,191.4185,189.3155,191.4185
2026-03-22 03:06:00,191.3145,193.5815,190.7695,193.3495
2026-03-22 03:07:00,193.5785,194.2845,192.1695,193.3105
2026-03-22 03:08:00,193.2175,195.0525,192.9605,194.6985
2026-03-22 03:09:00,194.5985,195.5875,194.0245,194.2935
2026-03-22 03:10:00,194.2065,195.5525,193.5475,195.3325
2026-03-22 03:11:00,195.4155,195.4155,192.4855,192.8225
2026-03-22 03:12:00,192.6935,193.5075,191.8895,192.9785
2026-03-22 03:13:00,192.8835,194.2035,192.3395,192.8505
2026-03-22 03:14:00,192.7485,192.9875,191.5355,192.4785
2026-03-22 03:15:00,192.5725,194.0015,191.3645,193.0925
2026-03-22 03:16:00,193.1895,193.8965,192.1725,192.9455
2026-03-22 03:17:00,192.8545,194.4395,192.1705,194.4395
2026-03-22 03:18:00,194.5415,196.1885,193.6825,196.1885
2026-03-22 03:19:00,196.0955,197.8505,195.8025,196.8235
2026-03-22 03:20:00,196.9265,199.6395,196.6805,199.6395
2026-03-22 03:21:00,199.5395,201.8465,199.2145,201.2195
2026-03-22 03:22:00,201.1145,202.5025,200.7035,201.8925
2026-03-22 03:23:00,201.9995,201.9995,199.3835,200.0775
2026-03-22 03:24:00,199.9875,200.0955,198.5195,199.2585
2026-03-22 03:25:00,199.1625,199.3605,197.6625,198.2425
2026-03-22 03:26:00,198.3455,199.8265,197.5425,197.6785
2026-03-22 03:27:00,197.5895,197.5895,196.5675,197.2485
2026-03-22 03:28:00,197.1595,199.5125,196.8075,199.5005
2026-03-22 03:29:00,199.6035,200.0585,198.0595,198.9475
2026-03-22 03:30:00,198.8385,200.7165,198.3155,200.7165
2026-03-22 03:31:00,200.8125,202.3455,199.7885,200.7875
2026-03-22 03:32:00,200.6915,200.8685,198.9435,199.4685
2026-03-22 03:33:00,199.3695,199.5705,198.2665,199.3695
2026-03-22 03:34:00,199.4615,201.2195,198.4755,200.9955
2026-03-22 03:35:00,201.3105,201.9965,200.5395,201.1125
2026-03-22 03:36:00,201.2155,202.2025,199.8985,202.0595
2026-03-22 03:37:00,202.1555,202.1555,199.5955,199.6905
2026-03-22 03:38:00,199.7985,199.7985,197.8925,198.7995
2026-03-22 03:39:00,198.7145,198.7145,195.6455,195.8455
2026-03-22 03:40:00,195.9425,197.4685,195.2865,195.5445
2026-03-22 03:41:00,195.6445,195.6715,193.7225,193.8635
2026-03-22 03:42:00,193.9485,195.5225,192.6845,195.5225
2026-03-22 03:43:00,195.4335,196.9995,194.8375,195.1335
2026-03-22 03:44:00,195.2335,197.2335,195.1555,196.5535
2026-03-22 03:45:00,196.7195,197.5145,196.0855,196.9325
2026-03-22 03:46:00,197.0225,199.1275,196.7215,199.1275
2026-03-22 03:47:00,199.2165,201.5265,198.8005,201.5265
2026-03-22 03:48:00,201.4345,202.8505,201.4325,202.2895
2026-03-22 03:49:00,202.1885,204.5005,201.8235,203.7675
2026-03-22 03:50:00,203.8725,208.7755,203.4185,208.5055
2026-03-22 03:51:00,208.6025,208.6675,207.1535,208.0365
2026-03-22 03:52:00,207.8755,208.7275,206.2425,207.8855
2026-03-22 03:53:00,207.9965,209.6095,207.2885,209.6095
2026-03-22 03:54:00,209.7065,209.7475,206.8805,207.0015
2026-03-22 03:55:00,207.1915,209.9185,206.9295,209.8135
2026-03-22 03:56:00,209.7025,210.5925,208.5425,208.5425
2026-03-22 03:57:00,208.6385,208.6385,206.1495,206.9225
2026-03-22 03:58:00,206.8335,207.2515,204.6265,205.8725
2026-03-22 03:59:00,205.9795,206.7105,204.7965,204.8835
2026-03-22 04:00:00,204.7875,207.9165,204.7875,207.8365
2026-03-22 04:01:00,207.7265,209.8045,207.7265,208.4985
2026-03-22 04:02:00,208.3995,209.4405,207.6595,208.2255
2026-03-22 04:03:00,208.3155,208.8015,206.7455,207.7605
2026-03-22 04:04:00,207.6655,208.7785,205.8675,207.0495
2026-03-22 04:05:00,206.9445,207.9695,206.1775,206.8805
2026-03-22 04:06:00,206.7715,207.5165,205.9875,206.9905
2026-03-22 04:07:00,206.8875,207.4285,204.5515,204.5515
2026-03-22 04:08:00,204.4555,206.8795,204.4555,206.4835
2026-03-22 04:09:00,206.5735,206.9005,205.0865,205.7015
2026-03-22 04:10:00,205.6005,205.6005,202.2435,202.8215
2026-03-22 04:11:00,202.9255,203.6815,201.6065,201.6965
2026-03-22 04:12:00,201.8065,202.7415,198.7155,199.4275
2026-03-22 04:13:00,199.5145,202.5165,199.0055,201.6945
2026-03-22 04:14:00,201.6015,201.7095,199.1125,200.4935
2026-03-22 04:15:00,200.5975,201.0425,198.7655,199.3965
2026-03-22 04:16:00,199.2895,201.0185,199.0055,199.3775
2026-03-22 04:17:00,199.2835,199.3915,197.7455,198.8805
2026-03-22 04:18:00,198.9775,199.0665,197.3945,198.1665
2026-03-22 04:19:00,198.0605,199.6555,197.5245,199.3175
2026-03-22 04:20:00,199.4205,202.1765,198.9125,202.0425
2026-03-22 04:21:00,201.9505,203.6315,201.1215,202.8285
2026-03-22 04:22:00,202.7175,202.8485,200.2215,201.6475
2026-03-22 04:23:00,201.7495,202.0155,198.0075,198.0995
2026-03-22 04:24:00,197.9785,198.2545,196.4215,196.6695
2026-03-22 04:25:00,196.7745,197.6575,195.2935,195.5685
2026-03-22 04:26:00,195.6645,195.7715,193.6865,194.2175
2026-03-22 04:27:00,194.0835,197.3895,193.8615,197.2805
2026-03-22 04:28:00,197.3695,197.3875,195.1585,195.5695
2026-03-22 04:29:00,195.6535,195.9655,194.2565,194.2565
2026-03-22 04:30:00,194.1715,195.1475,193.4205,195.0415
2026-03-22 04:31:00,194.9345,195.0155,192.2345,192.2345
2026-03-22 04:32:00,192.1465,192.3185,190.0125,190.9885
2026-03-22 04:33:00,190.8995,191.4795,187.8965,188.0685
2026-03-22 04:34:00,188.1685,189.5065,187.7125,189.0755
2026-03-22 04:35:00,188.9835,189.6855,187.1965,189.4255
2026-03-22 04:36:00,189.5305,190.9525,189.2695,189.2695
2026-03-22 04:37:00,189.3585,191.4755,188.2565,191.3875
2026-03-22 04:38:00,191.4915,193.1685,191.1775,191.8905
2026-03-22 04:39:00,191.7925,194.0525,191.5845,192.5465
2026-03-22 04:40:00,192.6465,192.7025,189.4315,189.6655
2026-03-22 04:41:00,189.5655,189.5925,186.2345,186.5125
2026-03-22 04:42:00,186.4165,187.0175,184.3195,185.1205
2026-03-22 04:43:00,185.2035,188.0215,184.8335,186.1605
2026-03-22 04:44:00,186.0765,187.5805,185.7245,185.8135
2026-03-22 04:45:00,185.9085,187.3745,185.7475,187.1875
2026-03-22 04:46:00,187.0655,188.4345,185.5495,185.8415
2026-03-22 04:47:00,185.7565,186.0365,184.3915,184.7305
2026-03-22 04:48:00,184.8325,184.8455,182.5095,182.5095
2026-03-22 04:49:00,182.6045,184.0885,182.6045,182.8925
2026-03-22 04:50:00,182.9725,183.0345,180.0525,181.4825
2026-03-22 04:51:00,181.5735,183.3685,181.2395,182.7135
2026-03-22 04:52:00,182.6305,184.4765,182.6165,183.1055
2026-03-22 04:53:00,183.0245,183.4265,181.5165,182.3865
2026-03-22 04:54:00,182.2945,183.2225,182.0975,182.2985
2026-03-22 04:55:00,182.3845,183.5375,181.1495,183.5005
2026-03-22 04:56:00,183.7795,184.5265,182.8965,182.9935
2026-03-22 04:57:00,182.9005,183.2805,180.7985,181.1155
2026-03-22 04:58:00,181.1965,182.2585,180.5265,181.4215
2026-03-22 04:59:00,181.3295,182.0225,180.2905,180.8675
2026-03-22 05:00:00,180.7415,182.0005,179.8325,180.0705
2026-03-22 05:01:00,180.1655,181.3115,179.5195,179.6945
2026-03-22 05:02:00,179.7945,180.0295,177.9965,178.0365
2026-03-22 05:03:00,178.1125,178.3175,176.1275,176.5835
2026-03-22 05:04:00,176.4965,176.8775,175.4125,176.5845
2026-03-22 05:05:00,176.4975,181.0375,176.4945,179.8625
2026-03-22 05:06:00,179.7645,181.4305,179.4485,180.9435
2026-03-22 05:07:00,181.0275,181.8715,180.3675,181.5275
2026-03-22 05:08:00,181.6225,183.3145,181.2285,182.8415
2026-03-22 05:09:00,182.9355,184.0705,182.1215,183.1065
2026-03-22 05:10:00,183.0125,184.0185,182.7945,183.6685
2026-03-22 05:11:00,183.7585,184.3435,179.9195,179.9195
2026-03-22 05:12:00,179.9955,180.0775,177.3195,178.0095
2026-03-22 05:13:00,178.1015,178.1135,175.8295,177.5595
2026-03-22 05:14:00,177.4655,178.0005,174.0575,174.1455
2026-03-22 05:15:00,174.0645,174.1765,171.8795,173.2025
2026-03-22 05:16:00,173.2895,173.3365,171.8005,172.0845
2026-03-22 05:17:00,172.1735,173.6795,171.6385,173.5175
2026-03-22 05:18:00,173.6835,174.4165,172.6975,174.2465
2026-03-22 05:19:00,174.1505,175.6175,173.5385,175.1255
2026-03-22 05:20:00,175.2185,175.2695,173.7755,174.4965
2026-03-22 05:21:00,174.4025,174.6855,172.1825,172.5655
2026-03-22 05:22:00,172.6575,172.9565,171.6305,172.3515
2026-03-22 05:23:00,172.2675,172.8415,171.8005,172.8295
2026-03-22 05:24:00,172.7535,173.3775,171.6435,171.6615
2026-03-22 05:25:00,171.7395,173.3615,171.2645,171.4535
2026-03-22 05:26:00,171.5265,171.5265,168.2635,168.2635
2026-03-22 05:27:00,168.3365,169.3215,167.7575,168.4935
2026-03-22 05:28:00,168.4185,169.1165,167.2065,168.6205
2026-03-22 05:29:00,168.6955,169.0595,167.4205,168.1295
2026-03-22 05:30:00,168.0515,168.1475,166.9105,167.4495
2026-03-22 05:31:00,167.5485,170.4025,167.4595,169.6945
2026-03-22 05:32:00,169.6095,169.6095,168.1625,169.1615
2026-03-22 05:33:00,169.0855,170.2155,168.1085,168.6055
2026-03-22 05:34:00,168.6805,169.5045,167.7705,168.2685
2026-03-22 05:35:00,168.3455,169.6605,168.0105,169.1345
2026-03-22 05:36:00,169.2075,169.9645,168.3115,168.3115
2026-03-22 05:37:00,168.2375,170.0405,167.7265,169.9505
2026-03-22 05:38:00,170.0235,172.1585,169.9315,171.6195
2026-03-22 05:39:00,171.5335,171.6655,170.2015,170.2015
2026-03-22 05:40:00,170.1105,170.1105,167.2105,167.7045
2026-03-22 05:41:00,167.6165,168.4165,165.9105,166.6105
2026-03-22 05:42:00,166.6965,167.5705,165.8155,166.4825
2026-03-22 05:43:00,166.5605,168.9205,165.9745,168.0975
2026-03-22 05:44:00,168.0185,168.2305,166.3755,167.9945
2026-03-22 05:45:00,168.0805,171.1425,168.0805,170.9105
2026-03-22 05:46:00,170.9915,171.3765,169.1495,169.3695
2026-03-22 05:47:00,169.4595,169.4595,167.7085,168.9695
2026-03-22 05:48:00,168.8495,169.7855,167.4925,169.0445
2026-03-22 05:49:00,169.1375,169.3375,167.0975,167.6105
2026-03-22 05:50:00,167.8005,168.3455,166.5765,167.3175
2026-03-22 05:51:00,167.4035,168.3045,166.7975,166.8025
2026-03-22 05:52:00,166.7115,167.2105,165.1755,166.3045
2026-03-22 05:53:00,166.2215,166.5765,164.4135,164.6985
2026-03-22 05:54:00,164.7845,165.8805,163.5695,164.7135
2026-03-22 05:55:00,164.6275,164.8985,163.4545,164.4575
2026-03-22 05:56:00,164.5315,165.2655,162.8185,163.0605
2026-03-22 05:57:00,163.1485,163.7425,162.1115,163.0125
2026-03-22 05:58:00,162.9375,163.1315,161.7615,162.4105
2026-03-22 05:59:00,162.3385,162.8445,161.0865,162.0405
2026-03-22 06:00:00,162.1135,162.3995,161.2035,162.2225
2026-03-22 06:01:00,162.1355,162.2055,160.4745,161.2895
2026-03-22 06:02:00,161.3735,163.1685,161.3735,162.2025
2026-03-22 06:03:00,162.2795,164.0365,162.0605,163.4815
2026-03-22 06:04:00,163.4035,164.4185,162.9695,163.6365
2026-03-22 06:05:00,163.5355,163.7515,161.7385,161.9505
2026-03-22 06:06:00,162.0355,163.7445,161.5985,163.7445
2026-03-22 06:07:00,163.8135,164.9945,163.4285,164.4445
2026-03-22 06:08:00,164.3555,164.6595,163.4785,163.8675
2026-03-22 06:09:00,163.9405,165.6215,163.6965,165.0265
2026-03-22 06:10:00,164.9255,166.8255,164.4585,166.1895
2026-03-22 06:11:00,166.2615,166.6185,163.8185,163.9825
2026-03-22 06:12:00,163.8085,164.3645,162.1295,163.0525
2026-03-22 06:13:00,163.1385,164.9135,162.6445,164.3325
2026-03-22 06:14:00,164.2495,165.7585,163.6035,164.9485
2026-03-22 06:15:00,165.0265,165.8855,164.0465,165.5015
2026-03-22 06:16:00,165.5865,166.4415,164.6425,165.6225
2026-03-22 06:17:00,165.5345,167.5925,164.9415,166.6035
2026-03-22 06:18:00,166.6955,167.0705,164.6975,165.1015
2026-03-22 06:19:00,165.0185,166.6655,164.6565,165.5135
2026-03-22 06:20:00,165.5955,165.7735,164.1895,164.6085
2026-03-22 06:21:00,164.6865,166.0525,163.7565,165.6955
2026-03-22 06:22:00,165.6105,166.0715,164.4545,164.8955
2026-03-22 06:23:00,164.8235,165.0635,164.1185,164.6195
2026-03-22 06:24:00,164.5345,164.7375,162.8825,163.8895
2026-03-22 06:25:00,163.8075,164.9325,162.4885,164.8585
2026-03-22 06:26:00,164.9395,165.5485,164.1575,164.4335
2026-03-22 06:27:00,164.5205,164.8865,162.9675,163.3045
2026-03-22 06:28:00,163.3905,163.7015,162.4325,163.4585
2026-03-22 06:29:00,163.5425,164.5475,163.4615,164.1505
2026-03-22 06:30:00,164.2385,164.8705,163.2785,163.8345
2026-03-22 06:31:00,163.9155,165.9425,163.8305,164.8215
2026-03-22 06:32:00,164.7425,164.8975,163.5275,164.2755
2026-03-22 06:33:00,164.3755,164.9835,163.7255,164.1205
2026-03-22 06:34:00,164.0455,164.3765,162.6455,163.5205
2026-03-22 06:35:00,163.5935,165.6735,162.3755,164.6635
2026-03-22 06:36:00,164.5895,166.6065,164.4325,166.3765
2026-03-22 06:37:00,166.4625,166.6095,165.1355,166.2995
2026-03-22 06:38:00,166.3855,166.5485,165.3455,165.7285
2026-03-22 06:39:00,165.6525,165.6525,163.2865,163.6615
2026-03-22 06:40:00,163.5845,164.6225,162.7185,163.3655
2026-03-22 06:41:00,163.2935,163.3205,161.6505,163.2295
2026-03-22 06:42:00,163.3105,164.3565,162.9975,164.3275
2026-03-22 06:43:00,164.2465,165.6825,163.9555,165.2305
2026-03-22 06:44:00,165.3105,165.6795,163.1615,164.2365
2026-03-22 06:45:00,164.3185,165.8605,163.4125,164.6435
2026-03-22 06:46:00,164.5545,166.5845,163.9795,166.2345
2026-03-22 06:47:00,166.3205,167.4645,165.5675,165.6525
2026-03-22 06:48:00,165.5655,165.6765,163.4945,164.1635
2026-03-22 06:49:00,164.2445,165.0375,163.6475,164.1505
2026-03-22 06:50:00,164.0185,165.0155,163.4875,164.7165
2026-03-22 06:51:00,164.6255,165.9605,164.3945,165.3905
2026-03-22 06:52:00,165.3085,166.5165,164.4585,165.9035
2026-03-22 06:53:00,165.8185,165.8415,163.4305,164.4095
2026-03-22 06:54:00,164.4955,165.1535,164.0775,165.0285
2026-03-22 06:55:00,165.1135,165.5555,163.8615,164.0205
2026-03-22 06:56:00,163.9505,165.0695,163.8775,164.8915
2026-03-22 06:57:00,164.9645,165.0675,163.4525,164.3285
2026-03-22 06:58:00,164.4005,165.3915,163.4095,165.1295
2026-03-22 06:59:00,165.2435,165.5275,163.3545,163.8335
2026-03-22 07:00:00,163.7275,165.1255,163.4425,164.7625
2026-03-22 07:01:00,164.8475,165.1255,163.3335,163.3335
2026-03-22 07:02:00,163.2635,164.2615,162.8765,163.9755
2026-03-22 07:03:00,164.0465,164.1365,161.4705,161.7085
2026-03-22 07:04:00,161.7965,161.8795,160.5965,161.2555
2026-03-22 07:05:00,161.1775,162.7865,160.6665,162.5995
2026-03-22 07:06:00,162.6695,163.1395,161.8645,162.3665
2026-03-22 07:07:00,162.2925,164.2035,161.4955,163.5435
2026-03-22 07:08:00,163.6215,163.9605,162.4815,163.2575
2026-03-22 07:09:00,163.1865,164.1015,163.0295,163.7925
2026-03-22 07:10:00,163.8755,166.2145,163.5575,165.6435
2026-03-22 07:11:00,165.7165,167.0975,165.7165,166.5065
2026-03-22 07:12:00,166.5955,166.5955,163.5715,163.5825
2026-03-22 07:13:00,163.6655,164.9145,163.1955,164.0855
2026-03-22 07:14:00,163.9985,164.6385,163.5095,164.4425
2026-03-22 07:15:00,164.3675,165.7095,163.8015,164.9135
2026-03-22 07:16:00,164.8255,166.1745,163.8565,164.1625
2026-03-22 07:17:00,164.0895,164.4025,163.2815,163.9305
2026-03-22 07:18:00,164.0105,164.2095,163.1695,164.1345
2026-03-22 07:19:00,164.0645,164.9545,162.2915,162.4545
2026-03-22 07:20:00,162.3735,162.4715,159.3975,159.4825
2026-03-22 07:21:00,159.5705,159.6665,157.5685,158.5715
2026-03-22 07:22:00,158.5035,158.9145,155.2425,156.0775
2026-03-22 07:23:00,155.9985,156.7425,155.0885,156.2065
2026-03-22 07:24:00,156.1385,157.0465,155.3675,156.9635
2026-03-22 07:25:00,157.0505,158.5795,156.8365,158.4995
2026-03-22 07:26:00,158.4165,159.9815,158.0595,159.9065
2026-03-22 07:27:00,159.9765,160.1235,158.5265,159.8345
2026-03-22 07:28:00,159.9195,161.6675,159.6345,161.3555
2026-03-22 07:29:00,161.4235,163.6905,161.4235,163.6105
2026-03-22 07:30:00,163.7225,163.7225,161.9495,162.7575
2026-03-22 07:31:00,162.8395,165.8335,162.3525,165.1895
2026-03-22 07:32:00,165.1185,167.0775,164.7405,166.8305
2026-03-22 07:33:00,166.9255,168.2535,166.5905,167.6725
2026-03-22 07:34:00,167.6015,167.9245,165.9175,166.4995
2026-03-22 07:35:00,166.5835,167.8895,165.8535,167.7615
2026-03-22 07:36:00,167.8475,171.1035,167.7045,171.0295
2026-03-22 07:37:00,171.1115,171.1965,169.0695,169.1435
2026-03-22 07:38:00,169.0505,170.5055,168.9755,170.3775
2026-03-22 07:39:00,170.4685,170.5625,168.7395,169.8555
2026-03-22 07:40:00,169.7755,170.3885,167.9975,168.1585
2026-03-22 07:41:00,168.0825,170.1015,167.5495,169.7505
2026-03-22 07:42:00,169.8325,170.2215,168.2915,169.6265
2026-03-22 07:43:00,169.7095,171.2515,168.4605,171.1585
2026-03-22 07:44:00,171.2465,172.8615,171.1725,171.6975
2026-03-22 07:45:00,171.6205,172.8885,171.4385,172.0825
2026-03-22 07:46:00,172.1685,173.7055,171.4105,171.5495
2026-03-22 07:47:00,171.4645,173.4555,171.4235,173.0835
2026-03-22 07:48:00,173.2035,174.6635,173.0255,174.0935
2026-03-22 07:49:00,174.1895,174.6225,172.2305,174.1255
2026-03-22 07:50:00,174.2105,176.6285,173.7295,175.9825
2026-03-22 07:51:00,176.0785,176.6815,173.7975,173.9925
2026-03-22 07:52:00,174.0835,174.5395,172.4765,174.1685
2026-03-22 07:53:00,174.2465,174.5495,173.6025,174.1815
2026-03-22 07:54:00,174.0885,174.9485,173.0475,173.5385
2026-03-22 07:55:00,173.4485,173.7635,172.1255,173.2395
2026-03-22 07:56:00,173.1505,173.7905,172.4135,173.7115
2026-03-22 07:57:00,173.6235,176.9915,173.5195,176.8275
2026-03-22 07:58:00,176.7395,178.2465,176.4785,176.9945
2026-03-22 07:59:00,176.9025,176.9855,174.7825,175.3185
2026-03-22 08:00:00,175.3955,177.0015,174.1895,175.3595
2026-03-22 08:01:00,175.4825,177.0135,175.1085,175.8315
2026-03-22 08:02:00,175.9075,176.4035,173.9385,174.0215
2026-03-22 08:03:00,173.9455,175.2895,173.2975,174.9135
2026-03-22 08:04:00,174.8185,174.8305,172.6605,173.0625
2026-03-22 08:10:00,173.0625,173.0625,122.1695,123.4205
2026-03-22 08:11:00,123.4825,124.8205,123.3625,124.6955
2026-03-22 08:12:00,124.7595,125.5005,124.0295,124.3825
2026-03-22 08:13:00,124.3295,125.1115,123.8395,125.0245
2026-03-22 08:14:00,124.9555,125.1435,124.1675,125.1435
2026-03-22 08:15:00,125.1965,126.4635,124.9105,126.2725
2026-03-22 08:16:00,126.3415,127.1365,125.9705,126.5165
2026-03-22 08:17:00,126.5795,128.5205,126.4775,128.3575
2026-03-22 08:18:00,128.3005,128.8305,127.9485,128.4075
2026-03-22 08:19:00,128.5885,129.6525,127.6305,129.3265
2026-03-22 08:20:00,129.3855,130.1755,129.2155,129.3005
2026-03-22 08:21:00,129.3715,129.4445,126.8295,127.4235
2026-03-22 08:22:00,127.3665,127.8325,126.6605,127.2685
2026-03-22 08:23:00,127.2075,128.1385,126.8845,127.3325
2026-03-22 08:24:00,127.3965,127.9035,127.1205,127.4295
2026-03-22 08:25:00,127.3605,128.7645,127.2975,127.9995
2026-03-22 08:26:00,128.0665,129.1105,127.6395,127.8435
2026-03-22 08:27:00,127.9175,128.6515,127.7005,127.9825
2026-03-22 08:28:00,128.0515,129.4695,127.9915,128.9075
2026-03-22 08:29:00,128.8385,129.5495,128.3865,128.7245
2026-03-22 08:30:00,128.6625,129.5365,127.1435,127.1435
2026-03-22 08:31:00,127.2025,127.4805,126.4915,127.1485
2026-03-22 08:32:00,127.2135,127.8435,126.4445,127.4335
2026-03-22 08:33:00,127.4965,127.9725,126.9855,127.8045
2026-03-22 08:34:00,127.8585,128.7345,127.1635,127.2125
2026-03-22 08:35:00,127.1545,128.5595,126.6615,128.3965
2026-03-22 08:36:00,128.4585,129.5915,128.2295,128.3545
2026-03-22 08:37:00,128.2945,128.5745,127.1355,127.8415
2026-03-22 08:38:00,127.9065,128.2175,126.7465,127.3975
2026-03-22 08:39:00,127.3435,127.5545,126.7595,127.0265
2026-03-22 08:40:00,126.9675,127.6935,126.9535,127.6095
2026-03-22 08:41:00,127.6765,129.1675,127.3805,127.9245
2026-03-22 08:42:00,127.9875,128.3845,127.2875,128.2685
2026-03-22 08:43:00,128.3335,129.1395,128.0455,128.6065
2026-03-22 08:44:00,128.5445,129.1765,127.8885,128.1205
2026-03-22 08:45:00,128.0665,128.2135,127.1115,127.3285
2026-03-22 08:46:00,127.3975,127.8895,126.0325,126.8025
2026-03-22 08:47:00,126.9845,127.9335,126.4965,127.9335
2026-03-22 08:48:00,127.8765,129.6725,127.7245,128.2545
2026-03-22 08:49:00,128.1945,128.3015,127.3545,127.5945
2026-03-22 08:50:00,127.5305,128.7525,126.6455,128.5735
2026-03-22 08:51:00,128.5025,130.5455,128.2215,130.2405
2026-03-22 08:52:00,130.1705,132.5715,130.1705,131.6625
2026-03-22 08:53:00,131.5955,131.8715,129.8465,131.6285
2026-03-22 08:54:00,131.6935,133.2145,131.1935,132.9945
2026-03-22 08:55:00,133.0555,134.0235,132.3985,133.6105
2026-03-22 08:56:00,133.5465,133.7515,132.0615,132.9285
2026-03-22 08:57:00,132.9975,134.0575,132.6015,133.2365
2026-03-22 08:58:00,133.1795,133.5035,132.1785,132.2455
2026-03-22 08:59:00,132.3965,132.3965,131.0485,131.2425
2026-03-22 09:00:00,131.1815,131.4955,129.6505,129.9165
2026-03-22 09:01:00,129.9715,131.5835,129.8505,130.6875
2026-03-22 09:02:00,130.7445,131.1075,128.4465,129.3665
2026-03-22 09:03:00,129.4255,132.0195,129.1275,131.6045
2026-03-22 09:04:00,131.6655,132.8695,131.0535,132.7065
2026-03-22 09:05:00,132.7745,133.2585,131.5925,132.9515
2026-03-22 09:06:00,132.8805,134.3865,132.5495,132.5525
2026-03-22 09:07:00,132.4785,133.9275,132.2175,133.6755
2026-03-22 09:08:00,133.7355,135.6235,133.7355,135.5875
2026-03-22 09:09:00,135.5295,137.7005,135.4025,137.6415
2026-03-22 09:10:00,137.7065,139.8955,137.5345,139.8225
2026-03-22 09:11:00,139.7565,140.4455,139.3025,139.8195
2026-03-22 09:12:00,139.8815,140.5185,139.3125,139.9405
2026-03-22 09:13:00,139.8685,140.9175,139.0725,140.3635
2026-03-22 09:14:00,140.4295,140.4295,138.7105,139.2545
2026-03-22 09:15:00,139.1805,140.1535,138.5945,139.9425
2026-03-22 09:16:00,140.0055,140.3335,138.9415,139.3085
2026-03-22 09:17:00,139.3715,140.8605,139.1445,139.8295
2026-03-22 09:18:00,139.9065,140.9185,138.3025,138.3025
2026-03-22 09:19:00,138.2385,138.3035,135.9505,136.4705
2026-03-22 09:20:00,136.5375,137.4125,136.1435,136.7025
2026-03-22 09:21:00,136.6435,138.0705,136.5075,137.5965
2026-03-22 09:22:00,137.6665,137.6665,135.8925,136.1665
2026-03-22 09:23:00,136.1065,136.5255,134.1945,134.1945
2026-03-22 09:24:00,134.2515,135.0155,133.4585,134.2255
2026-03-22 09:25:00,134.2965,135.6545,134.2965,135.3535
2026-03-22 09:26:00,135.4215,136.1255,133.9615,134.8845
2026-03-22 09:27:00,135.0445,136.2805,134.9625,136.0295
2026-03-22 09:28:00,135.9685,136.2145,135.3135,135.8495
2026-03-22 09:29:00,135.9105,137.0775,135.7705,136.5375
2026-03-22 09:30:00,136.4715,138.6695,136.4135,137.8545
2026-03-22 09:31:00,137.9285,140.2295,137.7595,139.1195
2026-03-22 09:32:00,139.0455,139.4085,138.3695,138.9065
2026-03-22 09:33:00,138.9725,139.9125,138.3465,139.5095
2026-03-22 09:34:00,139.4375,140.1595,138.3995,139.3645
2026-03-22 09:35:00,139.2925,141.4195,139.1015,141.2825
2026-03-22 09:36:00,141.2105,141.5405,140.5105,140.8475
2026-03-22 09:37:00,140.9215,141.3125,140.4335,140.6865
2026-03-22 09:38:00,140.6175,140.9695,139.9735,140.1775
2026-03-22 09:39:00,140.2465,140.3685,138.7185,139.8025
2026-03-22 09:40:00,139.8775,141.3425,139.5395,140.7075
2026-03-22 09:41:00,140.6315,140.8215,139.5075,139.8235
2026-03-22 09:42:00,139.8895,141.4285,138.9795,140.9035
2026-03-22 09:43:00,140.8425,141.2035,139.7555,139.9745
2026-03-22 09:44:00,139.9065,140.8105,139.2235,140.3275
2026-03-22 09:45:00,140.2555,141.1845,139.6105,140.3915
2026-03-22 09:46:00,140.3185,141.5285,139.3745,140.2685
2026-03-22 09:47:00,140.1955,142.1675,140.1275,141.8815
2026-03-22 09:48:00,141.8065,142.8805,141.5205,142.1275
2026-03-22 09:49:00,142.2195,142.5145,141.1385,142.4085
2026-03-22 09:50:00,142.3455,143.7985,141.8965,142.5795
2026-03-22 09:51:00,142.6715,144.4765,142.6055,144.1065
2026-03-22 09:52:00,144.0405,144.1125,142.3265,143.4335
2026-03-22 09:53:00,143.4955,144.2705,142.8175,144.2555
2026-03-22 09:54:00,144.1755,144.6465,143.2185,143.6645
2026-03-22 09:55:00,143.8415,144.8785,143.6195,144.8665
2026-03-22 09:56:00,144.8005,144.8005,142.1785,142.3365
2026-03-22 09:57:00,142.4115,143.3015,142.1875,143.1655
2026-03-22 09:58:00,143.2355,144.0285,141.7205,142.3005
2026-03-22 09:59:00,142.4755,144.1235,142.3975,143.5495
2026-03-22 10:00:00,143.4885,144.4955,142.9215,143.5985
2026-03-22 10:01:00,143.6755,145.2565,143.4255,145.2565
2026-03-22 10:02:00,145.1745,146.1105,144.0935,144.4975
2026-03-22 10:03:00,144.4255,145.9505,144.3375,145.0225
2026-03-22 10:04:00,145.0985,147.0095,144.4235,146.7305
2026-03-22 10:05:00,146.7945,147.2085,146.2555,146.5105
2026-03-22 10:06:00,146.5835,147.5745,146.1465,147.4995
2026-03-22 10:07:00,147.4185,149.1695,147.4185,148.9755
2026-03-22 10:08:00,148.9055,150.8365,148.5465,150.5355
2026-03-22 10:09:00,150.6025,151.5325,150.1485,150.6715
2026-03-22 10:10:00,150.7415,152.0015,150.5815,151.4595
2026-03-22 10:11:00,151.5295,152.5265,151.1305,151.3665
2026-03-22 10:12:00,151.2855,151.8835,150.4965,151.0775
2026-03-22 10:13:00,151.1435,152.2515,150.1345,150.2695
2026-03-22 10:14:00,150.3505,150.7745,148.8355,149.1105
2026-03-22 10:15:00,149.0315,149.6595,147.6505,147.7665
2026-03-22 10:16:00,147.6975,148.7095,145.6585,146.2305
2026-03-22 10:17:00,146.1525,148.3625,145.8505,146.9415
2026-03-22 10:18:00,147.0215,148.0935,146.5825,148.0935
2026-03-22 10:19:00,148.0185,148.3205,146.4945,148.3205
2026-03-22 10:20:00,148.2455,150.0505,148.0965,149.9675
2026-03-22 10:21:00,150.0435,151.1135,149.5555,150.5015
2026-03-22 10:22:00,150.5695,152.2385,150.4335,152.0425
2026-03-22 10:23:00,151.9365,153.8605,151.5865,152.9285
2026-03-22 10:24:00,152.9945,153.9175,152.7575,153.4605
2026-03-22 10:25:00,153.3785,154.4145,153.2995,154.1475
2026-03-22 10:26:00,154.0765,155.4535,153.8315,154.8575
2026-03-22 10:27:00,154.9255,156.0145,154.5555,155.0265
2026-03-22 10:28:00,155.1065,155.8595,154.4235,154.7915
2026-03-22 10:29:00,154.8705,155.5715,153.9055,155.4155
2026-03-22 10:30:00,155.4815,156.2225,154.3515,154.4485
2026-03-22 10:31:00,154.3705,154.5595,152.7265,152.9205
2026-03-22 10:32:00,152.8485,156.3795,152.5755,156.3795
2026-03-22 10:33:00,156.4585,157.2495,153.4985,153.9125
2026-03-22 10:34:00,154.1015,155.3485,153.8975,155.3485
2026-03-22 10:35:00,155.2645,155.2645,153.8615,154.5765
2026-03-22 10:36:00,154.4915,156.3495,154.2575,154.6905
2026-03-22 10:37:00,154.6105,154.6155,153.2785,153.8555
2026-03-22 10:38:00,153.7755,154.3525,152.3155,152.3225
2026-03-22 10:39:00,152.3945,152.6425,150.9915,151.7485
2026-03-22 10:40:00,151.8295,153.3045,151.7495,153.3045
2026-03-22 10:41:00,153.3905,155.0955,153.3235,155.0955
2026-03-22 10:42:00,155.1675,156.5495,154.7685,155.8185
2026-03-22 10:43:00,155.7335,156.9865,155.7335,156.8785
2026-03-22 10:44:00,156.9645,157.6125,156.5435,157.3895
2026-03-22 10:45:00,157.3155,158.4195,156.7845,157.9585
2026-03-22 10:46:00,157.8795,159.5535,157.6055,159.3125
2026-03-22 10:47:00,159.3955,159.8305,158.0765,159.1015
2026-03-22 10:48:00,159.0285,159.5295,158.3095,159.4915
2026-03-22 10:49:00,159.5645,161.0425,159.0515,159.5545
2026-03-22 10:50:00,159.6405,160.5535,158.4645,160.4775
2026-03-22 10:51:00,160.3975,161.4185,160.2565,160.7505
2026-03-22 10:52:00,160.6565,162.2175,160.5845,161.7225
2026-03-22 10:53:00,161.6325,164.0135,161.5245,163.2115
2026-03-22 10:54:00,163.3215,166.4685,162.9615,165.9245
2026-03-22 10:55:00,165.8325,167.0525,165.4995,166.8275
2026-03-22 10:56:00,166.8985,167.8135,166.5535,166.5535
2026-03-22 10:57:00,166.4825,167.6255,165.8945,167.6255
2026-03-22 10:58:00,167.7105,168.2525,166.4625,168.2525
2026-03-22 10:59:00,168.1705,169.7395,167.9125,169.7245
2026-03-22 11:00:00,169.8155,170.2535,169.0195,169.4735
2026-03-22 11:01:00,169.4025,170.3505,168.5635,169.1355
2026-03-22 11:02:00,169.0525,170.5805,167.9055,170.3075
2026-03-22 11:03:00,170.3955,171.1165,169.2715,169.6485
2026-03-22 11:04:00,169.7325,170.3195,167.8405,170.1675
2026-03-22 11:05:00,170.0835,170.4055,168.6075,169.8515
2026-03-22 11:06:00,169.7785,169.8665,167.6895,168.5895
2026-03-22 11:07:00,168.4965,169.8985,168.1345,168.1345
2026-03-22 11:08:00,168.2205,168.3015,163.5515,163.7365
2026-03-22 11:09:00,163.6645,167.1115,163.6645,166.9035
2026-03-22 11:10:00,166.9885,169.4035,166.7755,168.8845
2026-03-22 11:11:00,168.9705,169.9105,167.9565,168.9065
2026-03-22 11:12:00,168.9835,170.7575,168.7265,168.8055
2026-03-22 11:13:00,168.6005,169.0455,167.4955,167.8115
2026-03-22 11:14:00,167.7255,169.2595,166.3305,166.4985
2026-03-22 11:15:00,166.5715,167.4855,165.0195,165.2895
2026-03-22 11:16:00,165.2055,167.6965,165.1225,167.6965
2026-03-22 11:17:00,167.7705,168.0815,166.2965,167.3315
2026-03-22 11:18:00,167.4055,167.8605,166.7045,167.0295
2026-03-22 11:19:00,166.9395,168.9025,165.9255,168.9025
2026-03-22 11:20:00,168.9775,169.3015,167.4705,167.4705
2026-03-22 11:21:00,167.5575,167.5635,164.8305,165.6285
2026-03-22 11:22:00,165.7055,165.7055,164.0775,165.0085
2026-03-22 11:23:00,165.0905,166.2045,164.6075,165.4805
2026-03-22 11:24:00,165.3965,165.5615,164.3205,164.4835
2026-03-22 11:25:00,164.5855,164.8775,163.2175,163.7115
2026-03-22 11:26:00,163.7885,164.7055,163.4095,164.2585
2026-03-22 11:27:00,164.3395,165.0345,163.0845,164.7755
2026-03-22 11:28:00,164.8525,164.8525,161.8795,162.6535
2026-03-22 11:29:00,162.5845,164.4545,162.5845,162.9525
2026-03-22 11:30:00,162.8685,164.3175,162.7365,164.2685
2026-03-22 11:31:00,164.3475,164.7145,162.9815,163.2815
2026-03-22 11:32:00,163.2035,165.1955,163.2035,165.1955
2026-03-22 11:33:00,165.1235,165.8775,163.4945,163.9755
2026-03-22 11:34:00,163.8865,165.3345,163.3075,164.8985
2026-03-22 11:35:00,164.9845,166.2155,164.0775,164.6525
2026-03-22 11:36:00,164.5695,165.7845,163.7105,163.9535
2026-03-22 11:37:00,164.0345,164.2685,162.1255,162.4975
2026-03-22 11:38:00,162.4165,162.8375,159.1535,159.1535
2026-03-22 11:39:00,159.2265,159.4635,158.0265,158.6795
2026-03-22 11:40:00,158.8955,160.5565,158.7185,159.2125
2026-03-22 11:41:00,159.1345,160.3305,158.5795,159.6825
2026-03-22 11:42:00,159.7575,159.8225,157.7725,158.8795
2026-03-22 11:43:00,158.7975,160.5485,158.7075,159.9195
2026-03-22 11:44:00,159.8185,161.4965,159.7345,160.8435
2026-03-22 11:45:00,160.9165,161.5815,159.5705,159.7875
2026-03-22 11:46:00,159.8715,160.8095,159.4935,160.4775
2026-03-22 11:47:00,160.5495,161.0825,158.8745,159.6355
2026-03-22 11:48:00,159.5615,159.5615,157.6575,158.5675
2026-03-22 11:49:00,158.6385,159.1095,156.0185,156.5645
2026-03-22 11:50:00,156.4965,156.7885,155.0615,155.2405
2026-03-22 11:51:00,155.3215,156.5955,153.7205,154.2265
2026-03-22 11:52:00,154.1615,156.6055,153.8645,156.3055
2026-03-22 11:53:00,156.3835,159.0705,156.2575,158.7835
2026-03-22 11:54:00,158.6995,158.8845,157.2035,158.0925
2026-03-22 11:55:00,158.1785,158.1785,156.4515,157.6715
2026-03-22 11:56:00,157.5915,158.9065,157.5915,158.4795
2026-03-22 11:57:00,158.4015,159.1805,158.1415,158.3015
2026-03-22 11:58:00,158.2005,159.5625,157.7705,158.4275
2026-03-22 11:59:00,158.3415,161.0275,158.1595,161.0275
2026-03-22 12:00:00,161.1105,161.6595,159.2215,161.5375
2026-03-22 12:01:00,161.4555,162.5015,161.1685,161.8655
2026-03-22 12:02:00,161.9395,162.1255,160.9185,160.9845
2026-03-22 12:03:00,160.9015,162.9255,160.8315,162.3395
2026-03-22 12:04:00,162.4205,162.5085,159.5135,159.7025
2026-03-22 12:05:00,159.6275,160.7745,159.0405,160.4605
2026-03-22 12:06:00,160.5485,161.0085,158.4985,158.9775
2026-03-22 12:07:00,159.0635,160.6415,158.9385,160.4085
2026-03-22 12:08:00,160.4835,162.5655,159.7855,161.7035
2026-03-22 12:09:00,161.6305,163.0555,161.3675,162.4095
2026-03-22 12:10:00,162.3225,163.1715,162.1775,163.0945
2026-03-22 12:11:00,163.0125,164.2485,162.9045,163.7765
2026-03-22 12:12:00,163.6945,163.6955,162.2665,163.4475
2026-03-22 12:13:00,163.5895,163.8365,162.1045,162.2085
2026-03-22 12:14:00,162.1215,162.2055,159.7415,160.0205
2026-03-22 12:15:00,159.9485,161.8505,159.6335,161.0975
2026-03-22 12:16:00,161.0145,161.1005,160.0575,160.3665
2026-03-22 12:17:00,160.4485,161.8125,160.3605,161.6125
2026-03-22 12:18:00,161.5395,163.9915,161.0105,163.9915
2026-03-22 12:19:00,163.9015,165.7735,163.4665,165.2675
2026-03-22 12:20:00,165.3475,165.8445,164.2945,164.4535
2026-03-22 12:21:00,164.5435,164.8905,163.1045,163.5545
2026-03-22 12:22:00,163.6285,164.0045,162.9225,163.4305
2026-03-22 12:23:00,163.3485,163.6085,161.6515,162.1195
2026-03-22 12:24:00,162.1915,162.8325,160.5515,162.6865
2026-03-22 12:25:00,162.4715,163.1445,160.4105,160.4105
2026-03-22 12:26:00,160.3415,161.9915,160.1105,161.4455
2026-03-22 12:27:00,161.5315,164.9625,161.1795,164.9625
2026-03-22 12:28:00,164.8735,165.1625,163.8665,164.4755
2026-03-22 12:29:00,164.5565,165.6415,164.1045,164.7815
2026-03-22 12:30:00,164.8945,164.9045,163.0915,164.2665
2026-03-22 12:31:00,164.3475,165.0605,163.6095,163.6335
2026-03-22 12:32:00,163.7205,163.8865,161.1345,161.9105
2026-03-22 12:33:00,161.8285,161.9165,160.2245,161.8505
2026-03-22 12:34:00,161.7645,162.8355,161.4125,161.5955
2026-03-22 12:35:00,161.6825,161.7505,159.9855,161.3975
2026-03-22 12:36:00,161.4815,162.5035,159.9255,160.0815
2026-03-22 12:37:00,160.0115,160.2635,157.6915,158.0205
2026-03-22 12:38:00,157.9345,161.3825,157.6465,161.0045
2026-03-22 12:39:00,161.0835,161.7705,159.8815,160.2365
2026-03-22 12:40:00,160.1545,160.7775,159.2025,159.9105
2026-03-22 12:41:00,159.9995,161.5395,159.9995,160.8855
2026-03-22 12:42:00,160.9625,161.2575,159.9065,160.8115
2026-03-22 12:43:00,160.7415,162.1355,160.7415,160.9635
2026-03-22 12:44:00,161.0425,163.0935,160.8975,163.0065
2026-03-22 12:45:00,162.9265,163.1605,161.7675,162.1005
2026-03-22 12:46:00,162.0175,164.6605,161.8265,163.7205
2026-03-22 12:47:00,163.7975,164.9195,162.8795,163.0955
2026-03-22 12:48:00,163.0065,163.3145,161.6145,161.8475
2026-03-22 12:49:00,161.7755,163.3355,161.3105,162.9245
2026-03-22 12:50:00,162.9985,164.0565,162.4135,162.4905
2026-03-22 12:51:00,162.4115,163.7265,162.3285,162.4215
2026-03-22 12:52:00,162.3455,162.7885,160.9375,161.0075
2026-03-22 12:53:00,160.9325,162.2745,160.6985,160.9975
2026-03-22 12:54:00,160.9235,161.0215,158.6565,158.8105
2026-03-22 12:55:00,158.8935,160.4285,158.4935,159.8105
2026-03-22 12:56:00,159.7255,161.0495,159.0945,160.4075
2026-03-22 12:57:00,160.3375,160.3375,157.8075,157.8075
2026-03-22 12:58:00,157.7395,158.9855,157.5785,157.9535
2026-03-22 12:59:00,158.0225,158.5825,157.2415,158.3745
2026-03-22 13:00:00,158.4655,158.4655,156.6125,157.2125
2026-03-22 13:01:00,157.1325,158.2175,156.6335,157.1785
2026-03-22 13:02:00,157.2615,157.6855,156.0065,156.3895
2026-03-22 13:03:00,156.4555,158.0205,156.1225,157.5075
2026-03-22 13:04:00,157.4305,157.4715,155.5135,155.8415
2026-03-22 13:05:00,155.9155,156.6745,155.2585,156.0475
2026-03-22 13:06:00,156.1235,158.2895,156.0385,158.2895
2026-03-22 13:07:00,158.2105,158.3775,155.6605,155.7535
2026-03-22 13:08:00,155.6845,156.5315,155.4325,156.3945
2026-03-22 13:09:00,156.4645,157.4585,156.1515,156.4805
2026-03-22 13:10:00,156.4145,158.1355,156.1065,157.8185
2026-03-22 13:11:00,157.7475,158.8935,157.7475,158.5145
2026-03-22 13:12:00,158.6035,161.5575,157.5835,161.4275
2026-03-22 13:13:00,161.3375,163.1265,161.0685,162.5855
2026-03-22 13:14:00,162.6925,162.6925,159.6355,160.9325
2026-03-22 13:15:00,161.0045,161.1275,159.7555,161.1265
2026-03-22 13:16:00,161.0505,163.1005,161.0505,162.9305
2026-03-22 13:17:00,163.0165,164.8995,162.7135,164.6835
2026-03-22 13:18:00,164.7705,164.9885,163.2465,163.4655
2026-03-22 13:19:00,163.3915,163.9175,162.9035,162.9035
2026-03-22 13:20:00,162.8305,163.0515,160.2405,161.7705
2026-03-22 13:21:00,161.8395,162.8555,161.4535,162.0005
2026-03-22 13:22:00,162.0785,163.5485,161.4985,161.5805
2026-03-22 13:23:00,161.4965,161.8125,159.3605,159.6005
2026-03-22 13:24:00,159.5285,162.2475,158.5955,161.9735
2026-03-22 13:25:00,162.0625,162.3355,159.4375,160.9725
2026-03-22 13:26:00,160.8935,164.0075,160.8935,163.7805
2026-03-22 13:27:00,163.8695,165.5065,163.4575,165.5065
2026-03-22 13:28:00,165.4225,166.3985,164.9655,165.5435
2026-03-22 13:29:00,165.4675,166.9035,164.6295,165.8055
2026-03-22 13:30:00,165.7155,166.9375,165.2055,166.7845
2026-03-22 13:31:00,166.7075,167.1715,164.7685,164.8215
2026-03-22 13:32:00,164.9985,166.1745,164.3875,164.9285
2026-03-22 13:33:00,164.8455,164.9255,163.2265,163.6045
2026-03-22 13:34:00,163.5315,163.8525,161.5385,162.4195
2026-03-22 13:35:00,162.5065,163.3365,161.8695,162.0195
2026-03-22 13:36:00,162.1065,162.3165,161.1015,162.0065
2026-03-22 13:37:00,161.9245,162.4115,160.2635,160.3395
2026-03-22 13:38:00,160.2715,161.6835,159.4925,160.7095
2026-03-22 13:39:00,160.7775,161.6485,159.9765,160.0365
2026-03-22 13:40:00,159.9525,161.6835,159.6795,160.6785
2026-03-22 13:41:00,160.6115,160.6725,158.7545,159.3275
2026-03-22 13:42:00,159.2495,159.9805,158.4545,159.5545
2026-03-22 13:43:00,159.6295,159.8485,156.7675,157.2325
2026-03-22 13:44:00,157.4065,159.2005,157.4065,158.8935
2026-03-22 13:45:00,158.9815,160.3915,158.5695,159.2575
2026-03-22 13:46:00,159.1075,161.1595,158.7995,160.5105
2026-03-22 13:47:00,160.5855,162.7085,160.5725,162.0765
2026-03-22 13:48:00,162.1525,163.4415,161.3345,163.3775
2026-03-22 13:49:00,163.2875,163.8555,162.2855,162.2855
2026-03-22 13:50:00,162.2145,163.5965,161.6005,163.5965
2026-03-22 13:51:00,163.5185,165.8865,162.8225,164.4085
2026-03-22 13:52:00,164.3395,165.7725,163.9805,165.5815
2026-03-22 13:53:00,165.4935,166.7505,165.0335,165.5085
2026-03-22 13:54:00,165.5815,166.4585,164.8655,166.2235
2026-03-22 13:55:00,166.3095,166.8145,165.6635,165.8735
2026-03-22 13:56:00,165.9515,166.3625,163.1955,164.2325
2026-03-22 13:57:00,164.1505,165.1595,163.4085,163.8135
2026-03-22 13:58:00,163.7375,165.1315,163.6015,164.1715
2026-03-22 13:59:00,164.2605,164.5865,161.5945,161.5945
2026-03-22 14:00:00,161.6695,161.6695,160.0045,160.4385
2026-03-22 14:01:00,160.3695,161.7165,159.3295,161.2895
2026-03-22 14:02:00,161.3595,162.5475,160.2755,162.3385
2026-03-22 14:03:00,162.4185,163.2715,161.4295,161.6035
2026-03-22 14:04:00,161.5245,161.5375,159.1475,159.9435
2026-03-22 14:05:00,159.8675,160.0195,158.7445,159.1365
2026-03-22 14:06:00,159.0665,160.5825,158.8345,160.4395
2026-03-22 14:07:00,160.5285,162.1895,160.3665,160.5735
2026-03-22 14:08:00,160.6465,164.7735,160.6465,164.0695
2026-03-22 14:09:00,163.9785,165.6695,163.9565,165.5255
2026-03-22 14:10:00,165.7365,166.1215,164.9915,165.2535
2026-03-22 14:11:00,165.3265,166.3495,164.7425,165.6915
2026-03-22 14:12:00,165.7715,166.1465,164.8675,166.1405
2026-03-22 14:13:00,166.0695,166.1755,164.6395,164.6395
2026-03-22 14:14:00,164.5635,165.2835,163.1685,163.1685
2026-03-22 14:15:00,163.0965,163.4285,161.6945,162.5375
2026-03-22 14:16:00,162.4495,162.9845,161.3195,162.4995
2026-03-22 14:17:00,162.5795,162.6405,161.2395,161.9795
2026-03-22 14:18:00,161.9005,164.1775,161.8285,163.7375
2026-03-22 14:19:00,163.8115,166.3735,163.5085,166.0725
2026-03-22 14:20:00,166.3295,166.4055,164.3395,164.5485
2026-03-22 14:21:00,164.4465,167.5945,164.3675,166.9675
2026-03-22 14:22:00,166.8965,167.6845,165.8085,166.1315
2026-03-22 14:23:00,165.9525,166.7955,164.2885,164.8015
2026-03-22 14:24:00,164.7235,166.5595,163.6745,166.1885
2026-03-22 14:25:00,166.1095,166.3115,163.1915,163.5295
2026-03-22 14:26:00,163.6025,164.8615,163.4065,164.0235
2026-03-22 14:27:00,164.0945,164.2555,160.9275,161.0135
2026-03-22 14:28:00,161.0985,163.0195,161.0985,162.1285
2026-03-22 14:29:00,162.2105,163.4815,161.1535,162.7365
2026-03-22 14:30:00,162.8095,164.3565,162.6615,164.2765
2026-03-22 14:31:00,164.3525,165.2385,163.5815,163.8385
2026-03-22 14:32:00,163.7695,164.1895,163.0745,164.1675
2026-03-22 14:33:00,164.0965,164.3495,162.7345,163.4945
2026-03-22 14:34:00,163.4105,164.2295,162.9575,164.0025
2026-03-22 14:35:00,164.0875,165.7895,163.2785,165.7895
2026-03-22 14:36:00,165.8655,167.3925,165.7835,166.3155
2026-03-22 14:37:00,166.2295,168.8215,166.1415,168.1035
2026-03-22 14:38:00,168.0275,168.3485,166.4915,166.7935
2026-03-22 14:39:00,166.8745,168.7135,166.5595,168.4575
2026-03-22 14:40:00,168.5515,169.2185,167.3805,168.0575
2026-03-22 14:41:00,168.1495,168.6195,166.4475,166.5215
2026-03-22 14:42:00,166.4495,169.2945,166.2535,168.7895
2026-03-22 14:43:00,168.6975,169.4605,167.1055,167.2165
2026-03-22 14:44:00,167.3045,168.7705,166.9605,168.4865
2026-03-22 14:45:00,168.4145,169.4215,167.2335,168.7865
2026-03-22 14:46:00,169.0215,169.1825,167.6855,168.1765
2026-03-22 14:47:00,168.0885,171.0515,168.0325,170.9735
2026-03-22 14:48:00,170.8895,172.0935,169.8725,171.9945
2026-03-22 14:49:00,171.8485,173.6605,171.1425,172.8945
2026-03-22 14:50:00,172.8015,172.8855,169.8615,170.0885
2026-03-22 14:51:00,170.1665,171.2785,168.1725,168.5455
2026-03-22 14:52:00,168.6315,169.0415,166.4185,167.0045
2026-03-22 14:53:00,167.0925,168.6725,166.4285,168.2605
2026-03-22 14:54:00,168.3325,168.3325,167.4405,167.7015
2026-03-22 14:55:00,167.7815,170.4645,167.3615,170.4645
2026-03-22 14:56:00,170.5445,172.7985,170.4195,171.7545
2026-03-22 14:57:00,171.8415,172.2935,170.8945,171.4095
2026-03-22 14:58:00,171.5015,172.8025,170.5475,170.7275
2026-03-22 14:59:00,170.8125,171.2655,170.0215,171.1935
2026-03-22 15:00:00,171.1045,172.0105,170.3215,171.9295
2026-03-22 15:01:00,171.8355,173.4465,171.0325,172.2335
2026-03-22 15:02:00,172.1595,172.5845,170.8045,172.1425
2026-03-22 15:03:00,172.2155,172.6125,170.8955,171.8695
2026-03-22 15:04:00,171.7715,172.5045,171.1015,171.3935
2026-03-22 15:05:00,171.4715,173.0545,171.2915,171.8975
2026-03-22 15:06:00,171.9915,172.3115,170.7085,171.0355
2026-03-22 15:07:00,171.1175,172.0905,170.5055,170.5055
2026-03-22 15:08:00,170.4235,171.5035,170.1455,170.8745
2026-03-22 15:09:00,170.9865,171.3815,168.7525,169.0515
2026-03-22 15:10:00,168.9505,169.5625,167.6955,168.0165
2026-03-22 15:11:00,168.0925,170.0475,167.7835,167.7835
2026-03-22 15:12:00,167.6915,167.9875,166.6965,166.9665
2026-03-22 15:13:00,166.8775,167.0585,165.8185,166.4345
2026-03-22 15:14:00,166.5215,167.7225,166.0745,167.4835
2026-03-22 15:15:00,167.4045,168.3525,166.8325,166.9925
2026-03-22 15:16:00,167.0765,167.6355,166.2765,167.2855
2026-03-22 15:17:00,167.3775,168.7765,166.9835,167.3545
2026-03-22 15:18:00,167.4345,167.6785,165.7115,165.8825
2026-03-22 15:19:00,165.7965,168.2495,165.7965,166.7595
2026-03-22 15:20:00,166.6715,167.1675,165.5445,166.4585
2026-03-22 15:21:00,166.3885,169.9225,166.3205,169.9225
2026-03-22 15:22:00,169.8475,170.5485,169.0745,169.8575
2026-03-22 15:23:00,169.9425,170.1545,168.5505,169.3075
2026-03-22 15:24:00,169.4045,170.3285,167.8945,168.8765
2026-03-22 15:25:00,168.8015,169.9795,168.2465,169.6375
2026-03-22 15:26:00,169.7205,171.7785,169.7205,170.0405
2026-03-22 15:27:00,169.9505,170.6095,168.7645,170.2775
2026-03-22 15:28:00,170.1985,172.1725,169.2955,171.7285
2026-03-22 15:29:00,171.6415,172.7155,171.1025,172.2505
2026-03-22 15:30:00,172.3285,175.9925,172.2495,175.8075
2026-03-22 15:31:00,175.7215,175.7905,173.2785,173.7745
2026-03-22 15:32:00,173.8635,175.3405,173.4705,175.2315
2026-03-22 15:33:00,175.1365,175.3035,173.9565,174.8065
2026-03-22 15:34:00,174.7185,176.7805,174.5985,175.5795
2026-03-22 15:35:00,175.6625,176.4135,174.7405,174.9905
2026-03-22 15:36:00,175.0695,176.4245,174.7025,175.5755
2026-03-22 15:37:00,175.4835,175.8975,174.6395,175.3995
2026-03-22 15:38:00,175.4765,176.7935,174.7895,175.6425
2026-03-22 15:39:00,175.5185,176.5095,174.5965,176.3175
2026-03-22 15:40:00,176.2285,176.8445,175.1945,175.8425
2026-03-22 15:41:00,175.7535,177.5495,175.6655,176.4235
2026-03-22 15:42:00,176.6275,176.8905,174.4835,176.7355
2026-03-22 15:43:00,176.8115,177.2275,175.3135,176.0675
2026-03-22 15:44:00,175.9815,176.4975,174.8145,175.2625
2026-03-22 15:45:00,175.3485,176.3465,174.0175,174.1715
2026-03-22 15:46:00,174.3995,174.6335,173.6225,174.3095
2026-03-22 15:47:00,174.2195,175.4435,173.4275,175.1475
2026-03-22 15:48:00,175.2275,177.9155,175.2275,176.1035
2026-03-22 15:49:00,176.0085,176.7905,174.8225,176.1095
2026-03-22 15:50:00,176.0135,176.9595,175.5065,176.1765
2026-03-22 15:51:00,176.2675,178.0835,176.0935,176.8425
2026-03-22 15:52:00,176.7585,176.7705,174.5335,174.5435
2026-03-22 15:53:00,174.4595,174.7475,173.4595,173.6325
2026-03-22 15:54:00,173.5515,173.8465,170.1665,170.4985
2026-03-22 15:55:00,170.5745,171.9665,170.3895,171.0695
2026-03-22 15:56:00,171.1465,171.3965,168.9315,168.9315
2026-03-22 15:57:00,168.8495,169.7045,167.9675,168.0295
2026-03-22 15:58:00,167.9405,168.9755,167.6955,168.1815
2026-03-22 15:59:00,168.0895,169.4585,167.0655,167.0655
2026-03-22 16:00:00,166.9765,167.6675,165.2075,167.5875
2026-03-22 16:01:00,167.5065,167.8275,166.2095,166.6805
2026-03-22 16:02:00,166.7565,167.0175,165.7075,166.9075
2026-03-22 16:03:00,166.9895,167.8935,165.8525,167.3035
2026-03-22 16:04:00,167.3745,168.1545,166.2235,166.4025
2026-03-22 16:05:00,166.4875,166.5925,164.5475,166.3645
2026-03-22 16:06:00,166.4495,167.0725,164.0955,164.3915
2026-03-22 16:07:00,164.5475,164.5475,163.1375,163.4175
2026-03-22 16:08:00,163.3475,163.8815,161.4545,161.4585
2026-03-22 16:09:00,161.3835,162.1575,159.6235,161.0225
2026-03-22 16:10:00,160.9495,163.2805,160.8255,163.0105
2026-03-22 16:11:00,163.0835,163.6485,160.7575,161.1325
2026-03-22 16:12:00,161.2025,161.7455,160.0645,160.0645
2026-03-22 16:13:00,160.1495,160.4765,158.8715,159.2135
2026-03-22 16:14:00,159.1425,161.3545,159.0735,161.0685
2026-03-22 16:15:00,160.9995,161.0965,159.7615,160.8115
2026-03-22 16:16:00,160.8985,162.3915,160.8265,162.1325
2026-03-22 16:17:00,162.0535,162.6655,161.3415,162.2735
2026-03-22 16:18:00,162.3495,165.9215,162.3225,165.8355
2026-03-22 16:19:00,165.7445,166.7615,162.8155,163.2535
2026-03-22 16:20:00,163.1825,164.2465,162.3045,162.3045
2026-03-22 16:21:00,162.2165,163.2785,161.5215,161.7935
2026-03-22 16:22:00,161.5525,162.3795,160.9755,161.1505
2026-03-22 16:23:00,161.2255,161.8925,159.6115,160.0655
2026-03-22 16:24:00,160.1385,160.4135,158.3715,159.3635
2026-03-22 16:25:00,159.2775,159.2775,156.5125,156.7595
2026-03-22 16:26:00,156.8435,157.2945,155.0105,157.2945
2026-03-22 16:27:00,157.3825,158.2785,156.7755,157.2355
2026-03-22 16:28:00,157.1655,157.4625,155.0715,155.2225
2026-03-22 16:29:00,155.1375,156.1425,154.6125,155.4735
2026-03-22 16:30:00,155.5435,156.6795,154.3505,155.1765
2026-03-22 16:31:00,155.1005,157.4035,155.1005,156.8035
2026-03-22 16:32:00,156.8765,156.8985,155.3615,156.2625
2026-03-22 16:33:00,156.1805,157.2495,156.1805,156.7535
2026-03-22 16:34:00,156.6725,157.1435,152.8465,153.3185
2026-03-22 16:35:00,153.2335,155.6775,153.0735,155.1355
2026-03-22 16:36:00,155.2185,155.8645,154.0965,154.7065
2026-03-22 16:37:00,154.6335,157.5075,154.3765,157.5055
2026-03-22 16:38:00,157.5925,158.6835,156.9235,157.7495
2026-03-22 16:39:00,157.8195,158.1625,157.0595,158.1115
2026-03-22 16:40:00,158.1865,160.2185,157.5565,159.7605
2026-03-22 16:41:00,159.6875,161.1805,159.1475,160.6195
2026-03-22 16:42:00,160.5335,162.9565,159.9615,161.6945
2026-03-22 16:43:00,161.6215,161.8735,159.9275,160.5545
2026-03-22 16:44:00,160.6255,161.4015,160.0245,161.3295
2026-03-22 16:45:00,161.4145,161.4875,159.8655,160.0155
2026-03-22 16:46:00,159.9305,160.3625,159.0005,159.6085
2026-03-22 16:47:00,159.5315,160.6185,158.5625,160.0575
2026-03-22 16:48:00,159.9885,160.4205,158.2865,158.2865
2026-03-22 16:49:00,158.2085,159.5835,155.9565,156.3425
2026-03-22 16:50:00,156.2765,157.1045,155.5515,156.3425
2026-03-22 16:51:00,156.2655,157.1475,155.3955,156.6745
2026-03-22 16:52:00,156.6035,156.9555,154.8585,155.1425
2026-03-22 16:53:00,155.0675,155.3725,152.6155,153.7465
2026-03-22 16:54:00,153.8205,154.7645,153.4005,153.8015
2026-03-22 16:55:00,153.6875,154.6855,153.5465,154.3195
2026-03-22 16:56:00,154.3885,154.7345,153.1065,154.7345
2026-03-22 16:57:00,154.6685,154.8945,153.5345,153.6805
2026-03-22 16:58:00,153.5975,153.7985,152.7195,153.2915
2026-03-22 16:59:00,153.3705,154.1435,152.2105,152.6515
2026-03-22 17:00:00,152.5845,154.0475,152.5035,152.9755
2026-03-22 17:01:00,153.0495,153.2855,151.2795,151.8665
2026-03-22 17:02:00,151.9505,155.6775,151.8695,155.6775
2026-03-22 17:03:00,155.6005,156.7845,154.6335,156.7845
2026-03-22 17:04:00,156.8565,157.6115,154.1305,154.4925
2026-03-22 17:05:00,154.4055,154.4125,152.8225,153.6365
2026-03-22 17:06:00,153.7045,154.1155,152.8265,153.5905
2026-03-22 17:07:00,153.5185,153.5185,150.7485,151.1195
2026-03-22 17:08:00,151.1895,151.4735,149.4485,150.1625
2026-03-22 17:09:00,150.0825,151.7355,150.0805,151.4745
2026-03-22 17:10:00,151.5475,154.7215,151.5475,153.9875
2026-03-22 17:11:00,154.0575,155.3755,153.5215,154.5485
2026-03-22 17:12:00,154.6285,155.2555,153.2505,155.1515
2026-03-22 17:13:00,155.0805,156.4225,153.5965,155.8385
2026-03-22 17:14:00,155.7585,157.2415,155.0625,155.0625
2026-03-22 17:15:00,154.9795,156.7105,154.8565,156.5505
2026-03-22 17:16:00,156.4775,157.9185,155.6215,157.8495
2026-03-22 17:17:00,157.7715,158.8675,157.5345,158.0295
2026-03-22 17:18:00,157.9535,158.4505,157.2185,157.9915
2026-03-22 17:19:00,157.7695,158.1895,156.3975,157.1545
2026-03-22 17:20:00,157.2415,158.1845,155.8765,156.4485
2026-03-22 17:21:00,156.3735,159.1765,156.2955,159.1765
2026-03-22 17:22:00,159.2495,161.5875,159.2495,161.2955
2026-03-22 17:23:00,161.2275,162.0595,160.4085,161.2645
2026-03-22 17:24:00,161.1885,161.8065,159.7035,161.1125
2026-03-22 17:25:00,161.0395,164.4185,160.9575,164.2445
2026-03-22 17:26:00,164.3485,165.6235,163.8055,164.7125
2026-03-22 17:27:00,164.7925,164.8935,161.8805,162.5235
2026-03-22 17:28:00,162.6215,163.5545,162.0505,163.2145
2026-03-22 17:29:00,163.2995,164.3605,163.0695,163.8625
2026-03-22 17:30:00,163.6315,164.3225,163.3025,163.5975
2026-03-22 17:31:00,163.5195,164.4705,163.0295,163.0585
2026-03-22 17:32:00,163.1505,164.4725,162.2935,163.7385
2026-03-22 17:33:00,163.8085,163.8925,161.1385,161.9995
2026-03-22 17:34:00,162.0755,162.8045,161.2595,161.9775
2026-03-22 17:35:00,162.0575,162.4865,160.7315,162.0035
2026-03-22 17:36:00,161.9345,162.4705,161.2785,162.0335
2026-03-22 17:37:00,161.9215,163.7295,161.5005,163.7295
2026-03-22 17:38:00,163.8065,163.9515,162.3895,163.8815
2026-03-22 17:39:00,163.9525,164.6845,163.2325,163.7205
2026-03-22 17:40:00,163.6165,163.6165,161.4065,162.2035
2026-03-22 17:41:00,162.2735,164.7785,162.0795,164.5395
2026-03-22 17:42:00,164.4695,164.5685,162.8565,164.5685
2026-03-22 17:43:00,164.4865,165.0495,163.0945,164.6045
2026-03-22 17:44:00,164.5235,164.8795,163.4545,164.4765
2026-03-22 17:45:00,164.5465,165.5525,163.9655,164.2915
2026-03-22 17:46:00,164.3725,166.2905,164.3725,165.8105
2026-03-22 17:47:00,165.7365,166.7335,165.4535,166.3705
2026-03-22 17:48:00,166.4405,166.7615,164.9815,166.2945
2026-03-22 17:49:00,166.3775,167.1575,165.7065,166.0875
2026-03-22 17:50:00,166.1665,166.7405,165.2735,165.9895
2026-03-22 17:51:00,166.0605,168.3385,165.8745,166.8785
2026-03-22 17:52:00,166.9685,167.4125,166.0595,166.8805
2026-03-22 17:53:00,166.7965,169.1035,166.7965,168.5555
2026-03-22 17:54:00,168.4815,168.9285,167.9915,168.8345
2026-03-22 17:55:00,168.9775,169.4945,166.5725,166.9075
2026-03-22 17:56:00,166.9935,167.6535,166.2895,167.3605
2026-03-22 17:57:00,167.4355,168.3345,166.4965,167.7525
2026-03-22 17:58:00,167.6795,168.2435,166.1445,167.4645
2026-03-22 17:59:00,167.5545,167.7195,166.0315,167.3915
2026-03-22 18:00:00,167.4685,167.8035,166.3625,166.7035
2026-03-22 18:01:00,166.7955,167.0255,165.7655,166.5015
2026-03-22 18:02:00,166.4145,166.4185,164.6895,165.2685
2026-03-22 18:03:00,165.5125,165.5875,162.6995,162.6995
2026-03-22 18:04:00,162.7785,163.3175,161.8025,162.5065
2026-03-22 18:05:00,162.5785,162.6085,160.7125,161.2465
2026-03-22 18:06:00,161.3225,161.8515,160.0455,160.4405
2026-03-22 18:07:00,160.5955,161.0115,160.0105,160.7805
2026-03-22 18:08:00,160.8535,161.0635,159.2275,159.7065
2026-03-22 18:09:00,159.6335,160.8005,159.2355,159.3505
2026-03-22 18:10:00,159.4275,160.3055,159.2455,159.3615
2026-03-22 18:11:00,159.4305,160.1295,158.7465,159.7905
2026-03-22 18:12:00,159.8755,161.7005,159.7275,161.6845
2026-03-22 18:13:00,161.7605,161.9465,160.5135,161.1205
2026-03-22 18:14:00,161.1975,162.2535,160.3205,162.2365
2026-03-22 18:15:00,162.1495,163.1255,161.6525,162.6655
2026-03-22 18:16:00,162.5835,163.3075,161.0815,162.7685
2026-03-22 18:17:00,162.6835,162.9145,160.4905,162.2105
2026-03-22 18:18:00,162.2825,163.2485,161.7805,162.3605
2026-03-22 18:19:00,162.6115,163.4835,162.2575,163.0265
2026-03-22 18:20:00,163.1125,163.6905,162.2405,162.2405
2026-03-22 18:21:00,162.1615,162.1615,160.5565,161.5155
2026-03-22 18:22:00,161.4445,164.8825,161.0465,164.8415
2026-03-22 18:23:00,164.7605,165.0605,162.4925,162.5795
2026-03-22 18:24:00,162.5085,163.2135,162.1805,162.8195
2026-03-22 18:25:00,162.7445,163.0645,161.7605,162.3065
2026-03-22 18:26:00,162.3885,162.5995,160.6815,160.8805
2026-03-22 18:27:00,160.8045,161.1225,158.9595,159.2245
2026-03-22 18:28:00,159.1535,159.5585,157.2485,158.0545
2026-03-22 18:29:00,158.1325,159.1535,157.5765,157.9105
2026-03-22 18:30:00,157.8295,158.8345,157.7375,158.2425
2026-03-22 18:31:00,158.3165,159.1735,157.9035,159.1735
2026-03-22 18:32:00,159.2505,162.6905,159.1285,162.4305
2026-03-22 18:33:00,162.3565,163.6165,161.8855,162.2005
2026-03-22 18:34:00,162.1225,162.6035,160.2135,160.4445
2026-03-22 18:35:00,160.5305,162.1825,160.3115,161.4765
2026-03-22 18:36:00,161.5655,161.6405,158.3735,158.6855
2026-03-22 18:37:00,158.7735,159.0875,156.8775,157.9695
2026-03-22 18:38:00,158.0475,158.6185,155.3605,155.5525
2026-03-22 18:39:00,155.6305,157.4085,155.1555,156.2065
2026-03-22 18:40:00,156.1285,156.3905,154.4945,155.1135
2026-03-22 18:41:00,155.0345,156.5375,154.3285,156.5375
2026-03-22 18:42:00,156.4615,157.1245,155.6655,155.7575
2026-03-22 18:43:00,155.6765,157.0795,155.0985,157.0795
2026-03-22 18:44:00,157.1555,157.3395,154.8965,155.2695
2026-03-22 18:45:00,155.3515,155.9765,153.9925,154.6315
2026-03-22 18:46:00,154.5585,154.8545,153.4095,153.8675
2026-03-22 18:47:00,153.9365,155.9735,153.5005,155.8935
2026-03-22 18:48:00,155.7985,156.8945,155.1985,156.8265
2026-03-22 18:49:00,156.9025,158.3485,156.2385,157.7575
2026-03-22 18:50:00,157.6735,158.4455,157.1865,158.0435
2026-03-22 18:51:00,158.1235,158.1235,156.3515,156.5215
2026-03-22 18:52:00,156.4085,156.7775,155.2435,155.6775
2026-03-22 18:53:00,155.7525,158.0475,155.1545,158.0475
2026-03-22 18:54:00,157.9685,159.4405,157.2055,157.5825
2026-03-22 18:55:00,157.6525,159.9905,157.1865,159.7225
2026-03-22 18:56:00,159.8105,162.0135,159.6555,161.5335
2026-03-22 18:57:00,161.6185,163.2905,161.2905,162.4935
2026-03-22 18:58:00,162.4205,163.3755,161.9275,163.2585
2026-03-22 18:59:00,163.1865,163.9365,162.3665,163.1985
2026-03-22 19:00:00,163.1215,165.6715,161.8625,165.5015
2026-03-22 19:01:00,165.4155,165.6105,164.0145,164.8175
2026-03-22 19:02:00,164.7425,166.0045,164.1875,165.9045
2026-03-22 19:03:00,165.9815,166.4505,165.3175,166.0615
2026-03-22 19:04:00,165.9715,166.8745,165.3555,165.3555
2026-03-22 19:05:00,165.2515,165.8605,164.4545,165.0405
2026-03-22 19:06:00,165.1135,166.6915,165.0255,165.9915
2026-03-22 19:07:00,165.9015,167.0245,165.1875,166.1565
2026-03-22 19:08:00,166.2405,166.4005,164.9155,165.4715
2026-03-22 19:09:00,165.3965,166.6445,164.9255,165.1475
2026-03-22 19:10:00,165.0725,165.4435,161.9465,162.3765
2026-03-22 19:11:00,162.2875,162.3665,160.3105,160.6435
2026-03-22 19:12:00,160.7285,160.9815,157.8775,158.3235
2026-03-22 19:13:00,158.3915,158.8595,155.4735,155.5725
2026-03-22 19:14:00,155.5045,156.3935,155.1115,155.3085
2026-03-22 19:15:00,155.2235,155.4295,154.1105,154.8365
2026-03-22 19:16:00,154.9085,155.6865,153.8045,154.5355
2026-03-22 19:17:00,154.4655,156.3075,154.4465,155.6275
2026-03-22 19:18:00,155.6965,157.1055,155.1695,156.5895
2026-03-22 19:19:00,156.6745,157.8955,155.7855,156.5455
2026-03-22 19:20:00,156.4765,156.6095,155.2985,155.8895
2026-03-22 19:21:00,155.9645,156.5045,155.2495,155.5835
2026-03-22 19:22:00,155.5115,157.2205,155.1805,157.2205
2026-03-22 19:23:00,157.1155,158.8215,156.8015,158.5145
2026-03-22 19:24:00,158.6005,160.5535,158.2785,160.4695
2026-03-22 19:25:00,160.5485,162.4795,160.5485,161.7035
2026-03-22 19:26:00,161.7835,162.2195,159.9685,161.6685
2026-03-22 19:27:00,161.5805,162.7145,161.4595,162.0885
2026-03-22 19:28:00,162.1735,164.9065,162.0875,164.2615
2026-03-22 19:29:00,164.3325,165.5795,163.7375,164.2325
2026-03-22 19:30:00,164.3105,164.6975,162.0295,162.5325
2026-03-22 19:31:00,162.6135,162.6135,161.5855,161.8135
2026-03-22 19:32:00,161.8865,163.7805,161.0595,161.8075
2026-03-22 19:33:00,161.8975,162.6335,161.2475,161.6055
2026-03-22 19:34:00,161.5365,161.8655,160.1345,160.4455
2026-03-22 19:35:00,160.5215,162.2925,160.2795,161.9675
2026-03-22 19:36:00,162.0405,163.4965,161.6555,163.0785
2026-03-22 19:37:00,163.1555,163.5635,162.1135,162.5745
2026-03-22 19:38:00,162.6535,162.8195,160.5395,161.4695
2026-03-22 19:39:00,161.5535,161.8165,160.6425,161.6445
2026-03-22 19:40:00,161.5675,163.3505,161.3415,161.4845
2026-03-22 19:41:00,161.4135,163.5485,161.1165,163.5415
2026-03-22 19:42:00,163.4535,163.4985,160.7325,161.6135
2026-03-22 19:43:00,161.5255,161.8115,160.1185,160.1985
2026-03-22 19:44:00,160.2755,161.3915,159.8765,160.5205
2026-03-22 19:45:00,160.5935,160.7605,159.1515,160.0115
2026-03-22 19:46:00,159.9315,162.5975,159.8505,162.2005
2026-03-22 19:47:00,162.1155,163.6585,161.2225,163.4485
2026-03-22 19:48:00,163.3595,164.6015,162.6575,164.2565
2026-03-22 19:49:00,164.3345,165.0555,163.2685,164.6285
2026-03-22 19:50:00,164.7115,166.1065,164.6225,165.0495
2026-03-22 19:51:00,164.9635,165.4865,162.9095,162.9095
2026-03-22 19:52:00,163.1685,163.5295,162.1145,162.5715
2026-03-22 19:53:00,162.5025,163.1745,161.0785,161.2425
2026-03-22 19:54:00,161.1385,161.2145,159.3615,159.9275
2026-03-22 19:55:00,159.8545,162.3035,159.6935,162.0085
2026-03-22 19:56:00,162.0865,164.0545,161.9765,164.0155
2026-03-22 19:57:00,164.1275,164.8925,163.5935,164.0575
2026-03-22 19:58:00,164.1345,165.5835,163.2795,165.5835
2026-03-22 19:59:00,165.3695,165.6175,163.2725,163.5105
2026-03-22 20:00:00,163.4395,163.9855,162.2515,163.4255
2026-03-22 20:01:00,163.3425,163.4195,162.3555,163.3195
2026-03-22 20:02:00,163.3935,163.3935,160.3795,160.6405
2026-03-22 20:03:00,160.5615,162.9095,160.4785,162.3845
2026-03-22 20:04:00,162.4545,164.0645,161.9355,163.4485
2026-03-22 20:05:00,163.5185,164.4475,162.8595,163.8875
2026-03-22 20:06:00,163.8075,164.1605,161.3675,161.9835
2026-03-22 20:07:00,162.0625,162.0625,160.2915,160.6935
2026-03-22 20:08:00,160.6155,160.9405,158.5835,159.6495
2026-03-22 20:09:00,159.7235,159.7235,158.2745,159.0845
2026-03-22 20:10:00,159.1585,160.2855,158.5225,159.0535
2026-03-22 20:11:00,158.9815,159.3315,157.8005,158.6425
2026-03-22 20:12:00,158.5685,159.0895,156.4925,156.6545
2026-03-22 20:13:00,156.5775,158.8485,155.8845,158.4605
2026-03-22 20:14:00,158.3945,159.8775,158.1425,158.4625
2026-03-22 20:15:00,158.3855,159.4905,157.7645,159.3305
2026-03-22 20:16:00,159.2375,159.9585,158.2505,158.6655
2026-03-22 20:17:00,158.5865,160.4135,158.2045,159.7425
2026-03-22 20:18:00,159.6745,160.6125,158.4355,158.7285
2026-03-22 20:19:00,158.8135,160.4585,158.4195,159.8015
2026-03-22 20:20:00,159.7295,160.1205,158.9015,159.4475
2026-03-22 20:21:00,159.3615,161.3175,159.1665,160.9325
2026-03-22 20:22:00,160.8565,161.1565,159.4975,160.5185
2026-03-22 20:23:00,160.4365,162.3735,160.3675,162.2885
2026-03-22 20:24:00,162.2095,162.8875,160.1155,160.1155
2026-03-22 20:25:00,160.0415,161.9945,159.8895,161.4205
2026-03-22 20:26:00,161.3515,162.1285,160.3435,161.6415
2026-03-22 20:27:00,161.7255,162.6135,160.7035,161.2685
2026-03-22 20:28:00,161.1665,162.3655,161.0005,161.3095
2026-03-22 20:29:00,161.2385,161.2435,159.6555,160.1685
2026-03-22 20:30:00,160.2425,160.7975,158.7165,158.9955
2026-03-22 20:31:00,158.9135,159.4845,157.8065,157.8995
2026-03-22 20:32:00,157.9695,158.0495,156.4885,157.4555
2026-03-22 20:33:00,157.3765,157.8455,156.7865,157.1915
2026-03-22 20:34:00,157.2585,160.8495,156.9425,160.6435
2026-03-22 20:35:00,160.5675,160.9835,158.7815,160.3525
2026-03-22 20:36:00,160.4195,160.9305,159.7455,160.8845
2026-03-22 20:37:00,160.8065,161.5645,159.8525,160.6755
2026-03-22 20:38:00,160.7495,162.8265,160.6805,162.4205
2026-03-22 20:39:00,162.3435,164.3775,162.3435,163.7145
2026-03-22 20:40:00,163.8025,164.1525,161.9065,162.0985
2026-03-22 20:41:00,162.1775,163.5485,161.9305,162.1365
2026-03-22 20:42:00,162.2235,162.5265,160.0415,160.1125
2026-03-22 20:43:00,160.0435,160.5645,159.0415,159.8075
2026-03-22 20:44:00,159.8945,160.1965,159.1435,159.3315
2026-03-22 20:45:00,159.4145,159.6215,157.9775,159.3365
2026-03-22 20:46:00,159.2505,159.4655,157.3135,157.8175
2026-03-22 20:47:00,157.7155,157.7155,154.5765,154.9725
2026-03-22 20:48:00,154.8985,155.8695,154.2175,154.3875
2026-03-22 20:49:00,154.3165,156.3535,153.9015,156.1665
2026-03-22 20:50:00,156.0995,156.4595,154.6655,154.9055
2026-03-22 20:51:00,154.8245,157.3855,154.6665,157.3855
2026-03-22 20:52:00,157.3095,158.5045,157.0715,157.1495
2026-03-22 20:53:00,157.0655,157.4025,155.8625,156.5135
2026-03-22 20:54:00,156.4355,156.5225,154.9585,155.2875
2026-03-22 20:55:00,155.3595,156.1285,154.6295,155.5375
2026-03-22 20:56:00,155.4555,155.6755,153.6555,153.8055
2026-03-22 20:57:00,153.7235,154.9895,153.4585,153.8535
2026-03-22 20:58:00,153.9345,155.3335,153.8645,154.3275
2026-03-22 20:59:00,154.3945,156.3185,154.3175,155.7135
2026-03-22 21:00:00,155.6445,155.8825,154.6535,155.2215
2026-03-22 21:01:00,155.1455,155.8405,154.4875,154.9075
2026-03-22 21:02:00,154.9765,155.7985,153.7835,155.7985
2026-03-22 21:03:00,155.7235,156.5875,154.9075,155.6365
2026-03-22 21:04:00,155.5705,156.3805,155.2255,155.3195
2026-03-22 21:05:00,155.2335,155.3855,152.8785,153.1005
2026-03-22 21:06:00,153.1795,153.5555,151.1845,151.3985
2026-03-22 21:07:00,151.4735,152.0925,150.6355,151.1405
2026-03-22 21:08:00,151.2235,152.3895,151.0235,152.2525
2026-03-22 21:09:00,152.3495,153.5565,151.1145,151.7155
2026-03-22 21:10:00,151.6335,153.2215,150.8815,152.9855
2026-03-22 21:11:00,153.1545,153.9665,152.3555,152.8395
2026-03-22 21:12:00,152.7615,155.4635,152.5015,155.0705
2026-03-22 21:13:00,155.1785,157.3485,155.1785,156.9175
2026-03-22 21:14:00,156.8405,158.8385,156.7585,158.3055
2026-03-22 21:15:00,158.3755,159.2455,156.6945,156.7025
2026-03-22 21:16:00,156.6265,157.6115,156.2415,156.5795
2026-03-22 21:17:00,156.5035,157.3865,156.0885,157.0605
2026-03-22 21:18:00,156.9945,157.9365,156.3225,157.6905
2026-03-22 21:19:00,157.6095,158.2125,156.6465,158.1025
2026-03-22 21:20:00,158.1885,159.0815,157.6945,158.5145
2026-03-22 21:21:00,158.5835,160.1455,158.5015,159.7065
2026-03-22 21:22:00,159.7985,160.3185,158.8555,160.1935
2026-03-22 21:23:00,160.1115,162.2875,160.0375,161.9015
2026-03-22 21:24:00,161.8205,162.9235,160.8535,161.1575
2026-03-22 21:25:00,161.2295,161.6205,159.6325,160.0335
2026-03-22 21:26:00,160.1095,162.0155,159.9305,160.6885
2026-03-22 21:27:00,160.6065,161.7055,160.0795,161.6295
2026-03-22 21:28:00,161.5455,163.1885,160.8005,162.7305
2026-03-22 21:29:00,162.6505,163.1325,161.8435,162.8345
2026-03-22 21:30:00,162.9115,163.8925,162.3935,163.6125
2026-03-22 21:31:00,163.7035,164.2595,161.8975,163.9995
2026-03-22 21:32:00,164.0735,165.3805,163.0195,163.3015
2026-03-22 21:33:00,163.3905,163.5925,161.4315,161.4315
2026-03-22 21:34:00,161.3565,162.6125,160.7745,161.6765
2026-03-22 21:35:00,161.6025,163.2075,161.0105,162.4865
2026-03-22 21:36:00,162.5595,162.5595,159.9305,159.9305
2026-03-22 21:37:00,160.0065,160.5395,159.1185,159.2155
2026-03-22 21:38:00,159.2995,160.0965,158.4365,159.1585
2026-03-22 21:39:00,159.0885,159.6505,156.5735,157.0655
2026-03-22 21:40:00,157.1465,158.8895,157.1465,158.1775
2026-03-22 21:41:00,158.2615,158.5595,156.8835,157.3935
2026-03-22 21:42:00,157.3275,157.4815,153.7575,154.2115
2026-03-22 21:43:00,154.1295,154.4735,152.8185,152.9235
2026-03-22 21:44:00,153.0015,155.3275,152.8695,154.9225
2026-03-22 21:45:00,154.8385,156.0955,153.5635,153.7035
2026-03-22 21:46:00,153.6285,154.4135,153.3735,153.9615
2026-03-22 21:47:00,154.0375,154.0405,152.4845,153.4075
2026-03-22 21:48:00,153.3315,154.7645,152.5215,154.7645
2026-03-22 21:49:00,154.6955,156.0755,154.4245,155.2885
2026-03-22 21:50:00,155.3655,156.1525,154.7015,156.1445
2026-03-22 21:51:00,156.2245,156.9905,154.9945,155.0645
2026-03-22 21:52:00,155.1465,156.3395,154.7435,155.4395
2026-03-22 21:53:00,155.3695,155.3725,153.1275,153.2695
2026-03-22 21:54:00,153.1965,154.4135,151.9765,152.4905
2026-03-22 21:55:00,152.5705,153.1655,151.9915,152.5445
2026-03-22 21:56:00,152.4655,152.4655,150.5425,151.3675
2026-03-22 21:57:00,151.4885,154.2015,151.2345,153.8035
2026-03-22 21:58:00,153.7365,155.7285,153.7365,154.7505
2026-03-22 21:59:00,154.5295,155.2435,153.9235,154.5385
2026-03-22 22:00:00,154.6345,155.0085,153.6885,154.8515
2026-03-22 22:01:00,154.9285,156.7095,154.5035,154.9625
2026-03-22 22:02:00,155.0295,155.2335,153.8575,154.8235
2026-03-22 22:03:00,154.9035,155.0375,153.5405,154.4975
2026-03-22 22:04:00,154.4285,154.7505,153.8245,154.3725
2026-03-22 22:05:00,154.2995,154.4505,153.2755,153.3785
2026-03-22 22:06:00,153.3085,154.8825,153.2205,154.3625
2026-03-22 22:07:00,154.4315,155.3455,154.0405,154.1605
2026-03-22 22:08:00,154.2255,155.2945,154.0295,154.2555
2026-03-22 22:09:00,154.3385,155.3255,154.0725,154.5055
2026-03-22 22:10:00,154.4335,155.5565,153.1975,153.3645
2026-03-22 22:11:00,153.4295,154.3345,152.7215,153.0605
2026-03-22 22:12:00,153.1305,153.5455,151.3285,152.3685
2026-03-22 22:13:00,152.2975,152.7475,151.2215,151.3545
2026-03-22 22:14:00,151.4285,151.8745,150.6725,151.1345
2026-03-22 22:15:00,151.2165,152.5875,151.0565,151.6905
2026-03-22 22:16:00,151.6215,152.6165,151.0575,151.8805
2026-03-22 22:17:00,151.9535,152.3505,150.8905,152.3505
2026-03-22 22:18:00,152.4185,152.4185,149.8605,150.3795
2026-03-22 22:19:00,150.3065,152.0845,150.2345,152.0835
2026-03-22 22:20:00,151.9995,154.3745,151.6265,154.3035
2026-03-22 22:21:00,154.2345,155.6735,154.1495,155.5715
2026-03-22 22:22:00,155.4975,156.0885,154.3825,155.2845
2026-03-22 22:23:00,155.3695,157.3105,155.3655,157.3105
2026-03-22 22:24:00,157.2325,157.7445,156.4745,157.1795
2026-03-22 22:25:00,157.2685,158.2205,157.1095,157.5415
2026-03-22 22:26:00,157.6215,159.6325,157.4275,159.6325
2026-03-22 22:27:00,159.5565,159.6295,158.0455,159.4615
2026-03-22 22:28:00,159.5325,160.3875,159.0605,159.1825
2026-03-22 22:29:00,159.1145,160.9355,158.9395,160.0435
2026-03-22 22:30:00,159.9675,162.3565,159.9675,161.5015
2026-03-22 22:31:00,161.5845,161.9465,159.9105,161.6135
2026-03-22 22:32:00,161.5385,162.1795,159.4485,159.9955
2026-03-22 22:33:00,159.9265,161.9265,158.7415,161.7255
2026-03-22 22:34:00,161.8135,161.9805,160.2195,160.2195
2026-03-22 22:35:00,160.3205,161.2835,159.5915,160.0345
2026-03-22 22:36:00,160.1175,162.6495,160.0225,161.2795
2026-03-22 22:37:00,161.3565,164.4275,161.2885,164.3035
2026-03-22 22:38:00,164.3965,164.3965,163.1505,163.9335
2026-03-22 22:39:00,164.0035,164.3655,162.1375,162.6745
2026-03-22 22:40:00,162.6005,164.9125,162.1725,164.9125
2026-03-22 22:41:00,164.8415,165.5195,163.6385,164.3295
2026-03-22 22:42:00,164.2575,166.3355,163.7015,165.7755
2026-03-22 22:43:00,165.8535,167.6755,165.4405,166.4385
2026-03-22 22:44:00,166.3655,166.6165,165.7635,165.8735
2026-03-22 22:45:00,165.9635,166.0465,163.0005,163.1695
2026-03-22 22:46:00,163.2415,164.8665,162.1605,164.6475
2026-03-22 22:47:00,164.5615,167.6195,164.4905,167.1975
2026-03-22 22:48:00,167.2835,167.9285,166.3945,167.0595
2026-03-22 22:49:00,167.1515,168.9455,166.8815,168.5595
2026-03-22 22:50:00,168.6495,170.9195,168.2135,170.7635
2026-03-22 22:51:00,170.8485,172.0555,169.6255,171.8115
2026-03-22 22:52:00,171.7375,172.4095,171.1345,172.0835
2026-03-22 22:53:00,172.0115,172.3135,169.9205,169.9205
2026-03-22 22:54:00,169.9995,171.8805,169.6205,171.6295
2026-03-22 22:55:00,171.7045,171.7805,169.7375,170.7955
2026-03-22 22:56:00,170.8715,170.9435,169.6175,170.1435
2026-03-22 22:57:00,170.2355,171.2305,168.6785,171.0285
2026-03-22 22:58:00,171.1165,171.9285,170.4365,171.6495
2026-03-22 22:59:00,171.5745,171.6555,170.0705,171.1935
2026-03-22 23:00:00,171.2775,172.7325,170.5735,170.7945
2026-03-22 23:01:00,170.7085,171.5795,168.4825,168.8385
2026-03-22 23:02:00,168.9245,170.8675,168.4855,170.5405
2026-03-22 23:03:00,170.4475,172.6585,169.7835,172.3525
2026-03-22 23:04:00,172.2655,173.9605,172.1715,173.7175
2026-03-22 23:05:00,173.7965,175.3655,173.7965,174.6765
2026-03-22 23:06:00,174.5895,174.5895,171.8665,173.2835
2026-03-22 23:07:00,173.3595,176.1055,173.1425,175.8745
2026-03-22 23:08:00,175.7965,177.3005,174.6355,177.1225
2026-03-22 23:09:00,177.2045,178.1965,176.2205,177.9465
2026-03-22 23:10:00,177.8555,178.8795,177.3105,177.5025
2026-03-22 23:11:00,177.4255,177.7105,175.5675,176.6605
2026-03-22 23:12:00,176.7435,177.8735,176.4995,177.0505
2026-03-22 23:13:00,176.9695,177.7175,176.1405,177.6215
2026-03-22 23:14:00,177.7005,178.5675,176.8895,177.0825
2026-03-22 23:15:00,177.1585,181.7065,177.1585,181.7065
2026-03-22 23:16:00,181.7875,183.6495,181.2845,183.1125
2026-03-22 23:17:00,183.1995,183.8465,181.9755,183.4835
2026-03-22 23:18:00,183.5745,185.0395,182.2475,184.4075
2026-03-22 23:19:00,184.4955,185.3605,183.9515,184.2405
2026-03-22 23:20:00,184.1445,184.8045,182.1345,182.9085
2026-03-22 23:21:00,182.8215,182.8215,180.5195,181.6745
2026-03-22 23:22:00,181.5935,183.0425,180.2275,181.2425
2026-03-22 23:23:00,181.3415,181.5595,179.6865,181.0215
2026-03-22 23:24:00,181.1025,182.0315,180.6675,180.7535
2026-03-22 23:25:00,180.6695,182.3355,180.5555,181.2105
2026-03-22 23:26:00,180.9495,183.1105,180.7915,181.4595
2026-03-22 23:27:00,181.3595,181.7135,179.2315,179.3005
2026-03-22 23:28:00,179.2245,179.3175,176.2845,176.6855
2026-03-22 23:29:00,176.6015,178.0505,175.6365,176.0635
2026-03-22 23:30:00,176.1455,176.1455,173.1125,173.6065
2026-03-22 23:31:00,173.7005,174.6035,172.5265,174.4965
2026-03-22 23:32:00,174.5735,177.4525,174.5735,177.4525
2026-03-22 23:33:00,177.5415,178.5555,176.5765,177.0445
2026-03-22 23:34:00,176.9695,177.1325,173.9835,174.5945
2026-03-22 23:35:00,174.6905,174.7145,173.0615,173.8715
2026-03-22 23:36:00,173.7975,174.0415,172.2035,173.0255
2026-03-22 23:37:00,172.9375,173.5065,172.1715,172.1895
2026-03-22 23:38:00,172.0985,174.2265,171.7845,173.5045
2026-03-22 23:39:00,173.4305,174.7225,172.8235,173.0805
2026-03-22 23:40:00,173.1645,173.7245,172.0375,173.1305
2026-03-22 23:41:00,173.0345,174.1615,172.8205,174.1615
2026-03-22 23:42:00,174.0825,174.4225,172.9925,173.4465
2026-03-22 23:43:00,173.5355,175.8845,173.4845,174.2435
2026-03-22 23:44:00,174.3275,174.7835,173.5085,174.6935
2026-03-22 23:45:00,174.6105,177.2495,174.2075,176.3715
2026-03-22 23:46:00,176.2895,177.2445,175.5525,176.4765
2026-03-22 23:47:00,176.3975,177.1625,175.6165,175.7735
2026-03-22 23:48:00,175.6635,176.0675,174.6435,174.9545
2026-03-22 23:49:00,175.0445,175.1495,172.1155,172.3455
2026-03-22 23:50:00,172.4255,173.2035,171.4535,171.6295
2026-03-22 23:51:00,171.5535,173.5015,170.6505,173.3385
2026-03-22 23:52:00,173.2595,176.2665,173.2595,176.1195
2026-03-22 23:53:00,176.2115,176.7895,175.1725,175.8245
2026-03-22 23:54:00,175.9075,176.9815,174.6295,174.9015
2026-03-22 23:55:00,174.9825,176.3815,173.4895,173.8625
2026-03-22 23:56:00,173.6055,174.5065,172.3475,172.5115
2026-03-22 23:57:00,172.4365,173.5965,171.8355,172.7465
2026-03-22 23:58:00,172.6515,173.2875,172.0625,172.7545
2026-03-22 23:59:00,172.6725,172.7455,170.5245,171.4135
2026-03-23 00:00:00,171.4995,173.7655,171.4205,173.0075
2026-03-23 00:01:00,172.9225,174.0045,171.7045,171.9795
2026-03-23 00:02:00,171.8975,174.9615,171.8975,174.8415
2026-03-23 00:03:00,174.7575,176.4035,174.5825,176.4035
2026-03-23 00:04:00,176.5005,176.5005,173.6555,173.9245
2026-03-23 00:05:00,173.8315,175.1165,173.4115,174.5285
2026-03-23 00:06:00,174.6395,175.4765,174.1355,174.8655
2026-03-23 00:07:00,174.9475,177.7035,174.7185,174.7195
2026-03-23 00:08:00,174.6315,175.9945,173.9805,175.5545
2026-03-23 00:09:00,175.6355,175.6355,173.5985,174.1735
2026-03-23 00:10:00,174.2595,176.2845,174.0135,174.7375
2026-03-23 00:11:00,174.8195,175.7495,173.7445,174.3135
2026-03-23 00:12:00,174.2295,174.6045,173.2475,173.8175
2026-03-23 00:13:00,173.8915,175.8315,173.7365,175.7415
2026-03-23 00:14:00,175.9175,177.7325,175.7165,176.9025
2026-03-23 00:15:00,176.8205,178.5955,176.7455,178.5955
2026-03-23 00:16:00,178.4995,179.7285,176.7525,176.9355
2026-03-23 00:17:00,177.0125,177.7905,176.3105,177.4795
2026-03-23 00:18:00,177.3895,177.7955,175.1855,176.0835
2026-03-23 00:19:00,176.1745,177.5185,174.3205,174.9685
2026-03-23 00:20:00,174.8885,175.6525,173.8085,173.8965
2026-03-23 00:21:00,173.9815,173.9815,172.0735,172.1205
2026-03-23 00:22:00,172.0395,172.1335,169.5475,170.3855
2026-03-23 00:23:00,170.4735,171.3385,169.7795,170.6975
2026-03-23 00:24:00,170.7895,171.7575,170.4855,170.8165
2026-03-23 00:25:00,170.7305,174.3125,170.6465,173.6545
2026-03-23 00:26:00,173.5685,175.1765,173.3695,174.0635
2026-03-23 00:27:00,173.9875,175.1265,172.9995,173.5855
2026-03-23 00:28:00,173.6695,174.4715,172.5795,173.8405
2026-03-23 00:29:00,173.9195,176.4545,173.7355,176.0575
2026-03-23 00:30:00,175.9245,178.3865,175.9245,176.8525
2026-03-23 00:31:00,177.0955,179.2105,176.5375,178.5815
2026-03-23 00:32:00,178.4885,179.0135,177.4805,178.2815
2026-03-23 00:33:00,178.3675,178.3675,174.4015,174.7705
2026-03-23 00:34:00,174.8515,176.3655,173.8335,176.1885
2026-03-23 00:35:00,176.1025,179.0645,176.0105,179.0645
2026-03-23 00:36:00,179.1545,179.6515,177.9935,179.2215
2026-03-23 00:37:00,179.3195,179.6515,178.1145,179.0065
2026-03-23 00:38:00,178.9085,179.0005,177.0555,178.1515
2026-03-23 00:39:00,178.0545,178.4095,177.1475,177.5635
2026-03-23 00:40:00,177.6615,179.2315,176.7295,178.9575
2026-03-23 00:41:00,179.0465,179.5335,177.8185,178.1815
2026-03-23 00:42:00,178.2565,179.7005,177.8275,179.6495
2026-03-23 00:43:00,179.5545,179.9245,177.3775,177.3975
2026-03-23 00:44:00,177.4985,177.6595,175.9165,176.6625
2026-03-23 00:45:00,176.5665,178.0115,175.9565,176.6095
2026-03-23 00:46:00,176.6925,178.8805,176.6345,178.7025
2026-03-23 00:47:00,178.6175,178.7965,176.5855,177.4555
2026-03-23 00:48:00,177.3615,178.3505,175.8885,175.8995
2026-03-23 00:49:00,175.8105,176.3665,175.1355,175.3305
2026-03-23 00:50:00,175.4075,176.3275,174.4255,175.9605
2026-03-23 00:51:00,176.0485,176.6585,173.7695,174.4735
2026-03-23 00:52:00,174.3875,175.3255,173.4615,174.7445
2026-03-23 00:53:00,174.6585,175.7515,174.1665,174.1665
2026-03-23 00:54:00,174.2525,174.9625,173.8265,174.9615
2026-03-23 00:55:00,174.8725,175.6335,172.3795,172.8895
2026-03-23 00:56:00,172.8015,174.0705,172.3765,173.6895
2026-03-23 00:57:00,173.7655,176.0895,173.0415,175.4115
2026-03-23 00:58:00,175.5055,177.0325,175.5055,175.9825
2026-03-23 00:59:00,176.0705,176.3345,174.3375,174.8225
2026-03-23 01:00:00,174.7315,174.9855,173.3675,174.5145
2026-03-23 01:01:00,174.4275,174.8745,171.5865,172.2185
2026-03-23 01:02:00,172.1425,172.9165,171.1695,172.8905
2026-03-23 01:03:00,172.9685,173.0425,171.6825,172.1075
2026-03-23 01:04:00,172.1845,172.6635,170.2405,170.3325
2026-03-23 01:05:00,170.4175,172.2595,169.2465,171.1615
2026-03-23 01:06:00,171.2525,172.8195,170.6475,172.7395
2026-03-23 01:07:00,172.6655,173.7985,172.5985,173.2125
2026-03-23 01:08:00,173.1205,175.0255,172.9735,174.4915
2026-03-23 01:09:00,174.5695,176.1545,173.6515,175.4855
2026-03-23 01:10:00,175.3615,175.7245,173.3815,174.3175
2026-03-23 01:11:00,174.2245,176.9895,173.9885,174.9495
2026-03-23 01:12:00,174.8735,175.8505,173.6205,175.1685
2026-03-23 01:13:00,175.0865,176.1105,174.7635,175.1855
2026-03-23 01:14:00,175.1105,175.1105,173.5975,173.9355
2026-03-23 01:15:00,173.8405,173.9865,171.9255,172.0345
2026-03-23 01:16:00,172.1375,174.1255,172.1375,173.8715
2026-03-23 01:17:00,173.9635,174.3135,172.2375,173.0685
2026-03-23 01:18:00,173.1525,174.7555,172.6815,174.5005
2026-03-23 01:19:00,174.4265,175.0965,173.6465,173.8845
2026-03-23 01:20:00,173.7895,173.9895,172.3345,172.6065
2026-03-23 01:21:00,172.5295,172.9105,171.3845,172.2605
2026-03-23 01:22:00,172.1695,172.6735,171.2865,172.5925
2026-03-23 01:23:00,172.6805,173.4465,170.0975,170.3625
2026-03-23 01:24:00,170.4395,171.3355,169.9575,170.9375
2026-03-23 01:25:00,170.8545,171.3675,169.3795,169.7755
2026-03-23 01:26:00,169.8495,169.8495,167.8685,168.0705
2026-03-23 01:27:00,167.9855,169.2745,167.5365,167.8425
2026-03-23 01:28:00,167.9155,168.4225,167.0585,167.9165
2026-03-23 01:29:00,168.0015,168.4085,166.1035,166.5555
2026-03-23 01:30:00,166.4745,167.3865,165.9485,166.8535
2026-03-23 01:31:00,166.9285,167.8025,165.8655,167.3085
2026-03-23 01:32:00,167.3975,168.9475,166.9835,168.2105
2026-03-23 01:33:00,168.2905,170.8275,167.7775,170.3575
2026-03-23 01:34:00,170.4315,170.9205,168.6315,168.8345
2026-03-23 01:35:00,168.9135,169.8245,168.6535,168.8085
2026-03-23 01:36:00,168.7315,169.3405,166.2465,166.3385
2026-03-23 01:37:00,166.4525,168.5775,165.9805,168.4005
2026-03-23 01:38:00,168.4905,168.8485,166.8885,167.3525
2026-03-23 01:39:00,167.2645,167.2645,165.1985,166.2205
2026-03-23 01:40:00,166.3065,166.7095,162.8545,162.9425
2026-03-23 01:41:00,163.0185,163.1615,161.9795,163.1615
2026-03-23 01:42:00,163.0725,164.2205,162.7935,163.4715
2026-03-23 01:43:00,163.5605,165.7105,162.8215,165.4645
2026-03-23 01:44:00,165.5435,165.6835,164.2985,164.5305
2026-03-23 01:45:00,164.4595,164.7725,163.5015,164.1155
2026-03-23 01:46:00,164.1865,165.8875,163.9695,165.1525
2026-03-23 01:47:00,165.0815,166.5345,164.4435,165.2745
2026-03-23 01:48:00,165.1915,166.3385,164.9365,166.1685
2026-03-23 01:49:00,166.2395,166.6315,165.2785,166.1575
2026-03-23 01:50:00,166.2345,167.1105,165.3445,165.3445
2026-03-23 01:51:00,165.2645,167.4755,165.1095,167.3965
2026-03-23 01:52:00,167.3205,168.1645,166.7465,168.0845
2026-03-23 01:53:00,168.0015,168.6795,167.3005,167.5165
2026-03-23 01:54:00,167.4365,167.4365,162.1035,162.1835
2026-03-23 01:55:00,162.2715,163.5935,161.6025,161.8555
2026-03-23 01:56:00,161.7795,162.4925,161.3415,161.3415
2026-03-23 01:57:00,161.2695,161.4915,158.9655,159.5965
2026-03-23 01:58:00,159.5235,159.8485,157.1775,157.2575
2026-03-23 01:59:00,157.1775,158.0585,156.1215,157.1635
2026-03-23 02:00:00,157.0885,157.6275,154.2235,154.5715
2026-03-23 02:01:00,154.5005,155.3715,153.0615,153.5565
2026-03-23 02:02:00,153.6375,155.2045,152.6245,154.9405
2026-03-23 02:03:00,155.0175,156.0375,153.3605,154.0705
2026-03-23 02:04:00,154.1475,154.4205,152.6305,152.6305
2026-03-23 02:05:00,152.7095,153.5285,151.8505,152.8255
2026-03-23 02:06:00,153.0235,154.2865,153.0235,154.2715
2026-03-23 02:07:00,154.3525,156.0025,154.1255,155.9495
2026-03-23 02:08:00,155.8755,156.9155,155.6255,156.0295
2026-03-23 02:09:00,156.0995,156.1825,153.2385,153.4035
2026-03-23 02:10:00,153.4715,154.0985,152.1715,152.7995
2026-03-23 02:11:00,152.8775,153.9905,152.3515,152.6745
2026-03-23 02:12:00,152.7485,153.2015,152.1705,152.5365
2026-03-23 02:13:00,152.4595,153.6235,151.8925,153.0555
2026-03-23 02:14:00,153.1385,153.2175,150.7365,151.4845
2026-03-23 02:15:00,151.4115,151.5655,148.2405,148.2405
2026-03-23 02:16:00,148.3135,148.6235,146.9185,147.3215
2026-03-23 02:17:00,147.2575,147.6255,146.0015,146.3015
2026-03-23 02:18:00,146.3735,148.3985,146.3625,147.4235
2026-03-23 02:19:00,147.3515,149.5605,147.3025,148.4025
2026-03-23 02:20:00,148.4695,149.3155,148.3155,148.9765
2026-03-23 02:21:00,149.0555,150.1425,148.8305,149.5265
2026-03-23 02:22:00,149.6055,149.6865,147.5765,148.1155
2026-03-23 02:23:00,148.0375,148.0375,146.5315,146.6745
2026-03-23 02:24:00,146.7425,148.0085,145.5595,147.6475
2026-03-23 02:25:00,147.5675,147.7825,146.6285,146.8205
2026-03-23 02:26:00,146.8855,147.5575,146.3045,146.5365
2026-03-23 02:27:00,146.5995,146.5995,144.2765,144.9715
2026-03-23 02:28:00,144.8925,145.7415,144.2955,145.5325
2026-03-23 02:29:00,145.4635,145.6725,143.6735,144.5745
2026-03-23 02:30:00,144.6505,145.3955,144.0225,145.0415
2026-03-23 02:31:00,145.1045,145.1045,143.1405,143.9525
2026-03-23 02:32:00,143.8855,144.2875,142.7895,143.9885
2026-03-23 02:33:00,144.0635,144.1985,142.9795,143.6535
2026-03-23 02:34:00,143.4555,144.1395,142.5005,142.5205
2026-03-23 02:35:00,142.4475,142.6335,141.3545,141.8465
2026-03-23 02:36:00,141.7755,141.9205,139.9105,139.9105
2026-03-23 02:37:00,139.8405,140.5045,139.2145,139.2145
2026-03-23 02:38:00,139.2785,139.7335,138.5435,139.3795
2026-03-23 02:39:00,139.4525,139.5905,137.4655,137.5255
2026-03-23 02:40:00,137.4645,139.3115,137.0085,138.9365
2026-03-23 02:41:00,139.0095,139.9655,138.5735,138.9325
2026-03-23 02:42:00,139.0065,139.0685,138.2165,138.5115
2026-03-23 02:43:00,138.4155,139.2075,138.2705,138.7485
2026-03-23 02:44:00,138.5535,139.4595,137.8805,139.1235
2026-03-23 02:45:00,139.1835,140.3115,138.9245,139.7175
2026-03-23 02:46:00,139.7845,142.3195,139.7075,142.3195
2026-03-23 02:47:00,142.2495,144.1505,141.8215,144.0715
2026-03-23 02:48:00,144.0075,144.0075,142.0375,142.9435
2026-03-23 02:49:00,142.8745,143.1965,142.1045,142.4365
2026-03-23 02:50:00,142.5105,143.5775,142.3665,143.3585
2026-03-23 02:51:00,143.4205,145.0065,143.2875,143.9015
2026-03-23 02:52:00,143.8265,144.3045,143.0505,143.4825
2026-03-23 02:53:00,143.4105,146.7645,143.4105,146.7645
2026-03-23 02:54:00,146.6925,149.1285,146.6285,148.3835
2026-03-23 02:55:00,148.3125,149.1375,147.7695,148.6685
2026-03-23 02:56:00,148.5895,149.4055,148.2855,148.3705
2026-03-23 02:57:00,148.4395,149.6065,148.0775,148.4815
2026-03-23 02:58:00,148.5625,150.5455,148.4005,149.2895
2026-03-23 02:59:00,149.4435,151.4945,148.4145,151.3165
2026-03-23 03:00:00,151.2495,152.3075,150.0605,150.0605
2026-03-23 03:01:00,149.9835,150.0425,148.8335,149.2375
2026-03-23 03:02:00,149.1645,150.1505,148.0545,148.6725
2026-03-23 03:03:00,148.5925,148.5925,146.6875,147.1615
2026-03-23 03:04:00,147.0835,147.6545,146.4685,146.8325
2026-03-23 03:05:00,146.9105,148.6465,146.3675,147.9605
2026-03-23 03:06:00,147.8875,148.3415,146.9125,147.1975
2026-03-23 03:07:00,147.1325,147.5065,146.2885,146.9995
2026-03-23 03:08:00,147.0655,147.5665,145.7135,145.9455
2026-03-23 03:09:00,145.8615,146.6515,145.0335,145.5655
2026-03-23 03:10:00,145.4855,146.1285,144.7025,145.7015
2026-03-23 03:11:00,145.8675,146.3415,145.5805,145.9635
2026-03-23 03:12:00,146.0265,146.4835,144.7785,145.4465
2026-03-23 03:13:00,145.5225,145.8285,144.6415,145.5865
2026-03-23 03:14:00,145.6665,146.2665,144.3445,144.9525
2026-03-23 03:15:00,145.0325,145.3455,143.3215,144.0885
2026-03-23 03:16:00,143.9435,144.8655,143.4295,143.7015
2026-03-23 03:17:00,143.6295,145.7935,143.4035,145.2805
2026-03-23 03:18:00,145.2095,145.8095,144.4885,145.5395
2026-03-23 03:19:00,145.6075,146.5215,145.0365,145.5795
2026-03-23 03:20:00,145.6435,146.0445,144.1705,144.2235
2026-03-23 03:21:00,144.1505,144.5615,143.0885,143.3745
2026-03-23 03:22:00,143.4505,146.5215,143.4005,145.5595
2026-03-23 03:23:00,145.6265,146.2285,144.7575,145.2275
2026-03-23 03:24:00,145.2975,145.3585,141.0365,141.2575
2026-03-23 03:25:00,141.3275,142.3625,140.5355,141.4315
2026-03-23 03:26:00,141.4925,141.9295,139.0755,139.0755
2026-03-23 03:27:00,139.1425,140.3555,138.6245,140.0995
2026-03-23 03:28:00,140.0345,140.1815,138.3465,138.4585
2026-03-23 03:29:00,138.5185,138.9445,137.8565,137.8835
2026-03-23 03:30:00,137.8115,139.7355,137.7565,139.0015
2026-03-23 03:31:00,139.0595,139.8435,138.7975,139.5325
2026-03-23 03:32:00,139.6025,140.0305,139.0325,139.4065
2026-03-23 03:33:00,139.3415,140.0575,138.6735,139.3905
2026-03-23 03:34:00,139.3195,140.7315,138.7175,140.1285
2026-03-23 03:35:00,140.0665,141.0385,139.9325,140.2895
2026-03-23 03:36:00,140.2255,140.4555,138.9535,139.0885
2026-03-23 03:37:00,139.1785,139.6385,137.5405,138.2835
2026-03-23 03:38:00,138.2145,139.9045,137.8935,139.7645
2026-03-23 03:39:00,139.6315,142.4895,139.6315,141.5905
2026-03-23 03:40:00,141.6635,143.4005,141.2085,142.7025
2026-03-23 03:41:00,142.7725,143.4425,141.8995,142.4975
2026-03-23 03:42:00,142.5715,142.5715,141.3715,142.2835
2026-03-23 03:43:00,142.3555,143.2965,141.9845,141.9845
2026-03-23 03:44:00,141.9195,142.2725,140.7605,140.8785
2026-03-23 03:45:00,140.9595,141.6635,139.7295,139.8055
2026-03-23 03:46:00,139.6555,139.7865,137.9245,137.9245
2026-03-23 03:47:00,137.8585,139.8405,137.8585,139.1835
2026-03-23 03:48:00,139.0245,140.4525,138.7425,140.3115
2026-03-23 03:49:00,140.2485,141.0415,138.6595,139.1065
2026-03-23 03:50:00,139.1745,140.0355,138.5605,139.2325
2026-03-23 03:51:00,139.3055,140.9925,139.3055,140.8035
2026-03-23 03:52:00,140.8725,140.9335,139.6275,140.4915
2026-03-23 03:53:00,140.4035,140.4275,138.2055,138.9345
2026-03-23 03:54:00,139.0005,141.2665,138.6745,140.8525
2026-03-23 03:55:00,140.9185,141.6705,140.3605,141.4975
2026-03-23 03:56:00,141.4195,143.3705,140.9775,143.1815
2026-03-23 03:57:00,143.1105,143.1105,141.1405,141.2325
2026-03-23 03:58:00,141.3045,143.5895,140.5335,143.4755
2026-03-23 03:59:00,143.5575,144.2685,142.8735,143.9015
2026-03-23 04:00:00,143.8315,143.8935,142.4685,143.6255
2026-03-23 04:01:00,143.5555,145.6955,142.9945,145.1065
2026-03-23 04:02:00,145.1815,147.5755,144.9705,147.0945
2026-03-23 04:03:00,147.1635,148.0965,147.0705,147.6395
2026-03-23 04:04:00,147.7125,149.0405,147.3835,148.9655
2026-03-23 04:05:00,148.8935,149.7775,147.8795,148.3095
2026-03-23 04:06:00,148.2325,148.5285,146.2355,146.8105
2026-03-23 04:07:00,146.8855,148.1775,146.8855,147.5615
2026-03-23 04:08:00,147.6315,149.8035,147.6315,148.2515
2026-03-23 04:09:00,148.1835,148.5165,147.4455,148.2985
2026-03-23 04:10:00,148.3835,148.5065,146.9965,147.6345
2026-03-23 04:11:00,147.5625,148.1195,146.8375,146.9125
2026-03-23 04:12:00,146.9885,147.3765,146.5235,146.8725
2026-03-23 04:13:00,146.9345,147.1425,145.7315,146.6845
2026-03-23 04:14:00,146.6105,148.0975,146.5305,147.9645
2026-03-23 04:15:00,147.8865,147.9665,146.1605,147.6045
2026-03-23 04:16:00,147.6795,148.1615,146.6335,146.6815
2026-03-23 04:17:00,146.7505,146.8695,145.2005,145.2005
2026-03-23 04:18:00,145.2625,146.8355,145.2625,145.7315
2026-03-23 04:19:00,145.7935,148.1245,145.7935,147.3325
2026-03-23 04:20:00,147.4065,147.9915,146.3205,147.4135
2026-03-23 04:21:00,147.4895,147.9675,146.5385,146.5605
2026-03-23 04:22:00,146.6245,146.8585,145.4095,146.7275
2026-03-23 04:23:00,146.6495,147.2245,145.3565,145.5375
2026-03-23 04:24:00,145.6125,146.0125,144.6155,145.0225
2026-03-23 04:25:00,144.9475,146.5995,144.8775,145.9175
2026-03-23 04:26:00,145.8525,145.8525,144.3945,144.6085
2026-03-23 04:27:00,144.6785,144.8485,143.4965,144.3915
2026-03-23 04:28:00,144.3215,146.0265,144.2545,144.7555
2026-03-23 04:29:00,144.8305,145.6905,143.7075,144.0885
2026-03-23 04:30:00,144.1585,145.5475,143.7995,145.5475
2026-03-23 04:31:00,145.6135,145.7625,144.0855,144.2795
2026-03-23 04:32:00,144.2085,144.5095,143.1935,143.9395
2026-03-23 04:33:00,143.8695,144.2825,142.9015,143.3375
2026-03-23 04:34:00,143.2605,144.7595,142.8425,144.2565
2026-03-23 04:35:00,144.1865,145.0725,143.1075,143.4965
2026-03-23 04:36:00,143.5635,145.0615,143.0605,144.9745
2026-03-23 04:37:00,145.0385,146.5935,144.8625,145.1985
2026-03-23 04:38:00,145.0485,145.3055,143.0655,143.0655
2026-03-23 04:39:00,142.9895,143.3045,142.2625,142.3775
2026-03-23 04:40:00,142.3065,143.4575,141.8975,142.6925
2026-03-23 04:41:00,142.7705,144.3455,142.3835,142.5955
2026-03-23 04:42:00,142.5235,143.6945,142.4495,142.9185
2026-03-23 04:43:00,142.9815,143.4245,141.6595,143.3665
2026-03-23 04:44:00,143.2655,143.5525,142.0915,142.5905
2026-03-23 04:45:00,142.6635,143.1635,142.0195,142.7845
2026-03-23 04:46:00,142.8595,144.3025,142.7225,143.4115
2026-03-23 04:47:00,143.4895,143.6935,142.3995,142.3995
2026-03-23 04:48:00,142.3285,142.6285,141.0925,141.1545
2026-03-23 04:49:00,141.2315,141.2315,139.5765,139.5765
2026-03-23 04:50:00,139.7955,140.4185,138.2705,138.3285
2026-03-23 04:51:00,138.3945,138.8445,137.0975,137.6745
2026-03-23 04:52:00,137.5925,139.0835,137.0275,138.8095
2026-03-23 04:53:00,138.8755,140.8355,138.8015,140.2315
2026-03-23 04:54:00,140.1595,143.3885,140.1595,143.3885
2026-03-23 04:55:00,143.3115,146.5395,143.1745,146.4425
2026-03-23 04:56:00,146.5115,146.5325,143.2025,144.3165
2026-03-23 04:57:00,144.3775,144.9135,143.3195,144.7735
2026-03-23 04:58:00,144.6955,145.7395,143.7035,145.5195
2026-03-23 04:59:00,145.4545,145.9965,145.0885,145.7505
2026-03-23 05:00:00,145.6845,146.7005,145.0235,146.1385
2026-03-23 05:01:00,146.0765,147.3075,145.3165,145.7445
2026-03-23 05:02:00,145.6635,145.9775,143.2335,143.2395
2026-03-23 05:03:00,143.3145,144.3455,142.9025,143.2625
2026-03-23 05:04:00,143.2025,144.6225,142.7205,144.3365
2026-03-23 05:05:00,144.2705,144.2815,142.0545,142.0545
2026-03-23 05:06:00,142.1215,143.1315,141.4815,143.1315
2026-03-23 05:07:00,143.0635,144.0325,142.0405,143.7895
2026-03-23 05:08:00,143.7275,144.6215,143.1745,143.6915
2026-03-23 05:09:00,143.6205,144.4075,143.5415,143.7755
2026-03-23 05:10:00,143.6965,145.4125,143.6945,144.0575
2026-03-23 05:11:00,143.9865,144.6585,143.2135,144.5985
2026-03-23 05:12:00,144.6745,146.4195,144.3915,145.6755
2026-03-23 05:13:00,145.5965,145.7345,143.5565,144.5025
2026-03-23 05:14:00,144.6645,144.7375,143.2885,144.1615
2026-03-23 05:15:00,144.0975,144.6015,142.6595,143.0975
2026-03-23 05:16:00,143.1715,143.2125,141.9105,142.1175
2026-03-23 05:17:00,142.1785,142.4775,140.3165,140.8685
2026-03-23 05:18:00,140.9345,141.5435,139.7885,140.6195
2026-03-23 05:19:00,140.5425,140.6635,139.7105,140.0815
2026-03-23 05:20:00,140.1485,141.1435,139.6555,140.3195
2026-03-23 05:21:00,140.2575,141.0555,139.0615,139.4795
2026-03-23 05:22:00,139.5445,140.0415,139.0175,139.5035
2026-03-23 05:23:00,139.4345,141.9705,139.0855,141.4645
2026-03-23 05:24:00,141.3905,141.9055,140.9735,141.8685
2026-03-23 05:25:00,141.8085,143.6715,141.7415,143.3085
2026-03-23 05:26:00,143.2365,143.5815,142.4215,142.9365
2026-03-23 05:27:00,142.8725,144.5755,142.7965,143.7185
2026-03-23 05:28:00,143.6445,143.6445,142.1195,142.7565
2026-03-23 05:29:00,142.8505,144.5525,142.2785,144.1895
2026-03-23 05:30:00,144.2685,145.4915,144.1315,145.2645
2026-03-23 05:31:00,145.1905,146.2705,144.6425,146.1285
2026-03-23 05:32:00,146.1895,148.8095,146.1895,148.1745
2026-03-23 05:33:00,148.2495,149.5345,147.9375,149.0175
2026-03-23 05:34:00,148.9385,149.2425,147.5905,149.2425
2026-03-23 05:35:00,149.3075,150.8425,149.1765,150.2615
2026-03-23 05:36:00,150.3335,151.4905,149.9265,151.0175
2026-03-23 05:37:00,150.9505,151.5555,150.2365,151.2385
2026-03-23 05:38:00,151.1565,151.4715,150.4835,151.0725
2026-03-23 05:39:00,151.0075,152.5265,150.9275,152.0615
2026-03-23 05:40:00,152.1305,153.1765,151.3035,152.7235
2026-03-23 05:41:00,152.7925,154.4405,151.7875,154.2885
2026-03-23 05:42:00,154.2125,154.6395,152.9625,153.8135
2026-03-23 05:43:00,153.7365,157.2205,153.4835,157.1505
2026-03-23 05:44:00,157.2285,157.3955,155.5135,155.6565
2026-03-23 05:45:00,155.5895,156.0545,154.6535,155.6835
2026-03-23 05:46:00,155.7555,156.7805,155.4795,156.4775
2026-03-23 05:47:00,156.4055,158.6285,155.3625,158.4585
2026-03-23 05:48:00,158.2845,158.9515,157.1095,157.3445
2026-03-23 05:49:00,157.2615,158.0775,156.1245,156.9905
2026-03-23 05:50:00,156.9075,157.2675,155.7445,156.4505
2026-03-23 05:51:00,156.5235,157.0705,155.7275,156.7385
2026-03-23 05:52:00,156.8215,157.6465,156.3945,156.6395
2026-03-23 05:53:00,156.7205,156.7205,155.3655,156.2915
2026-03-23 05:54:00,156.3685,156.7415,154.0095,154.1035
2026-03-23 05:55:00,153.9285,155.1935,153.3075,154.2235
2026-03-23 05:56:00,154.1395,155.3795,153.9975,155.3795
2026-03-23 05:57:00,155.4595,156.6825,155.1415,156.2265
2026-03-23 05:58:00,156.3095,156.5155,154.8045,154.8755
2026-03-23 05:59:00,154.7995,155.7105,154.7005,155.5315
2026-03-23 06:00:00,155.4575,156.0865,154.9435,155.8435
2026-03-23 06:01:00,155.7645,158.3745,155.3415,157.6885
2026-03-23 06:02:00,157.7625,157.8385,156.8295,157.4265
2026-03-23 06:03:00,157.4965,160.4905,156.8845,160.3925
2026-03-23 06:04:00,160.3235,160.4115,158.7775,158.8995
2026-03-23 06:05:00,158.9875,160.6505,158.4255,160.2075
2026-03-23 06:06:00,160.1395,160.3495,158.3675,158.8825
2026-03-23 06:07:00,158.9515,161.7125,158.9515,161.7125
2026-03-23 06:08:00,161.6225,162.2285,160.4315,160.5015
2026-03-23 06:09:00,160.5715,160.9195,159.5065,159.7475
2026-03-23 06:10:00,159.6615,162.2555,159.6425,162.0315
2026-03-23 06:11:00,161.9595,162.7715,160.8035,160.8985
2026-03-23 06:12:00,160.8265,161.4705,159.9015,160.0125
2026-03-23 06:13:00,159.8835,159.9675,156.3775,156.9185
2026-03-23 06:14:00,156.8405,157.9225,156.6715,157.4715
2026-03-23 06:15:00,157.5435,160.2715,157.3565,159.8775
2026-03-23 06:16:00,159.9665,159.9665,157.8155,158.2765
2026-03-23 06:17:00,158.1955,158.2815,154.9365,155.0175
2026-03-23 06:18:00,155.0925,156.5565,154.8305,155.4545
2026-03-23 06:19:00,155.3825,155.8935,153.5225,153.5225
2026-03-23 06:20:00,153.4415,153.6595,150.2365,150.4715
2026-03-23 06:21:00,150.5545,150.7005,148.7585,148.9725
2026-03-23 06:22:00,149.0375,149.1435,148.0175,148.4885
2026-03-23 06:23:00,148.6305,150.6505,148.1805,150.0375
2026-03-23 06:24:00,150.1105,151.1295,148.8355,150.4045
2026-03-23 06:25:00,150.3235,150.6675,149.3775,149.8835
2026-03-23 06:26:00,149.8015,151.1235,149.8015,150.2305
2026-03-23 06:27:00,150.3005,150.8025,149.4195,150.4425
2026-03-23 06:28:00,150.3605,151.4755,149.9695,151.0185
2026-03-23 06:29:00,150.9545,151.7795,149.8035,150.3115
2026-03-23 06:30:00,150.3755,152.6855,150.0885,151.3035
2026-03-23 06:31:00,151.3855,151.6935,149.0545,149.1795
2026-03-23 06:32:00,149.1035,149.7205,148.2795,148.7225
2026-03-23 06:33:00,148.6395,149.3115,147.4535,148.3635
2026-03-23 06:34:00,148.2575,149.1195,147.5965,148.0135
2026-03-23 06:35:00,147.9405,148.5465,147.1925,147.3375
2026-03-23 06:36:00,147.2645,148.7895,146.9035,148.4975
2026-03-23 06:37:00,148.3875,149.5595,147.8465,149.2245
2026-03-23 06:38:00,149.1585,151.1805,149.1395,150.8705
2026-03-23 06:39:00,150.9525,152.1775,150.0935,151.6865
2026-03-23 06:40:00,151.6025,153.2425,151.4605,153.1565
2026-03-23 06:41:00,153.0825,153.9905,151.8625,151.8635
2026-03-23 06:42:00,151.7955,152.3185,150.8425,151.5165
2026-03-23 06:43:00,151.5815,152.8185,151.0355,152.3765
2026-03-23 06:44:00,152.2995,152.5685,151.2125,151.9955
2026-03-23 06:45:00,151.9305,153.9385,151.5735,153.1555
2026-03-23 06:46:00,153.2375,155.3295,152.4695,155.2315
2026-03-23 06:47:00,155.1505,156.7005,155.1445,156.2205
2026-03-23 06:48:00,156.3065,157.6025,156.3015,157.4245
2026-03-23 06:49:00,157.4955,159.5695,157.1815,159.0225
2026-03-23 06:50:00,159.1085,159.1875,157.4115,158.0685
2026-03-23 06:51:00,157.9835,160.0255,157.9835,158.9875
2026-03-23 06:52:00,159.0725,159.3775,158.5145,158.5945
2026-03-23 06:53:00,158.3455,160.3945,158.1305,159.6245
2026-03-23 06:54:00,159.5545,161.3795,159.0665,161.0835
2026-03-23 06:55:00,161.1525,161.3625,160.4015,161.0585
2026-03-23 06:56:00,161.1595,161.3955,159.2095,159.7305
2026-03-23 06:57:00,159.9615,159.9615,158.3425,158.8475
2026-03-23 06:58:00,158.7725,160.5495,158.0875,160.2975
2026-03-23 06:59:00,160.3795,160.6165,158.3735,158.9015
2026-03-23 07:00:00,158.8285,159.1435,156.8575,157.8485
2026-03-23 07:01:00,157.7665,159.0565,157.3975,158.8495
2026-03-23 07:02:00,158.7825,159.9315,157.6665,158.0135
2026-03-23 07:03:00,158.0895,159.0165,157.9995,158.8045
2026-03-23 07:04:00,158.8825,160.4335,158.7115,160.0285
2026-03-23 07:05:00,159.9495,159.9495,157.4115,158.4175
2026-03-23 07:06:00,158.3375,161.7935,158.3375,161.7935
2026-03-23 07:07:00,161.7135,161.7135,159.4865,159.9175
2026-03-23 07:08:00,159.8505,160.4345,158.2255,158.4535
2026-03-23 07:09:00,158.3765,159.3665,158.2115,158.7065
2026-03-23 07:10:00,158.7865,159.2135,157.7535,157.8655
2026-03-23 07:11:00,157.7975,158.2895,156.5525,157.0375
2026-03-23 07:12:00,156.9675,157.6475,155.5875,155.7835
2026-03-23 07:13:00,155.8805,155.9065,153.9315,154.0795
2026-03-23 07:14:00,153.8495,154.7835,153.0755,154.3265
2026-03-23 07:15:00,154.2415,156.0745,154.1295,155.6555
2026-03-23 07:16:00,155.5835,156.5065,154.5325,154.8565
2026-03-23 07:17:00,154.9265,156.6155,154.4885,156.6155
2026-03-23 07:18:00,156.5375,157.5995,156.2445,157.5995
2026-03-23 07:19:00,157.4795,159.3335,157.4795,158.4535
2026-03-23 07:20:00,158.5375,160.0455,158.5085,158.9725
2026-03-23 07:21:00,158.8965,159.0895,157.4365,158.7845
2026-03-23 07:22:00,158.7145,159.2395,157.2495,158.8695
2026-03-23 07:23:00,158.7935,160.5135,158.7935,159.4065
2026-03-23 07:24:00,159.4885,160.3985,158.4125,160.2015
2026-03-23 07:25:00,160.1265,161.6935,160.0435,161.1695
2026-03-23 07:26:00,161.2555,162.0845,159.8115,162.0115
2026-03-23 07:27:00,162.0905,162.9495,160.2955,161.0785
2026-03-23 07:28:00,161.1535,162.7675,160.7535,162.4245
2026-03-23 07:29:00,162.3495,162.8995,160.8245,162.5205
2026-03-23 07:30:00,162.6005,162.8555,161.2335,161.5535
2026-03-23 07:31:00,161.6325,162.5345,160.3335,160.3335
2026-03-23 07:32:00,160.2445,160.2785,157.8425,158.3385
2026-03-23 07:33:00,158.2665,159.4605,157.3855,157.6955
2026-03-23 07:34:00,157.6225,157.7025,155.0165,155.9495
2026-03-23 07:35:00,156.0165,156.7135,155.4295,156.2955
2026-03-23 07:36:00,156.3775,157.3005,155.4755,155.7105
2026-03-23 07:37:00,155.7865,157.0595,155.7865,156.5145
2026-03-23 07:38:00,156.5805,156.5805,154.6935,155.5775
2026-03-23 07:39:00,155.5015,157.1965,155.3615,155.5125
2026-03-23 07:40:00,155.5875,155.6765,154.3285,154.5205
2026-03-23 07:41:00,154.4415,156.2365,153.9935,155.8965
2026-03-23 07:42:00,155.8265,156.9465,155.3795,156.4045
2026-03-23 07:43:00,156.2955,157.1415,154.4915,154.7325
2026-03-23 07:44:00,154.6605,154.8435,153.5295,154.4165
2026-03-23 07:45:00,154.3135,156.9875,153.9715,156.1645
2026-03-23 07:46:00,156.0855,158.6435,156.0855,157.4045
2026-03-23 07:47:00,157.3335,159.1155,157.0295,157.6695
2026-03-23 07:48:00,157.6025,158.0675,156.4145,156.9115
2026-03-23 07:49:00,156.9845,157.2385,155.7795,156.4575
2026-03-23 07:50:00,156.3835,158.6385,156.3185,158.5115
2026-03-23 07:51:00,158.4365,158.8925,156.8095,157.7355
2026-03-23 07:52:00,157.8115,159.4155,157.6575,159.1565
2026-03-23 07:53:00,159.0845,159.2445,157.4875,158.5725
2026-03-23 07:54:00,158.5035,159.3405,157.4035,157.9845
2026-03-23 07:55:00,157.9155,158.5405,157.1625,157.8785
2026-03-23 07:56:00,157.9635,159.7245,157.3085,158.8365
2026-03-23 07:57:00,158.9085,162.2265,158.9085,162.2265
2026-03-23 07:58:00,162.3085,163.3795,160.5735,162.5775
2026-03-23 07:59:00,162.6505,165.0535,162.3605,165.0535
2026-03-23 08:00:00,164.9685,165.1295,164.1165,164.3365
2026-03-23 08:01:00,164.4095,165.8855,163.7945,165.7355
2026-03-23 08:02:00,165.6645,166.8645,165.1245,165.3565
2026-03-23 08:03:00,165.2845,166.1845,164.6995,165.6735
2026-03-23 08:04:00,165.7485,166.3435,164.9295,165.6455
2026-03-23 08:10:00,165.6455,165.6455,121.7435,121.9895
2026-03-23 08:11:00,121.9255,122.4065,120.1715,120.2475
2026-03-23 08:12:00,120.3035,121.6365,120.1375,120.2015
2026-03-23 08:13:00,120.2645,120.8105,119.5635,119.6295
2026-03-23 08:14:00,119.7105,119.7105,117.4285,117.4925
2026-03-23 08:15:00,117.5495,118.2375,116.7715,118.1245
2026-03-23 08:16:00,118.1785,118.3495,116.3875,117.7175
2026-03-23 08:17:00,117.7805,118.2765,117.4665,117.7825
2026-03-23 08:18:00,117.8375,118.5175,117.4645,118.0925
2026-03-23 08:19:00,118.0305,119.5915,117.9775,118.9005
2026-03-23 08:20:00,118.8395,119.4345,118.3885,118.3995
2026-03-23 08:21:00,118.3385,120.1915,118.3385,119.8855
2026-03-23 08:22:00,119.9705,120.3975,119.2845,119.7835
2026-03-23 08:23:00,119.7315,121.2335,119.6505,120.6635
2026-03-23 08:24:00,120.7165,121.3075,120.4165,120.4165
2026-03-23 08:25:00,120.4685,121.2995,120.2725,120.6135
2026-03-23 08:26:00,120.6685,120.8525,119.4515,119.8385
2026-03-23 08:27:00,119.7795,121.9555,119.4445,121.8865
2026-03-23 08:28:00,121.9385,123.3325,121.8835,122.0365
2026-03-23 08:29:00,121.9815,122.4795,121.0485,121.3525
2026-03-23 08:30:00,121.2885,122.3955,121.1175,121.7505
2026-03-23 08:31:00,121.6915,121.9515,119.1445,119.1445
2026-03-23 08:32:00,119.2045,119.6405,118.1585,119.3265
2026-03-23 08:33:00,119.2525,119.7775,118.3915,118.4695
2026-03-23 08:34:00,118.5225,119.6015,118.0995,118.6395
2026-03-23 08:35:00,118.5895,119.4445,118.1215,118.3475
2026-03-23 08:36:00,118.2925,119.7115,118.2925,119.4405
2026-03-23 08:37:00,119.4965,120.3105,119.0785,120.2555
2026-03-23 08:38:00,120.3215,121.2155,119.4055,121.2125
2026-03-23 08:39:00,121.2655,121.8965,120.6855,121.7055
2026-03-23 08:40:00,121.7615,122.0545,120.9205,120.9735
2026-03-23 08:41:00,120.9185,122.6685,120.9185,122.6685
2026-03-23 08:42:00,122.6175,123.0515,122.1325,122.7935
2026-03-23 08:43:00,122.7255,125.0095,122.7255,125.0095
2026-03-23 08:44:00,124.9425,126.8995,124.3235,126.8935
2026-03-23 08:45:00,126.9525,127.1015,126.3745,126.8515
2026-03-23 08:46:00,126.9095,127.2855,126.0105,127.1065
2026-03-23 08:47:00,127.1725,129.4805,126.9855,129.2045
2026-03-23 08:48:00,129.1455,130.9505,128.7085,130.2815
2026-03-23 08:49:00,130.1375,130.5505,129.5665,130.1845
2026-03-23 08:50:00,130.1185,131.9275,129.4315,131.9275
2026-03-23 08:51:00,132.0055,132.2505,130.7895,130.7985
2026-03-23 08:52:00,130.7305,130.7305,128.1005,128.3675
2026-03-23 08:53:00,128.3105,129.5495,127.7305,128.2055
2026-03-23 08:54:00,128.2745,128.2745,126.3395,126.5565
2026-03-23 08:55:00,126.4995,128.4975,126.3075,127.6955
2026-03-23 08:56:00,127.6285,129.0485,127.6285,127.9605
2026-03-23 08:57:00,128.0305,129.4595,127.8065,128.9255
2026-03-23 08:58:00,128.8635,130.0555,128.7985,130.0555
2026-03-23 08:59:00,129.9865,130.7545,129.6225,130.7545
2026-03-23 09:00:00,130.8185,131.0335,128.5985,128.5985
2026-03-23 09:01:00,128.4655,129.9735,128.4225,129.0915
2026-03-23 09:02:00,129.1565,129.9525,128.0015,128.2095
2026-03-23 09:03:00,128.1465,128.2705,126.3035,126.6025
2026-03-23 09:04:00,126.6635,127.5255,126.0965,127.4055
2026-03-23 09:05:00,127.4715,128.7155,127.4715,128.4185
2026-03-23 09:06:00,128.4775,129.8245,128.0645,128.2865
2026-03-23 09:07:00,128.3475,129.3905,128.1975,128.9575
2026-03-23 09:08:00,129.0245,129.4395,126.6435,126.8625
2026-03-23 09:09:00,126.9225,127.3005,125.2165,125.2165
2026-03-23 09:10:00,125.1565,126.1605,124.9835,125.9185
2026-03-23 09:11:00,125.8595,126.7495,125.7215,126.1475
2026-03-23 09:12:00,125.9745,127.9655,125.9745,127.6045
2026-03-23 09:13:00,127.6695,128.9225,127.6105,128.1205
2026-03-23 09:14:00,128.0655,128.8255,127.6985,128.5935
2026-03-23 09:15:00,128.6615,129.0075,128.0785,128.3235
2026-03-23 09:16:00,128.2675,129.9505,127.4585,129.3315
2026-03-23 09:17:00,129.2665,129.5205,126.9735,127.0945
2026-03-23 09:18:00,127.1575,127.8975,126.3125,126.5875
2026-03-23 09:19:00,126.5305,128.4935,126.3305,128.4935
2026-03-23 09:20:00,128.5545,128.5545,127.2675,128.0995
2026-03-23 09:21:00,128.0335,129.9995,127.7025,129.3285
2026-03-23 09:22:00,129.2625,129.4775,127.1235,127.7245
2026-03-23 09:23:00,127.7825,127.9285,126.5755,126.9345
2026-03-23 09:24:00,126.8655,127.4175,126.4005,126.7235
2026-03-23 09:25:00,126.7835,126.9665,125.4415,126.3075
2026-03-23 09:26:00,126.2255,126.2535,125.3515,126.0505
2026-03-23 09:27:00,126.1065,126.6525,125.4955,126.4155
2026-03-23 09:28:00,126.4845,127.6425,126.1965,126.3665
2026-03-23 09:29:00,126.4315,126.6825,124.9675,126.1625
2026-03-23 09:30:00,126.0945,128.0475,125.9785,127.0375
2026-03-23 09:31:00,126.9705,127.5355,126.6815,126.7395
2026-03-23 09:32:00,126.7955,127.7165,126.1905,127.7165
2026-03-23 09:33:00,127.7815,128.1125,126.9205,127.1735
2026-03-23 09:34:00,127.2415,128.0315,126.5455,128.0315
2026-03-23 09:35:00,127.9635,129.2755,127.8955,129.0385
2026-03-23 09:36:00,129.1015,129.1365,128.4095,128.4325
2026-03-23 09:37:00,128.2445,129.2185,127.8325,128.5575
2026-03-23 09:38:00,128.6215,128.9895,127.9395,128.5755
2026-03-23 09:39:00,128.6405,129.3675,128.0465,128.2915
2026-03-23 09:40:00,128.2335,129.1825,127.6065,129.1825
2026-03-23 09:41:00,129.2525,129.9105,129.1015,129.5425
2026-03-23 09:42:00,129.4855,129.8805,128.5935,129.0655
2026-03-23 09:43:00,128.9945,129.2285,127.2355,127.3155
2026-03-23 09:44:00,127.2555,127.3415,125.6595,125.9855
2026-03-23 09:45:00,126.0485,126.6845,124.9835,125.5885
2026-03-23 09:46:00,125.5295,126.2925,124.6565,126.0325
2026-03-23 09:47:00,126.1095,126.5565,125.7955,125.8055
2026-03-23 09:48:00,125.7385,126.1155,125.0845,125.8845
2026-03-23 09:49:00,125.8255,126.2315,125.1235,125.7685
2026-03-23 09:50:00,125.7125,126.1715,124.9875,126.1715
2026-03-23 09:51:00,126.2325,126.5355,124.7875,126.1425
2026-03-23 09:52:00,126.2055,126.2665,124.6715,124.6715
2026-03-23 09:53:00,124.6145,125.0245,123.7155,123.9975
2026-03-23 09:54:00,123.9335,124.5325,122.8595,124.2955
2026-03-23 09:55:00,124.2405,125.1805,123.8235,123.8555
2026-03-23 09:56:00,123.7925,125.5315,123.7925,125.4745
2026-03-23 09:57:00,125.5375,126.6375,124.8145,125.9975
2026-03-23 09:58:00,126.0575,126.2425,125.1335,125.9805
2026-03-23 09:59:00,126.0495,126.4035,125.2845,125.4835
2026-03-23 10:00:00,125.4265,126.2395,124.6215,124.8185
2026-03-23 10:01:00,124.8765,125.1945,123.8885,124.0555
2026-03-23 10:02:00,124.1175,124.3085,122.5135,123.2645
2026-03-23 10:03:00,123.1985,123.1985,120.9865,120.9865
2026-03-23 10:04:00,121.0455,122.6805,120.8925,121.6285
2026-03-23 10:05:00,121.5715,122.8885,121.2595,121.3105
2026-03-23 10:06:00,121.3675,122.8335,121.2645,122.3515
2026-03-23 10:07:00,122.4085,122.6865,121.1585,122.3225
2026-03-23 10:08:00,122.2705,122.4635,121.6985,121.8145
2026-03-23 10:09:00,121.6705,121.9185,120.7535,121.6735
2026-03-23 10:10:00,121.7395,122.5085,120.5155,121.4585
2026-03-23 10:11:00,121.3275,122.3775,120.8255,121.6045
2026-03-23 10:12:00,121.6655,122.3145,120.9505,121.8615
2026-03-23 10:13:00,121.8035,123.0295,121.6085,121.7185
2026-03-23 10:14:00,121.7775,122.0115,121.0315,121.0705
2026-03-23 10:15:00,121.0155,121.5515,120.0225,120.2665
2026-03-23 10:16:00,120.2135,123.0905,120.2135,123.0255
2026-03-23 10:17:00,123.0915,123.2725,121.2255,121.8025
2026-03-23 10:18:00,121.8605,122.5715,121.3455,121.7185
2026-03-23 10:19:00,121.6525,123.1175,121.2425,123.0025
2026-03-23 10:20:00,122.9475,123.2705,122.3065,123.2705
2026-03-23 10:21:00,123.2055,123.2055,121.8835,122.8035
2026-03-23 10:22:00,122.8625,123.2985,122.3575,122.5865
2026-03-23 10:23:00,122.5215,123.8015,122.2085,123.5695
2026-03-23 10:24:00,123.6275,123.9975,122.6235,123.0535
2026-03-23 10:25:00,123.0005,123.9445,122.7865,123.3395
2026-03-23 10:26:00,123.2865,125.0345,122.9955,124.7795
2026-03-23 10:27:00,124.7195,125.1265,124.3145,124.7215
2026-03-23 10:28:00,124.6635,125.0765,123.9405,124.1005
2026-03-23 10:29:00,124.1625,124.1775,123.1965,123.2115
2026-03-23 10:30:00,123.2685,123.7215,122.4095,123.1755
2026-03-23 10:31:00,123.2285,124.2655,122.6505,124.0895
2026-03-23 10:32:00,124.1475,124.2675,122.8185,122.9175
2026-03-23 10:33:00,122.8565,122.9635,121.3045,121.7235
2026-03-23 10:34:00,121.7745,123.3985,121.3995,123.3985
2026-03-23 10:35:00,123.3325,123.4245,121.8485,122.5795
2026-03-23 10:36:00,122.5235,124.4205,122.5235,124.4205
2026-03-23 10:37:00,124.4785,125.5445,123.9685,124.6995
2026-03-23 10:38:00,124.6345,124.9785,123.9465,124.3095
2026-03-23 10:39:00,124.2525,124.5365,123.7315,124.1955
2026-03-23 10:40:00,124.1395,125.3005,123.7795,124.5595
2026-03-23 10:41:00,124.4355,125.0085,122.3185,122.4165
2026-03-23 10:42:00,122.3625,122.7525,121.5865,121.9145
2026-03-23 10:43:00,122.1045,122.3205,121.5825,121.9745
2026-03-23 10:44:00,122.0305,122.2735,120.1205,120.2755
2026-03-23 10:45:00,120.2195,120.9815,120.0455,120.5715
2026-03-23 10:46:00,120.7505,122.6645,120.6765,122.0415
2026-03-23 10:47:00,122.0985,122.2155,121.0415,121.8665
2026-03-23 10:48:00,121.7805,122.9515,121.7805,122.1425
2026-03-23 10:49:00,122.1985,122.3095,121.3425,121.7655
2026-03-23 10:50:00,121.8295,121.9425,120.7255,121.3595
2026-03-23 10:51:00,121.5455,121.5455,119.3445,119.8725
2026-03-23 10:52:00,119.9295,120.2495,118.9935,119.5205
2026-03-23 10:53:00,119.5855,119.7985,118.6185,118.6185
2026-03-23 10:54:00,118.6685,118.6685,117.6545,118.3615
2026-03-23 10:55:00,118.3095,118.7165,117.7745,118.4785
2026-03-23 10:56:00,118.4145,118.6995,117.8715,118.0625
2026-03-23 10:57:00,118.0105,118.1605,116.9365,117.9035
2026-03-23 10:58:00,117.9625,118.6415,117.8415,118.2955
2026-03-23 10:59:00,118.2425,118.5635,117.3005,117.3895
2026-03-23 11:00:00,117.3245,117.5165,116.7275,117.0975
2026-03-23 11:01:00,117.0435,117.3485,115.9195,115.9845
2026-03-23 11:02:00,115.9325,116.4785,114.7625,114.7625
2026-03-23 11:03:00,114.8155,115.8955,114.2685,115.7235
2026-03-23 11:04:00,115.7855,116.2515,115.6225,116.1455
2026-03-23 11:05:00,116.0675,116.2985,115.0165,115.6385
2026-03-23 11:06:00,115.8235,116.0665,114.5965,114.7175
2026-03-23 11:07:00,114.7785,114.8885,113.5705,114.5125
2026-03-23 11:08:00,114.5755,116.1555,114.0445,115.9785
2026-03-23 11:09:00,116.0915,117.6985,115.7165,117.6985
2026-03-23 11:10:00,117.6455,118.3895,116.9745,118.3895
2026-03-23 11:11:00,118.3385,120.2105,118.1625,119.3295
2026-03-23 11:12:00,119.3955,120.7615,118.7785,120.1905
2026-03-23 11:13:00,120.2445,120.6035,119.6275,119.7895
2026-03-23 11:14:00,119.7295,120.1885,119.2555,119.4955
2026-03-23 11:15:00,119.5465,120.1625,119.1815,119.6035
2026-03-23 11:16:00,119.5465,121.3615,119.5465,120.5655
2026-03-23 11:17:00,120.3815,121.0205,119.8065,120.0775
2026-03-23 11:18:00,120.1385,120.5985,119.6875,120.3605
2026-03-23 11:19:00,120.4355,120.6345,119.0825,119.2015
2026-03-23 11:20:00,119.1475,119.9045,118.5585,119.9045
2026-03-23 11:21:00,119.8415,120.1485,118.7055,119.7075
2026-03-23 11:22:00,119.6515,119.8195,118.5385,118.8955
2026-03-23 11:23:00,118.9595,119.2555,116.8635,117.1245
2026-03-23 11:24:00,117.1875,117.5145,116.0255,116.1395
2026-03-23 11:25:00,116.2005,116.7005,115.8595,116.0285
2026-03-23 11:26:00,115.9795,116.5615,115.5575,116.3135
2026-03-23 11:27:00,116.3685,117.4975,115.6975,116.0185
2026-03-23 11:28:00,115.9675,115.9675,114.5215,115.1035
2026-03-23 11:29:00,115.0455,115.1925,113.8415,114.0445
2026-03-23 11:30:00,113.9955,114.3335,113.6285,114.0355
2026-03-23 11:31:00,113.9575,114.2925,113.3475,114.1155
2026-03-23 11:32:00,114.1675,115.0065,114.0035,114.6505
2026-03-23 11:33:00,114.5885,115.9195,114.0975,115.8805
2026-03-23 11:34:00,115.8295,115.8815,115.2105,115.5815
2026-03-23 11:35:00,115.6345,115.7075,114.4265,114.4785
2026-03-23 11:36:00,114.5395,114.7685,112.8035,112.9735
2026-03-23 11:37:00,112.9175,113.2525,111.9815,113.2525
2026-03-23 11:38:00,113.2045,113.2055,110.8695,110.9185
2026-03-23 11:39:00,110.9715,111.3135,110.2665,110.9545
2026-03-23 11:40:00,111.1265,111.5185,109.9905,110.0275
2026-03-23 11:41:00,110.0755,110.4955,109.4765,109.8325
2026-03-23 11:42:00,109.8875,111.0655,109.3495,110.7525
2026-03-23 11:43:00,110.7035,111.7805,110.4605,111.7055
2026-03-23 11:44:00,111.6565,112.3205,111.2225,111.7115
2026-03-23 11:45:00,111.6585,112.2435,111.2375,112.0935
2026-03-23 11:46:00,112.0425,112.9525,111.8085,112.4585
2026-03-23 11:47:00,112.4045,113.5565,112.1945,113.0825
2026-03-23 11:48:00,113.0305,114.1635,112.8605,113.1685
2026-03-23 11:49:00,113.1185,113.1185,111.1515,111.6405
2026-03-23 11:50:00,111.7005,111.8875,110.8895,110.9365
2026-03-23 11:51:00,110.8885,112.1095,110.3965,110.9655
2026-03-23 11:52:00,111.0155,111.8005,110.7715,111.5395
2026-03-23 11:53:00,111.5965,112.2685,110.3305,110.5725
2026-03-23 11:54:00,110.5115,111.4005,110.4555,110.7875
2026-03-23 11:55:00,110.7315,110.9865,108.6835,108.8625
2026-03-23 11:56:00,108.8095,109.1155,107.6835,108.6295
2026-03-23 11:57:00,108.5705,109.0855,107.7035,108.3265
2026-03-23 11:58:00,108.2785,108.4815,107.5745,108.3765
2026-03-23 11:59:00,108.4355,109.2245,108.2245,108.5185
2026-03-23 12:00:00,108.4625,109.3045,108.1955,108.8705
2026-03-23 12:01:00,108.7255,109.8595,108.7255,109.0875
2026-03-23 12:02:00,109.0345,109.7995,108.5465,109.6645
2026-03-23 12:03:00,109.6085,110.2695,109.4295,109.8165
2026-03-23 12:04:00,109.8715,110.0325,108.9235,109.1185
2026-03-23 12:05:00,109.0625,109.3865,107.9815,108.1505
2026-03-23 12:06:00,108.1995,108.3615,107.1925,107.5305
2026-03-23 12:07:00,107.4725,107.5875,106.0065,106.4395
2026-03-23 12:08:00,106.4855,107.2595,106.3315,106.6505
2026-03-23 12:09:00,106.5935,107.2355,105.9995,106.9695
2026-03-23 12:10:00,106.9135,107.0365,105.5725,106.0785
2026-03-23 12:11:00,106.1355,106.7285,105.8675,106.3955
2026-03-23 12:12:00,106.4455,107.3455,106.3835,107.3285
2026-03-23 12:13:00,107.2715,108.1975,107.1445,107.6895
2026-03-23 12:14:00,107.6345,108.5085,107.2915,107.9155
2026-03-23 12:15:00,107.9645,108.3235,106.8075,106.8945
2026-03-23 12:16:00,106.8405,106.9405,105.4235,105.5225
2026-03-23 12:17:00,105.5685,106.9175,105.5685,106.8775
2026-03-23 12:18:00,106.9265,107.0705,105.3835,105.5615
2026-03-23 12:19:00,105.6175,106.3475,105.2815,105.7375
2026-03-23 12:20:00,105.7845,105.8815,104.1095,104.1095
2026-03-23 12:21:00,104.1545,105.4185,103.9195,105.2405
2026-03-23 12:22:00,105.1885,106.1695,104.9595,106.0055
2026-03-23 12:23:00,106.0675,106.2455,105.2065,105.2525
2026-03-23 12:24:00,105.2085,105.5165,103.6165,104.1435
2026-03-23 12:25:00,104.0965,104.7025,103.8295,103.8785
2026-03-23 12:26:00,103.8305,104.1315,102.9565,102.9965
2026-03-23 12:27:00,103.0495,103.7205,102.8235,103.6765
2026-03-23 12:28:00,103.7315,104.2705,103.1835,103.9975
2026-03-23 12:29:00,103.9445,104.6795,103.6205,104.1945
2026-03-23 12:30:00,104.2425,104.8395,104.0145,104.5065
2026-03-23 12:31:00,104.4495,104.9985,103.9965,104.4085
2026-03-23 12:32:00,104.3585,104.4625,103.4975,103.8925
2026-03-23 12:33:00,103.8495,103.9045,103.1865,103.8115
2026-03-23 12:34:00,103.7625,104.0215,102.4695,103.4575
2026-03-23 12:35:00,103.5075,104.1155,103.0455,103.3555
2026-03-23 12:36:00,103.3095,103.5615,102.4695,102.6345
2026-03-23 12:37:00,102.7085,103.5075,102.6255,103.3285
2026-03-23 12:38:00,103.2765,103.5155,102.6975,103.2265
2026-03-23 12:39:00,103.2825,103.5095,102.7365,103.4635
2026-03-23 12:40:00,103.4135,103.5215,102.4895,102.8045
2026-03-23 12:41:00,102.7555,103.2155,102.0975,103.0785
2026-03-23 12:42:00,103.0315,103.2905,101.5035,101.9385
2026-03-23 12:43:00,101.8915,102.4055,101.5845,102.1705
2026-03-23 12:44:00,102.2235,102.7285,101.7085,101.7085
2026-03-23 12:45:00,101.6595,102.2555,101.5555,101.8645
2026-03-23 12:46:00,101.9115,102.0645,100.0245,100.0245
2026-03-23 12:47:00,99.9695,100.5885,99.3835,100.3575
2026-03-23 12:48:00,100.4125,100.4895,99.1135,99.4915
2026-03-23 12:49:00,99.4365,99.5845,98.4805,99.5355
2026-03-23 12:50:00,99.4825,100.6975,99.2655,100.6485
2026-03-23 12:51:00,100.5985,102.0935,100.4685,101.8535
2026-03-23 12:52:00,101.7975,103.4485,101.7445,103.1805
2026-03-23 12:53:00,103.2255,103.5025,102.8625,102.8625
2026-03-23 12:54:00,102.8175,105.0955,102.7325,104.9465
2026-03-23 12:55:00,105.0005,106.3135,104.7535,105.9685
2026-03-23 12:56:00,106.0165,106.8465,105.4705,106.6865
2026-03-23 12:57:00,106.6425,106.7815,105.7165,106.3035
2026-03-23 12:58:00,106.2515,106.7355,105.8885,106.4875
2026-03-23 12:59:00,106.5415,108.3255,106.5415,108.2105
2026-03-23 13:00:00,108.2665,108.4265,106.2025,106.5525
2026-03-23 13:01:00,106.4995,107.0575,105.5405,105.7345
2026-03-23 13:02:00,105.6825,106.4285,105.3785,106.3405
2026-03-23 13:03:00,106.3985,106.6015,105.7925,106.2855
2026-03-23 13:04:00,106.2325,107.0885,106.0625,106.7775
2026-03-23 13:05:00,106.7295,107.0835,106.1965,106.2465
2026-03-23 13:06:00,106.2965,106.5665,105.1145,106.4755
2026-03-23 13:07:00,106.4095,107.2975,105.8995,106.5945
2026-03-23 13:08:00,106.5435,106.9475,105.0705,105.3355
2026-03-23 13:09:00,105.3825,105.9345,104.4925,105.0805
2026-03-23 13:10:00,105.0315,105.4395,104.0645,104.4165
2026-03-23 13:11:00,104.3605,106.0375,104.2965,105.7985
2026-03-23 13:12:00,105.8455,106.3475,104.8065,106.1875
2026-03-23 13:13:00,106.2445,106.7565,105.7665,105.9585
2026-03-23 13:14:00,106.0065,106.7125,105.5405,106.0205
2026-03-23 13:15:00,105.9625,106.3465,105.1855,106.2405
2026-03-23 13:16:00,106.2945,106.4515,104.9305,105.0835
2026-03-23 13:17:00,105.1315,106.2265,104.7315,106.1245
2026-03-23 13:18:00,106.0715,106.1305,105.0725,105.9305
2026-03-23 13:19:00,105.9755,106.2235,104.8575,105.5715
2026-03-23 13:20:00,105.6205,106.1515,105.1985,105.2445
2026-03-23 13:21:00,105.2895,105.3375,103.7885,103.8605
2026-03-23 13:22:00,103.8085,104.1185,103.3605,103.6255
2026-03-23 13:23:00,103.5735,104.1715,102.9945,103.8195
2026-03-23 13:24:00,103.7715,104.7145,103.4855,104.6175
2026-03-23 13:25:00,104.5715,104.9355,104.1405,104.4895
2026-03-23 13:26:00,104.4365,105.7815,104.4365,105.1985
2026-03-23 13:27:00,105.1465,106.3875,104.7995,106.2195
2026-03-23 13:28:00,106.1625,108.0455,105.8885,108.0455
2026-03-23 13:29:00,107.9895,108.0455,106.7415,107.8235
2026-03-23 13:30:00,107.8815,109.1585,107.6955,109.0715
2026-03-23 13:31:00,109.1225,109.1995,106.8235,107.1015
2026-03-23 13:32:00,107.0435,107.1045,105.9695,106.1355
2026-03-23 13:33:00,106.0605,106.7225,105.7255,105.7355
2026-03-23 13:34:00,105.7875,105.7875,104.1225,104.1295
2026-03-23 13:35:00,104.0835,105.4825,104.0385,105.3745
2026-03-23 13:36:00,105.4245,105.5675,104.5665,104.9065
2026-03-23 13:37:00,104.8515,105.6455,104.2795,104.8765
2026-03-23 13:38:00,104.8245,106.5455,104.3045,106.3095
2026-03-23 13:39:00,106.2515,107.6885,106.0475,107.6885
2026-03-23 13:40:00,107.7365,107.8965,106.5625,106.7055
2026-03-23 13:41:00,106.7525,106.9855,105.6195,105.9565
2026-03-23 13:42:00,106.0085,106.0535,105.2135,105.9335
2026-03-23 13:43:00,105.9805,106.8985,105.4955,106.7815
2026-03-23 13:44:00,106.7335,107.3995,106.2055,107.3995
2026-03-23 13:45:00,107.3475,107.4885,106.3045,106.3115
2026-03-23 13:46:00,106.3605,106.3605,105.3795,105.5345
2026-03-23 13:47:00,105.5845,106.8875,105.5205,106.5685
2026-03-23 13:48:00,106.6175,106.7875,105.3725,105.7525
2026-03-23 13:49:00,105.8085,106.6165,105.1285,106.5705
2026-03-23 13:50:00,106.5175,107.2905,106.2905,106.9835
2026-03-23 13:51:00,106.9365,107.2995,106.4625,107.1135
2026-03-23 13:52:00,107.0635,107.1655,104.8625,104.9625
2026-03-23 13:53:00,104.9115,105.6815,104.1805,104.5185
2026-03-23 13:54:00,104.4715,104.4715,103.0815,103.0925
2026-03-23 13:55:00,103.1485,103.4295,102.4235,103.4295
2026-03-23 13:56:00,103.3745,104.5445,103.3745,104.4905
2026-03-23 13:57:00,104.5435,104.5465,102.6755,102.8315
2026-03-23 13:58:00,102.8785,103.0565,102.1785,102.5685
2026-03-23 13:59:00,102.7125,103.2815,102.0865,102.9845
2026-03-23 14:00:00,103.0315,103.5705,102.5185,102.7965
2026-03-23 14:01:00,102.7415,103.9055,102.6695,102.8225
2026-03-23 14:02:00,102.7755,103.0615,102.2455,102.8375
2026-03-23 14:03:00,102.8895,103.3975,102.5465,102.8535
2026-03-23 14:04:00,102.8095,103.2505,101.9775,103.2005
2026-03-23 14:05:00,103.2515,103.9755,103.2505,103.9165
2026-03-23 14:06:00,103.9635,106.0865,103.9105,105.7155
2026-03-23 14:07:00,105.5675,106.2835,105.5095,105.5875
2026-03-23 14:08:00,105.6405,105.7435,103.4535,103.7115
2026-03-23 14:09:00,103.7635,105.2415,103.6305,105.1875
2026-03-23 14:10:00,105.1295,105.9525,104.5035,105.1065
2026-03-23 14:11:00,105.0525,105.2385,103.7105,103.7745
2026-03-23 14:12:00,103.7285,103.9875,101.9555,102.1175
2026-03-23 14:13:00,102.0705,102.5445,101.7115,102.4005
2026-03-23 14:14:00,102.4495,103.7705,102.4055,102.5115
2026-03-23 14:15:00,102.4675,102.4885,101.0435,101.2495
2026-03-23 14:16:00,101.2055,102.5345,101.0515,102.1275
2026-03-23 14:17:00,102.1785,102.3725,101.3405,101.3405
2026-03-23 14:18:00,101.2915,103.0105,101.2495,102.7995
2026-03-23 14:19:00,102.8465,104.0735,102.2945,103.8365
2026-03-23 14:20:00,103.9105,104.3355,103.2265,103.2265
2026-03-23 14:21:00,103.2825,103.9255,102.7845,102.9065
2026-03-23 14:22:00,102.9605,104.2175,102.4405,104.2175
2026-03-23 14:23:00,104.2725,105.1075,103.9205,104.7425
2026-03-23 14:24:00,104.6435,106.0135,104.5925,104.9965
2026-03-23 14:25:00,105.0435,106.1285,104.8795,105.9855
2026-03-23 14:26:00,105.9345,106.5265,105.5065,105.9855
2026-03-23 14:27:00,106.1085,106.4695,104.9835,104.9885
2026-03-23 14:28:00,104.9435,104.9435,103.0785,103.0785
2026-03-23 14:29:00,103.1355,103.2365,101.7405,101.9015
2026-03-23 14:30:00,101.9445,102.9655,101.5735,102.5995
2026-03-23 14:31:00,102.6435,103.1295,102.1135,102.3005
2026-03-23 14:32:00,102.2295,102.6195,101.3435,101.5205
2026-03-23 14:33:00,101.5635,101.6145,100.1915,100.2685
2026-03-23 14:34:00,100.3155,100.7675,99.7425,100.2555
2026-03-23 14:35:00,100.2135,100.9125,99.9555,100.9125
2026-03-23 14:36:00,100.9615,101.5765,100.3305,101.4155
2026-03-23 14:37:00,101.3635,101.5255,100.6155,100.7835
2026-03-23 14:38:00,100.8365,101.8865,100.6285,101.4805
2026-03-23 14:39:00,101.4315,102.1725,101.1625,101.2125
2026-03-23 14:40:00,101.2685,101.7665,101.0055,101.6315
2026-03-23 14:41:00,101.5075,102.8705,101.4205,102.1755
2026-03-23 14:42:00,102.1285,103.0005,101.7795,102.6665
2026-03-23 14:43:00,102.7135,103.8585,102.6985,103.6265
2026-03-23 14:44:00,103.6745,105.7475,103.6245,104.2955
2026-03-23 14:45:00,104.2395,104.9015,103.9305,104.7405
2026-03-23 14:46:00,104.6945,104.9315,103.4185,103.5205
2026-03-23 14:47:00,103.5765,104.9655,103.3345,104.9655
2026-03-23 14:48:00,104.9115,105.9315,104.6375,105.9285
2026-03-23 14:49:00,105.8825,107.1545,105.3845,106.8355
2026-03-23 14:50:00,106.8805,107.7235,106.5885,107.5765
2026-03-23 14:51:00,107.4675,107.8905,106.5095,107.7665
2026-03-23 14:52:00,107.8405,108.0995,107.1545,107.4435
2026-03-23 14:53:00,107.3845,107.5075,105.9765,105.9795
2026-03-23 14:54:00,106.0315,106.0315,104.6395,104.8025
2026-03-23 14:55:00,104.7355,105.5785,104.7355,105.4185
2026-03-23 14:56:00,105.3715,106.8005,105.3275,106.7245
2026-03-23 14:57:00,106.7775,106.9855,104.9765,105.6475
2026-03-23 14:58:00,105.7035,106.3395,105.1255,105.7845
2026-03-23 14:59:00,105.8425,106.3885,105.5225,105.9315
2026-03-23 15:00:00,105.8815,106.2135,104.9945,105.7545
2026-03-23 15:01:00,105.8085,107.0355,105.5515,106.4765
2026-03-23 15:02:00,106.5335,107.1055,105.3175,106.0735
2026-03-23 15:03:00,106.1325,107.3625,106.1325,107.3625
2026-03-23 15:04:00,107.3095,107.7585,106.7335,107.2035
2026-03-23 15:05:00,107.1475,107.5885,106.7985,107.2735
2026-03-23 15:06:00,107.3225,107.4295,106.0365,106.5385
2026-03-23 15:07:00,106.4825,108.4225,106.2855,108.2485
2026-03-23 15:08:00,108.2945,108.6385,107.4325,107.6935
2026-03-23 15:09:00,107.7475,107.8655,105.9975,106.2055
2026-03-23 15:10:00,106.2705,106.8495,105.5565,106.0885
2026-03-23 15:11:00,106.0385,106.1655,104.4465,105.2905
2026-03-23 15:12:00,105.3385,105.9215,104.8095,105.5155
2026-03-23 15:13:00,105.4675,105.6565,105.0135,105.1205
2026-03-23 15:14:00,105.0655,105.6305,104.3235,105.5785
2026-03-23 15:15:00,105.6355,106.1985,105.2395,105.4195
2026-03-23 15:16:00,105.4755,105.4755,104.1995,104.9725
2026-03-23 15:17:00,104.9265,104.9975,104.2625,104.5875
2026-03-23 15:18:00,104.6415,104.7995,103.8275,104.3885
2026-03-23 15:19:00,104.4355,105.9935,104.2775,105.7835
2026-03-23 15:20:00,105.7275,106.3385,104.6535,106.3385
2026-03-23 15:21:00,106.2005,107.2235,105.7435,106.0945
2026-03-23 15:22:00,106.1535,106.8685,105.7095,106.0115
2026-03-23 15:23:00,105.9655,106.4245,105.3305,106.1315
2026-03-23 15:24:00,106.1885,106.2415,104.7275,104.7295
2026-03-23 15:25:00,104.6845,105.2875,104.4165,104.9065
2026-03-23 15:26:00,104.9575,105.9635,104.8865,105.6035
2026-03-23 15:27:00,105.6555,105.9725,105.2195,105.5725
2026-03-23 15:28:00,105.4075,106.8725,105.3375,105.9875
2026-03-23 15:29:00,105.9335,106.4305,105.1725,105.3665
2026-03-23 15:30:00,105.3085,105.8645,104.5395,104.5395
2026-03-23 15:31:00,104.4885,104.6865,102.6285,102.6975
2026-03-23 15:32:00,102.6505,102.6655,101.7565,102.0365
2026-03-23 15:33:00,102.0925,103.0165,102.0925,102.3105
2026-03-23 15:34:00,102.2615,103.1325,102.2045,102.7985
2026-03-23 15:35:00,102.8525,104.5515,102.8525,103.8685
2026-03-23 15:36:00,103.8195,105.2465,103.3785,104.9145
2026-03-23 15:37:00,104.9725,105.7395,104.8175,105.7395
2026-03-23 15:38:00,105.7945,105.9175,104.8915,105.4825
2026-03-23 15:39:00,105.5285,105.5285,104.5055,104.8795
2026-03-23 15:40:00,104.9345,105.0795,104.1245,105.0445
2026-03-23 15:41:00,105.0895,105.2225,103.9035,104.0655
2026-03-23 15:42:00,104.0185,104.8935,103.6385,103.7535
2026-03-23 15:43:00,103.5945,103.8345,103.0855,103.8195
2026-03-23 15:44:00,103.7615,105.6335,103.6085,105.6335
2026-03-23 15:45:00,105.5805,105.5805,103.8805,104.2525
2026-03-23 15:46:00,104.2995,104.2995,103.1595,103.2015
2026-03-23 15:47:00,103.1585,103.5885,102.2505,103.1435
2026-03-23 15:48:00,103.0995,103.6585,102.8185,103.5365
2026-03-23 15:49:00,103.5935,103.9615,101.5935,101.8175
2026-03-23 15:50:00,101.7725,103.2555,101.7715,103.2555
2026-03-23 15:51:00,103.3075,104.9335,103.1835,104.8165
2026-03-23 15:52:00,104.8645,105.3375,104.1625,105.0425
2026-03-23 15:53:00,104.9875,105.9375,104.6995,105.5315
2026-03-23 15:54:00,105.4635,105.6065,104.5425,104.7915
2026-03-23 15:55:00,104.7385,105.7945,104.6385,105.6335
2026-03-23 15:56:00,105.5715,105.9625,104.8955,105.1685
2026-03-23 15:57:00,105.2145,106.7865,104.8065,106.2095
2026-03-23 15:58:00,106.1635,107.9265,106.0885,107.9225
2026-03-23 15:59:00,107.8695,108.8765,107.6855,108.6335
2026-03-23 16:00:00,108.5865,108.8605,107.6995,107.8235
2026-03-23 16:01:00,107.7735,108.3565,107.5255,108.2505
2026-03-23 16:02:00,108.2965,108.5945,107.1325,107.6155
2026-03-23 16:03:00,107.6695,107.6695,106.6885,107.0795
2026-03-23 16:04:00,107.0295,107.0295,104.4275,104.8115
2026-03-23 16:05:00,104.7585,105.2615,103.7905,105.0185
2026-03-23 16:06:00,104.9615,105.1005,104.4585,104.5215
2026-03-23 16:07:00,104.5705,104.5705,102.7825,103.2595
2026-03-23 16:08:00,103.2125,104.2325,102.9225,103.7665
2026-03-23 16:09:00,103.8135,105.8935,103.8135,105.8615
2026-03-23 16:10:00,105.8055,105.8055,104.6605,104.7075
2026-03-23 16:11:00,104.7645,105.6735,104.7645,105.0875
2026-03-23 16:12:00,105.1435,105.7385,104.7715,105.2575
2026-03-23 16:13:00,105.0995,106.0545,105.0625,105.7805
2026-03-23 16:14:00,105.6465,107.6475,105.4625,107.5725
2026-03-23 16:15:00,107.5235,107.5725,105.6735,105.6745
2026-03-23 16:16:00,105.6225,105.7275,104.4045,104.9035
2026-03-23 16:17:00,104.9595,105.4765,104.1435,104.6365
2026-03-23 16:18:00,104.6945,104.6985,102.2405,102.2405
2026-03-23 16:19:00,102.2945,103.9535,102.1675,103.7725
2026-03-23 16:20:00,103.7275,104.1795,103.0945,104.1795
2026-03-23 16:21:00,104.1315,104.9015,104.0625,104.1475
2026-03-23 16:22:00,104.2055,104.5605,102.3185,102.3715
2026-03-23 16:23:00,102.4185,103.4185,102.2215,103.3035
2026-03-23 16:24:00,103.2605,103.6765,102.6615,103.6235
2026-03-23 16:25:00,103.5715,104.6235,103.2965,104.6225
2026-03-23 16:26:00,104.6795,104.9115,103.8265,104.3115
2026-03-23 16:27:00,104.2635,105.0525,103.7575,105.0525
2026-03-23 16:28:00,105.1075,105.8745,103.8345,103.8465
2026-03-23 16:29:00,103.8965,104.4755,103.4785,104.1325
2026-03-23 16:30:00,104.0835,105.4275,103.9435,104.4845
2026-03-23 16:31:00,104.5345,106.4025,104.2795,106.3445
2026-03-23 16:32:00,106.4275,107.0745,105.4865,105.6625
2026-03-23 16:33:00,105.7095,106.7355,105.5045,106.6125
2026-03-23 16:34:00,106.7745,107.7885,106.7745,107.1225
2026-03-23 16:35:00,107.0665,108.4595,106.9715,108.1135
2026-03-23 16:36:00,108.0605,109.5375,108.0235,109.4535
2026-03-23 16:37:00,109.4075,110.0175,109.2495,109.8785
2026-03-23 16:38:00,109.8275,110.3015,108.9365,110.0525
2026-03-23 16:39:00,110.1105,110.1365,108.3875,108.4395
2026-03-23 16:40:00,108.4995,109.0895,108.0325,108.7455
2026-03-23 16:41:00,108.6715,110.1675,108.5715,109.9025
2026-03-23 16:42:00,109.8515,110.3845,109.3345,109.8795
2026-03-23 16:43:00,109.9265,111.2245,109.8315,111.2245
2026-03-23 16:44:00,111.2745,111.5685,110.1145,110.5455
2026-03-23 16:45:00,110.4905,110.5985,109.5275,110.4505
2026-03-23 16:46:00,110.5085,110.5115,108.9925,109.4775
2026-03-23 16:47:00,109.5345,109.6585,108.9775,109.3765
2026-03-23 16:48:00,109.4335,109.5955,108.6175,109.0405
2026-03-23 16:49:00,109.0995,109.5585,107.7025,108.4625
2026-03-23 16:50:00,108.4095,109.9045,108.1595,109.3065
2026-03-23 16:51:00,109.4815,109.5945,108.3255,108.8175
2026-03-23 16:52:00,108.7685,109.4065,108.6825,109.0065
2026-03-23 16:53:00,109.0665,110.1395,108.6995,109.9515
2026-03-23 16:54:00,109.9995,110.7985,108.9745,110.1615
2026-03-23 16:55:00,110.2075,111.1395,110.0285,110.9545
2026-03-23 16:56:00,111.0085,112.1235,110.9005,111.1505
2026-03-23 16:57:00,111.0935,111.3265,110.3585,110.7085
2026-03-23 16:58:00,110.7695,111.8815,110.4365,110.9695
2026-03-23 16:59:00,110.9225,110.9755,109.8515,110.0025
2026-03-23 17:00:00,110.0605,111.2685,110.0005,110.8895
2026-03-23 17:01:00,110.9385,111.1485,109.4455,109.4825
2026-03-23 17:02:00,109.5395,109.5985,107.7075,107.8585
2026-03-23 17:03:00,107.7185,108.5955,107.6765,107.6945
2026-03-23 17:04:00,107.6365,108.1585,106.8245,107.1625
2026-03-23 17:05:00,107.2125,107.7795,106.6765,107.6815
2026-03-23 17:06:00,107.7345,108.3565,107.2385,107.8105
2026-03-23 17:07:00,107.8685,108.3155,107.3725,107.5595
2026-03-23 17:08:00,107.6065,108.3125,107.2625,108.3125
2026-03-23 17:09:00,108.3655,108.5765,107.3305,108.4195
2026-03-23 17:10:00,108.3645,108.8565,107.4805,108.3845
2026-03-23 17:11:00,108.3185,109.2665,108.2675,108.5765
2026-03-23 17:12:00,108.6345,108.7415,107.3035,107.7755
2026-03-23 17:13:00,107.8225,108.4775,107.5825,107.9405
2026-03-23 17:14:00,107.8875,107.9095,106.3775,106.3775
2026-03-23 17:15:00,106.3295,107.2045,106.1255,106.1805
2026-03-23 17:16:00,106.2295,107.2445,106.0545,106.9975
2026-03-23 17:17:00,107.0495,107.3885,106.5275,107.3575
2026-03-23 17:18:00,107.3045,108.8965,107.3045,108.6125
2026-03-23 17:19:00,108.5535,110.6755,108.5535,110.5665
2026-03-23 17:20:00,110.5195,110.8975,110.0975,110.1705
2026-03-23 17:21:00,110.1125,112.1435,110.1125,111.8805
2026-03-23 17:22:00,111.8285,112.6175,111.7685,112.4715
2026-03-23 17:23:00,112.5335,112.8535,111.4725,111.8885
2026-03-23 17:24:00,111.9445,112.4325,111.6365,112.3355
2026-03-23 17:25:00,112.2795,112.9095,111.5865,112.7015
2026-03-23 17:26:00,112.6485,113.5315,111.4135,111.5075
2026-03-23 17:27:00,111.4535,112.1545,111.2595,111.6765
2026-03-23 17:28:00,111.7335,113.6435,111.7335,113.0375
2026-03-23 17:29:00,113.0915,113.5135,112.4895,112.6605
2026-03-23 17:30:00,112.6115,113.1185,112.2345,112.3535
2026-03-23 17:31:00,112.4155,112.4155,110.9105,111.0215
2026-03-23 17:32:00,110.9645,111.4815,110.1515,111.3565
2026-03-23 17:33:00,111.4175,112.2205,111.3635,111.6565
2026-03-23 17:34:00,111.7175,114.0785,111.5635,113.6545
2026-03-23 17:35:00,113.7125,113.8265,112.3735,112.9645
2026-03-23 17:36:00,113.0185,114.1305,112.6575,114.0125
2026-03-23 17:37:00,113.9545,114.4805,113.5985,113.9395
2026-03-23 17:38:00,113.9955,114.0585,112.0415,112.1425
2026-03-23 17:39:00,112.1935,113.2285,112.0375,113.0385
2026-03-23 17:40:00,112.9795,114.2425,112.9045,113.9985
2026-03-23 17:41:00,113.9465,114.7815,113.8545,114.5495
2026-03-23 17:42:00,114.4885,115.5355,114.2145,115.1555
2026-03-23 17:43:00,115.0945,115.4515,112.5405,112.5875
2026-03-23 17:44:00,112.6445,112.7815,111.2195,111.2195
2026-03-23 17:45:00,111.2755,111.5405,110.3685,111.0645
2026-03-23 17:46:00,111.0035,112.0705,110.9685,111.5985
2026-03-23 17:47:00,111.6545,112.1785,111.1655,111.3805
2026-03-23 17:48:00,111.4355,111.6565,110.3635,110.6025
2026-03-23 17:49:00,110.6535,111.0165,109.1535,109.2655
2026-03-23 17:50:00,109.3175,110.1985,108.7795,109.3885
2026-03-23 17:51:00,109.3185,111.1255,109.2765,110.7315
2026-03-23 17:52:00,110.6745,111.7025,110.5725,111.7025
2026-03-23 17:53:00,111.7615,113.5725,111.7115,113.3255
2026-03-23 17:54:00,113.3855,115.2655,113.3365,114.6335
2026-03-23 17:55:00,114.6815,115.9965,114.5305,115.5485
2026-03-23 17:56:00,115.4905,115.8205,114.5375,115.0745
2026-03-23 17:57:00,115.0245,115.4715,113.5245,113.5575
2026-03-23 17:58:00,113.5025,113.6235,111.0415,111.2145
2026-03-23 17:59:00,111.2615,112.9205,110.6155,112.5825
2026-03-23 18:00:00,112.5265,112.9375,112.2765,112.8975
2026-03-23 18:01:00,112.9575,112.9575,110.1975,110.4305
2026-03-23 18:02:00,110.4885,110.6195,109.8005,110.3955
2026-03-23 18:03:00,110.4555,111.1655,110.2455,111.1655
2026-03-23 18:04:00,111.1065,111.4585,109.5325,109.5325
2026-03-23 18:05:00,109.5875,110.0845,108.9365,108.9365
2026-03-23 18:06:00,108.8885,108.9495,107.7265,107.8605
2026-03-23 18:07:00,107.9055,108.3305,106.9945,107.2785
2026-03-23 18:08:00,107.3325,107.8175,107.0185,107.4705
2026-03-23 18:09:00,107.5235,107.9705,107.2525,107.5475
2026-03-23 18:10:00,107.4975,109.3525,107.3455,108.7905
2026-03-23 18:11:00,108.8415,109.1965,108.3605,108.8215
2026-03-23 18:12:00,108.8725,109.5095,108.2095,108.3745
2026-03-23 18:13:00,108.3155,109.3415,108.2175,109.0675
2026-03-23 18:14:00,109.1155,109.4405,108.2345,109.3455
2026-03-23 18:15:00,109.2215,110.1215,108.8555,109.1155
2026-03-23 18:16:00,109.1755,109.8875,108.9685,109.4845
2026-03-23 18:17:00,109.5365,110.3535,109.2545,110.1865
2026-03-23 18:18:00,110.1255,110.5915,109.4335,109.4825
2026-03-23 18:19:00,109.5385,109.7725,108.6655,108.8725
2026-03-23 18:20:00,108.9305,109.6855,108.3565,109.6595
2026-03-23 18:21:00,109.6105,110.8065,109.4015,110.7585
2026-03-23 18:22:00,110.8085,111.2545,110.4575,110.5715
2026-03-23 18:23:00,110.6345,110.6925,109.9945,110.3825
2026-03-23 18:24:00,110.3275,110.5265,109.2005,109.2005
2026-03-23 18:25:00,109.2465,110.3745,108.7315,110.3305
2026-03-23 18:26:00,110.3865,111.3805,109.8235,109.8785
2026-03-23 18:27:00,109.9555,112.0455,109.9555,111.4175
2026-03-23 18:28:00,111.4765,112.2335,111.1445,112.1825
2026-03-23 18:29:00,112.2385,113.2015,112.1825,112.6235
2026-03-23 18:30:00,112.5735,113.0935,111.8435,111.8935
2026-03-23 18:31:00,111.8315,112.7155,111.7175,111.9865
2026-03-23 18:32:00,111.9345,112.5425,111.5455,112.2505
2026-03-23 18:33:00,112.2995,113.6705,112.2725,113.3305
2026-03-23 18:34:00,113.2765,115.1355,113.2695,114.8275
2026-03-23 18:35:00,114.9375,115.0385,112.7525,112.8075
2026-03-23 18:36:00,112.8605,113.0355,111.5635,111.6645
2026-03-23 18:37:00,111.7605,112.1235,110.7585,110.7585
2026-03-23 18:38:00,110.8125,111.7325,110.7455,111.5535
2026-03-23 18:39:00,111.4295,112.9925,111.1945,112.5935
2026-03-23 18:40:00,112.6475,114.1795,112.6475,113.8865
2026-03-23 18:41:00,113.9485,115.1755,113.6605,114.9585
2026-03-23 18:42:00,114.9005,115.9325,114.5805,115.6215
2026-03-23 18:43:00,115.6705,116.1505,115.1905,115.9785
2026-03-23 18:44:00,115.9155,117.9685,115.7095,117.4915
2026-03-23 18:45:00,117.5535,118.2165,116.7025,116.7375
2026-03-23 18:46:00,116.7955,117.7405,116.4025,116.8445
2026-03-23 18:47:00,116.8955,117.6625,116.8365,117.1625
2026-03-23 18:48:00,117.1125,117.4605,116.6635,117.0725
2026-03-23 18:49:00,117.1265,117.5265,116.2045,116.4285
2026-03-23 18:50:00,116.4815,116.7705,115.5355,115.5705
2026-03-23 18:51:00,115.6285,115.9935,114.7155,115.6285
2026-03-23 18:52:00,115.5655,115.8365,115.1175,115.6055
2026-03-23 18:53:00,115.6615,116.3695,115.4635,115.9965
2026-03-23 18:54:00,115.9415,116.0485,114.7435,115.1915
2026-03-23 18:55:00,115.2535,117.2465,115.2535,116.9835
2026-03-23 18:56:00,117.0655,118.1975,116.8345,117.3815
2026-03-23 18:57:00,117.4465,118.4935,116.9875,117.1045
2026-03-23 18:58:00,117.1555,117.6305,116.1435,117.5335
2026-03-23 18:59:00,117.5845,117.8235,116.7015,116.7015
2026-03-23 19:00:00,116.6485,117.6215,115.9945,117.6085
2026-03-23 19:01:00,117.5435,119.6465,117.5335,119.3855
2026-03-23 19:02:00,119.4385,119.5615,118.0535,119.2265
2026-03-23 19:03:00,119.2895,119.3805,117.0855,117.3125
2026-03-23 19:04:00,117.3845,117.6255,116.5135,116.8535
2026-03-23 19:05:00,116.9165,117.0035,115.5195,115.6615
2026-03-23 19:06:00,115.7125,115.9005,114.6835,114.7975
2026-03-23 19:07:00,114.7355,115.2845,114.0945,115.0645
2026-03-23 19:08:00,115.0035,115.0555,113.6255,114.1465
2026-03-23 19:09:00,114.2075,114.2075,113.0485,113.2125
2026-03-23 19:10:00,113.2615,114.4975,113.1735,114.0765
2026-03-23 19:11:00,114.1285,115.1025,113.6035,115.0985
2026-03-23 19:12:00,115.0365,115.3705,113.5505,114.3455
2026-03-23 19:13:00,114.2925,114.5855,113.5375,113.6515
2026-03-23 19:14:00,113.7025,115.2965,113.5805,114.8955
2026-03-23 19:15:00,114.9505,115.9215,114.6835,115.9155
2026-03-23 19:16:00,115.8615,116.6225,115.5615,115.8675
2026-03-23 19:17:00,115.9285,116.2545,115.1215,115.9335
2026-03-23 19:18:00,115.9905,116.8025,115.1205,115.3585
2026-03-23 19:19:00,115.4085,115.8625,114.2105,114.3885
2026-03-23 19:20:00,114.3305,114.6765,112.9005,113.1645
2026-03-23 19:21:00,113.1035,113.9115,112.7895,112.8255
2026-03-23 19:22:00,112.8795,113.5395,112.6425,112.9095
2026-03-23 19:23:00,112.9705,113.4135,111.3355,112.2465
2026-03-23 19:24:00,112.3005,112.4655,111.2625,111.8585
2026-03-23 19:25:00,111.8105,112.4425,110.8725,111.1565
2026-03-23 19:26:00,111.1055,111.7865,110.8175,111.0925
2026-03-23 19:27:00,111.0375,111.8155,110.4145,111.5865
2026-03-23 19:28:00,111.6355,112.0755,110.6175,111.5075
2026-03-23 19:29:00,111.4465,111.4465,109.6965,110.0725
2026-03-23 19:30:00,110.1325,110.1325,108.7415,109.2145
2026-03-23 19:31:00,109.1675,110.7175,109.0715,109.9845
2026-03-23 19:32:00,109.9265,110.5895,109.7745,110.1095
2026-03-23 19:33:00,110.0505,111.2875,109.7575,110.7015
2026-03-23 19:34:00,110.6445,111.0525,109.7605,110.8105
2026-03-23 19:35:00,110.8635,111.3515,110.3475,110.6745
2026-03-23 19:36:00,110.6245,111.3895,110.2985,110.3535
2026-03-23 19:37:00,110.4015,110.8365,109.7845,110.7035
2026-03-23 19:38:00,110.6545,111.1225,110.2195,110.6915
2026-03-23 19:39:00,110.7695,110.9565,109.1685,109.6875
2026-03-23 19:40:00,109.6345,109.6775,108.3165,108.5585
2026-03-23 19:41:00,108.5045,109.5335,108.4485,109.1715
2026-03-23 19:42:00,109.1135,109.9105,108.8615,109.6345
2026-03-23 19:43:00,109.5835,110.7495,109.5275,110.6485
2026-03-23 19:44:00,110.5955,110.7745,109.0645,109.1135
2026-03-23 19:45:00,109.1615,109.6835,108.8965,109.0225
2026-03-23 19:46:00,109.0755,109.2205,108.5565,108.7235
2026-03-23 19:47:00,108.6695,109.7305,108.5655,109.0805
2026-03-23 19:48:00,109.0335,109.7165,108.1675,108.2695
2026-03-23 19:49:00,108.2125,109.2335,108.0805,108.5145
2026-03-23 19:50:00,108.4555,108.8065,108.0955,108.0955
2026-03-23 19:51:00,108.1545,108.9695,107.6395,108.9145
2026-03-23 19:52:00,108.8625,109.5235,108.0795,109.4635
2026-03-23 19:53:00,109.4045,109.6915,108.6455,109.5375
2026-03-23 19:54:00,109.4835,110.6145,109.2385,110.3545
2026-03-23 19:55:00,110.2935,110.9015,110.1895,110.4265
2026-03-23 19:56:00,110.4855,110.6685,109.7435,109.7905
2026-03-23 19:57:00,109.8385,110.1015,109.5005,109.7855
2026-03-23 19:58:00,109.8375,110.1865,108.1085,108.6395
2026-03-23 19:59:00,108.5865,108.8565,107.6195,108.0855
2026-03-23 20:00:00,108.1365,109.2205,107.9935,109.2005
2026-03-23 20:01:00,109.2615,110.2195,109.1305,109.9655
2026-03-23 20:02:00,110.0155,111.1645,109.7745,111.0075
2026-03-23 20:03:00,110.9505,111.4545,110.1285,110.4905
2026-03-23 20:04:00,110.5465,110.7305,108.5975,108.6895
2026-03-23 20:05:00,108.7365,108.8075,107.9165,108.0415
2026-03-23 20:06:00,107.9825,108.2025,106.2265,106.9725
2026-03-23 20:07:00,106.9255,107.8385,106.4215,107.6485
2026-03-23 20:08:00,107.7005,108.3995,106.7605,107.1135
2026-03-23 20:09:00,107.0675,107.6625,106.5775,107.0815
2026-03-23 20:10:00,107.0285,107.9935,106.9715,107.8275
2026-03-23 20:11:00,107.8755,107.9255,106.8825,107.3905
2026-03-23 20:12:00,107.4445,108.1335,106.9085,107.6325
2026-03-23 20:13:00,107.6795,108.7725,107.6225,108.5335
2026-03-23 20:14:00,108.4855,108.5415,107.2635,107.4445
2026-03-23 20:15:00,107.3985,108.1765,106.6055,107.8975
2026-03-23 20:16:00,107.9455,107.9455,106.9435,107.6885
2026-03-23 20:17:00,107.7425,109.0865,107.1685,108.9225
2026-03-23 20:18:00,108.8635,109.2865,108.4535,109.1195
2026-03-23 20:19:00,109.0625,110.4725,109.0295,109.9085
2026-03-23 20:20:00,109.8575,109.9175,107.9745,107.9745
2026-03-23 20:21:00,107.9175,108.5315,107.3645,107.8285
2026-03-23 20:22:00,107.8825,108.2525,107.1575,107.9405
2026-03-23 20:23:00,107.9885,109.0965,107.5385,109.0425
2026-03-23 20:24:00,109.1075,109.4505,108.5865,109.0455
2026-03-23 20:25:00,109.0995,110.5005,108.8805,110.0605
2026-03-23 20:26:00,110.1125,111.1795,110.1125,110.9475
2026-03-23 20:27:00,110.8885,112.2915,110.8495,111.4635
2026-03-23 20:28:00,111.4025,112.5415,111.0205,112.2615
2026-03-23 20:29:00,112.3135,112.8685,111.0905,112.8365
2026-03-23 20:30:00,112.7865,113.2355,112.0325,113.0255
2026-03-23 20:31:00,112.9675,113.2165,112.0115,112.9475
2026-03-23 20:32:00,113.0165,114.3375,112.8615,113.6125
2026-03-23 20:33:00,113.5635,114.8875,113.4375,113.9005
2026-03-23 20:34:00,113.8415,115.2365,113.8415,115.0685
2026-03-23 20:35:00,115.0055,115.5245,114.5745,114.9335
2026-03-23 20:36:00,114.8585,115.6205,114.2315,115.5025
2026-03-23 20:37:00,115.4475,115.8855,114.7665,114.7665
2026-03-23 20:38:00,114.8155,115.3605,114.1275,114.3105
2026-03-23 20:39:00,114.2485,114.9575,113.5645,113.8745
2026-03-23 20:40:00,113.9365,114.0555,113.0435,113.2665
2026-03-23 20:41:00,113.2095,114.2695,112.5925,113.5805
2026-03-23 20:42:00,113.6325,114.5405,113.4435,114.5245
2026-03-23 20:43:00,114.5875,115.5705,114.4875,115.4265
2026-03-23 20:44:00,115.4855,116.4645,115.2615,115.9205
2026-03-23 20:45:00,115.9805,117.7445,115.9685,117.3235
2026-03-23 20:46:00,117.2615,117.9685,116.5775,116.9015
2026-03-23 20:47:00,116.8395,117.4125,116.5145,116.9925
2026-03-23 20:48:00,117.0465,118.3595,116.9935,117.8675
2026-03-23 20:49:00,117.9255,118.3215,117.1365,117.1945
2026-03-23 20:50:00,117.1395,117.3665,115.7075,117.3665
2026-03-23 20:51:00,117.4275,119.7545,117.2575,119.4955
2026-03-23 20:52:00,119.4375,119.6345,117.9715,118.8745
2026-03-23 20:53:00,118.7005,119.1715,118.5345,118.6005
2026-03-23 20:54:00,118.5365,119.4925,118.2015,119.0725
2026-03-23 20:55:00,119.0175,119.4225,118.6085,119.3175
2026-03-23 20:56:00,119.2665,120.4885,119.0715,120.1555
2026-03-23 20:57:00,120.0965,121.1105,119.8245,120.9265
2026-03-23 20:58:00,120.9935,121.4695,120.1965,120.3335
2026-03-23 20:59:00,120.2725,121.1465,119.9035,120.3875
2026-03-23 21:00:00,120.4535,120.6575,119.0885,119.5255
2026-03-23 21:01:00,119.5765,120.2235,119.1135,120.0255
2026-03-23 21:02:00,119.9635,121.4015,119.9295,119.9885
2026-03-23 21:03:00,119.9305,120.5655,119.1675,119.4505
2026-03-23 21:04:00,119.5075,121.9975,119.3015,121.6025
2026-03-23 21:05:00,121.6685,121.8065,120.6045,120.9745
2026-03-23 21:06:00,120.9165,121.1385,119.9465,120.8595
2026-03-23 21:07:00,120.8025,120.8455,118.6175,119.0245
2026-03-23 21:08:00,118.9705,119.1375,117.3065,117.6935
2026-03-23 21:09:00,117.6335,118.0135,116.9415,117.8195
2026-03-23 21:10:00,117.7625,117.8265,116.6195,117.2295
2026-03-23 21:11:00,117.4055,118.3765,116.8925,117.0085
2026-03-23 21:12:00,117.0715,118.3535,117.0355,118.0755
2026-03-23 21:13:00,118.1935,118.4455,117.0505,117.9995
2026-03-23 21:14:00,118.0535,119.7875,117.4605,119.5555
2026-03-23 21:15:00,119.5015,121.2655,119.3775,121.2655
2026-03-23 21:16:00,121.3255,121.4535,119.7785,120.3585
2026-03-23 21:17:00,120.4155,120.6775,119.0685,119.3985
2026-03-23 21:18:00,119.3425,120.2975,118.6645,119.9585
2026-03-23 21:19:00,120.0105,120.0925,119.0095,119.8465
2026-03-23 21:20:00,119.9255,120.4245,118.9955,119.4815
2026-03-23 21:21:00,119.4275,119.5575,116.9215,116.9235
2026-03-23 21:22:00,116.8625,118.1035,116.8625,117.9405
2026-03-23 21:23:00,118.0005,119.8655,117.9495,119.0285
2026-03-23 21:24:00,119.0855,119.6525,118.5895,119.6525
2026-03-23 21:25:00,119.5965,120.7065,119.5155,120.5385
2026-03-23 21:26:00,120.5995,121.1865,120.0345,120.5055
2026-03-23 21:27:00,120.4415,120.4805,117.9175,118.2825
2026-03-23 21:28:00,118.3325,118.7165,117.3915,118.7135
2026-03-23 21:29:00,118.7735,119.4445,118.1515,119.4445
2026-03-23 21:30:00,119.3895,121.3525,119.3895,120.8515
2026-03-23 21:31:00,120.9315,121.8335,120.8515,121.5165
2026-03-23 21:32:00,121.4535,122.4575,121.3175,122.1195
2026-03-23 21:33:00,122.1795,122.6015,121.8485,122.3535
2026-03-23 21:34:00,122.4175,122.5895,120.9185,121.2015
2026-03-23 21:35:00,121.3005,121.3005,120.2065,121.1585
2026-03-23 21:36:00,121.2235,122.1575,121.2235,122.1095
2026-03-23 21:37:00,122.0455,122.0455,120.6915,120.9645
2026-03-23 21:38:00,121.0225,121.3675,120.2795,120.7745
2026-03-23 21:39:00,120.7155,121.6905,120.1375,120.9855
2026-03-23 21:40:00,120.9265,121.5955,120.4565,121.4605
2026-03-23 21:41:00,121.4015,123.5625,121.2295,123.4515
2026-03-23 21:42:00,123.3845,123.3845,121.7265,122.1105
2026-03-23 21:43:00,122.0445,124.3155,121.9985,123.9095
2026-03-23 21:44:00,123.8305,125.2795,123.4955,125.0955
2026-03-23 21:45:00,125.1715,125.6585,124.4645,124.9875
2026-03-23 21:46:00,124.9325,124.9325,123.3955,124.1685
2026-03-23 21:47:00,124.1025,125.7855,123.8745,125.7275
2026-03-23 21:48:00,125.6665,127.5355,125.6665,126.0005
2026-03-23 21:49:00,125.8665,125.9745,124.9835,125.4355
2026-03-23 21:50:00,125.3815,127.1115,125.2445,127.1115
2026-03-23 21:51:00,127.0515,127.9315,127.0515,127.7565
2026-03-23 21:52:00,127.6885,127.9535,127.0905,127.0905
2026-03-23 21:53:00,127.0225,127.7565,126.7435,127.5265
2026-03-23 21:54:00,127.5865,127.8995,126.1665,126.3405
2026-03-23 21:55:00,126.4145,127.0545,125.6375,126.6665
2026-03-23 21:56:00,126.6105,127.1925,126.2725,126.5115
2026-03-23 21:57:00,126.5775,126.6925,125.1715,125.6695
2026-03-23 21:58:00,125.6095,125.7235,123.3505,123.3795
2026-03-23 21:59:00,123.4365,124.7385,122.5355,124.5065
2026-03-23 22:00:00,124.5625,124.8905,123.5185,123.5735
2026-03-23 22:01:00,123.6265,124.6925,123.5495,124.1025
2026-03-23 22:02:00,124.0335,126.1835,123.8435,126.1835
2026-03-23 22:03:00,126.3425,126.3645,125.3935,126.2495
2026-03-23 22:04:00,126.3095,127.1545,126.0825,126.5065
2026-03-23 22:05:00,126.5595,126.6275,123.4355,123.9655
2026-03-23 22:06:00,124.0245,125.5885,123.8365,125.3475
2026-03-23 22:07:00,125.4015,125.9995,125.1065,125.8015
2026-03-23 22:08:00,125.8705,126.8055,125.5705,126.0965
2026-03-23 22:09:00,126.1565,127.4385,126.1545,127.3815
2026-03-23 22:10:00,127.4415,127.4955,126.6535,126.7035
2026-03-23 22:11:00,126.6335,126.6335,124.8105,125.6125
2026-03-23 22:12:00,125.5465,125.6745,124.6735,125.4175
2026-03-23 22:13:00,125.2795,126.4325,124.9955,125.8595
2026-03-23 22:14:00,125.7915,125.8935,123.5915,123.9655
2026-03-23 22:15:00,124.0325,124.3395,122.1125,122.7335
2026-03-23 22:16:00,122.6675,123.1445,122.3315,122.3845
2026-03-23 22:17:00,122.4425,124.0195,122.3865,124.0195
2026-03-23 22:18:00,124.0835,124.9135,123.6595,123.7785
2026-03-23 22:19:00,123.8425,124.2265,122.5315,122.6625
2026-03-23 22:20:00,122.7285,122.9735,120.9405,121.3515
2026-03-23 22:21:00,121.2945,121.4535,119.3125,119.3735
2026-03-23 22:22:00,119.4265,119.6185,118.9595,119.2775
2026-03-23 22:23:00,119.3425,120.2105,118.3015,120.2105
2026-03-23 22:24:00,120.1585,121.6415,119.4345,121.3385
2026-03-23 22:25:00,121.2775,121.6555,120.3645,120.4475
2026-03-23 22:26:00,120.6285,123.4705,120.4855,123.0155
2026-03-23 22:27:00,122.9475,124.8475,122.9445,124.8475
2026-03-23 22:28:00,124.7845,124.8455,122.5115,122.6825
2026-03-23 22:29:00,122.6265,122.9355,121.2345,122.5885
2026-03-23 22:30:00,122.5345,124.4765,122.4105,123.6345
2026-03-23 22:31:00,123.5775,124.4715,122.9875,123.1515
2026-03-23 22:32:00,123.2115,123.3865,122.6815,123.0255
2026-03-23 22:33:00,122.9595,123.1645,121.9935,122.7635
2026-03-23 22:34:00,122.6905,124.5055,122.6905,124.2225
2026-03-23 22:35:00,124.2835,125.1385,123.7545,125.1385
2026-03-23 22:36:00,125.0805,127.4445,125.0165,127.4445
2026-03-23 22:37:00,127.3725,127.3725,125.3845,125.3845
2026-03-23 22:38:00,125.4515,125.4555,124.4575,125.2315
2026-03-23 22:39:00,125.1675,125.5395,124.5945,125.4295
2026-03-23 22:40:00,125.3645,125.7935,124.7865,125.4865
2026-03-23 22:41:00,125.5415,125.7925,124.7635,125.6635
2026-03-23 22:42:00,125.6005,126.3885,125.3515,126.0345
2026-03-23 22:43:00,126.1035,126.7925,126.0445,126.5765
2026-03-23 22:44:00,126.5075,126.5075,125.1285,125.9835
2026-03-23 22:45:00,126.0415,126.9185,125.5025,125.7615
2026-03-23 22:46:00,125.8175,127.2955,125.5665,126.8505
2026-03-23 22:47:00,126.7915,126.7915,124.5205,125.9155
2026-03-23 22:48:00,125.8595,126.8245,125.6115,126.1305
2026-03-23 22:49:00,126.2005,127.8515,126.0705,127.1675
2026-03-23 22:50:00,127.2235,127.3575,126.4615,126.6055
2026-03-23 22:51:00,126.6735,126.7625,125.7365,126.2245
2026-03-23 22:52:00,126.1575,126.2095,124.5105,124.8195
2026-03-23 22:53:00,124.7525,125.2555,124.1145,124.8505
2026-03-23 22:54:00,124.9105,125.2205,123.4445,123.8785
2026-03-23 22:55:00,123.9415,126.3405,123.9335,125.9665
2026-03-23 22:56:00,126.0365,126.5065,124.9925,126.1975
2026-03-23 22:57:00,126.1405,126.5735,124.9375,126.3835
2026-03-23 22:58:00,126.3275,127.6245,126.2465,127.6125
2026-03-23 22:59:00,127.6675,129.2985,127.0695,128.3695
2026-03-23 23:00:00,128.3085,128.4335,127.1955,128.0545
2026-03-23 23:01:00,128.1165,129.1665,127.5715,128.4535
2026-03-23 23:02:00,128.5145,129.2015,127.8355,128.2535
2026-03-23 23:03:00,128.3235,128.6475,127.7555,128.5445
2026-03-23 23:04:00,128.4775,129.0035,127.2805,128.2285
2026-03-23 23:05:00,128.1695,128.4945,127.7235,128.3675
2026-03-23 23:06:00,128.3035,128.9435,126.8325,127.7505
2026-03-23 23:07:00,127.6875,127.7645,125.9825,126.2085
2026-03-23 23:08:00,126.2635,127.2315,125.4275,125.9615
2026-03-23 23:09:00,125.9015,127.9595,125.8485,127.4075
2026-03-23 23:10:00,127.4875,128.3025,127.2245,127.5855
2026-03-23 23:11:00,127.5205,127.9585,126.7635,127.5015
2026-03-23 23:12:00,127.5615,127.6275,126.1045,126.7395
2026-03-23 23:13:00,126.6835,126.7825,125.9255,126.0485
2026-03-23 23:14:00,126.1055,127.1385,125.3765,126.9105
2026-03-23 23:15:00,126.8485,128.1395,126.4465,127.5495
2026-03-23 23:16:00,127.6195,127.9505,125.7265,126.5795
2026-03-23 23:17:00,126.6525,127.3925,126.2295,127.3635
2026-03-23 23:18:00,127.4215,128.0095,126.0305,126.3565
2026-03-23 23:19:00,126.2875,126.4175,124.4975,125.2145
2026-03-23 23:20:00,125.2705,125.7845,124.8315,125.4335
2026-03-23 23:21:00,125.3755,126.0215,124.6665,125.5795
2026-03-23 23:22:00,125.6365,126.3695,125.4425,126.2125
2026-03-23 23:23:00,126.2775,126.6605,125.4765,125.9315
2026-03-23 23:24:00,125.9935,126.4555,125.5325,125.5915
2026-03-23 23:25:00,125.5375,126.4915,125.3675,125.8655
2026-03-23 23:26:00,125.9215,126.3235,125.2515,126.0755
2026-03-23 23:27:00,126.0165,126.7395,125.5225,125.6705
2026-03-23 23:28:00,125.7875,128.5235,125.7875,128.3315
2026-03-23 23:29:00,128.2715,129.0315,128.0225,128.3885
2026-03-23 23:30:00,128.3325,129.0915,127.4705,128.2045
2026-03-23 23:31:00,128.1395,128.6395,127.3635,128.1945
2026-03-23 23:32:00,128.2825,128.4205,126.5835,127.0445
2026-03-23 23:33:00,126.9765,127.1115,126.2835,126.7135
2026-03-23 23:34:00,126.7755,128.3405,126.7155,127.6645
2026-03-23 23:35:00,127.7195,127.9285,126.5755,126.5755
2026-03-23 23:36:00,126.5135,127.4415,125.4305,125.7945
2026-03-23 23:37:00,125.6165,126.4205,125.4345,126.3655
2026-03-23 23:38:00,126.4345,126.4985,125.5125,125.7015
2026-03-23 23:39:00,125.7615,127.3645,125.6375,126.2285
2026-03-23 23:40:00,126.2985,128.0345,126.2985,127.3585
2026-03-23 23:41:00,127.2985,127.6105,126.4115,126.4905
2026-03-23 23:42:00,126.4345,127.2795,125.8235,126.1705
2026-03-23 23:43:00,126.1105,126.3495,124.8995,125.3245
2026-03-23 23:44:00,125.2595,126.8835,124.7725,126.6565
2026-03-23 23:45:00,126.7115,126.8855,125.0475,125.5545
2026-03-23 23:46:00,125.6195,125.8665,125.1355,125.6535
2026-03-23 23:47:00,125.7165,127.0805,125.2185,126.9495
2026-03-23 23:48:00,127.0125,127.2315,125.0805,125.6845
2026-03-23 23:49:00,125.5975,125.8845,124.4055,124.4055
2026-03-23 23:50:00,124.4645,124.4655,122.9435,123.0795
2026-03-23 23:51:00,123.0145,123.2505,121.5175,122.2265
2026-03-23 23:52:00,122.2935,122.3525,121.3385,122.1555
2026-03-23 23:53:00,122.2135,122.4535,121.5595,121.8845
2026-03-23 23:54:00,121.9485,123.0825,121.7915,122.2035
2026-03-23 23:55:00,122.1435,122.6665,121.5205,122.2205
2026-03-23 23:56:00,122.1615,124.0615,121.8555,124.0015
2026-03-23 23:57:00,124.0615,124.4275,123.1615,124.3685
2026-03-23 23:58:00,124.4305,126.2005,124.1785,126.0005
2026-03-23 23:59:00,125.9045,125.9735,123.7125,123.8485
2026-03-24 00:00:00,123.7935,125.8435,123.7935,125.8435
2026-03-24 00:01:00,125.8995,127.2565,125.8995,126.7045
2026-03-24 00:02:00,126.7725,126.8925,124.6875,125.0635
2026-03-24 00:03:00,125.0035,125.8865,124.5345,125.7755
2026-03-24 00:04:00,125.8325,125.8765,124.9255,125.8125
2026-03-24 00:05:00,125.8755,126.3055,123.9225,123.9335
2026-03-24 00:06:00,123.9895,125.1535,122.6895,125.1535
2026-03-24 00:07:00,125.2185,125.2755,123.8735,124.2405
2026-03-24 00:08:00,124.1805,125.0635,123.7785,125.0045
2026-03-24 00:09:00,124.9435,125.0125,124.0005,124.8075
2026-03-24 00:10:00,124.8755,125.9895,124.7635,125.5745
2026-03-24 00:11:00,125.5195,125.8445,124.9395,125.0835
2026-03-24 00:12:00,125.0285,125.6785,124.7955,125.0575
2026-03-24 00:13:00,125.1175,126.8015,125.0345,126.3105
2026-03-24 00:14:00,126.2555,126.5855,125.4355,126.2315
2026-03-24 00:15:00,126.1755,127.1115,125.7365,126.1825
2026-03-24 00:16:00,126.2415,127.4665,126.1135,126.8415
2026-03-24 00:17:00,126.9775,128.5935,126.8025,127.3465
2026-03-24 00:18:00,127.2785,127.4945,125.9955,125.9955
2026-03-24 00:19:00,126.0515,126.5545,125.3555,125.7945
2026-03-24 00:20:00,125.7385,128.1585,125.6835,127.6175
2026-03-24 00:21:00,127.6775,128.7455,127.1555,128.4675
2026-03-24 00:22:00,128.4035,130.0005,128.4035,129.9975
2026-03-24 00:23:00,129.9425,130.6875,129.8785,130.4845
2026-03-24 00:24:00,130.5675,131.4805,130.1015,130.8225
2026-03-24 00:25:00,130.7555,131.4785,130.3125,130.5095
2026-03-24 00:26:00,130.4455,130.7355,128.5575,128.6445
2026-03-24 00:27:00,128.5245,128.7545,127.2975,128.0715
2026-03-24 00:28:00,128.0065,128.1195,126.4735,126.5105
2026-03-24 00:29:00,126.5645,129.2805,126.5645,129.1565
2026-03-24 00:30:00,129.0955,130.7705,129.0395,130.7705
2026-03-24 00:31:00,130.7025,131.6645,130.3525,131.0515
2026-03-24 00:32:00,131.1185,132.3435,131.0475,131.8345
2026-03-24 00:33:00,131.7735,131.9625,131.2185,131.8705
2026-03-24 00:34:00,131.7995,132.0015,130.2165,130.5585
2026-03-24 00:35:00,130.4935,130.6695,129.4075,130.1085
2026-03-24 00:36:00,130.1955,130.9495,129.1725,129.3875
2026-03-24 00:37:00,129.4575,129.8265,127.8315,129.4405
2026-03-24 00:38:00,129.3735,130.6145,129.1655,130.5175
2026-03-24 00:39:00,130.5725,130.5725,128.5335,128.7995
2026-03-24 00:40:00,128.7365,129.3025,127.3845,127.6655
2026-03-24 00:41:00,127.6105,127.6105,125.4245,125.8195
2026-03-24 00:42:00,125.8735,127.7735,125.7325,127.3275
2026-03-24 00:43:00,127.2585,128.4685,126.9505,126.9505
2026-03-24 00:44:00,126.8965,127.6425,126.6125,127.5135
2026-03-24 00:45:00,127.5705,129.5165,127.2975,128.2655
2026-03-24 00:46:00,128.3325,128.4665,126.6465,126.6465
2026-03-24 00:47:00,126.7055,128.1665,126.5745,127.8645
2026-03-24 00:48:00,127.9195,127.9195,126.5355,126.7975
2026-03-24 00:49:00,126.8565,127.3255,126.3525,126.7955
2026-03-24 00:50:00,126.7315,126.9815,125.2705,125.8605
2026-03-24 00:51:00,125.7995,126.3685,124.7775,126.3685
2026-03-24 00:52:00,126.4345,126.9275,125.5905,126.2635
2026-03-24 00:53:00,126.3165,126.5275,125.6435,126.4425
2026-03-24 00:54:00,126.4965,126.4965,124.1255,124.1735
2026-03-24 00:55:00,124.0405,124.6505,123.5105,123.5105
2026-03-24 00:56:00,123.5625,124.5405,122.9875,124.0375
2026-03-24 00:57:00,123.9835,124.0795,122.8745,122.9275
2026-03-24 00:58:00,122.8695,123.8965,122.3825,122.5545
2026-03-24 00:59:00,122.4875,123.6385,122.2955,122.4605
2026-03-24 01:00:00,122.3935,123.0115,121.6895,122.5285
2026-03-24 01:01:00,122.4755,122.6845,121.4475,122.1185
2026-03-24 01:02:00,122.0665,122.7235,121.4775,121.4775
2026-03-24 01:03:00,121.4225,122.1485,121.2845,121.4685
2026-03-24 01:04:00,121.5215,122.5715,121.0325,121.6505
2026-03-24 01:05:00,121.7115,124.2925,121.4885,124.1175
2026-03-24 01:06:00,124.0575,124.1745,121.7285,122.0825
2026-03-24 01:07:00,122.0205,122.5975,120.6835,121.2835
2026-03-24 01:08:00,121.3435,121.8395,120.3885,121.2485
2026-03-24 01:09:00,121.1975,121.2525,120.2335,120.8325
2026-03-24 01:10:00,120.8945,121.5705,120.6175,121.2905
2026-03-24 01:11:00,121.3425,122.3315,121.1795,121.7515
2026-03-24 01:12:00,121.6955,122.3785,121.1215,121.8615
2026-03-24 01:13:00,121.7915,122.3905,120.8105,122.3325
2026-03-24 01:14:00,122.2805,123.9005,122.0145,123.7695
2026-03-24 01:15:00,123.7025,123.8915,121.8935,122.0685
2026-03-24 01:16:00,122.1755,123.2945,122.1755,122.9795
2026-03-24 01:17:00,122.9225,124.5935,122.7925,124.4215
2026-03-24 01:18:00,124.4885,124.5755,123.4465,124.5285
2026-03-24 01:19:00,124.4625,125.6025,124.3445,125.1525
2026-03-24 01:20:00,125.0945,125.2865,123.9265,125.0275
2026-03-24 01:21:00,124.9685,126.5905,124.8405,126.0835
2026-03-24 01:22:00,126.0205,128.0165,125.9005,127.7185
2026-03-24 01:23:00,127.7745,127.8845,126.1695,127.8295
2026-03-24 01:24:00,127.8995,129.3245,127.8105,128.9775
2026-03-24 01:25:00,129.0905,129.1485,127.9635,128.0565
2026-03-24 01:26:00,127.9855,128.1105,126.3205,126.5915
2026-03-24 01:27:00,126.6515,127.1285,126.3005,127.0575
2026-03-24 01:28:00,127.1305,128.3845,126.3575,128.3845
2026-03-24 01:29:00,128.4455,129.4655,128.0445,129.2905
2026-03-24 01:30:00,129.3575,129.6445,128.6125,129.1115
2026-03-24 01:31:00,129.1725,130.7215,129.0265,130.2225
2026-03-24 01:32:00,130.1115,131.3305,130.0205,131.3305
2026-03-24 01:33:00,131.2615,131.6435,130.4115,130.6495
2026-03-24 01:34:00,130.7075,131.1135,129.7755,130.1035
2026-03-24 01:35:00,130.1625,131.4405,129.8385,131.2215
2026-03-24 01:36:00,131.0935,131.2515,130.0535,130.8685
2026-03-24 01:37:00,130.9285,131.8355,130.6875,131.5545
2026-03-24 01:38:00,131.4945,133.7615,130.9805,133.7015
2026-03-24 01:39:00,133.6335,133.8275,131.6525,132.0825
2026-03-24 01:40:00,131.9155,133.8875,131.6425,133.5615
2026-03-24 01:41:00,133.6295,134.5435,132.9385,134.3885
2026-03-24 01:42:00,134.4515,134.4845,131.2215,132.0165
2026-03-24 01:43:00,132.0845,132.1545,130.5705,131.4225
2026-03-24 01:44:00,131.3645,131.8795,130.6595,130.8295
2026-03-24 01:45:00,130.7605,130.8165,129.4665,129.8125
2026-03-24 01:46:00,129.7425,131.2345,129.7425,130.9435
2026-03-24 01:47:00,130.8825,132.1865,130.4385,131.4275
2026-03-24 01:48:00,131.4875,132.4575,131.0635,131.1805
2026-03-24 01:49:00,131.2375,131.7665,130.6565,130.9315
2026-03-24 01:50:00,130.8665,131.1905,129.3355,129.9055
2026-03-24 01:51:00,129.9905,130.8295,129.7955,130.6165
2026-03-24 01:52:00,130.5545,130.6145,128.8605,128.9805
2026-03-24 01:53:00,128.9165,129.1655,127.9745,128.2775
2026-03-24 01:54:00,128.3405,130.0285,128.1965,128.5765
2026-03-24 01:55:00,128.5215,128.5975,127.4395,128.2185
2026-03-24 01:56:00,128.2815,129.1205,127.9555,128.8115
2026-03-24 01:57:00,128.8815,129.9155,128.0515,128.0515
2026-03-24 01:58:00,128.1065,128.2035,125.1515,125.3575
2026-03-24 01:59:00,125.2925,125.9915,124.9645,125.6675
2026-03-24 02:00:00,125.7275,126.7585,125.5755,126.2395
2026-03-24 02:01:00,126.2935,126.4255,124.7595,125.4875
2026-03-24 02:02:00,125.5415,126.0945,124.4305,125.1285
2026-03-24 02:03:00,125.1815,126.8565,125.1815,126.0525
2026-03-24 02:04:00,126.1055,126.2125,124.5655,124.8325
2026-03-24 02:05:00,124.7725,124.8465,122.5115,122.9445
2026-03-24 02:06:00,122.9965,123.1485,121.9735,122.9435
2026-03-24 02:07:00,122.9975,124.4485,122.9415,123.7705
2026-03-24 02:08:00,123.8365,125.0835,123.6065,124.7955
2026-03-24 02:09:00,124.7315,125.8205,124.7205,125.2405
2026-03-24 02:10:00,125.1715,126.5895,125.1025,126.5895
2026-03-24 02:11:00,126.6505,127.5265,125.7205,125.7205
2026-03-24 02:12:00,125.6515,127.1095,125.2795,127.0455
2026-03-24 02:13:00,127.1055,127.6115,126.1565,127.0835
2026-03-24 02:14:00,127.1435,130.4605,127.0915,130.4605
2026-03-24 02:15:00,130.5525,132.1445,130.5495,130.9945
2026-03-24 02:16:00,130.9315,131.0005,129.0425,129.3935
2026-03-24 02:17:00,129.4485,129.9845,128.8585,129.3345
2026-03-24 02:18:00,129.2565,130.4095,128.7915,129.0115
2026-03-24 02:19:00,128.9535,129.7465,128.1375,128.2615
2026-03-24 02:20:00,128.1985,128.4395,126.9475,127.2495
2026-03-24 02:21:00,127.1955,128.3965,127.0575,128.2215
2026-03-24 02:22:00,128.2885,129.0715,127.6655,127.9175
2026-03-24 02:23:00,127.8615,129.3305,127.7245,128.8665
2026-03-24 02:24:00,128.8105,129.3415,128.1645,129.2355
2026-03-24 02:25:00,129.2995,130.8285,128.1775,128.7385
2026-03-24 02:26:00,128.5485,129.2005,126.2465,126.5915
2026-03-24 02:27:00,126.6575,126.8245,124.9745,125.0745
2026-03-24 02:28:00,125.1415,126.0795,125.0765,125.3525
2026-03-24 02:29:00,125.2835,126.2845,124.8475,125.4485
2026-03-24 02:30:00,125.5115,125.5735,124.0355,124.1495
2026-03-24 02:31:00,124.2125,126.0595,124.0895,124.8675
2026-03-24 02:32:00,124.8085,125.7095,124.2715,125.0515
2026-03-24 02:33:00,125.1205,125.8215,124.6555,125.2935
2026-03-24 02:34:00,125.2325,126.5355,125.1785,126.4565
2026-03-24 02:35:00,126.5095,127.2535,126.0535,127.1965
2026-03-24 02:36:00,127.2595,127.7575,126.8425,127.4215
2026-03-24 02:37:00,127.3615,127.6225,126.6475,126.8375
2026-03-24 02:38:00,126.9065,126.9065,125.4665,125.5255
2026-03-24 02:39:00,125.4605,125.4605,124.0395,124.3335
2026-03-24 02:40:00,124.2705,124.4495,122.5355,123.0275
2026-03-24 02:41:00,122.9615,125.0005,122.6125,124.7025
2026-03-24 02:42:00,124.7715,125.2925,123.8795,125.0245
2026-03-24 02:43:00,124.9585,126.5975,124.7345,126.4305
2026-03-24 02:44:00,126.3695,126.8195,125.5425,125.8575
2026-03-24 02:45:00,125.9105,126.5905,125.5695,125.8015
2026-03-24 02:46:00,125.7385,125.8495,124.3585,124.4285
2026-03-24 02:47:00,124.4895,125.4165,124.3715,125.3685
2026-03-24 02:48:00,125.2905,125.8735,124.8465,125.8355
