time,open,high,low,close
2026-03-20 15:19:00,217.205475,217.280185,217.114155,217.263805
2026-03-20 15:20:00,217.292545,217.465825,217.214025,217.243915
2026-03-20 15:21:00,217.244405,217.244405,217.065165,217.077465
2026-03-20 15:22:00,217.076705,217.164085,216.971035,217.009675
2026-03-20 15:23:00,217.008995,217.119435,216.949835,217.089015
2026-03-20 15:24:00,217.071065,217.314945,217.061845,217.263235
2026-03-20 15:25:00,217.246725,217.301585,216.865215,216.935365
2026-03-20 15:26:00,216.942145,217.060635,216.916345,216.970575
2026-03-20 15:27:00,216.941595,217.044525,216.771785,216.904705
2026-03-20 15:28:00,216.904625,217.095435,216.830415,217.074675
2026-03-20 15:29:00,217.074585,217.475775,217.071355,217.462455
2026-03-20 15:30:00,217.466115,217.737175,217.435045,217.636325
2026-03-20 15:31:00,217.621635,217.737555,217.571115,217.603395
2026-03-20 15:32:00,217.617535,217.651965,217.362565,217.374795
2026-03-20 15:33:00,217.383355,217.420535,217.213395,217.275165
2026-03-20 15:34:00,217.278775,217.535315,217.256185,217.457455
2026-03-20 15:35:00,217.452655,217.672535,217.389585,217.545165
2026-03-20 15:36:00,217.542995,217.626675,217.436885,217.494305
2026-03-20 15:37:00,217.480335,217.644115,217.199195,217.548775
2026-03-20 15:38:00,217.545235,217.574035,217.252425,217.265395
2026-03-20 15:39:00,217.267115,217.350145,216.943185,216.995115
2026-03-20 15:40:00,217.000785,217.251325,216.954185,217.190765
2026-03-20 15:41:00,217.193435,217.548765,217.190265,217.548765
2026-03-20 15:42:00,217.548675,217.550535,217.340505,217.340505
2026-03-20 15:43:00,217.332745,217.456415,217.270415,217.427325
2026-03-20 15:44:00,217.441465,217.454385,217.301045,217.391635
2026-03-20 15:45:00,217.379335,217.496845,217.108335,217.110485
2026-03-20 15:46:00,217.111645,217.192805,216.814575,216.974995
2026-03-20 15:47:00,216.975205,217.077685,216.948225,216.966595
2026-03-20 15:48:00,216.963055,216.963055,216.673645,216.754875
2026-03-20 15:49:00,216.753705,216.826275,216.697065,216.756505
2026-03-20 15:50:00,216.748675,216.951415,216.735695,216.867015
2026-03-20 15:51:00,216.862805,216.897855,216.630555,216.630555
2026-03-20 15:52:00,216.607985,216.851585,216.574755,216.779345
2026-03-20 15:53:00,216.783845,217.063995,216.740095,216.939595
2026-03-20 15:54:00,216.935555,217.316985,216.935555,217.290295
2026-03-20 15:55:00,217.288865,217.391075,217.140505,217.206805
2026-03-20 15:56:00,217.205205,217.455565,217.205205,217.346475
2026-03-20 15:57:00,217.371885,217.443595,217.267145,217.346595
2026-03-20 15:58:00,217.360035,217.440105,217.276905,217.401995
2026-03-20 15:59:00,217.400935,217.471625,217.324125,217.459315
2026-03-20 16:00:00,217.446125,217.587055,217.345055,217.356005
2026-03-20 16:01:00,217.344105,217.357785,217.117945,217.117945
2026-03-20 16:02:00,217.117375,217.136865,216.955285,217.075605
2026-03-20 16:03:00,217.076335,217.087915,216.711645,216.863245
2026-03-20 16:04:00,216.859345,216.916135,216.749625,216.913655
2026-03-20 16:05:00,216.918105,217.269295,216.907675,217.249875
2026-03-20 16:06:00,217.246825,217.431165,217.101315,217.108545
2026-03-20 16:07:00,217.107845,217.166445,216.855755,216.897115
2026-03-20 16:08:00,216.889865,217.199035,216.818565,217.154555
2026-03-20 16:09:00,217.158815,217.236855,216.964155,216.966535
2026-03-20 16:10:00,216.969035,217.158715,216.922495,216.923215
2026-03-20 16:11:00,216.924595,217.080875,216.876355,216.902125
2026-03-20 16:12:00,216.898825,217.068955,216.858905,216.952015
2026-03-20 16:13:00,216.937605,217.023705,216.713065,216.726295
2026-03-20 16:14:00,216.729305,216.753315,216.505455,216.552035
2026-03-20 16:15:00,216.550715,216.801255,216.550715,216.648965
2026-03-20 16:16:00,216.648585,216.836395,216.516785,216.833855
2026-03-20 16:17:00,216.825515,216.882755,216.715445,216.751445
2026-03-20 16:18:00,216.737535,216.737535,216.400365,216.432005
2026-03-20 16:19:00,216.438245,216.481775,216.142165,216.219015
2026-03-20 16:20:00,216.215925,216.676795,216.162575,216.601885
2026-03-20 16:21:00,216.598595,216.671485,216.455155,216.455155
2026-03-20 16:22:00,216.446545,216.566995,216.342125,216.506555
2026-03-20 16:23:00,216.496585,216.742325,216.450105,216.723425
2026-03-20 16:24:00,216.739935,216.830055,216.689905,216.692305
2026-03-20 16:25:00,216.679895,216.893765,216.629505,216.822505
2026-03-20 16:26:00,216.823665,216.891135,216.750555,216.785325
2026-03-20 16:27:00,216.781175,216.900275,216.716515,216.771465
2026-03-20 16:28:00,216.762645,216.880805,216.620985,216.869765
2026-03-20 16:29:00,216.873265,217.216695,216.854305,217.142795
2026-03-20 16:30:00,217.150515,217.167925,216.863365,216.939555
2026-03-20 16:31:00,216.940145,217.123415,216.939705,217.014015
2026-03-20 16:32:00,217.009315,217.019955,216.692815,216.703585
2026-03-20 16:33:00,216.705955,216.705955,216.469805,216.617845
2026-03-20 16:34:00,216.596755,216.596755,216.368865,216.455785
2026-03-20 16:35:00,216.458635,216.546075,216.403865,216.530445
2026-03-20 16:36:00,216.517815,216.830635,216.495225,216.661435
2026-03-20 16:37:00,216.643685,216.827595,216.590795,216.702995
2026-03-20 16:38:00,216.704285,216.974585,216.700385,216.904955
2026-03-20 16:39:00,216.900825,216.962135,216.767435,216.767435
2026-03-20 16:40:00,216.760765,216.845765,216.643995,216.828895
2026-03-20 16:41:00,216.827545,216.919475,216.670375,216.912885
2026-03-20 16:42:00,216.924925,216.997385,216.692795,216.692795
2026-03-20 16:43:00,216.707345,216.775635,216.622655,216.667985
2026-03-20 16:44:00,216.672435,216.743745,216.551175,216.725545
2026-03-20 16:45:00,216.741855,216.794565,216.603235,216.607255
2026-03-20 16:46:00,216.608785,216.778485,216.586925,216.709475
2026-03-20 16:47:00,216.710125,216.813265,216.543555,216.548545
2026-03-20 16:48:00,216.547605,216.786685,216.445115,216.693225
2026-03-20 16:49:00,216.691925,216.795345,216.558505,216.589965
2026-03-20 16:50:00,216.587975,216.605385,216.361625,216.411075
2026-03-20 16:51:00,216.417965,216.681225,216.368225,216.643305
2026-03-20 16:52:00,216.644245,216.756385,216.588175,216.659355
2026-03-20 16:53:00,216.655495,216.722865,216.433475,216.449285
2026-03-20 16:54:00,216.451065,216.451065,216.224085,216.358845
2026-03-20 16:55:00,216.340465,216.484635,216.292965,216.319655
2026-03-20 16:56:00,216.314145,216.452865,216.252595,216.380155
2026-03-20 16:57:00,216.372655,216.476355,216.344175,216.468605
2026-03-20 16:58:00,216.462235,216.493595,216.320635,216.353735
2026-03-20 16:59:00,216.353825,216.555775,216.336195,216.407615
2026-03-20 17:00:00,216.398315,216.614275,216.351335,216.541245
2026-03-20 17:01:00,216.537555,216.631045,216.368375,216.463265
2026-03-20 17:02:00,216.476915,216.647525,216.476915,216.618565
2026-03-20 17:03:00,216.643615,216.731845,216.466515,216.575775
2026-03-20 17:04:00,216.594765,216.689245,216.402295,216.647115
2026-03-20 17:05:00,216.649305,216.847705,216.586805,216.793615
2026-03-20 17:06:00,216.789825,216.809655,216.650465,216.688075
2026-03-20 17:07:00,216.691055,216.724085,216.384135,216.390815
2026-03-20 17:08:00,216.414225,216.437875,216.115005,216.260105
2026-03-20 17:09:00,216.279905,216.346165,216.112975,216.140795
2026-03-20 17:10:00,216.144345,216.147785,215.980705,215.980705
2026-03-20 17:11:00,215.996245,216.038355,215.826365,215.878685
2026-03-20 17:12:00,215.877205,215.901295,215.793035,215.888315
2026-03-20 17:13:00,215.884195,216.019645,215.428495,215.515795
2026-03-20 17:14:00,215.519785,215.551215,215.281995,215.404005
2026-03-20 17:15:00,215.402185,215.446725,215.150585,215.150585
2026-03-20 17:16:00,215.148485,215.424205,215.143305,215.393085
2026-03-20 17:17:00,215.394505,215.534855,215.351945,215.426095
2026-03-20 17:18:00,215.417875,215.424095,215.170285,215.195565
2026-03-20 17:19:00,215.193395,215.216775,215.053635,215.067355
2026-03-20 17:20:00,215.064455,215.172255,214.979545,215.160445
2026-03-20 17:21:00,215.166485,215.291105,215.141215,215.196785
2026-03-20 17:22:00,215.198985,215.265755,215.050965,215.069355
2026-03-20 17:23:00,215.085615,215.220275,215.017605,215.097695
2026-03-20 17:24:00,215.091815,215.292005,215.083905,215.278935
2026-03-20 17:25:00,215.282905,215.401685,215.046015,215.151895
2026-03-20 17:26:00,215.150955,215.558165,215.124245,215.558165
2026-03-20 17:27:00,215.565745,215.565745,214.863415,214.863415
2026-03-20 17:28:00,214.854145,214.966915,214.794455,214.851015
2026-03-20 17:29:00,214.846555,214.935095,214.675735,214.830275
2026-03-20 17:30:00,214.828505,215.077185,214.814315,215.021485
2026-03-20 17:31:00,215.022305,215.098875,214.947665,215.037065
2026-03-20 17:32:00,215.039595,215.145885,214.874625,214.874625
2026-03-20 17:33:00,214.878155,215.008635,214.873235,215.000835
2026-03-20 17:34:00,215.018705,215.125085,214.948025,215.059975
2026-03-20 17:35:00,215.055305,215.089455,214.771175,214.783185
2026-03-20 17:36:00,214.790765,214.801295,214.619265,214.744965
2026-03-20 17:37:00,214.746225,214.843715,214.666555,214.713835
2026-03-20 17:38:00,214.713355,214.775755,214.576955,214.595825
2026-03-20 17:39:00,214.597845,214.862485,214.593315,214.763085
2026-03-20 17:40:00,214.759825,215.096395,214.755965,215.094045
2026-03-20 17:41:00,215.068035,215.089515,214.817235,214.906685
2026-03-20 17:42:00,214.909885,215.016125,214.846555,214.967255
2026-03-20 17:43:00,214.967745,215.057755,214.882435,215.006645
2026-03-20 17:44:00,215.000535,215.058535,214.882935,214.987415
2026-03-20 17:45:00,214.984025,214.989295,214.738395,214.811775
2026-03-20 17:46:00,214.810835,214.842005,214.667225,214.760325
2026-03-20 17:47:00,214.759705,214.897045,214.674385,214.778295
2026-03-20 17:48:00,214.774275,215.158425,214.715435,215.158425
2026-03-20 17:49:00,215.162645,215.174485,214.912115,215.052145
2026-03-20 17:50:00,215.044485,215.137445,214.992805,215.127245
2026-03-20 17:51:00,215.105525,215.238555,215.101485,215.198165
2026-03-20 17:52:00,215.194635,215.346415,215.060265,215.331705
2026-03-20 17:53:00,215.337015,215.337015,215.110225,215.161765
2026-03-20 17:54:00,215.152795,215.243715,215.062265,215.187545
2026-03-20 17:55:00,215.194565,215.503455,215.180325,215.485295
2026-03-20 17:56:00,215.479995,215.774195,215.479855,215.754735
2026-03-20 17:57:00,215.751715,216.053135,215.737235,215.998135
2026-03-20 17:58:00,215.990415,216.104225,215.808175,216.081415
2026-03-20 17:59:00,216.069415,216.073205,215.885915,216.033805
2026-03-20 18:00:00,216.036675,216.085035,215.846185,215.876715
2026-03-20 18:01:00,215.872415,215.885915,215.691575,215.709005
2026-03-20 18:02:00,215.706595,215.786955,215.568635,215.656045
2026-03-20 18:03:00,215.655905,215.750685,215.482245,215.581535
2026-03-20 18:04:00,215.549365,215.860145,215.538835,215.697005
2026-03-20 18:05:00,215.695295,215.916085,215.695295,215.760595
2026-03-20 18:06:00,215.746695,215.847925,215.550155,215.550155
2026-03-20 18:07:00,215.567355,215.675445,215.479925,215.669635
2026-03-20 18:08:00,215.668805,215.936415,215.590545,215.913515
2026-03-20 18:09:00,215.917995,215.995285,215.739115,215.848665
2026-03-20 18:10:00,215.865135,216.074755,215.838055,216.046615
2026-03-20 18:11:00,216.044705,216.150805,215.894385,215.925195
2026-03-20 18:12:00,215.932425,216.111925,215.743725,215.795875
2026-03-20 18:13:00,215.796865,216.005905,215.773375,215.994915
2026-03-20 18:14:00,216.000595,216.098935,215.944305,215.957125
2026-03-20 18:15:00,215.956225,216.275275,215.944825,216.275275
2026-03-20 18:16:00,216.286605,216.300725,216.105125,216.129755
2026-03-20 18:17:00,216.128115,216.270225,216.043795,216.097525
2026-03-20 18:18:00,216.098095,216.224575,215.852155,215.900265
2026-03-20 18:19:00,215.924805,215.981555,215.668955,215.786315
2026-03-20 18:20:00,215.805675,215.816615,215.466785,215.521515
2026-03-20 18:21:00,215.525475,215.647265,215.385545,215.630835
2026-03-20 18:22:00,215.633635,215.671435,215.532575,215.598435
2026-03-20 18:23:00,215.600085,215.819075,215.559535,215.819075
2026-03-20 18:24:00,215.818785,216.096435,215.811755,216.085795
2026-03-20 18:25:00,216.088865,216.097765,215.904725,216.087845
2026-03-20 18:26:00,216.103925,216.355665,216.038325,216.291055
2026-03-20 18:27:00,216.285655,216.339795,216.041125,216.076595
2026-03-20 18:28:00,216.073945,216.256975,216.036185,216.137165
2026-03-20 18:29:00,216.134085,216.412055,216.134085,216.262395
2026-03-20 18:30:00,216.256365,216.256365,216.069125,216.157275
2026-03-20 18:31:00,216.157565,216.221525,216.047975,216.131735
2026-03-20 18:32:00,216.130585,216.313205,216.128495,216.295125
2026-03-20 18:33:00,216.297735,216.335305,216.115055,216.201645
2026-03-20 18:34:00,216.201515,216.248935,216.094385,216.234145
2026-03-20 18:40:00,216.234145,216.234145,205.704825,205.755875
2026-03-20 18:41:00,205.758075,205.759635,205.524435,205.524435
2026-03-20 18:42:00,205.526375,205.533465,205.340705,205.394245
2026-03-20 18:43:00,205.401785,205.563115,205.351545,205.555085
2026-03-20 18:44:00,205.558335,205.597455,205.336335,205.347725
2026-03-20 18:45:00,205.344015,205.356675,205.075095,205.116845
2026-03-20 18:46:00,205.138035,205.162715,204.939305,204.944875
2026-03-20 18:47:00,204.945405,205.116335,204.803575,204.805405
2026-03-20 18:48:00,204.811055,205.045175,204.708195,205.021195
2026-03-20 18:49:00,205.014865,205.085025,204.904265,205.039775
2026-03-20 18:50:00,205.019225,205.058585,204.844065,204.958315
2026-03-20 18:51:00,204.959715,205.011305,204.527025,204.636495
2026-03-20 18:52:00,204.638825,204.921155,204.638825,204.882825
2026-03-20 18:53:00,204.891115,205.017825,204.853415,204.969655
2026-03-20 18:54:00,204.957425,205.046615,204.911005,204.922485
2026-03-20 18:55:00,204.926835,205.183805,204.923295,205.171425
2026-03-20 18:56:00,205.162425,205.526005,205.138675,205.493965
2026-03-20 18:57:00,205.464105,205.477405,205.293545,205.331055
2026-03-20 18:58:00,205.326755,205.396655,205.247355,205.391465
2026-03-20 18:59:00,205.392425,205.566795,205.363285,205.455565
2026-03-20 19:00:00,205.460035,205.725575,205.460035,205.617765
2026-03-20 19:01:00,205.626895,205.718345,205.438295,205.439005
2026-03-20 19:02:00,205.445685,205.688755,205.370775,205.646065
2026-03-20 19:03:00,205.645805,205.670725,205.528325,205.544745
2026-03-20 19:04:00,205.546875,205.546875,205.286155,205.418505
2026-03-20 19:05:00,205.393675,205.466825,205.290555,205.332245
2026-03-20 19:06:00,205.327995,205.642465,205.325845,205.448245
2026-03-20 19:07:00,205.438935,205.466385,205.180645,205.290565
2026-03-20 19:08:00,205.285685,205.314515,205.185865,205.280755
2026-03-20 19:09:00,205.278165,205.579295,205.278165,205.549755
2026-03-20 19:10:00,205.554535,205.649895,205.458655,205.522755
2026-03-20 19:11:00,205.526175,205.681725,205.509415,205.668065
2026-03-20 19:12:00,205.668375,205.744425,205.549415,205.559015
2026-03-20 19:13:00,205.561615,205.606415,205.427335,205.448175
2026-03-20 19:14:00,205.450525,205.537825,205.361425,205.365345
2026-03-20 19:15:00,205.369485,205.405995,205.200575,205.230155
2026-03-20 19:16:00,205.242805,205.306565,205.084495,205.178395
2026-03-20 19:17:00,205.175515,205.351205,205.151665,205.270085
2026-03-20 19:18:00,205.272795,205.302845,205.153885,205.168165
2026-03-20 19:19:00,205.168135,205.207015,205.033185,205.061955
2026-03-20 19:20:00,205.063525,205.080905,204.962295,205.038095
2026-03-20 19:21:00,205.041325,205.151795,204.931855,205.149695
2026-03-20 19:22:00,205.153785,205.174235,204.847225,204.853275
2026-03-20 19:23:00,204.857475,204.934385,204.694445,204.783135
2026-03-20 19:24:00,204.779905,204.840885,204.566975,204.631915
2026-03-20 19:25:00,204.624955,204.669085,204.502745,204.549435
2026-03-20 19:26:00,204.564015,204.741055,204.544695,204.685135
2026-03-20 19:27:00,204.682625,204.768915,204.482135,204.672965
2026-03-20 19:28:00,204.676115,204.866265,204.640525,204.817695
2026-03-20 19:29:00,204.813785,204.957935,204.764475,204.917565
2026-03-20 19:30:00,204.900285,204.934415,204.774925,204.847885
2026-03-20 19:31:00,204.847585,204.891015,204.647655,204.711125
2026-03-20 19:32:00,204.706885,204.716155,204.483605,204.601635
2026-03-20 19:33:00,204.602165,204.685795,204.289465,204.289465
2026-03-20 19:34:00,204.278575,204.498535,204.278575,204.425095
2026-03-20 19:35:00,204.427875,204.522185,204.408655,204.454525
2026-03-20 19:36:00,204.451825,204.549925,204.398505,204.455355
2026-03-20 19:37:00,204.446935,204.539175,204.398785,204.494225
2026-03-20 19:38:00,204.492015,204.636365,204.453155,204.554615
2026-03-20 19:39:00,204.546245,204.609475,204.463345,204.498455
2026-03-20 19:40:00,204.497565,204.831565,204.468295,204.820355
2026-03-20 19:41:00,204.821175,204.938385,204.758555,204.930085
2026-03-20 19:42:00,204.932545,205.142335,204.892795,205.053945
2026-03-20 19:43:00,205.056105,205.056105,204.841285,204.907655
2026-03-20 19:44:00,204.910565,204.913985,204.672895,204.767485
2026-03-20 19:45:00,204.765025,205.064525,204.686135,205.028105
2026-03-20 19:46:00,205.013105,205.092875,204.933815,205.053105
2026-03-20 19:47:00,205.051365,205.062025,204.850385,204.851005
2026-03-20 19:48:00,204.864725,204.878795,204.717975,204.726405
2026-03-20 19:49:00,204.707665,204.707665,204.521105,204.597765
2026-03-20 19:50:00,204.607985,204.700095,204.305195,204.439405
2026-03-20 19:51:00,204.435835,204.861135,204.395885,204.861135
2026-03-20 19:52:00,204.859165,204.931275,204.820295,204.916405
2026-03-20 19:53:00,204.902375,205.018565,204.880545,204.974695
2026-03-20 19:54:00,204.976385,205.017365,204.837255,204.878255
2026-03-20 19:55:00,204.878505,204.967005,204.811475,204.865525
2026-03-20 19:56:00,204.876415,204.962265,204.695965,204.778225
2026-03-20 19:57:00,204.771105,204.890695,204.704565,204.809345
2026-03-20 19:58:00,204.813175,204.980235,204.811105,204.962075
2026-03-20 19:59:00,204.983335,205.061965,204.886955,205.033575
2026-03-20 20:00:00,205.034305,205.157195,204.898095,204.922355
2026-03-20 20:01:00,204.928655,204.988785,204.766465,204.831485
2026-03-20 20:02:00,204.841795,204.879685,204.659475,204.713665
2026-03-20 20:03:00,204.713135,204.965695,204.707005,204.920915
2026-03-20 20:04:00,204.923205,205.004785,204.849325,204.967545
2026-03-20 20:05:00,204.966585,204.973385,204.589875,204.601885
2026-03-20 20:06:00,204.567205,204.654175,204.191625,204.214315
2026-03-20 20:07:00,204.210425,204.264995,204.049645,204.163925
2026-03-20 20:08:00,204.162895,204.258465,204.133195,204.197415
2026-03-20 20:09:00,204.187725,204.353625,204.149555,204.327775
2026-03-20 20:10:00,204.304955,204.568745,204.303805,204.460255
2026-03-20 20:11:00,204.463315,204.509035,204.293035,204.440315
2026-03-20 20:12:00,204.441635,204.465315,204.355145,204.418945
2026-03-20 20:13:00,204.414945,204.486545,204.346125,204.484115
2026-03-20 20:14:00,204.481825,204.680265,204.330515,204.677375
2026-03-20 20:15:00,204.690495,204.769045,204.548305,204.578095
2026-03-20 20:16:00,204.581095,204.663455,204.367285,204.414025
2026-03-20 20:17:00,204.406615,204.704185,204.331515,204.625875
2026-03-20 20:18:00,204.627175,204.631905,204.520425,204.536675
2026-03-20 20:19:00,204.504465,204.624915,204.330665,204.616805
2026-03-20 20:20:00,204.604745,204.738825,204.581355,204.639235
2026-03-20 20:21:00,204.635285,204.875885,204.547125,204.857565
2026-03-20 20:22:00,204.857645,205.120835,204.837325,205.096245
2026-03-20 20:23:00,205.082875,205.082875,204.920125,205.033655
2026-03-20 20:24:00,205.032175,205.091015,204.809045,205.080505
2026-03-20 20:25:00,205.076805,205.523615,205.074695,205.510225
2026-03-20 20:26:00,205.511835,205.793335,205.483765,205.707445
2026-03-20 20:27:00,205.707185,205.814505,205.669055,205.798985
2026-03-20 20:28:00,205.786855,205.930255,205.738125,205.821515
2026-03-20 20:29:00,205.815125,205.854325,205.577435,205.584955
2026-03-20 20:30:00,205.583615,205.790225,205.565305,205.779345
2026-03-20 20:31:00,205.776385,205.934165,205.632185,205.696435
2026-03-20 20:32:00,205.695135,205.730075,205.474375,205.568375
2026-03-20 20:33:00,205.574685,205.574685,205.374255,205.498265
2026-03-20 20:34:00,205.496135,205.582465,205.387135,205.523175
2026-03-20 20:35:00,205.520335,205.574175,205.403355,205.448235
2026-03-20 20:36:00,205.446085,205.595025,205.435195,205.592845
2026-03-20 20:37:00,205.584795,205.713945,205.584795,205.634025
2026-03-20 20:38:00,205.635795,205.841405,205.562805,205.804495
2026-03-20 20:39:00,205.807355,205.984515,205.679915,205.984515
2026-03-20 20:40:00,205.988835,206.086315,205.822925,205.921705
2026-03-20 20:41:00,205.917635,205.917635,205.679125,205.698225
2026-03-20 20:42:00,205.696205,205.934695,205.598695,205.598695
2026-03-20 20:43:00,205.595445,205.683685,205.468045,205.614935
2026-03-20 20:44:00,205.626655,205.734785,205.588195,205.631935
2026-03-20 20:45:00,205.643405,205.696095,205.386145,205.486665
2026-03-20 20:46:00,205.483385,205.566335,205.323285,205.346265
2026-03-20 20:47:00,205.345955,205.531955,205.223475,205.229635
2026-03-20 20:48:00,205.233955,205.233955,205.031975,205.034925
2026-03-20 20:49:00,205.036875,205.187595,205.003905,205.012775
2026-03-20 20:50:00,205.035385,205.050085,204.803805,204.894225
2026-03-20 20:51:00,204.903185,205.065765,204.826975,205.049155
2026-03-20 20:52:00,205.048295,205.273645,205.038495,205.099975
2026-03-20 20:53:00,205.095225,205.153515,204.952975,205.130135
2026-03-20 20:54:00,205.126075,205.163075,204.896795,204.896795
2026-03-20 20:55:00,204.914515,204.991295,204.755275,204.800905
2026-03-20 20:56:00,204.791675,204.833045,204.555235,204.611775
2026-03-20 20:57:00,204.624145,204.672105,204.446965,204.459435
2026-03-20 20:58:00,204.457315,204.515025,204.157955,204.169695
2026-03-20 20:59:00,204.169615,204.217125,204.046585,204.151635
2026-03-20 21:00:00,204.135975,204.135975,203.891535,204.017975
2026-03-20 21:01:00,204.030535,204.190485,203.918395,204.167535
2026-03-20 21:02:00,204.163635,204.254525,204.076285,204.115905
2026-03-20 21:03:00,204.095075,204.413515,204.086335,204.396225
2026-03-20 21:04:00,204.367195,204.580705,204.292785,204.531735
2026-03-20 21:05:00,204.517265,204.568545,204.435825,204.503395
2026-03-20 21:06:00,204.502985,204.760805,204.468945,204.760805
2026-03-20 21:07:00,204.758245,204.811995,204.502385,204.804455
2026-03-20 21:08:00,204.804835,204.875905,204.475615,204.537955
2026-03-20 21:09:00,204.593115,204.731215,204.398685,204.669685
2026-03-20 21:10:00,204.673685,204.682695,204.292875,204.351215
2026-03-20 21:11:00,204.356325,204.557285,204.356325,204.413555
2026-03-20 21:12:00,204.412435,204.459765,204.183535,204.323735
2026-03-20 21:13:00,204.318445,204.382255,204.146045,204.251875
2026-03-20 21:14:00,204.250085,204.476365,204.232535,204.403855
2026-03-20 21:15:00,204.405175,204.424365,204.177015,204.272685
2026-03-20 21:16:00,204.268435,204.286465,204.118245,204.234355
2026-03-20 21:17:00,204.246345,204.287385,204.037695,204.039665
2026-03-20 21:18:00,204.014315,204.042805,203.697055,203.770375
2026-03-20 21:19:00,203.770315,203.830035,203.616855,203.623475
2026-03-20 21:20:00,203.614675,203.692935,203.478475,203.655465
2026-03-20 21:21:00,203.652685,204.098085,203.650345,203.939735
2026-03-20 21:22:00,203.940185,203.954705,203.609325,203.613405
2026-03-20 21:23:00,203.612985,203.657285,203.483645,203.654925
2026-03-20 21:24:00,203.656885,203.993105,203.603145,203.895465
2026-03-20 21:25:00,203.897125,203.960775,203.807225,203.960355
2026-03-20 21:26:00,204.003305,204.011265,203.789495,203.839335
2026-03-20 21:27:00,203.840975,204.086605,203.826445,203.908865
2026-03-20 21:28:00,203.908445,204.191665,203.908445,204.168075
2026-03-20 21:29:00,204.167645,204.170905,203.900305,203.906545
2026-03-20 21:30:00,203.914335,204.101925,203.905165,204.012655
2026-03-20 21:31:00,204.024485,204.287705,203.868155,204.249475
2026-03-20 21:32:00,204.252625,204.270255,204.070555,204.078605
2026-03-20 21:33:00,204.080945,204.245345,203.997335,204.002515
2026-03-20 21:34:00,204.000265,204.120655,203.722325,203.864485
2026-03-20 21:35:00,203.868155,203.934695,203.755555,203.910865
2026-03-20 21:36:00,203.909305,204.025265,203.868855,203.868855
2026-03-20 21:37:00,203.894195,204.029515,203.837125,204.029515
2026-03-20 21:38:00,204.033405,204.066225,203.906155,203.946245
2026-03-20 21:39:00,203.945135,204.085055,203.887975,204.001515
2026-03-20 21:40:00,204.002205,204.051915,203.909235,204.025755
2026-03-20 21:41:00,204.029855,204.246095,203.890125,204.209155
2026-03-20 21:42:00,204.195185,204.246665,204.037125,204.067835
2026-03-20 21:43:00,203.915525,204.342865,203.904885,204.317235
2026-03-20 21:44:00,204.318705,204.428225,204.267195,204.350865
2026-03-20 21:45:00,204.361225,204.409595,204.213805,204.409595
2026-03-20 21:46:00,204.415815,204.516615,204.363555,204.487095
2026-03-20 21:47:00,204.487675,204.741285,204.478245,204.726965
2026-03-20 21:48:00,204.723285,204.877825,204.718285,204.718285
2026-03-20 21:49:00,204.719495,204.906655,204.709755,204.791145
2026-03-20 21:50:00,204.792275,205.117625,204.774905,205.054375
2026-03-20 21:51:00,205.056235,205.341295,205.056235,205.300905
2026-03-20 21:52:00,205.303775,205.375365,205.008135,205.016215
2026-03-20 21:53:00,205.031535,205.031535,204.697685,204.813845
2026-03-20 21:54:00,204.818085,204.908335,204.674905,204.739225
2026-03-20 21:55:00,204.741715,205.069685,204.707675,204.921095
2026-03-20 21:56:00,204.920925,205.042935,204.799085,204.799085
2026-03-20 21:57:00,204.798585,204.854685,204.334585,204.334585
2026-03-20 21:58:00,204.317215,204.527205,204.264175,204.428135
2026-03-20 21:59:00,204.420295,204.584265,204.346575,204.361795
2026-03-20 22:00:00,204.374735,204.640515,204.326785,204.640515
2026-03-20 22:01:00,204.639895,204.755225,204.544435,204.575985
2026-03-20 22:02:00,204.568205,204.791045,204.458745,204.675205
2026-03-20 22:03:00,204.671755,204.797895,204.589135,204.698345
2026-03-20 22:04:00,204.698995,204.744315,204.357865,204.378925
2026-03-20 22:05:00,204.375115,204.450285,204.150265,204.216935
2026-03-20 22:06:00,204.200585,204.200585,204.052025,204.079355
2026-03-20 22:07:00,204.104005,204.239295,204.009545,204.182165
2026-03-20 22:08:00,204.186465,204.218465,204.049045,204.139255
2026-03-20 22:09:00,204.137285,204.215445,204.043855,204.161445
2026-03-20 22:10:00,204.163455,204.185635,203.918745,203.991555
2026-03-20 22:11:00,203.990895,204.004225,203.805515,203.860845
2026-03-20 22:12:00,203.861075,203.988095,203.789925,203.917885
2026-03-20 22:13:00,203.915565,204.416885,203.884325,204.366535
2026-03-20 22:14:00,204.361915,204.422865,204.225305,204.372595
2026-03-20 22:15:00,204.376435,204.412335,204.234615,204.243885
2026-03-20 22:16:00,204.255115,204.416455,204.225105,204.276815
2026-03-20 22:17:00,204.261135,204.418145,204.261135,204.300325
2026-03-20 22:18:00,204.296335,204.305175,204.014345,204.014345
2026-03-20 22:19:00,204.010565,204.228365,203.786745,203.875645
2026-03-20 22:20:00,203.875215,204.004415,203.772135,203.944135
2026-03-20 22:21:00,203.942945,204.067505,203.877245,204.005075
2026-03-20 22:22:00,204.000825,204.015765,203.867275,203.925635
2026-03-20 22:23:00,203.927135,204.074325,203.816685,203.988505
2026-03-20 22:24:00,203.987355,204.012685,203.751105,203.830815
2026-03-20 22:25:00,203.820975,204.056845,203.803635,204.030755
2026-03-20 22:26:00,204.034615,204.267745,203.927855,204.143885
2026-03-20 22:27:00,204.146315,204.239685,204.118405,204.148105
2026-03-20 22:28:00,204.149485,204.149485,203.483325,203.491265
2026-03-20 22:29:00,203.507805,203.645325,203.485825,203.579575
2026-03-20 22:30:00,203.575535,203.809715,203.543875,203.552875
2026-03-20 22:31:00,203.548555,203.613395,203.408425,203.548935
2026-03-20 22:32:00,203.537285,203.561845,203.422445,203.538385
2026-03-20 22:33:00,203.560525,203.632535,203.369665,203.372445
2026-03-20 22:34:00,203.406175,203.613285,203.291605,203.547475
2026-03-20 22:35:00,203.551695,203.831125,203.533985,203.823765
2026-03-20 22:36:00,203.820615,204.025135,203.767035,204.025135
2026-03-20 22:37:00,204.028735,204.050105,203.840265,204.050105
2026-03-20 22:38:00,204.032355,204.151665,203.789025,203.833315
2026-03-20 22:39:00,203.834475,204.158485,203.810715,204.043745
2026-03-20 22:40:00,204.043335,204.127875,203.943445,203.989945
2026-03-20 22:41:00,203.982775,203.982775,203.714815,203.828565
2026-03-20 22:42:00,203.828945,203.911905,203.692965,203.765925
2026-03-20 22:43:00,203.767105,203.948125,203.745325,203.912005
2026-03-20 22:44:00,203.911385,203.954165,203.739615,203.876075
2026-03-20 22:45:00,203.873475,203.873475,203.498285,203.498285
2026-03-20 22:46:00,203.507405,203.835505,203.453175,203.835505
2026-03-20 22:47:00,203.834485,203.837405,203.586535,203.765785
2026-03-20 22:48:00,203.767845,203.848345,203.667335,203.775595
2026-03-20 22:49:00,203.789045,203.817555,203.645555,203.708925
2026-03-20 22:50:00,203.704535,203.707715,203.403275,203.413285
2026-03-20 22:51:00,203.413125,203.520055,203.374745,203.403575
2026-03-20 22:52:00,203.407245,203.433125,203.333175,203.414235
2026-03-20 22:53:00,203.422295,203.882615,203.422295,203.879625
2026-03-20 22:54:00,203.881735,203.986815,203.734165,203.797875
2026-03-20 22:55:00,203.801875,204.028365,203.778835,203.975865
2026-03-20 22:56:00,203.979365,204.182765,203.979365,204.136985
2026-03-20 22:57:00,204.145825,204.183915,204.031845,204.161235
2026-03-20 22:58:00,204.157525,204.308235,204.112385,204.242895
2026-03-20 22:59:00,204.241505,204.245215,203.978035,204.005185
2026-03-20 23:00:00,204.007975,204.169785,203.977565,204.091125
2026-03-20 23:01:00,204.120365,204.478215,204.118015,204.415995
2026-03-20 23:02:00,204.417905,204.732435,204.395325,204.669355
2026-03-20 23:03:00,204.672375,204.769555,204.569735,204.768805
2026-03-20 23:04:00,204.765765,205.048555,204.764015,205.025955
2026-03-20 23:05:00,205.023975,205.344765,205.023975,205.250615
2026-03-20 23:06:00,205.251805,205.392155,205.165665,205.330645
2026-03-20 23:07:00,205.315415,205.776545,205.315415,205.776545
2026-03-20 23:08:00,205.773295,205.820075,205.471285,205.588415
2026-03-20 23:09:00,205.592945,205.719795,205.476205,205.542315
2026-03-20 23:10:00,205.538005,205.549395,205.376165,205.508455
2026-03-20 23:11:00,205.509065,205.644205,205.461955,205.607495
2026-03-20 23:12:00,205.603195,205.734875,205.588065,205.690665
2026-03-20 23:13:00,205.694125,205.885845,205.464285,205.468385
2026-03-20 23:14:00,205.493425,205.576675,205.358105,205.528705
2026-03-20 23:15:00,205.533085,205.578945,205.207825,205.315405
2026-03-20 23:16:00,205.323335,205.336185,205.138355,205.257455
2026-03-20 23:17:00,205.259425,205.486505,205.209385,205.478145
2026-03-20 23:18:00,205.479925,205.717855,205.443875,205.569185
2026-03-20 23:19:00,205.556225,205.566015,205.210825,205.369835
2026-03-20 23:20:00,205.374245,205.388585,205.195625,205.266265
2026-03-20 23:21:00,205.267985,205.369935,205.237385,205.343185
2026-03-20 23:22:00,205.342415,205.361655,205.052305,205.219175
2026-03-20 23:23:00,205.223875,205.284815,205.022915,205.046745
2026-03-20 23:24:00,205.051625,205.662525,205.043595,205.596275
2026-03-20 23:25:00,205.583915,205.741955,205.582615,205.676375
2026-03-20 23:26:00,205.673635,205.846785,205.609905,205.794495
2026-03-20 23:27:00,205.802995,205.819935,205.668625,205.772835
2026-03-20 23:28:00,205.772535,205.978065,205.727375,205.848205
2026-03-20 23:29:00,205.843875,205.864375,205.525815,205.791905
2026-03-20 23:30:00,205.794485,205.806585,205.594465,205.678415
2026-03-20 23:31:00,205.689025,205.891895,205.592315,205.887045
2026-03-20 23:32:00,205.880715,206.053965,205.744525,205.769075
2026-03-20 23:33:00,205.770375,205.849075,205.649605,205.770925
2026-03-20 23:34:00,205.818685,205.818685,205.647665,205.711135
2026-03-20 23:35:00,205.723375,205.821205,205.690555,205.782475
2026-03-20 23:36:00,205.783805,205.840465,205.669245,205.761675
2026-03-20 23:37:00,205.762485,205.775555,205.663985,205.704915
2026-03-20 23:38:00,205.708935,205.795255,205.524395,205.617795
2026-03-20 23:39:00,205.621835,205.852425,205.619775,205.801245
2026-03-20 23:40:00,205.786185,206.056665,205.779215,205.961975
2026-03-20 23:41:00,205.958575,206.010005,205.824335,205.824335
2026-03-20 23:42:00,205.832845,205.933685,205.731915,205.794585
2026-03-20 23:43:00,205.790075,205.892255,205.663835,205.877735
2026-03-20 23:44:00,205.879675,206.103265,205.876975,205.987315
2026-03-20 23:45:00,205.984385,206.012125,205.746405,205.839535
2026-03-20 23:46:00,205.834695,206.146005,205.826935,206.037655
2026-03-20 23:47:00,206.049855,206.056765,205.822285,205.939755
2026-03-20 23:48:00,205.939905,206.128885,205.791375,206.128885
2026-03-20 23:49:00,206.125855,206.144555,205.913265,205.913265
2026-03-20 23:50:00,205.918395,206.056985,205.831835,205.847835
2026-03-20 23:51:00,205.849445,205.889625,205.746145,205.785815
2026-03-20 23:52:00,205.782915,205.791615,205.605065,205.636285
2026-03-20 23:53:00,205.631195,205.871085,205.617315,205.810025
2026-03-20 23:54:00,205.813645,206.209765,205.795445,206.202605
2026-03-20 23:55:00,206.198695,206.201205,205.911975,205.940585
2026-03-20 23:56:00,205.950695,206.007445,205.787965,205.848175
2026-03-20 23:57:00,205.862385,205.928455,205.708225,205.849645
2026-03-20 23:58:00,205.853485,206.171405,205.851655,206.166035
2026-03-20 23:59:00,206.176695,206.339665,206.107365,206.327495
2026-03-21 00:00:00,206.338145,206.338145,206.158925,206.238715
2026-03-21 00:01:00,206.235515,206.281675,206.174715,206.239185
2026-03-21 00:02:00,206.239805,206.241215,206.057335,206.113585
2026-03-21 00:03:00,206.112105,206.245525,206.075345,206.200005
2026-03-21 00:04:00,206.200415,206.293795,206.123775,206.225445
2026-03-21 00:05:00,206.221055,206.257515,205.971645,205.980495
2026-03-21 00:06:00,205.978515,205.978515,205.612545,205.721805
2026-03-21 00:07:00,205.739385,205.761285,205.550255,205.573255
2026-03-21 00:08:00,205.573605,205.723845,205.528295,205.691455
2026-03-21 00:09:00,205.688555,205.900735,205.686655,205.844575
2026-03-21 00:10:00,205.847835,206.156175,205.844935,205.981605
2026-03-21 00:11:00,205.979455,206.047265,205.879175,205.980865
2026-03-21 00:12:00,205.972685,206.231035,205.946905,206.089665
2026-03-21 00:13:00,206.079765,206.199385,206.015975,206.105515
2026-03-21 00:14:00,206.109615,206.113145,205.883315,205.993415
2026-03-21 00:15:00,206.005985,206.018795,205.849185,205.991535
2026-03-21 00:16:00,205.994095,205.994095,205.803725,205.855715
2026-03-21 00:17:00,205.864045,205.887145,205.612095,205.702945
2026-03-21 00:18:00,205.703275,205.814295,205.552705,205.578255
2026-03-21 00:19:00,205.573875,205.841525,205.544505,205.808985
2026-03-21 00:20:00,205.806515,205.862525,205.564355,205.633995
2026-03-21 00:21:00,205.632745,205.867155,205.550105,205.596565
2026-03-21 00:22:00,205.600745,205.642895,205.447415,205.509495
2026-03-21 00:23:00,205.517635,205.756625,205.413015,205.728015
2026-03-21 00:24:00,205.724155,205.848495,205.657735,205.679805
2026-03-21 00:25:00,205.682735,205.803415,205.630035,205.652715
2026-03-21 00:26:00,205.656515,205.958245,205.614095,205.921505
2026-03-21 00:27:00,205.925975,205.943565,205.612555,205.623895
2026-03-21 00:28:00,205.623695,205.636075,205.431815,205.572965
2026-03-21 00:29:00,205.570255,205.895025,205.544645,205.887205
2026-03-21 00:30:00,205.883155,206.048255,205.869815,206.029765
2026-03-21 00:31:00,206.015765,206.140695,205.976925,206.107205
2026-03-21 00:32:00,206.107705,206.120065,205.967825,206.083415
2026-03-21 00:33:00,206.085615,206.154685,205.956275,206.002095
2026-03-21 00:34:00,205.999965,206.099565,205.888445,205.987045
2026-03-21 00:35:00,205.971475,205.980235,205.699085,205.739805
2026-03-21 00:36:00,205.737435,205.860675,205.650055,205.838355
2026-03-21 00:37:00,205.819065,205.839225,205.558125,205.560355
2026-03-21 00:38:00,205.563075,205.771315,205.517345,205.578065
2026-03-21 00:39:00,205.593655,205.720635,205.482995,205.668905
2026-03-21 00:40:00,205.673165,205.754205,205.534275,205.718365
2026-03-21 00:41:00,205.738885,206.007905,205.717535,205.807675
2026-03-21 00:42:00,205.811715,205.811715,205.593985,205.605095
2026-03-21 00:43:00,205.600155,205.847915,205.527235,205.847915
2026-03-21 00:44:00,205.860095,205.958535,205.716745,205.950205
2026-03-21 00:45:00,205.929725,206.061455,205.771395,205.840795
2026-03-21 00:46:00,205.871215,205.871375,205.727505,205.770465
2026-03-21 00:47:00,205.793455,205.887485,205.757535,205.813595
2026-03-21 00:48:00,205.815235,205.974325,205.789485,205.924725
2026-03-21 00:49:00,205.942295,206.219925,205.920035,206.170005
2026-03-21 00:50:00,206.184215,206.252825,206.051105,206.056105
2026-03-21 00:51:00,206.059025,206.106975,205.879765,205.945775
2026-03-21 00:52:00,205.950715,205.950715,205.705235,205.708865
2026-03-21 00:53:00,205.708635,205.790305,205.489775,205.516855
2026-03-21 00:54:00,205.513425,205.542385,205.388135,205.533545
2026-03-21 00:55:00,205.542155,205.626265,205.270725,205.271615
2026-03-21 00:56:00,205.270165,205.326545,205.147935,205.323895
2026-03-21 00:57:00,205.322335,205.508915,205.284685,205.502295
2026-03-21 00:58:00,205.506445,205.567205,205.259425,205.346365
2026-03-21 00:59:00,205.338895,205.442665,205.284355,205.442025
2026-03-21 01:00:00,205.444655,205.459165,205.343825,205.433415
2026-03-21 01:01:00,205.434595,205.574725,205.425215,205.479855
2026-03-21 01:02:00,205.475295,205.584605,205.416655,205.568345
2026-03-21 01:03:00,205.567975,205.619745,205.426945,205.545505
2026-03-21 01:04:00,205.547395,205.547395,205.309145,205.318345
2026-03-21 01:05:00,205.317035,205.346715,205.072205,205.072205
2026-03-21 01:06:00,205.076775,205.188665,204.924445,205.177145
2026-03-21 01:07:00,205.172675,205.285185,205.067765,205.150445
2026-03-21 01:08:00,205.146505,205.259755,205.087445,205.172465
2026-03-21 01:09:00,205.138585,205.463375,205.129975,205.463375
2026-03-21 01:10:00,205.472425,205.546175,205.333855,205.333855
2026-03-21 01:11:00,205.331205,205.388545,205.080935,205.152445
2026-03-21 01:12:00,205.148375,205.169455,204.956945,205.060225
2026-03-21 01:13:00,205.052765,205.225545,204.974815,205.181675
2026-03-21 01:14:00,205.178975,205.308805,205.097415,205.188325
2026-03-21 01:15:00,205.187585,205.281325,205.051915,205.259145
2026-03-21 01:16:00,205.255545,205.432195,205.247375,205.318715
2026-03-21 01:17:00,205.330755,205.335125,205.096025,205.295405
2026-03-21 01:18:00,205.301555,205.395895,205.281525,205.296665
2026-03-21 01:19:00,205.301905,205.339345,205.107635,205.161705
2026-03-21 01:20:00,205.156945,205.302195,205.101795,205.265055
2026-03-21 01:21:00,205.278255,205.278255,204.875925,204.979475
2026-03-21 01:22:00,204.975615,205.016075,204.832575,204.930425
2026-03-21 01:23:00,204.938155,205.011085,204.802845,204.912505
2026-03-21 01:24:00,204.908915,205.004935,204.882605,204.980425
2026-03-21 01:25:00,204.982295,205.002555,204.893615,204.951895
2026-03-21 01:26:00,204.947755,205.313505,204.923305,205.253195
2026-03-21 01:27:00,205.253315,205.336105,204.982695,204.984025
2026-03-21 01:28:00,204.981605,205.176105,204.932035,205.150185
2026-03-21 01:29:00,205.154465,205.159325,204.950815,205.111365
2026-03-21 01:30:00,205.095145,205.277895,205.073495,205.163935
2026-03-21 01:31:00,205.169285,205.275805,205.030385,205.092015
2026-03-21 01:32:00,205.096205,205.183125,204.905775,205.126365
2026-03-21 01:33:00,205.125165,205.202965,205.032535,205.058405
2026-03-21 01:34:00,205.049975,205.077735,204.761695,205.037235
2026-03-21 01:35:00,205.042045,205.183075,204.948775,205.161925
2026-03-21 01:36:00,205.158505,205.272905,205.078615,205.161965
2026-03-21 01:37:00,205.151635,205.170575,204.969705,204.983025
2026-03-21 01:38:00,204.972075,205.052835,204.695525,204.714365
2026-03-21 01:39:00,204.716805,204.826765,204.578265,204.611235
2026-03-21 01:40:00,204.605965,204.614945,204.512405,204.545485
2026-03-21 01:41:00,204.552155,204.844325,204.548105,204.698935
2026-03-21 01:42:00,204.702175,204.739635,204.280375,204.480225
2026-03-21 01:43:00,204.471565,204.765235,204.439365,204.665235
2026-03-21 01:44:00,204.668615,204.785325,204.586875,204.769175
2026-03-21 01:45:00,204.772235,204.934835,204.723135,204.913695
2026-03-21 01:46:00,204.917925,204.929195,204.695635,204.768935
2026-03-21 01:47:00,204.770115,204.785385,204.639525,204.711185
2026-03-21 01:48:00,204.724605,205.062515,204.679225,205.037935
2026-03-21 01:49:00,205.053085,205.170215,204.981045,205.023635
2026-03-21 01:50:00,205.036075,205.191355,204.967515,205.164585
2026-03-21 01:51:00,205.163235,205.500915,205.145925,205.452585
2026-03-21 01:52:00,205.455215,205.648935,205.424855,205.583785
2026-03-21 01:53:00,205.584465,205.601995,205.377125,205.564125
2026-03-21 01:54:00,205.560065,205.608515,205.382695,205.405935
2026-03-21 01:55:00,205.380635,205.642765,205.362285,205.586835
2026-03-21 01:56:00,205.585935,205.657255,205.532825,205.583085
2026-03-21 01:57:00,205.582245,205.799975,205.576555,205.758285
2026-03-21 01:58:00,205.761185,205.772955,205.558755,205.632515
2026-03-21 01:59:00,205.628705,205.650215,205.433845,205.650215
2026-03-21 02:00:00,205.651765,205.652135,205.518775,205.620065
2026-03-21 02:01:00,205.620695,205.715195,205.506635,205.715195
2026-03-21 02:02:00,205.717345,205.800895,205.540715,205.560915
2026-03-21 02:03:00,205.566315,205.585255,205.198105,205.198105
2026-03-21 02:04:00,205.197125,205.279575,205.011425,205.013495
2026-03-21 02:05:00,205.010355,205.245835,204.999535,205.217665
2026-03-21 02:06:00,205.220755,205.375665,205.097675,205.375665
2026-03-21 02:07:00,205.374715,205.539265,205.274685,205.413065
2026-03-21 02:08:00,205.410335,205.504955,205.164285,205.280005
2026-03-21 02:09:00,205.282825,205.611425,205.275465,205.547255
2026-03-21 02:10:00,205.544675,205.715345,205.478255,205.690845
2026-03-21 02:11:00,205.691765,205.769975,205.578455,205.621805
2026-03-21 02:12:00,205.625015,205.751605,205.592605,205.629205
2026-03-21 02:13:00,205.633225,205.980575,205.631595,205.920545
2026-03-21 02:14:00,205.919895,205.944125,205.556345,205.588665
2026-03-21 02:15:00,205.590695,205.783785,205.544725,205.696555
2026-03-21 02:16:00,205.692075,205.937415,205.657195,205.846895
2026-03-21 02:17:00,205.860345,205.908475,205.737295,205.846675
2026-03-21 02:18:00,205.845345,205.914815,205.740255,205.854455
2026-03-21 02:19:00,205.858175,205.858175,205.616805,205.819095
2026-03-21 02:20:00,205.815305,205.868035,205.527135,205.545795
2026-03-21 02:21:00,205.542805,205.595565,205.376385,205.579305
2026-03-21 02:22:00,205.565525,205.752085,205.511975,205.698795
2026-03-21 02:23:00,205.696565,205.785655,205.597925,205.713615
2026-03-21 02:24:00,205.694285,205.790615,205.623555,205.701135
2026-03-21 02:25:00,205.700985,206.004515,205.698015,205.948695
2026-03-21 02:26:00,205.963695,206.122605,205.938595,205.987995
2026-03-21 02:27:00,206.000535,206.034685,205.875275,205.963225
2026-03-21 02:28:00,205.976705,206.070395,205.784535,205.935645
2026-03-21 02:29:00,205.943115,205.991575,205.810305,205.812345
2026-03-21 02:30:00,205.813385,205.971695,205.771175,205.829715
2026-03-21 02:31:00,205.823085,205.906975,205.660595,205.904885
2026-03-21 02:32:00,205.878235,206.039445,205.810675,205.830205
2026-03-21 02:33:00,205.826835,205.872905,205.768385,205.826565
2026-03-21 02:34:00,205.827415,205.827415,205.554115,205.745965
2026-03-21 02:35:00,205.745575,205.745575,205.556925,205.697295
2026-03-21 02:36:00,205.697485,205.744835,205.507815,205.654055
2026-03-21 02:37:00,205.652855,205.703105,205.527285,205.555595
2026-03-21 02:38:00,205.544135,205.761215,205.498755,205.746485
2026-03-21 02:39:00,205.743235,205.995865,205.729075,205.732195
2026-03-21 02:40:00,205.723685,205.992155,205.715495,205.895495
2026-03-21 02:41:00,205.914355,205.940445,205.793445,205.895175
2026-03-21 02:42:00,205.862945,206.165435,205.821085,206.098045
2026-03-21 02:43:00,206.097415,206.310225,206.056485,206.085665
2026-03-21 02:44:00,206.084095,206.158155,206.012005,206.089015
2026-03-21 02:45:00,206.091455,206.188615,206.002445,206.032095
2026-03-21 02:46:00,206.013785,206.184815,205.937965,205.955425
2026-03-21 02:47:00,205.948525,205.972945,205.786455,205.881305
2026-03-21 02:48:00,205.877175,205.935625,205.791565,205.866715
2026-03-21 02:49:00,205.870345,206.004615,205.727135,205.906555
2026-03-21 02:50:00,205.911605,206.001065,205.812145,205.915845
2026-03-21 02:51:00,205.920145,205.930235,205.666205,205.730015
2026-03-21 02:52:00,205.730835,205.839425,205.704455,205.784515
2026-03-21 02:53:00,205.755445,205.755445,205.510795,205.649855
2026-03-21 02:54:00,205.650585,205.786335,205.581355,205.679275
2026-03-21 02:55:00,205.672255,205.745955,205.592025,205.614895
2026-03-21 02:56:00,205.610655,205.784405,205.607535,205.764115
2026-03-21 02:57:00,205.768615,206.125815,205.722645,205.969145
2026-03-21 02:58:00,205.959425,206.025025,205.873885,205.905075
2026-03-21 02:59:00,205.908225,205.991225,205.768485,205.954805
2026-03-21 03:00:00,205.953285,206.260535,205.949595,206.205975
2026-03-21 03:01:00,206.207705,206.518415,206.192085,206.513575
2026-03-21 03:02:00,206.504465,206.637315,206.461565,206.567745
2026-03-21 03:03:00,206.550385,206.604985,206.446705,206.558415
2026-03-21 03:04:00,206.555215,206.668665,206.452525,206.618615
2026-03-21 03:05:00,206.633915,206.650555,206.401335,206.404075
2026-03-21 03:06:00,206.400615,206.461395,206.106785,206.130915
2026-03-21 03:07:00,206.127535,206.145605,206.017435,206.064685
2026-03-21 03:08:00,206.062535,206.206425,206.036795,206.143015
2026-03-21 03:09:00,206.155355,206.155355,205.935265,206.115985
2026-03-21 03:10:00,206.112945,206.223965,206.062475,206.085135
2026-03-21 03:11:00,206.081595,206.118995,205.879515,206.094695
2026-03-21 03:12:00,206.090565,206.197985,206.019475,206.094635
2026-03-21 03:13:00,206.068055,206.264115,206.036245,206.264115
2026-03-21 03:14:00,206.259645,206.347705,206.173865,206.235455
2026-03-21 03:15:00,206.234855,206.314335,206.194235,206.205405
2026-03-21 03:16:00,206.192055,206.303925,206.158225,206.225355
2026-03-21 03:17:00,206.211385,206.308475,206.096595,206.223805
2026-03-21 03:18:00,206.229285,206.580705,206.211625,206.572995
2026-03-21 03:19:00,206.578045,206.812625,206.508475,206.812625
2026-03-21 03:20:00,206.808255,206.930615,206.800275,206.826915
2026-03-21 03:21:00,206.830005,206.874275,206.577095,206.873595
2026-03-21 03:22:00,206.863975,206.909945,206.661825,206.661825
2026-03-21 03:23:00,206.674065,206.939185,206.635945,206.886875
2026-03-21 03:24:00,206.888365,207.016665,206.837615,206.882765
2026-03-21 03:25:00,206.886425,207.095985,206.862715,207.095985
2026-03-21 03:26:00,207.098545,207.153475,206.760965,206.887115
2026-03-21 03:27:00,206.896995,206.978635,206.850885,206.909275
2026-03-21 03:28:00,206.936445,207.065625,206.800955,206.823135
2026-03-21 03:29:00,206.825355,207.172965,206.825355,207.070715
2026-03-21 03:30:00,207.072835,207.171425,206.992695,207.057605
2026-03-21 03:31:00,207.053155,207.078445,206.868575,206.905075
2026-03-21 03:32:00,206.903395,207.029245,206.780545,206.971375
2026-03-21 03:33:00,206.969515,207.029525,206.827275,206.894715
2026-03-21 03:34:00,206.890375,207.147615,206.881485,207.116185
2026-03-21 03:35:00,207.099955,207.455505,207.088085,207.405345
2026-03-21 03:36:00,207.402835,207.443065,207.004145,207.100745
2026-03-21 03:37:00,207.100435,207.515415,207.084515,207.466005
2026-03-21 03:38:00,207.465935,207.737085,207.436075,207.716155
2026-03-21 03:39:00,207.717315,207.786195,207.645575,207.786195
2026-03-21 03:40:00,207.795605,207.807875,207.327485,207.352855
2026-03-21 03:41:00,207.352105,207.361095,207.049755,207.056725
2026-03-21 03:42:00,207.061525,207.443255,207.056035,207.420335
2026-03-21 03:43:00,207.423445,207.723415,207.392135,207.486335
2026-03-21 03:44:00,207.484455,207.499845,207.282275,207.292075
2026-03-21 03:45:00,207.281575,207.284095,207.159715,207.242225
2026-03-21 03:46:00,207.239965,207.347065,207.102505,207.264945
2026-03-21 03:47:00,207.254155,207.579795,207.232095,207.520355
2026-03-21 03:48:00,207.516065,207.579575,207.268925,207.340275
2026-03-21 03:49:00,207.357605,207.360895,207.115295,207.269705
2026-03-21 03:50:00,207.267455,207.479635,207.123245,207.368335
2026-03-21 03:51:00,207.384995,207.409275,207.235165,207.241965
2026-03-21 03:52:00,207.239075,207.351175,207.179295,207.297435
2026-03-21 03:53:00,207.296235,207.665365,207.218435,207.580675
2026-03-21 03:54:00,207.578325,207.886655,207.543485,207.780585
2026-03-21 03:55:00,207.777025,207.930105,207.565765,207.706985
2026-03-21 03:56:00,207.696695,207.844955,207.645885,207.676635
2026-03-21 03:57:00,207.677695,207.953715,207.658785,207.766495
2026-03-21 03:58:00,207.758855,207.812625,207.563905,207.638505
2026-03-21 03:59:00,207.638865,207.858315,207.567105,207.858315
2026-03-21 04:00:00,207.919225,208.002375,207.809815,207.953815
2026-03-21 04:01:00,207.958905,207.971685,207.738605,207.869105
2026-03-21 04:02:00,207.872865,207.935325,207.575305,207.575305
2026-03-21 04:03:00,207.574885,207.736235,207.487765,207.562005
2026-03-21 04:04:00,207.538245,207.584515,207.405625,207.416005
2026-03-21 04:05:00,207.427775,207.450135,207.195125,207.258705
2026-03-21 04:06:00,207.255945,207.481725,207.253575,207.459735
2026-03-21 04:07:00,207.459765,207.557975,207.339155,207.483255
2026-03-21 04:08:00,207.478895,207.568365,207.436925,207.549475
2026-03-21 04:09:00,207.553785,207.616405,207.426365,207.482285
2026-03-21 04:10:00,207.479285,207.642675,207.433765,207.591215
2026-03-21 04:11:00,207.585425,207.875035,207.585425,207.747415
2026-03-21 04:12:00,207.748345,207.924885,207.695955,207.711615
2026-03-21 04:13:00,207.740385,207.851145,207.680185,207.766925
2026-03-21 04:14:00,207.771125,208.003065,207.763185,207.863075
2026-03-21 04:15:00,207.861535,208.062345,207.818945,207.947975
2026-03-21 04:16:00,207.989995,208.164105,207.854175,208.034345
2026-03-21 04:17:00,208.024455,208.081995,207.916415,207.962445
2026-03-21 04:18:00,207.979145,208.043175,207.768175,208.017765
2026-03-21 04:19:00,208.018945,208.153315,207.983605,208.089945
2026-03-21 04:20:00,208.094455,208.113555,207.758085,207.936875
2026-03-21 04:21:00,207.928355,208.157535,207.923645,207.942435
2026-03-21 04:22:00,207.937905,207.976275,207.738525,207.922355
2026-03-21 04:23:00,207.921975,208.029755,207.728995,208.029755
2026-03-21 04:24:00,208.035765,208.115655,207.945245,208.059505
2026-03-21 04:25:00,208.070705,208.146225,207.894995,207.899035
2026-03-21 04:26:00,207.891875,208.009645,207.846315,207.868305
2026-03-21 04:27:00,207.861925,207.923695,207.753295,207.866695
2026-03-21 04:28:00,207.864645,207.891535,207.688465,207.723055
2026-03-21 04:29:00,207.726525,208.052995,207.710205,207.881075
2026-03-21 04:30:00,207.882395,208.072815,207.817155,207.847155
2026-03-21 04:31:00,207.850935,208.291285,207.850935,208.256115
2026-03-21 04:32:00,208.252055,208.279695,208.099175,208.221155
2026-03-21 04:33:00,208.217285,208.567505,208.207345,208.551955
2026-03-21 04:34:00,208.552255,208.665785,208.519265,208.588445
2026-03-21 04:35:00,208.566385,208.605975,208.458035,208.603505
2026-03-21 04:36:00,208.599905,208.602115,208.484735,208.533915
2026-03-21 04:37:00,208.524425,208.769835,208.451125,208.610565
2026-03-21 04:38:00,208.629315,208.660605,208.502575,208.590175
2026-03-21 04:39:00,208.588055,208.597555,208.239935,208.314335
2026-03-21 04:40:00,208.310805,208.341385,208.162665,208.193125
2026-03-21 04:41:00,208.192975,208.233875,208.079975,208.228535
2026-03-21 04:42:00,208.235175,208.423555,208.145295,208.414975
2026-03-21 04:43:00,208.415685,208.545815,208.271725,208.545815
2026-03-21 04:44:00,208.516255,208.546065,208.155375,208.170475
2026-03-21 04:45:00,208.169435,208.210415,208.044375,208.141585
2026-03-21 04:46:00,208.140335,208.162005,207.912385,208.018965
2026-03-21 04:47:00,208.005845,208.097785,207.920855,208.049545
2026-03-21 04:48:00,208.045595,208.052315,207.816995,207.919285
2026-03-21 04:49:00,207.919775,207.921165,207.675565,207.887905
2026-03-21 04:50:00,207.890725,208.049205,207.854715,208.022425
2026-03-21 04:51:00,208.032645,208.131155,207.935265,207.941975
2026-03-21 04:52:00,207.927775,208.222815,207.847855,208.117635
2026-03-21 04:53:00,208.116165,208.159155,207.869995,207.937985
2026-03-21 04:54:00,207.939345,207.994515,207.869775,207.966985
2026-03-21 04:55:00,207.963125,208.017175,207.878165,207.918355
2026-03-21 04:56:00,207.920855,208.191485,207.920855,208.014985
2026-03-21 04:57:00,208.014995,208.017625,207.884245,207.956505
2026-03-21 04:58:00,207.954975,208.112115,207.884445,208.088425
2026-03-21 04:59:00,208.087935,208.205625,208.050475,208.114585
2026-03-21 05:00:00,208.112375,208.204625,207.956855,208.022605
2026-03-21 05:01:00,208.022695,208.040515,207.831015,207.853765
2026-03-21 05:02:00,207.849925,207.860235,207.366645,207.369995
2026-03-21 05:03:00,207.374325,207.505745,207.308075,207.499975
2026-03-21 05:04:00,207.499945,207.741865,207.489385,207.737175
2026-03-21 05:05:00,207.736045,207.765165,207.599585,207.713885
2026-03-21 05:06:00,207.714885,207.891385,207.610275,207.869185
2026-03-21 05:07:00,207.876765,207.953195,207.730105,207.734105
2026-03-21 05:08:00,207.735685,207.771885,207.595565,207.668085
2026-03-21 05:09:00,207.645515,207.745615,207.610275,207.640555
2026-03-21 05:10:00,207.641135,207.740875,207.495365,207.598795
2026-03-21 05:11:00,207.608525,207.608525,207.390305,207.395975
2026-03-21 05:12:00,207.390635,207.851135,207.356565,207.804585
2026-03-21 05:13:00,207.821455,207.916155,207.774935,207.890445
2026-03-21 05:14:00,207.888745,207.891265,207.545775,207.594145
2026-03-21 05:15:00,207.598505,207.767475,207.556645,207.563065
2026-03-21 05:16:00,207.536105,207.557645,207.324895,207.439585
2026-03-21 05:17:00,207.450805,207.507565,207.179355,207.179355
2026-03-21 05:18:00,207.172955,207.226525,207.077665,207.111005
2026-03-21 05:19:00,207.109315,207.138095,206.839495,206.960215
2026-03-21 05:20:00,206.963155,207.095935,206.876485,206.940535
2026-03-21 05:21:00,206.941405,207.207075,206.882705,207.133915
2026-03-21 05:22:00,207.135585,207.146265,206.933435,206.966825
2026-03-21 05:23:00,206.945175,207.202325,206.879915,207.190835
2026-03-21 05:24:00,207.188695,207.497885,207.092935,207.419815
2026-03-21 05:25:00,207.420535,207.427565,207.330705,207.357575
2026-03-21 05:26:00,207.363075,207.461685,207.330955,207.457985
2026-03-21 05:27:00,207.452385,207.650825,207.413335,207.637105
2026-03-21 05:28:00,207.640485,207.779665,207.561415,207.735355
2026-03-21 05:29:00,207.752555,207.819335,207.623285,207.703495
2026-03-21 05:30:00,207.700245,208.016015,207.643705,208.016015
2026-03-21 05:31:00,208.019515,208.141135,207.959425,208.062005
2026-03-21 05:32:00,208.061445,208.081095,207.848485,208.026345
2026-03-21 05:33:00,208.028255,208.110875,207.961605,208.050615
2026-03-21 05:34:00,208.045965,208.114985,207.954935,208.011255
2026-03-21 05:35:00,207.997995,208.058515,207.785745,207.896245
2026-03-21 05:36:00,207.861975,207.926545,207.700215,207.709985
2026-03-21 05:37:00,207.711215,207.925015,207.697645,207.798145
2026-03-21 05:38:00,207.805965,207.805965,207.590705,207.633775
2026-03-21 05:39:00,207.628815,207.806515,207.536035,207.608725
2026-03-21 05:40:00,207.601995,207.853675,207.601995,207.779395
2026-03-21 05:41:00,207.775175,207.839885,207.668395,207.716795
2026-03-21 05:42:00,207.707135,207.713795,207.483705,207.608285
2026-03-21 05:43:00,207.617925,207.632005,207.383005,207.495405
2026-03-21 05:44:00,207.502865,207.514525,207.177255,207.204305
2026-03-21 05:45:00,207.208065,207.208065,206.996795,207.001735
2026-03-21 05:46:00,206.998655,207.257275,206.969945,207.249055
2026-03-21 05:47:00,207.243295,207.250565,207.059875,207.242485
2026-03-21 05:48:00,207.253025,207.465455,207.253025,207.464815
2026-03-21 05:49:00,207.463255,207.680275,207.392315,207.429065
2026-03-21 05:50:00,207.462055,207.644085,207.458485,207.580035
2026-03-21 05:51:00,207.577655,207.649455,207.486425,207.632835
2026-03-21 05:52:00,207.629155,207.723755,207.430765,207.446425
2026-03-21 05:53:00,207.443985,207.478605,207.126855,207.134095
2026-03-21 05:54:00,207.137275,207.277695,207.109145,207.200985
2026-03-21 05:55:00,207.204145,207.275115,207.008845,207.267385
2026-03-21 05:56:00,207.271125,207.295845,207.151745,207.231455
2026-03-21 05:57:00,207.244895,207.402755,207.244895,207.287475
2026-03-21 05:58:00,207.283795,207.376105,207.172535,207.296445
2026-03-21 05:59:00,207.290815,207.305145,207.100135,207.207705
2026-03-21 06:00:00,207.211285,207.475115,207.157685,207.410355
2026-03-21 06:01:00,207.348795,207.526165,207.238885,207.526165
2026-03-21 06:02:00,207.527935,207.589435,207.406505,207.421825
2026-03-21 06:03:00,207.410475,207.455755,207.215665,207.279845
2026-03-21 06:04:00,207.274525,207.473435,207.274525,207.369585
2026-03-21 06:05:00,207.362555,207.368605,207.160275,207.319605
2026-03-21 06:06:00,207.323125,207.404545,207.193625,207.315765
2026-03-21 06:07:00,207.295445,207.319145,207.174115,207.262555
2026-03-21 06:08:00,207.255095,207.330375,207.177705,207.203745
2026-03-21 06:09:00,207.201995,207.265695,207.094235,207.133445
2026-03-21 06:10:00,207.142345,207.300895,206.968185,207.061505
2026-03-21 06:11:00,207.078665,207.078665,206.895135,206.895505
2026-03-21 06:12:00,206.895325,206.922295,206.482625,206.498625
2026-03-21 06:13:00,206.477305,206.536935,206.336785,206.401985
2026-03-21 06:14:00,206.398255,206.843135,206.393765,206.807745
2026-03-21 06:15:00,206.801505,206.801505,206.583565,206.750335
2026-03-21 06:16:00,206.751865,206.892515,206.742505,206.872365
2026-03-21 06:17:00,206.871825,207.139065,206.863535,207.019275
2026-03-21 06:18:00,207.017055,207.017055,206.645025,206.658805
2026-03-21 06:19:00,206.668975,206.735425,206.524805,206.585335
2026-03-21 06:20:00,206.585215,206.742485,206.514195,206.704525
2026-03-21 06:21:00,206.697365,206.841995,206.534435,206.572735
2026-03-21 06:22:00,206.566355,206.699575,206.463035,206.584625
2026-03-21 06:23:00,206.585335,206.752245,206.500545,206.637445
2026-03-21 06:24:00,206.620315,206.672005,206.442255,206.582725
2026-03-21 06:25:00,206.571925,206.755565,206.571925,206.755565
2026-03-21 06:26:00,206.751515,207.075975,206.738455,207.028265
2026-03-21 06:27:00,207.018795,207.325675,207.001045,207.129825
2026-03-21 06:28:00,207.134215,207.373125,207.134215,207.301025
2026-03-21 06:29:00,207.297525,207.368665,207.274065,207.319095
2026-03-21 06:30:00,207.328685,207.394985,207.242035,207.247785
2026-03-21 06:31:00,207.244555,207.557315,207.217535,207.499225
2026-03-21 06:32:00,207.498235,207.501265,207.108535,207.135415
2026-03-21 06:33:00,207.132355,207.314335,207.095755,207.100735
2026-03-21 06:34:00,207.102195,207.129675,206.841625,206.904465
2026-03-21 06:35:00,206.897555,206.983695,206.834595,206.937425
2026-03-21 06:36:00,206.937885,206.945375,206.680725,206.752425
2026-03-21 06:37:00,206.752775,206.889735,206.464235,206.472325
2026-03-21 06:38:00,206.476015,206.628435,206.427875,206.519275
2026-03-21 06:39:00,206.542985,206.568955,206.315595,206.343855
2026-03-21 06:40:00,206.335615,206.611935,206.278985,206.426265
2026-03-21 06:41:00,206.427125,206.711695,206.299215,206.626265
2026-03-21 06:42:00,206.613015,206.624625,206.468675,206.514975
2026-03-21 06:43:00,206.511915,206.541825,206.301695,206.358455
2026-03-21 06:44:00,206.358855,206.625025,206.350465,206.462015
2026-03-21 06:45:00,206.504375,206.719065,206.436085,206.719065
2026-03-21 06:46:00,206.684085,206.775075,206.432815,206.731075
2026-03-21 06:47:00,206.713845,206.783625,206.624275,206.632275
2026-03-21 06:48:00,206.665815,206.928715,206.602355,206.927455
2026-03-21 06:49:00,206.924835,207.174745,206.883445,207.157145
2026-03-21 06:50:00,207.153765,207.153765,206.866305,206.946095
2026-03-21 06:51:00,206.957525,207.195445,206.881335,206.990035
2026-03-21 06:52:00,206.994085,207.197355,206.935865,207.197355
2026-03-21 06:53:00,207.196905,207.251955,207.035555,207.207965
2026-03-21 06:54:00,207.199405,207.426205,207.183075,207.224025
2026-03-21 06:55:00,207.228455,207.334475,207.191975,207.279445
2026-03-21 06:56:00,207.275875,207.346005,207.203755,207.303125
2026-03-21 06:57:00,207.304865,207.322635,207.118025,207.150865
2026-03-21 06:58:00,207.178345,207.228995,207.053275,207.075885
2026-03-21 06:59:00,207.069165,207.268145,206.947665,207.266865
2026-03-21 07:00:00,207.260245,207.341985,207.102065,207.162145
2026-03-21 07:01:00,207.161955,207.179305,207.012625,207.117685
2026-03-21 07:02:00,207.138785,207.462745,207.126275,207.441325
2026-03-21 07:03:00,207.439795,207.796835,207.432385,207.727335
2026-03-21 07:04:00,207.699925,207.962735,207.695425,207.902955
2026-03-21 07:05:00,207.902525,208.056025,207.811695,207.857365
2026-03-21 07:06:00,207.842635,207.891555,207.655895,207.760055
2026-03-21 07:07:00,207.763195,207.923365,207.753455,207.860585
2026-03-21 07:08:00,207.864205,208.003995,207.837225,207.956375
2026-03-21 07:09:00,207.967435,208.052155,207.822535,207.878125
2026-03-21 07:10:00,207.879175,207.882945,207.739435,207.858515
2026-03-21 07:11:00,207.857845,207.921295,207.728095,207.857475
2026-03-21 07:12:00,207.859005,208.119245,207.841885,208.111105
2026-03-21 07:13:00,208.098655,208.100185,207.847905,207.982035
2026-03-21 07:14:00,207.980595,207.987545,207.686955,207.780975
2026-03-21 07:15:00,207.785355,207.796025,207.573365,207.695165
2026-03-21 07:16:00,207.702345,207.864985,207.694315,207.738255
2026-03-21 07:17:00,207.739235,207.854805,207.551275,207.853185
2026-03-21 07:18:00,207.829145,207.832625,207.725825,207.816545
2026-03-21 07:19:00,207.818595,207.892795,207.649035,207.773365
2026-03-21 07:20:00,207.740385,207.838465,207.642885,207.737755
2026-03-21 07:21:00,207.741075,208.216155,207.684235,208.126305
2026-03-21 07:22:00,208.128875,208.268965,208.062265,208.201745
2026-03-21 07:23:00,208.198265,208.286475,208.158145,208.173985
2026-03-21 07:24:00,208.170945,208.185755,208.023425,208.157505
2026-03-21 07:25:00,208.164345,208.191765,208.061215,208.131895
2026-03-21 07:26:00,208.135785,208.543895,208.118525,208.344975
2026-03-21 07:27:00,208.318445,208.513155,208.314475,208.446935
2026-03-21 07:28:00,208.438315,208.494615,208.237175,208.292245
2026-03-21 07:29:00,208.295965,208.401425,208.185965,208.304855
2026-03-21 07:30:00,208.300295,208.467545,208.223615,208.445615
2026-03-21 07:31:00,208.441915,208.516095,208.336935,208.397695
2026-03-21 07:32:00,208.401465,208.505155,208.334165,208.403525
2026-03-21 07:33:00,208.403045,208.403045,208.048005,208.140665
2026-03-21 07:34:00,208.131695,208.255885,207.969285,207.976445
2026-03-21 07:35:00,207.979245,208.062955,207.910715,207.960865
2026-03-21 07:36:00,207.969645,208.184425,207.880685,208.102895
2026-03-21 07:37:00,208.089955,208.282765,208.062175,208.084145
2026-03-21 07:38:00,208.087055,208.115895,207.890815,208.042655
2026-03-21 07:39:00,208.060165,208.103025,207.877905,207.887615
2026-03-21 07:40:00,207.871945,207.922775,207.652025,207.656445
2026-03-21 07:41:00,207.669405,207.825465,207.622545,207.695965
2026-03-21 07:42:00,207.705645,207.712025,207.497365,207.545415
2026-03-21 07:43:00,207.547025,207.655755,207.511005,207.536995
2026-03-21 07:44:00,207.531115,207.563275,207.106885,207.123425
2026-03-21 07:45:00,207.123115,207.271635,207.038715,207.073905
2026-03-21 07:46:00,207.085275,207.085275,206.595845,206.601585
2026-03-21 07:47:00,206.601135,206.685045,206.506585,206.621235
2026-03-21 07:48:00,206.622265,206.622265,206.409175,206.491175
2026-03-21 07:49:00,206.500115,206.770615,206.467285,206.733685
2026-03-21 07:50:00,206.715645,206.715645,206.359235,206.382245
2026-03-21 07:51:00,206.395225,206.454205,206.134205,206.293165
2026-03-21 07:52:00,206.278235,206.418155,206.251125,206.366395
2026-03-21 07:53:00,206.379075,206.432955,206.306385,206.408605
2026-03-21 07:54:00,206.412685,206.543985,206.354105,206.464155
2026-03-21 07:55:00,206.460075,206.496745,206.294825,206.307975
2026-03-21 07:56:00,206.303335,206.541125,206.303335,206.529955
2026-03-21 07:57:00,206.564855,206.579655,206.352305,206.407595
2026-03-21 07:58:00,206.405325,206.490765,206.258585,206.461315
2026-03-21 07:59:00,206.455495,206.546245,206.398425,206.532445
2026-03-21 08:00:00,206.530435,206.538815,206.161815,206.274315
2026-03-21 08:01:00,206.281985,206.374915,206.173465,206.364395
2026-03-21 08:02:00,206.361055,206.397745,206.223915,206.359165
2026-03-21 08:03:00,206.343285,206.425115,206.081975,206.111735
2026-03-21 08:04:00,206.112325,206.228135,206.028305,206.190255
2026-03-21 08:05:00,206.219075,206.299115,206.084765,206.190605
2026-03-21 08:06:00,206.192875,206.427795,206.178305,206.349895
2026-03-21 08:07:00,206.362025,206.383765,206.217075,206.223805
2026-03-21 08:08:00,206.222545,206.292565,206.156135,206.195145
2026-03-21 08:09:00,206.198705,206.258155,206.078115,206.221125
2026-03-21 08:10:00,206.224685,206.468865,206.210375,206.362785
2026-03-21 08:11:00,206.361375,206.432175,206.179875,206.241605
2026-03-21 08:12:00,206.241915,206.304715,206.126115,206.206025
2026-03-21 08:13:00,206.188285,206.325095,206.098555,206.304435
2026-03-21 08:14:00,206.305725,206.328105,206.147705,206.182015
2026-03-21 08:15:00,206.194705,206.310325,206.151705,206.247805
2026-03-21 08:16:00,206.244015,206.425945,206.166015,206.349745
2026-03-21 08:17:00,206.352845,206.559905,206.340945,206.541775
2026-03-21 08:18:00,206.543175,206.765025,206.514475,206.765025
2026-03-21 08:19:00,206.750705,206.824015,206.684075,206.810095
2026-03-21 08:20:00,206.827965,206.830595,206.613085,206.676515
2026-03-21 08:21:00,206.733985,206.745905,206.537245,206.537245
2026-03-21 08:22:00,206.539325,206.542085,206.302275,206.361485
2026-03-21 08:23:00,206.364745,206.376055,206.081525,206.120295
2026-03-21 08:24:00,206.122285,206.122535,205.802145,205.802145
2026-03-21 08:25:00,205.804775,205.859905,205.671795,205.761065
2026-03-21 08:26:00,205.760205,205.957265,205.760205,205.859085
2026-03-21 08:27:00,205.838165,205.877175,205.653325,205.759915
2026-03-21 08:28:00,205.771455,205.832045,205.720845,205.746325
2026-03-21 08:29:00,205.752425,205.874525,205.704955,205.856605
2026-03-21 08:30:00,205.860615,205.927075,205.750935,205.754265
2026-03-21 08:31:00,205.752625,205.752625,205.561725,205.574215
2026-03-21 08:32:00,205.581925,205.610335,205.466685,205.537805
2026-03-21 08:33:00,205.526825,205.720415,205.511215,205.656345
2026-03-21 08:34:00,205.652715,205.746465,205.529765,205.600155
2026-03-21 08:35:00,205.610905,205.823615,205.545635,205.650935
2026-03-21 08:36:00,205.636375,205.640765,205.196635,205.223295
2026-03-21 08:37:00,205.225355,205.263155,205.030865,205.032295
2026-03-21 08:38:00,205.028685,205.266765,204.921095,204.937745
2026-03-21 08:39:00,204.959595,204.970035,204.736045,204.779345
2026-03-21 08:40:00,204.783115,204.811095,204.649595,204.714355
2026-03-21 08:41:00,204.714595,204.853675,204.674645,204.749935
2026-03-21 08:42:00,204.757885,204.928505,204.740695,204.783785
2026-03-21 08:43:00,204.794455,204.794455,204.620185,204.732165
2026-03-21 08:44:00,204.733655,204.971185,204.733655,204.971185
2026-03-21 08:45:00,204.961145,205.101205,204.686875,204.692965
2026-03-21 08:46:00,204.690045,204.789775,204.628195,204.680315
2026-03-21 08:47:00,204.652765,204.770435,204.547885,204.551585
2026-03-21 08:48:00,204.552365,204.966735,204.550285,204.861685
2026-03-21 08:49:00,204.860135,204.877165,204.645665,204.670385
2026-03-21 08:50:00,204.673625,204.822975,204.641155,204.765975
2026-03-21 08:51:00,204.768775,204.944545,204.768775,204.933085
2026-03-21 08:52:00,204.930015,205.037055,204.598625,204.685385
2026-03-21 08:53:00,204.685585,204.881155,204.627725,204.856645
2026-03-21 08:54:00,204.856945,205.152295,204.836855,205.089965
2026-03-21 08:55:00,205.094905,205.185795,204.982805,205.148215
2026-03-21 08:56:00,205.169875,205.307715,205.068815,205.182185
2026-03-21 08:57:00,205.164935,205.245895,204.968285,204.968285
2026-03-21 08:58:00,204.966335,205.178685,204.927435,205.063095
2026-03-21 08:59:00,205.053515,205.081065,204.770825,204.777495
2026-03-21 09:00:00,204.769655,204.831205,204.723075,204.780285
2026-03-21 09:01:00,204.775085,204.892595,204.595365,204.676575
2026-03-21 09:02:00,204.649825,204.839925,204.649825,204.803135
2026-03-21 09:03:00,204.799475,205.121115,204.734185,205.059085
2026-03-21 09:04:00,205.062365,205.195705,204.941745,205.160815
2026-03-21 09:05:00,205.152765,205.181015,205.041475,205.119575
2026-03-21 09:06:00,205.101745,205.283015,205.098625,205.245705
2026-03-21 09:07:00,205.243835,205.378155,205.139985,205.234275
2026-03-21 09:08:00,205.224175,205.307245,205.166925,205.206755
2026-03-21 09:09:00,205.212785,205.509315,205.189495,205.352945
2026-03-21 09:10:00,205.349105,205.528985,205.349105,205.499855
2026-03-21 09:11:00,205.530905,205.666515,205.497895,205.595275
2026-03-21 09:12:00,205.596665,205.672285,205.538185,205.611805
2026-03-21 09:13:00,205.609285,205.711605,205.557825,205.688515
2026-03-21 09:14:00,205.692735,205.762255,205.602145,205.649195
2026-03-21 09:15:00,205.650255,205.712505,205.530285,205.669045
2026-03-21 09:16:00,205.673545,205.700275,205.323485,205.329355
2026-03-21 09:17:00,205.332105,205.353485,205.232465,205.257745
2026-03-21 09:18:00,205.261185,205.347445,205.159175,205.184065
2026-03-21 09:19:00,205.184645,205.313805,205.085885,205.217105
2026-03-21 09:20:00,205.225495,205.249955,204.890965,204.890965
2026-03-21 09:21:00,204.884445,205.073535,204.881335,204.882755
2026-03-21 09:22:00,204.883805,204.910115,204.672345,204.776395
2026-03-21 09:23:00,204.792725,204.874455,204.619695,204.691505
2026-03-21 09:24:00,204.694885,204.888815,204.619105,204.796695
2026-03-21 09:25:00,204.795335,204.961905,204.754425,204.961905
2026-03-21 09:26:00,204.957635,204.999065,204.769155,204.802245
2026-03-21 09:27:00,204.809435,205.212525,204.788865,205.212525
2026-03-21 09:28:00,205.216005,205.366835,205.109995,205.301295
2026-03-21 09:29:00,205.297735,205.345555,205.129715,205.214745
2026-03-21 09:30:00,205.211315,205.499525,205.166935,205.460685
2026-03-21 09:31:00,205.441325,205.703385,205.434485,205.678605
2026-03-21 09:32:00,205.806795,205.807095,205.561915,205.561915
2026-03-21 09:33:00,205.573395,205.631775,205.387055,205.550365
2026-03-21 09:34:00,205.579365,205.762635,205.552995,205.733785
2026-03-21 09:35:00,205.728945,205.728945,205.438575,205.527675
2026-03-21 09:36:00,205.530215,205.611955,205.451715,205.525885
2026-03-21 09:37:00,205.526895,205.640405,205.468745,205.504695
2026-03-21 09:38:00,205.512315,205.704885,205.438065,205.508815
2026-03-21 09:39:00,205.487455,205.557685,205.368685,205.385995
2026-03-21 09:40:00,205.386555,205.399545,205.252165,205.259555
2026-03-21 09:41:00,205.272115,205.324385,205.094875,205.124685
2026-03-21 09:42:00,205.129285,205.129285,204.969695,205.103615
2026-03-21 09:43:00,205.094505,205.370325,205.070125,205.148485
2026-03-21 09:44:00,205.144325,205.184785,204.824395,204.964615
2026-03-21 09:45:00,204.964485,205.193395,204.933565,205.102605
2026-03-21 09:46:00,205.104665,205.153695,204.967955,204.967955
2026-03-21 09:47:00,205.002535,205.116545,204.885035,204.911865
2026-03-21 09:48:00,204.911895,205.260095,204.890355,205.118935
2026-03-21 09:49:00,205.119975,205.317905,205.090945,205.153975
2026-03-21 09:50:00,205.157185,205.292875,205.039185,205.056355
2026-03-21 09:51:00,205.055085,205.069305,204.751535,204.751535
2026-03-21 09:52:00,204.751935,204.773725,204.587465,204.607225
2026-03-21 09:53:00,204.610065,204.816235,204.600145,204.813165
2026-03-21 09:54:00,204.814855,204.884095,204.738935,204.823925
2026-03-21 09:55:00,204.817745,204.957765,204.677605,204.677605
2026-03-21 09:56:00,204.669755,204.867145,204.669755,204.740705
2026-03-21 09:57:00,204.748445,204.818735,204.503205,204.587335
2026-03-21 09:58:00,204.566245,204.724495,204.535485,204.584825
2026-03-21 09:59:00,204.582925,204.593395,204.380015,204.515225
2026-03-21 10:00:00,204.518375,204.518375,204.052755,204.196445
2026-03-21 10:01:00,204.196585,204.431855,204.184225,204.235045
2026-03-21 10:02:00,204.233845,204.330745,204.113805,204.149435
2026-03-21 10:03:00,204.150195,204.317425,204.054745,204.296175
2026-03-21 10:04:00,204.292485,204.598835,204.245695,204.556265
2026-03-21 10:05:00,204.550575,204.747905,204.509655,204.653045
2026-03-21 10:06:00,204.656865,204.876985,204.573255,204.785645
2026-03-21 10:07:00,204.785975,204.912785,204.637425,204.690405
2026-03-21 10:08:00,204.686905,204.776515,204.614025,204.624415
2026-03-21 10:09:00,204.628015,204.634315,204.304735,204.321045
2026-03-21 10:10:00,204.307885,204.899755,204.232425,204.838205
2026-03-21 10:11:00,204.836415,204.933665,204.724345,204.771635
2026-03-21 10:12:00,204.758405,204.777815,204.493755,204.517925
2026-03-21 10:13:00,204.520915,204.565085,204.424625,204.504955
2026-03-21 10:14:00,204.507205,204.547605,204.283145,204.283575
2026-03-21 10:15:00,204.307405,204.313145,204.089655,204.257215
2026-03-21 10:16:00,204.262405,204.298105,204.157405,204.274905
2026-03-21 10:17:00,204.272235,204.279165,203.970655,203.983165
2026-03-21 10:18:00,203.980325,204.013995,203.866325,203.953985
2026-03-21 10:19:00,203.948455,204.121245,203.943585,204.067125
2026-03-21 10:20:00,204.066445,204.075025,203.890435,203.922645
2026-03-21 10:21:00,203.925965,204.093555,203.911875,204.077175
2026-03-21 10:22:00,204.073295,204.330575,203.958035,204.286375
2026-03-21 10:23:00,204.281995,204.281995,204.033525,204.160645
2026-03-21 10:24:00,204.158845,204.158845,203.962815,204.022525
2026-03-21 10:25:00,204.033875,204.077615,203.874585,203.976955
2026-03-21 10:26:00,203.980335,204.010355,203.870515,203.989025
2026-03-21 10:27:00,203.985085,204.103325,203.973265,204.073445
2026-03-21 10:28:00,204.082665,204.196655,203.906745,204.081275
2026-03-21 10:29:00,204.085125,204.495155,204.058405,204.495155
2026-03-21 10:30:00,204.496975,204.614945,204.427855,204.457905
2026-03-21 10:31:00,204.459665,204.709215,204.420625,204.628285
2026-03-21 10:32:00,204.632565,204.758065,204.378995,204.472145
2026-03-21 10:33:00,204.474355,204.529415,204.231895,204.299985
2026-03-21 10:34:00,204.313025,204.316865,204.028315,204.028455
2026-03-21 10:35:00,204.025355,204.163565,203.674025,203.674025
2026-03-21 10:36:00,203.677385,203.805355,203.564665,203.729325
2026-03-21 10:37:00,203.729655,203.803535,203.599155,203.636585
2026-03-21 10:38:00,203.638055,203.789505,203.590485,203.668715
2026-03-21 10:39:00,203.669135,203.699295,203.464465,203.465655
2026-03-21 10:40:00,203.465905,203.696985,203.439115,203.559785
2026-03-21 10:41:00,203.558205,203.707575,203.490215,203.592405
2026-03-21 10:42:00,203.589405,203.637245,203.250935,203.312355
2026-03-21 10:43:00,203.320025,203.461685,203.280855,203.461685
2026-03-21 10:44:00,203.455015,203.612035,203.412955,203.582675
2026-03-21 10:45:00,203.574265,203.631505,203.499935,203.612905
2026-03-21 10:46:00,203.608565,203.822205,203.574935,203.724935
2026-03-21 10:47:00,203.726115,203.943775,203.691575,203.921475
2026-03-21 10:48:00,203.918715,204.161355,203.830445,204.145725
2026-03-21 10:49:00,204.143735,204.189945,203.985965,204.052895
2026-03-21 10:50:00,204.055965,204.055965,203.722145,203.844015
2026-03-21 10:51:00,203.820295,203.985715,203.789305,203.955515
2026-03-21 10:52:00,203.973485,204.333195,203.972075,204.285005
2026-03-21 10:53:00,204.283835,204.307775,204.089125,204.237955
2026-03-21 10:54:00,204.245185,204.397625,204.172025,204.253535
2026-03-21 10:55:00,204.255015,204.399715,204.118565,204.284255
2026-03-21 10:56:00,204.283315,204.396945,204.162965,204.218665
2026-03-21 10:57:00,204.221195,204.383435,204.130435,204.221185
2026-03-21 10:58:00,204.215365,204.407225,204.127065,204.407225
2026-03-21 10:59:00,204.421805,204.691265,204.356635,204.572115
2026-03-21 11:00:00,204.568505,204.662515,204.447355,204.624295
2026-03-21 11:01:00,204.621295,204.747455,204.556245,204.636525
2026-03-21 11:02:00,204.633125,204.749315,204.482645,204.701345
2026-03-21 11:03:00,204.698945,204.847735,204.522935,204.827565
2026-03-21 11:04:00,204.814635,204.991825,204.742185,204.991825
2026-03-21 11:05:00,204.995285,205.181305,204.847495,204.912465
2026-03-21 11:06:00,204.910765,205.104045,204.855595,205.104045
2026-03-21 11:07:00,205.109365,205.157285,205.026635,205.035065
2026-03-21 11:08:00,205.028075,205.081035,204.698535,204.717645
2026-03-21 11:09:00,204.707775,204.745435,204.374555,204.388195
2026-03-21 11:10:00,204.384885,204.461555,204.262805,204.341755
2026-03-21 11:11:00,204.340545,204.431585,204.283615,204.304735
2026-03-21 11:12:00,204.327075,204.372025,204.105045,204.105045
2026-03-21 11:13:00,204.102605,204.143255,203.950085,204.142735
2026-03-21 11:14:00,204.138465,204.330335,204.033205,204.299485
2026-03-21 11:15:00,204.301625,204.301625,204.126005,204.273505
2026-03-21 11:16:00,204.278635,204.408245,204.078125,204.408245
2026-03-21 11:17:00,204.434565,204.481095,204.260495,204.429035
2026-03-21 11:18:00,204.428985,204.430695,204.099445,204.118705
2026-03-21 11:19:00,204.125895,204.286495,204.125895,204.195025
2026-03-21 11:20:00,204.190855,204.377725,204.190855,204.315335
2026-03-21 11:21:00,204.316035,204.543195,204.303235,204.428155
2026-03-21 11:22:00,204.423765,204.481015,204.234615,204.251115
2026-03-21 11:23:00,204.250195,204.292035,204.101305,204.144295
2026-03-21 11:24:00,204.146145,204.163345,204.018865,204.047185
2026-03-21 11:25:00,204.045975,204.105235,203.924455,203.960925
2026-03-21 11:26:00,203.962115,204.049335,203.854105,203.988825
2026-03-21 11:27:00,203.992235,204.020475,203.599575,203.615865
2026-03-21 11:28:00,203.616395,203.730685,203.596595,203.673295
2026-03-21 11:29:00,203.670435,203.700785,203.365635,203.458755
2026-03-21 11:30:00,203.457285,203.511415,203.255535,203.303985
2026-03-21 11:31:00,203.305605,203.382395,202.913155,202.918315
2026-03-21 11:32:00,202.897765,202.976855,202.781475,202.917135
2026-03-21 11:33:00,202.913195,202.998995,202.795715,202.835255
2026-03-21 11:34:00,202.845935,203.054925,202.820715,202.999935
2026-03-21 11:35:00,202.999555,203.033515,202.828885,203.004315
2026-03-21 11:36:00,202.997125,203.065295,202.862395,202.877925
2026-03-21 11:37:00,202.857515,202.913365,202.668525,202.747325
2026-03-21 11:38:00,202.753235,202.957445,202.693605,202.915185
2026-03-21 11:39:00,202.918505,203.138705,202.892545,203.003385
2026-03-21 11:40:00,203.025625,203.034985,202.893375,202.960405
2026-03-21 11:41:00,202.966445,203.018205,202.740945,202.795735
2026-03-21 11:42:00,202.798835,202.978325,202.773035,202.834215
2026-03-21 11:43:00,202.831175,202.914225,202.749765,202.827975
2026-03-21 11:44:00,202.833575,202.872725,202.581545,202.870685
2026-03-21 11:45:00,202.870435,202.870435,202.647995,202.717625
2026-03-21 11:46:00,202.704835,202.743345,202.489015,202.495745
2026-03-21 11:47:00,202.502595,202.537425,202.159325,202.175765
2026-03-21 11:48:00,202.175435,202.510925,202.172065,202.510925
2026-03-21 11:49:00,202.516535,202.634155,202.456115,202.554655
2026-03-21 11:50:00,202.555815,202.590805,202.326775,202.445025
2026-03-21 11:51:00,202.445035,202.652725,202.444065,202.531075
2026-03-21 11:52:00,202.535165,202.740815,202.524225,202.695895
2026-03-21 11:53:00,202.692175,202.932405,202.605145,202.914315
2026-03-21 11:54:00,202.908205,202.931765,202.604555,202.644675
2026-03-21 11:55:00,202.651195,202.803475,202.533155,202.763385
2026-03-21 11:56:00,202.776095,202.831615,202.566055,202.629345
2026-03-21 11:57:00,202.628585,202.641945,202.488335,202.565625
2026-03-21 11:58:00,202.574305,202.703575,202.496525,202.687925
2026-03-21 11:59:00,202.691355,202.907805,202.643215,202.810485
2026-03-21 12:00:00,202.807965,202.908865,202.690795,202.716225
2026-03-21 12:01:00,202.703395,202.840465,202.634095,202.699635
2026-03-21 12:02:00,202.703605,202.785845,202.628125,202.663035
2026-03-21 12:03:00,202.663455,202.753195,202.544335,202.551065
2026-03-21 12:04:00,202.543295,202.753255,202.400975,202.679565
2026-03-21 12:05:00,202.687655,202.717985,202.226095,202.226095
2026-03-21 12:06:00,202.229105,202.269275,202.084525,202.157375
2026-03-21 12:07:00,202.162975,202.248425,202.093715,202.135015
2026-03-21 12:08:00,202.137655,202.299445,202.083925,202.161595
2026-03-21 12:09:00,202.142155,202.334135,202.032875,202.136975
2026-03-21 12:10:00,202.133315,202.588015,202.127805,202.530285
2026-03-21 12:11:00,202.528615,202.532795,202.387675,202.414915
2026-03-21 12:12:00,202.417635,202.444575,202.262085,202.263045
2026-03-21 12:13:00,202.246815,202.261255,202.129105,202.240885
2026-03-21 12:14:00,202.245325,202.344025,202.113255,202.137995
2026-03-21 12:15:00,202.136705,202.279165,202.109265,202.276085
2026-03-21 12:16:00,202.275955,202.398015,202.190005,202.203345
2026-03-21 12:17:00,202.203975,202.667555,202.195745,202.667555
2026-03-21 12:18:00,202.667305,202.732065,202.473955,202.488785
2026-03-21 12:19:00,202.490525,202.610355,202.426895,202.492105
2026-03-21 12:20:00,202.476015,202.618195,202.464465,202.534735
2026-03-21 12:21:00,202.527015,202.534805,202.297155,202.351795
2026-03-21 12:22:00,202.356175,202.552445,202.354745,202.402675
2026-03-21 12:23:00,202.404565,202.468415,202.238475,202.312435
2026-03-21 12:24:00,202.314915,202.547345,202.196745,202.482965
2026-03-21 12:25:00,202.485915,202.832235,202.480945,202.806145
2026-03-21 12:26:00,202.806225,202.995365,202.786085,202.823125
2026-03-21 12:27:00,202.810595,202.881585,202.706815,202.767195
2026-03-21 12:28:00,202.768945,202.770955,202.554215,202.625785
2026-03-21 12:29:00,202.624235,202.759175,202.616505,202.729335
2026-03-21 12:30:00,202.741565,202.953175,202.595865,202.825465
2026-03-21 12:31:00,202.828885,202.929905,202.738295,202.922195
2026-03-21 12:32:00,202.902605,202.980105,202.816875,202.959905
2026-03-21 12:33:00,202.949945,203.113065,202.914345,203.041885
2026-03-21 12:34:00,203.038375,203.181065,202.934515,203.147345
2026-03-21 12:35:00,203.153315,203.268635,202.893435,202.896415
2026-03-21 12:36:00,202.896435,202.982385,202.839175,202.947625
2026-03-21 12:37:00,202.940575,203.081755,202.887505,202.892195
2026-03-21 12:38:00,202.892765,202.990465,202.799265,202.951725
2026-03-21 12:39:00,202.942655,203.161385,202.900515,203.157945
2026-03-21 12:40:00,203.161685,203.292785,203.131105,203.271335
2026-03-21 12:41:00,203.268005,203.309675,202.966675,203.032285
2026-03-21 12:42:00,203.029225,203.094645,202.933605,203.044335
2026-03-21 12:43:00,203.046195,203.169525,202.981985,203.064905
2026-03-21 12:44:00,203.060915,203.557885,203.036345,203.498885
2026-03-21 12:45:00,203.495055,203.512955,203.261775,203.383005
2026-03-21 12:46:00,203.381175,203.436765,203.244305,203.244305
2026-03-21 12:47:00,203.239775,203.274295,202.914635,202.944015
2026-03-21 12:48:00,202.947705,202.967775,202.553125,202.553125
2026-03-21 12:49:00,202.557775,202.727655,202.527375,202.564565
2026-03-21 12:50:00,202.565255,202.608185,202.416775,202.459355
2026-03-21 12:51:00,202.431115,202.585815,202.413515,202.485905
2026-03-21 12:52:00,202.487935,202.522825,202.420695,202.475995
2026-03-21 12:53:00,202.479405,202.644105,202.277985,202.644105
2026-03-21 12:54:00,202.644225,202.711705,202.493975,202.665945
2026-03-21 12:55:00,202.692065,202.800965,202.618395,202.618875
2026-03-21 12:56:00,202.601025,202.721895,202.540035,202.702875
2026-03-21 12:57:00,202.705775,202.816985,202.381775,202.395705
2026-03-21 12:58:00,202.397845,202.397845,201.993575,201.997525
2026-03-21 12:59:00,202.001775,202.079035,201.905765,201.975955
2026-03-21 13:00:00,201.975155,202.253825,201.975155,202.216165
2026-03-21 13:01:00,202.218895,202.395845,202.195285,202.364865
2026-03-21 13:02:00,202.373705,202.448275,202.178615,202.438685
2026-03-21 13:03:00,202.441625,202.678305,202.401295,202.442225
2026-03-21 13:04:00,202.444315,202.607005,202.367665,202.440315
2026-03-21 13:05:00,202.445955,202.760945,202.445955,202.581135
2026-03-21 13:06:00,202.577205,202.751805,202.557785,202.658285
2026-03-21 13:07:00,202.660515,202.776775,202.616995,202.617345
2026-03-21 13:08:00,202.617095,202.700315,202.530625,202.682045
2026-03-21 13:09:00,202.669415,202.914805,202.642525,202.823275
2026-03-21 13:10:00,202.835935,202.953785,202.797855,202.890845
2026-03-21 13:11:00,202.894515,203.147355,202.867545,203.125935
2026-03-21 13:12:00,203.127915,203.182795,203.016555,203.113985
2026-03-21 13:13:00,203.107215,203.131185,202.782695,202.850865
2026-03-21 13:14:00,202.844855,203.006965,202.573025,203.006965
2026-03-21 13:15:00,203.018245,203.018245,202.777665,202.796685
2026-03-21 13:16:00,202.798745,203.017985,202.771525,202.937135
2026-03-21 13:17:00,202.938345,203.338705,202.938285,203.190115
2026-03-21 13:18:00,203.188295,203.206845,202.977235,202.991005
2026-03-21 13:19:00,202.990115,203.266745,202.970775,203.250085
2026-03-21 13:20:00,203.302615,203.309505,203.055975,203.061785
2026-03-21 13:21:00,203.060685,203.217555,203.028365,203.069765
2026-03-21 13:22:00,203.076455,203.177835,203.017405,203.177835
2026-03-21 13:23:00,203.175905,203.176315,202.886545,202.886545
2026-03-21 13:24:00,202.879675,202.972675,202.797565,202.844635
2026-03-21 13:25:00,202.841175,202.925195,202.604225,202.604225
2026-03-21 13:26:00,202.607435,202.771725,202.585695,202.711445
2026-03-21 13:27:00,202.724555,202.936095,202.649635,202.897725
2026-03-21 13:28:00,202.901585,203.069535,202.851805,202.862085
2026-03-21 13:29:00,202.856055,203.275645,202.856055,203.123385
2026-03-21 13:30:00,203.130075,203.398935,203.116845,203.289565
2026-03-21 13:31:00,203.298695,203.353855,203.077775,203.183755
2026-03-21 13:32:00,203.180265,203.268185,203.045825,203.104375
2026-03-21 13:33:00,203.107525,203.341275,203.071975,203.282655
2026-03-21 13:34:00,203.300995,203.436925,203.271595,203.336065
2026-03-21 13:35:00,203.351035,203.351905,203.157385,203.216025
2026-03-21 13:36:00,203.205285,203.408825,203.110955,203.375015
2026-03-21 13:37:00,203.378355,203.573305,203.240185,203.538415
2026-03-21 13:38:00,203.539825,203.763595,203.443515,203.488415
2026-03-21 13:39:00,203.466255,203.716025,203.432105,203.701555
2026-03-21 13:40:00,203.696275,203.762025,203.562075,203.572115
2026-03-21 13:41:00,203.568895,203.608995,203.405585,203.409735
2026-03-21 13:42:00,203.413485,203.520115,203.333685,203.515915
2026-03-21 13:43:00,203.524275,203.798035,203.524025,203.796185
2026-03-21 13:44:00,203.798785,203.847325,203.633715,203.633715
2026-03-21 13:45:00,203.635465,203.641165,203.401535,203.405225
2026-03-21 13:46:00,203.407145,203.524425,203.382715,203.441765
2026-03-21 13:47:00,203.442495,203.500705,203.383935,203.405325
2026-03-21 13:48:00,203.403895,203.712575,203.387095,203.684415
2026-03-21 13:49:00,203.686395,203.722495,203.630225,203.637895
2026-03-21 13:50:00,203.644945,203.708965,203.377395,203.417975
2026-03-21 13:51:00,203.404335,203.435245,203.146915,203.154165
2026-03-21 13:52:00,203.151985,203.157775,202.964695,202.977965
2026-03-21 13:53:00,202.979195,203.218195,202.956625,203.143685
2026-03-21 13:54:00,203.141895,203.227075,203.067945,203.209655
2026-03-21 13:55:00,203.208705,203.329955,203.156985,203.325685
2026-03-21 13:56:00,203.318295,203.356745,203.199405,203.223185
2026-03-21 13:57:00,203.229025,203.586885,203.211895,203.577615
2026-03-21 13:58:00,203.579365,203.825715,203.549565,203.806435
2026-03-21 13:59:00,203.753605,203.805445,203.658295,203.739475
2026-03-21 14:00:00,203.731105,203.904315,203.627805,203.674085
2026-03-21 14:01:00,203.670225,203.743125,203.395295,203.438345
2026-03-21 14:02:00,203.426285,203.465715,203.203175,203.205725
2026-03-21 14:03:00,203.205255,203.322265,203.141315,203.316595
2026-03-21 14:04:00,203.317845,203.484705,203.224555,203.417625
2026-03-21 14:05:00,203.408535,203.431385,203.097635,203.369695
2026-03-21 14:06:00,203.366535,203.369535,203.156115,203.343795
2026-03-21 14:07:00,203.329745,203.532025,203.279175,203.479065
2026-03-21 14:08:00,203.475605,203.604085,203.443315,203.556915
2026-03-21 14:09:00,203.555215,203.603285,203.395295,203.399175
2026-03-21 14:10:00,203.403575,203.644305,203.329195,203.639095
2026-03-21 14:11:00,203.622175,203.829095,203.604785,203.745695
2026-03-21 14:12:00,203.745125,203.752355,203.446215,203.570205
2026-03-21 14:13:00,203.565825,203.591925,203.399085,203.450335
2026-03-21 14:14:00,203.446785,203.527425,203.186755,203.233385
2026-03-21 14:15:00,203.229565,203.272605,202.943505,202.955645
2026-03-21 14:16:00,202.953125,203.024055,202.678035,202.706985
2026-03-21 14:17:00,202.702865,202.714505,202.478185,202.478185
2026-03-21 14:18:00,202.475285,202.516605,202.301675,202.395995
2026-03-21 14:19:00,202.396375,202.638105,202.376865,202.617945
2026-03-21 14:20:00,202.614285,202.622965,202.406925,202.411295
2026-03-21 14:21:00,202.411965,202.438195,202.174835,202.208265
2026-03-21 14:22:00,202.207905,202.243585,202.030825,202.131215
2026-03-21 14:23:00,202.132845,202.157995,201.879475,201.959355
2026-03-21 14:24:00,201.963085,202.044875,201.907055,201.954595
2026-03-21 14:25:00,201.983955,202.112245,201.947555,201.954125
2026-03-21 14:26:00,201.957485,202.002455,201.845465,201.987635
2026-03-21 14:27:00,201.984705,202.182125,201.934245,202.043165
2026-03-21 14:28:00,202.067575,202.141435,201.993925,202.128415
2026-03-21 14:29:00,202.115115,202.315715,202.106545,202.182095
2026-03-21 14:30:00,202.180455,202.307215,202.113135,202.181705
2026-03-21 14:31:00,202.183155,202.437385,202.149805,202.415685
2026-03-21 14:32:00,202.415375,202.450445,202.254065,202.447055
2026-03-21 14:33:00,202.434785,202.435705,202.233695,202.251225
2026-03-21 14:34:00,202.249575,202.284825,201.953965,202.072025
2026-03-21 14:35:00,202.054575,202.143515,201.961195,202.014805
2026-03-21 14:36:00,202.010575,202.185565,201.958405,201.980765
2026-03-21 14:37:00,201.984305,202.124195,201.891685,201.891685
2026-03-21 14:38:00,201.894755,202.047955,201.892445,201.993255
2026-03-21 14:39:00,201.992885,202.226345,201.991875,202.051245
2026-03-21 14:40:00,202.051795,202.130785,201.840065,201.856415
2026-03-21 14:41:00,201.858855,201.911035,201.718665,201.728605
2026-03-21 14:42:00,201.742555,201.801975,201.631525,201.677975
2026-03-21 14:43:00,201.673865,201.674775,201.492365,201.549155
2026-03-21 14:44:00,201.551495,201.617985,201.474805,201.574985
2026-03-21 14:45:00,201.599075,201.738545,201.543075,201.681425
2026-03-21 14:46:00,201.689455,201.789775,201.504485,201.589345
2026-03-21 14:47:00,201.580035,201.623505,201.427445,201.557965
2026-03-21 14:48:00,201.555455,201.582385,201.405745,201.582385
2026-03-21 14:49:00,201.561955,201.568445,201.356495,201.379525
2026-03-21 14:50:00,201.377905,201.404405,201.228685,201.339065
2026-03-21 14:51:00,201.321925,201.455225,201.246185,201.277355
2026-03-21 14:52:00,201.272435,201.305985,201.151385,201.151385
2026-03-21 14:53:00,201.153575,201.418455,201.151855,201.337085
2026-03-21 14:54:00,201.337865,201.409465,201.197665,201.217505
2026-03-21 14:55:00,201.217615,201.576745,201.066775,201.576745
2026-03-21 14:56:00,201.578165,201.680155,201.487545,201.491225
2026-03-21 14:57:00,201.488405,201.616645,201.410535,201.616645
2026-03-21 14:58:00,201.592645,201.844595,201.587005,201.790125
2026-03-21 14:59:00,201.787175,201.919395,201.757465,201.829055
2026-03-21 15:00:00,201.836235,201.942055,201.674975,201.681605
2026-03-21 15:01:00,201.696245,201.818865,201.620435,201.739015
2026-03-21 15:02:00,201.739475,201.743075,201.408865,201.596845
2026-03-21 15:03:00,201.641965,201.665155,201.356825,201.385275
2026-03-21 15:04:00,201.372285,201.374965,201.163905,201.356815
2026-03-21 15:05:00,201.359095,201.441095,201.332395,201.407365
2026-03-21 15:06:00,201.412685,201.638295,201.401085,201.450205
2026-03-21 15:07:00,201.454325,201.528195,201.339485,201.387515
2026-03-21 15:08:00,201.391065,201.391065,201.172235,201.283335
2026-03-21 15:09:00,201.282905,201.353555,201.217665,201.311295
2026-03-21 15:10:00,201.316965,201.499985,201.300845,201.386425
2026-03-21 15:11:00,201.378185,201.491635,201.314665,201.415945
2026-03-21 15:12:00,201.414175,201.609165,201.314965,201.608735
2026-03-21 15:13:00,201.593845,201.704305,201.477415,201.491655
2026-03-21 15:14:00,201.511655,201.807975,201.508325,201.663285
2026-03-21 15:15:00,201.638595,201.716335,201.575735,201.693955
2026-03-21 15:16:00,201.696235,201.902215,201.689435,201.875845
2026-03-21 15:17:00,201.874015,202.074055,201.853115,202.071655
2026-03-21 15:18:00,202.069415,202.142095,201.997185,202.093125
2026-03-21 15:19:00,202.090015,202.207495,201.930465,202.207495
2026-03-21 15:20:00,202.210705,202.365485,202.144415,202.365485
2026-03-21 15:21:00,202.382125,202.566195,202.372345,202.551835
2026-03-21 15:22:00,202.545865,202.658635,202.444425,202.483225
2026-03-21 15:23:00,202.484705,202.627655,202.457235,202.523955
2026-03-21 15:24:00,202.536575,202.676975,202.507635,202.549035
2026-03-21 15:25:00,202.537715,202.737795,202.466365,202.582525
2026-03-21 15:26:00,202.583715,202.604185,202.304405,202.304405
2026-03-21 15:27:00,202.306375,202.329265,202.188825,202.258965
2026-03-21 15:28:00,202.254535,202.299055,202.137665,202.149815
2026-03-21 15:29:00,202.141445,202.375105,202.103445,202.355785
2026-03-21 15:30:00,202.353355,202.437725,202.260075,202.322455
2026-03-21 15:31:00,202.336505,202.372125,202.140395,202.169075
2026-03-21 15:32:00,202.188705,202.308665,202.146995,202.279975
2026-03-21 15:33:00,202.283395,202.423385,202.235705,202.364945
2026-03-21 15:34:00,202.371735,202.429065,202.201855,202.284045
2026-03-21 15:35:00,202.290325,202.342715,202.179585,202.180845
2026-03-21 15:36:00,202.183045,202.322255,202.171865,202.207725
2026-03-21 15:37:00,202.205555,202.205555,201.941305,202.050945
2026-03-21 15:38:00,202.053445,202.215385,201.989495,202.127455
2026-03-21 15:39:00,202.139475,202.285465,202.131175,202.245035
2026-03-21 15:40:00,202.249195,202.258545,202.037865,202.133705
2026-03-21 15:41:00,202.132555,202.354115,202.055895,202.247545
2026-03-21 15:42:00,202.245695,202.321265,202.191545,202.313625
2026-03-21 15:43:00,202.308845,202.308845,202.022045,202.077595
2026-03-21 15:44:00,202.094785,202.094785,201.870905,201.991825
2026-03-21 15:45:00,201.984655,202.188975,201.976915,202.131215
2026-03-21 15:46:00,202.110105,202.296645,201.904325,202.280265
2026-03-21 15:47:00,202.302265,202.402885,202.221395,202.381285
2026-03-21 15:48:00,202.383255,202.575745,202.357755,202.573605
2026-03-21 15:49:00,202.572685,202.601805,202.455935,202.553465
2026-03-21 15:50:00,202.556425,202.654845,202.540375,202.638645
2026-03-21 15:51:00,202.634755,202.642285,202.450935,202.513815
2026-03-21 15:52:00,202.516555,202.638945,202.430845,202.527355
2026-03-21 15:53:00,202.527025,202.586225,202.444575,202.494255
2026-03-21 15:54:00,202.498095,202.539215,202.386275,202.402605
2026-03-21 15:55:00,202.401835,202.495465,202.262535,202.495465
2026-03-21 15:56:00,202.484955,202.558115,202.391495,202.422295
2026-03-21 15:57:00,202.406135,202.564725,202.344925,202.519975
2026-03-21 15:58:00,202.530265,202.644895,202.482095,202.513365
2026-03-21 15:59:00,202.519595,202.573005,202.250515,202.371735
2026-03-21 16:00:00,202.370795,202.445945,202.076685,202.155035
2026-03-21 16:01:00,202.131315,202.149735,201.994675,202.010345
2026-03-21 16:02:00,202.017845,202.073795,201.725735,201.727985
2026-03-21 16:03:00,201.745445,201.872585,201.646715,201.647085
2026-03-21 16:04:00,201.646265,201.815255,201.598675,201.791445
2026-03-21 16:05:00,201.779905,201.860125,201.703285,201.801595
2026-03-21 16:06:00,201.791825,201.879545,201.565915,201.640205
2026-03-21 16:07:00,201.641565,201.675435,201.536205,201.539105
2026-03-21 16:08:00,201.545085,201.651735,201.454755,201.547665
2026-03-21 16:09:00,201.530585,201.668585,201.499345,201.537135
2026-03-21 16:10:00,201.539455,201.876595,201.415265,201.858975
2026-03-21 16:11:00,201.859425,202.139515,201.859255,202.139515
2026-03-21 16:12:00,202.155695,202.301855,202.099825,202.291525
2026-03-21 16:13:00,202.295395,202.418715,202.287065,202.410265
2026-03-21 16:14:00,202.407875,202.482515,202.337625,202.441945
2026-03-21 16:15:00,202.442115,202.538035,202.375395,202.403215
2026-03-21 16:16:00,202.406465,202.416235,202.162115,202.333025
2026-03-21 16:17:00,202.329445,202.494845,202.310375,202.459705
2026-03-21 16:18:00,202.456735,202.593155,202.412195,202.491135
2026-03-21 16:19:00,202.488465,202.751425,202.475275,202.657645
2026-03-21 16:20:00,202.660245,203.073155,202.660245,203.067355
2026-03-21 16:21:00,203.071235,203.150965,202.928955,203.021805
2026-03-21 16:22:00,203.025835,203.087935,202.677985,202.763085
2026-03-21 16:23:00,202.764865,203.124545,202.745605,203.113985
2026-03-21 16:24:00,203.112765,203.343125,203.112045,203.320195
2026-03-21 16:25:00,203.296745,203.411605,203.184035,203.411605
2026-03-21 16:26:00,203.409925,203.549595,203.359975,203.539235
2026-03-21 16:27:00,203.531045,203.557895,203.390455,203.510385
2026-03-21 16:28:00,203.510485,203.625785,203.464825,203.574255
2026-03-21 16:29:00,203.587235,203.791455,203.565915,203.768485
2026-03-21 16:30:00,203.772595,203.948415,203.738855,203.932715
2026-03-21 16:31:00,203.931245,204.055645,203.836245,204.055645
2026-03-21 16:32:00,204.058745,204.111215,203.973765,204.050305
2026-03-21 16:33:00,204.047845,204.203605,203.977845,204.195755
2026-03-21 16:34:00,204.193575,204.296285,203.941535,203.952175
2026-03-21 16:35:00,203.946715,204.057495,203.831225,204.036635
2026-03-21 16:36:00,204.038985,204.131125,203.917045,204.053235
2026-03-21 16:37:00,204.071205,204.319245,203.977925,204.262345
2026-03-21 16:38:00,204.267495,204.372145,204.114125,204.114125
2026-03-21 16:39:00,204.111455,204.162785,204.026745,204.070295
2026-03-21 16:40:00,204.066485,204.066485,203.880595,204.031325
2026-03-21 16:41:00,204.032045,204.259795,204.029925,204.040495
2026-03-21 16:42:00,204.051435,204.217115,204.039305,204.209205
2026-03-21 16:43:00,204.202685,204.361115,204.164125,204.180865
2026-03-21 16:44:00,204.171615,204.459365,204.169925,204.354485
2026-03-21 16:45:00,204.352745,204.422455,204.293865,204.384775
2026-03-21 16:46:00,204.381435,204.628245,204.363845,204.628245
2026-03-21 16:47:00,204.625955,204.809775,204.625955,204.774995
2026-03-21 16:48:00,204.807385,204.850705,204.615075,204.623615
2026-03-21 16:49:00,204.619715,204.619715,204.370385,204.486765
2026-03-21 16:50:00,204.479215,204.587455,204.425955,204.559075
2026-03-21 16:51:00,204.556765,204.650835,204.523855,204.599515
2026-03-21 16:52:00,204.605525,204.729555,204.487455,204.611365
2026-03-21 16:53:00,204.605835,204.629365,204.479995,204.622475
2026-03-21 16:54:00,204.652865,204.967565,204.650595,204.967565
2026-03-21 16:55:00,204.983675,204.987335,204.810125,204.875555
2026-03-21 16:56:00,204.881605,205.104635,204.877965,204.948565
2026-03-21 16:57:00,204.944585,204.963565,204.686055,204.760605
2026-03-21 16:58:00,204.754305,204.754305,204.544645,204.691035
2026-03-21 16:59:00,204.696345,204.808805,204.581235,204.763125
2026-03-21 17:00:00,204.756565,204.902315,204.590825,204.902315
2026-03-21 17:01:00,204.905535,205.002365,204.800815,204.893285
2026-03-21 17:02:00,204.905305,205.067935,204.864105,204.954915
2026-03-21 17:03:00,204.953385,205.146475,204.915795,204.984125
2026-03-21 17:04:00,204.973465,205.029525,204.791115,205.015675
2026-03-21 17:05:00,205.013655,205.160565,204.878425,205.015685
2026-03-21 17:06:00,205.017195,205.263285,205.017195,205.188035
2026-03-21 17:07:00,205.169745,205.183975,204.893595,204.893595
2026-03-21 17:08:00,204.897015,205.108745,204.861615,204.901175
2026-03-21 17:09:00,204.898805,205.150385,204.807805,204.808315
2026-03-21 17:10:00,204.810045,204.823295,204.552785,204.552785
2026-03-21 17:11:00,204.553775,204.659205,204.380615,204.578795
2026-03-21 17:12:00,204.596545,204.611405,204.414165,204.499705
2026-03-21 17:13:00,204.512515,204.610945,204.448045,204.548835
2026-03-21 17:14:00,204.543955,204.728365,204.543955,204.612015
2026-03-21 17:15:00,204.607385,204.725855,204.423815,204.451095
2026-03-21 17:16:00,204.451465,204.534205,204.224765,204.294975
2026-03-21 17:17:00,204.296165,204.517505,204.295265,204.423965
2026-03-21 17:18:00,204.419525,204.480295,204.291275,204.304545
2026-03-21 17:19:00,204.293465,204.634785,204.271295,204.582735
2026-03-21 17:20:00,204.578385,204.778385,204.518855,204.690145
2026-03-21 17:21:00,204.685845,204.714385,204.435025,204.625325
2026-03-21 17:22:00,204.625595,204.635915,204.371195,204.394625
2026-03-21 17:23:00,204.391295,204.523735,204.194865,204.456855
2026-03-21 17:24:00,204.460845,204.655735,204.444075,204.573575
2026-03-21 17:25:00,204.570605,204.611905,204.405625,204.496835
2026-03-21 17:26:00,204.488225,204.634125,204.434095,204.434485
2026-03-21 17:27:00,204.437315,204.566805,204.414385,204.539555
2026-03-21 17:28:00,204.551815,204.565535,204.253395,204.284455
2026-03-21 17:29:00,204.275415,204.319885,204.209195,204.255095
2026-03-21 17:30:00,204.252435,204.263965,204.014605,204.189185
2026-03-21 17:31:00,204.187075,204.436565,204.172775,204.312585
2026-03-21 17:32:00,204.317015,204.429605,204.241665,204.377865
2026-03-21 17:33:00,204.361505,204.512175,204.321185,204.423565
2026-03-21 17:34:00,204.435785,204.641645,204.353875,204.440845
2026-03-21 17:35:00,204.441465,204.682945,204.435495,204.539715
2026-03-21 17:36:00,204.532765,204.791415,204.518965,204.687205
2026-03-21 17:37:00,204.663615,204.774355,204.610015,204.695355
2026-03-21 17:38:00,204.685845,204.693355,204.443785,204.443785
2026-03-21 17:39:00,204.446235,204.458605,204.181855,204.246785
2026-03-21 17:40:00,204.240595,204.332445,204.047005,204.284975
2026-03-21 17:41:00,204.282685,204.345535,204.225255,204.226315
2026-03-21 17:42:00,204.230435,204.258115,203.994935,204.086735
2026-03-21 17:43:00,204.087635,204.362615,204.031995,204.333785
2026-03-21 17:44:00,204.323755,204.392705,204.210015,204.310515
2026-03-21 17:45:00,204.307615,204.340045,204.213725,204.272725
2026-03-21 17:46:00,204.275285,204.610275,204.221565,204.521415
2026-03-21 17:47:00,204.526115,204.526115,204.304875,204.518225
2026-03-21 17:48:00,204.515505,204.586845,204.424355,204.447865
2026-03-21 17:49:00,204.449435,204.497795,204.384175,204.386875
2026-03-21 17:50:00,204.383615,204.563845,204.315775,204.525165
2026-03-21 17:51:00,204.541575,204.550865,204.355185,204.525365
2026-03-21 17:52:00,204.527835,204.812585,204.526715,204.688565
2026-03-21 17:53:00,204.692365,204.992675,204.641895,204.931115
2026-03-21 17:54:00,204.901525,204.912175,204.706045,204.911145
2026-03-21 17:55:00,204.911765,204.918705,204.692515,204.719535
2026-03-21 17:56:00,204.715875,205.048415,204.715875,205.024515
2026-03-21 17:57:00,205.035915,205.407855,204.953215,205.407115
2026-03-21 17:58:00,205.402915,205.722705,205.389505,205.687665
2026-03-21 17:59:00,205.685005,205.867865,205.685005,205.848195
2026-03-21 18:00:00,205.850265,205.910935,205.615395,205.650495
2026-03-21 18:01:00,205.667785,205.673455,205.455045,205.581955
2026-03-21 18:02:00,205.579165,205.579165,205.378315,205.488055
2026-03-21 18:03:00,205.491365,205.643865,205.390585,205.615315
2026-03-21 18:04:00,205.618135,205.659795,205.456675,205.621185
2026-03-21 18:05:00,205.608105,205.685905,205.536985,205.561555
2026-03-21 18:06:00,205.560615,205.590095,205.464225,205.588575
2026-03-21 18:07:00,205.595215,205.999805,205.591745,205.995875
2026-03-21 18:08:00,205.994575,206.209205,205.978025,206.191845
2026-03-21 18:09:00,206.203635,206.401235,206.180785,206.200205
2026-03-21 18:10:00,206.199545,206.341935,206.061775,206.330735
2026-03-21 18:11:00,206.334515,206.577055,206.241125,206.577055
2026-03-21 18:12:00,206.601435,206.753595,206.416885,206.440025
2026-03-21 18:13:00,206.437305,206.489785,206.336795,206.415285
2026-03-21 18:14:00,206.405865,206.422325,206.153375,206.153675
2026-03-21 18:15:00,206.150835,206.156975,206.023695,206.125775
2026-03-21 18:16:00,206.123205,206.180575,206.039925,206.087085
2026-03-21 18:17:00,206.081265,206.240605,206.045185,206.227035
2026-03-21 18:18:00,206.201185,206.256545,206.100555,206.251875
2026-03-21 18:19:00,206.255635,206.284885,205.971155,205.990665
2026-03-21 18:20:00,205.981655,206.052475,205.863875,205.881355
2026-03-21 18:21:00,205.883545,206.039835,205.848315,205.886945
2026-03-21 18:22:00,205.894675,206.100095,205.809675,206.076515
2026-03-21 18:23:00,206.080815,206.317355,206.011805,206.304445
2026-03-21 18:24:00,206.299815,206.450865,206.205865,206.441945
2026-03-21 18:25:00,206.443635,206.633645,206.390185,206.613755
2026-03-21 18:26:00,206.609425,206.609425,206.228955,206.389765
2026-03-21 18:27:00,206.386935,206.463005,206.282785,206.312155
2026-03-21 18:28:00,206.314385,206.624615,206.290635,206.613125
2026-03-21 18:29:00,206.647255,206.904085,206.603735,206.891015
2026-03-21 18:30:00,206.887665,206.983755,206.767115,206.971815
2026-03-21 18:31:00,206.967745,206.976895,206.669845,206.685675
2026-03-21 18:32:00,206.685255,206.707325,206.395655,206.412385
2026-03-21 18:33:00,206.421095,206.451625,206.285035,206.309075
2026-03-21 18:34:00,206.307405,206.405225,206.188625,206.396625
2026-03-21 18:35:00,206.406935,206.867715,206.406935,206.848825
2026-03-21 18:36:00,206.847575,206.993015,206.802965,206.929515
2026-03-21 18:37:00,206.925345,207.021055,206.746605,206.752105
2026-03-21 18:38:00,206.753555,207.027705,206.746045,206.989825
2026-03-21 18:39:00,206.988545,207.187235,206.945865,207.056555
2026-03-21 18:40:00,207.058225,207.058225,206.620685,206.748675
2026-03-21 18:41:00,206.767065,206.855725,206.718255,206.778085
2026-03-21 18:42:00,206.774855,206.863505,206.458425,206.526375
2026-03-21 18:43:00,206.514615,206.654275,206.513705,206.607495
2026-03-21 18:44:00,206.601205,206.709965,206.536645,206.697845
2026-03-21 18:45:00,206.694965,206.819765,206.641995,206.718805
2026-03-21 18:46:00,206.715045,206.795565,206.565225,206.795565
2026-03-21 18:47:00,206.791095,206.845245,206.615185,206.798835
2026-03-21 18:48:00,206.797515,206.800125,206.570905,206.627395
2026-03-21 18:49:00,206.628565,206.758685,206.484785,206.519175
2026-03-21 18:50:00,206.518725,206.724375,206.507875,206.692465
2026-03-21 18:51:00,206.710235,206.818935,206.545055,206.545055
2026-03-21 18:52:00,206.550295,206.632955,206.349015,206.381625
2026-03-21 18:53:00,206.378795,206.433525,206.274265,206.303015
2026-03-21 18:54:00,206.299915,206.713605,206.288755,206.713605
2026-03-21 18:55:00,206.712655,206.787885,206.599635,206.678645
2026-03-21 18:56:00,206.677065,206.968895,206.668405,206.968895
2026-03-21 18:57:00,206.967575,207.097805,206.958615,207.097535
2026-03-21 18:58:00,207.096345,207.445125,207.085335,207.438445
2026-03-21 18:59:00,207.445335,207.581175,207.417365,207.578945
2026-03-21 19:00:00,207.575355,207.708025,207.386995,207.386995
2026-03-21 19:01:00,207.389565,207.423755,207.179975,207.278075
2026-03-21 19:02:00,207.274145,207.656625,207.274145,207.656625
2026-03-21 19:03:00,207.643115,207.729325,207.597175,207.699435
2026-03-21 19:04:00,207.713275,207.839115,207.660465,207.767135
2026-03-21 19:05:00,207.769315,208.010165,207.729555,207.984075
2026-03-21 19:06:00,207.985405,207.998985,207.645155,207.711785
2026-03-21 19:07:00,207.720365,207.747665,207.529785,207.533205
2026-03-21 19:08:00,207.537565,207.697725,207.488935,207.603715
2026-03-21 19:09:00,207.601375,207.765795,207.528925,207.600185
2026-03-21 19:10:00,207.593545,207.795275,207.583035,207.788125
2026-03-21 19:11:00,207.791605,207.862275,207.617335,207.838815
2026-03-21 19:12:00,207.836325,208.015005,207.819885,207.871255
2026-03-21 19:13:00,207.871885,207.917915,207.604995,207.637595
2026-03-21 19:14:00,207.636555,207.820745,207.629075,207.632345
2026-03-21 19:15:00,207.628685,207.737545,207.548145,207.663565
2026-03-21 19:16:00,207.665575,207.702025,207.425025,207.702025
2026-03-21 19:17:00,207.702365,207.806475,207.460495,207.531695
2026-03-21 19:18:00,207.530255,207.535945,207.021445,207.221465
2026-03-21 19:19:00,207.209625,207.254955,207.074975,207.254955
2026-03-21 19:20:00,207.253295,207.425995,207.247085,207.425995
2026-03-21 19:21:00,207.425785,207.534425,207.336665,207.533175
2026-03-21 19:22:00,207.537975,207.785665,207.531395,207.706505
2026-03-21 19:23:00,207.706975,207.745045,207.421185,207.589025
2026-03-21 19:24:00,207.592995,207.743025,207.592995,207.665025
2026-03-21 19:25:00,207.686095,207.767785,207.406205,207.431635
2026-03-21 19:26:00,207.429955,207.442625,207.072505,207.072995
2026-03-21 19:27:00,207.075665,207.179955,206.991985,207.102165
2026-03-21 19:28:00,207.096275,207.107025,206.922355,207.064825
2026-03-21 19:29:00,207.089965,207.148935,207.038975,207.086955
2026-03-21 19:30:00,207.089655,207.139825,206.882175,206.915565
2026-03-21 19:31:00,206.897705,207.218685,206.891385,207.092225
2026-03-21 19:32:00,207.056825,207.186595,207.024345,207.136025
2026-03-21 19:33:00,207.134765,207.134805,206.951455,207.095165
2026-03-21 19:34:00,207.093505,207.253555,207.025825,207.214865
2026-03-21 19:35:00,207.212535,207.326535,207.011785,207.019745
2026-03-21 19:36:00,207.014545,207.116595,206.887715,206.990865
2026-03-21 19:37:00,206.988215,207.076395,206.932805,207.043895
2026-03-21 19:38:00,207.045745,207.162475,206.837095,206.870285
2026-03-21 19:39:00,206.873365,207.009395,206.825225,206.878675
2026-03-21 19:40:00,206.899875,206.913825,206.623425,206.623425
2026-03-21 19:41:00,206.615645,206.679195,206.374665,206.385605
2026-03-21 19:42:00,206.385145,206.533505,206.345785,206.393915
2026-03-21 19:43:00,206.387475,206.576455,206.338865,206.548765
2026-03-21 19:44:00,206.551925,206.745115,206.505245,206.655545
2026-03-21 19:45:00,206.654815,206.901435,206.560115,206.861505
2026-03-21 19:46:00,206.826975,206.830355,206.586865,206.655395
2026-03-21 19:47:00,206.651895,206.704875,206.430055,206.440495
2026-03-21 19:48:00,206.445185,206.923285,206.409975,206.803185
2026-03-21 19:49:00,206.816205,206.818975,206.607225,206.659875
2026-03-21 19:50:00,206.660135,206.825345,206.512535,206.520655
2026-03-21 19:51:00,206.519345,206.572825,206.381315,206.515085
2026-03-21 19:52:00,206.511695,206.582605,206.256865,206.311455
2026-03-21 19:53:00,206.321945,206.573055,206.297225,206.570575
2026-03-21 19:54:00,206.573425,206.574955,206.370355,206.447235
2026-03-21 19:55:00,206.430945,206.541775,206.340005,206.541775
2026-03-21 19:56:00,206.540335,206.883675,206.540335,206.882215
2026-03-21 19:57:00,206.869985,206.986025,206.629535,206.629535
2026-03-21 19:58:00,206.626285,206.634775,206.200195,206.200655
2026-03-21 19:59:00,206.199365,206.440645,206.184475,206.399245
2026-03-21 20:00:00,206.396805,206.537505,206.348005,206.378275
2026-03-21 20:01:00,206.375805,206.607415,206.322305,206.549575
2026-03-21 20:02:00,206.552035,206.604585,206.276965,206.319705
2026-03-21 20:03:00,206.314725,206.443655,206.228315,206.443655
2026-03-21 20:04:00,206.437755,206.468345,206.167365,206.273155
2026-03-21 20:05:00,206.276705,206.434245,206.258845,206.284135
2026-03-21 20:06:00,206.287335,206.532875,206.282035,206.480765
2026-03-21 20:07:00,206.492125,206.505575,206.185305,206.328245
2026-03-21 20:08:00,206.337285,206.356435,206.152515,206.173325
2026-03-21 20:09:00,206.174725,206.218975,205.968505,205.968505
2026-03-21 20:10:00,205.970915,206.071035,205.879255,206.002545
2026-03-21 20:11:00,206.010365,206.034105,205.754755,205.794465
2026-03-21 20:12:00,205.795235,205.938215,205.691505,205.710435
2026-03-21 20:13:00,205.711565,205.786065,205.631615,205.735745
2026-03-21 20:14:00,205.735935,205.910935,205.661125,205.797695
2026-03-21 20:15:00,205.804315,205.860355,205.624705,205.670285
2026-03-21 20:16:00,205.667355,205.667355,205.525175,205.654255
2026-03-21 20:17:00,205.655765,205.717875,205.507235,205.664175
2026-03-21 20:18:00,205.655995,205.725515,205.558455,205.650395
2026-03-21 20:19:00,205.648465,205.679575,205.411925,205.471185
2026-03-21 20:20:00,205.468085,205.687635,205.332745,205.602435
2026-03-21 20:21:00,205.598195,205.639355,205.479545,205.529195
2026-03-21 20:22:00,205.524745,205.569205,205.379525,205.509155
2026-03-21 20:23:00,205.506475,205.628795,205.453845,205.521645
2026-03-21 20:24:00,205.522055,205.727655,205.425555,205.657585
2026-03-21 20:25:00,205.670615,205.867575,205.563185,205.578585
2026-03-21 20:26:00,205.580955,205.656895,205.461865,205.535625
2026-03-21 20:27:00,205.560145,205.770625,205.560145,205.734385
2026-03-21 20:28:00,205.730995,205.828695,205.617545,205.746325
2026-03-21 20:29:00,205.754345,205.772715,205.578615,205.626455
2026-03-21 20:30:00,205.627065,205.773825,205.518955,205.566465
2026-03-21 20:31:00,205.539655,205.638475,205.439595,205.598345
2026-03-21 20:32:00,205.596975,205.765945,205.594805,205.651225
2026-03-21 20:33:00,205.650355,205.662595,205.339245,205.351185
2026-03-21 20:34:00,205.351165,205.396005,205.130995,205.267315
2026-03-21 20:35:00,205.271065,205.308165,205.046285,205.052515
2026-03-21 20:36:00,205.050695,205.407865,204.910885,205.297245
2026-03-21 20:37:00,205.295825,205.401225,205.200725,205.354065
2026-03-21 20:38:00,205.355125,205.605025,205.343495,205.474915
2026-03-21 20:39:00,205.478285,205.498875,205.202675,205.223055
2026-03-21 20:40:00,205.213655,205.442555,205.210565,205.313975
2026-03-21 20:41:00,205.322365,205.345745,205.216275,205.232505
2026-03-21 20:42:00,205.234305,205.238245,204.832985,204.861485
2026-03-21 20:43:00,204.862585,204.887655,204.527455,204.602405
2026-03-21 20:44:00,204.581275,204.934455,204.544785,204.872445
2026-03-21 20:45:00,204.875485,205.085755,204.826695,205.012215
2026-03-21 20:46:00,205.005175,205.011575,204.782355,204.838935
2026-03-21 20:47:00,204.839485,204.913845,204.566335,204.679375
2026-03-21 20:48:00,204.680505,204.885095,204.569075,204.829265
2026-03-21 20:49:00,204.836005,204.977925,204.724615,204.881195
2026-03-21 20:50:00,204.886115,204.933595,204.612845,204.680585
2026-03-21 20:51:00,204.681535,204.860595,204.577635,204.766675
2026-03-21 20:52:00,204.769775,204.823815,204.580375,204.697575
2026-03-21 20:53:00,204.710575,204.750455,204.522425,204.594975
2026-03-21 20:54:00,204.591555,204.723225,204.475345,204.615055
2026-03-21 20:55:00,204.611435,204.678075,204.550405,204.674425
2026-03-21 20:56:00,204.676335,204.915815,204.650805,204.852025
2026-03-21 20:57:00,204.849365,204.923095,204.693375,204.793875
2026-03-21 20:58:00,204.791625,204.992875,204.774875,204.867045
2026-03-21 20:59:00,204.870095,204.998575,204.797245,204.885565
2026-03-21 21:00:00,204.852375,204.985915,204.735605,204.976795
2026-03-21 21:01:00,204.959825,205.171215,204.868915,204.985565
2026-03-21 21:02:00,204.985615,204.986875,204.703575,204.770005
2026-03-21 21:03:00,204.777505,204.777505,204.495005,204.519175
2026-03-21 21:04:00,204.502095,204.534705,204.047885,204.069725
2026-03-21 21:05:00,204.056775,204.060795,203.756875,203.857465
2026-03-21 21:06:00,203.858925,204.234715,203.761345,204.227085
2026-03-21 21:07:00,204.223565,204.294085,204.126255,204.235815
2026-03-21 21:08:00,204.232315,204.314155,204.068485,204.124355
2026-03-21 21:09:00,204.150655,204.235055,204.077335,204.194915
2026-03-21 21:10:00,204.186525,204.313495,204.114725,204.250885
2026-03-21 21:11:00,204.248375,204.382175,204.248375,204.361685
2026-03-21 21:12:00,204.368745,204.577755,204.368745,204.513615
2026-03-21 21:13:00,204.516315,204.801745,204.509195,204.754765
2026-03-21 21:14:00,204.756845,204.871175,204.738275,204.776175
2026-03-21 21:15:00,204.778015,204.781445,204.536895,204.562925
2026-03-21 21:16:00,204.559135,204.572605,204.390605,204.547915
2026-03-21 21:17:00,204.551755,204.628595,204.368325,204.527425
2026-03-21 21:18:00,204.533045,204.644435,204.495505,204.615105
2026-03-21 21:19:00,204.614395,204.800185,204.584935,204.733835
2026-03-21 21:20:00,204.740835,204.870315,204.702365,204.828575
2026-03-21 21:21:00,204.847275,204.986845,204.844195,204.858085
2026-03-21 21:22:00,204.856785,204.948275,204.838275,204.854715
2026-03-21 21:23:00,204.859065,204.936885,204.709245,204.709245
2026-03-21 21:24:00,204.652685,204.756225,204.563705,204.756225
2026-03-21 21:25:00,204.759505,204.896345,204.695355,204.695355
2026-03-21 21:26:00,204.678885,204.797375,204.483745,204.680955
2026-03-21 21:27:00,204.670465,204.904115,204.618685,204.886385
2026-03-21 21:28:00,204.895965,205.052515,204.843435,204.845915
2026-03-21 21:29:00,204.851805,204.962715,204.822235,204.866255
2026-03-21 21:30:00,204.868665,205.023805,204.837595,204.954405
2026-03-21 21:31:00,204.954925,204.956185,204.788795,204.892845
2026-03-21 21:32:00,204.903105,205.013395,204.882225,204.939625
2026-03-21 21:33:00,204.942025,204.999365,204.894335,204.944345
2026-03-21 21:34:00,204.942025,204.942025,204.753985,204.768505
2026-03-21 21:35:00,204.796135,204.929775,204.747075,204.925735
2026-03-21 21:36:00,204.922105,204.984585,204.682335,204.705315
2026-03-21 21:37:00,204.713205,204.713205,204.540185,204.591375
2026-03-21 21:38:00,204.587585,204.587585,204.392435,204.458955
2026-03-21 21:39:00,204.448285,204.479825,204.227595,204.403565
2026-03-21 21:40:00,204.407015,204.415135,204.233805,204.300325
2026-03-21 21:41:00,204.299295,204.397315,204.120055,204.139125
2026-03-21 21:42:00,204.111025,204.255055,204.047035,204.057395
2026-03-21 21:43:00,204.058275,204.144285,203.873825,203.886865
2026-03-21 21:44:00,203.888095,204.241395,203.887815,204.241395
2026-03-21 21:45:00,204.232765,204.240185,203.978735,204.142265
2026-03-21 21:46:00,204.149855,204.284825,204.066435,204.179815
2026-03-21 21:47:00,204.179725,204.231365,204.090315,204.158075
2026-03-21 21:48:00,204.159025,204.291375,204.080695,204.201085
2026-03-21 21:49:00,204.179225,204.338785,204.177275,204.311795
2026-03-21 21:50:00,204.313775,204.437775,204.240795,204.240845
2026-03-21 21:51:00,204.242015,204.274125,204.039565,204.039565
2026-03-21 21:52:00,204.036845,204.117205,203.937445,204.109995
2026-03-21 21:53:00,204.110915,204.210215,203.996215,204.176375
2026-03-21 21:54:00,204.205975,204.281805,204.066705,204.144815
2026-03-21 21:55:00,204.138105,204.208545,203.960955,203.983905
2026-03-21 21:56:00,203.972885,204.083955,203.951885,204.070325
2026-03-21 21:57:00,204.085055,204.330435,203.951285,204.330435
2026-03-21 21:58:00,204.328235,204.742075,204.328235,204.601155
2026-03-21 21:59:00,204.619115,204.703275,204.463065,204.568955
2026-03-21 22:00:00,204.566585,204.586965,204.354195,204.483435
2026-03-21 22:01:00,204.474475,204.598905,204.426635,204.503995
2026-03-21 22:02:00,204.501455,204.594175,204.342045,204.361715
2026-03-21 22:03:00,204.365745,204.417115,204.245375,204.314325
2026-03-21 22:04:00,204.318595,204.405495,204.249475,204.338835
2026-03-21 22:05:00,204.338565,204.516345,204.332495,204.370345
2026-03-21 22:06:00,204.372965,204.419235,204.309615,204.390445
2026-03-21 22:07:00,204.402975,204.468465,204.298715,204.429175
2026-03-21 22:08:00,204.425485,204.620265,204.309815,204.578275
2026-03-21 22:09:00,204.587315,204.641255,204.419265,204.537405
2026-03-21 22:10:00,204.527195,204.557245,204.354015,204.447205
2026-03-21 22:11:00,204.461795,204.511245,204.357175,204.438325
2026-03-21 22:12:00,204.435595,204.605285,204.333575,204.605285
2026-03-21 22:13:00,204.601795,204.771705,204.428615,204.468475
2026-03-21 22:14:00,204.477045,204.494855,204.373075,204.386445
2026-03-21 22:15:00,204.390665,204.476095,204.303895,204.394195
2026-03-21 22:16:00,204.392805,204.392805,204.188675,204.297005
2026-03-21 22:17:00,204.289065,204.353425,204.154685,204.219485
2026-03-21 22:18:00,204.215455,204.375895,204.182535,204.353935
2026-03-21 22:19:00,204.363855,204.428055,204.179715,204.245675
2026-03-21 22:20:00,204.256745,204.313755,204.111605,204.124545
2026-03-21 22:21:00,204.121895,204.340725,203.973385,204.338405
2026-03-21 22:22:00,204.324595,204.497925,204.296655,204.450245
2026-03-21 22:23:00,204.451705,204.516075,204.340175,204.453265
2026-03-21 22:24:00,204.451385,204.673645,204.301635,204.666295
2026-03-21 22:25:00,204.663945,204.700195,204.300995,204.304275
2026-03-21 22:26:00,204.306865,204.376255,204.236805,204.292665
2026-03-21 22:27:00,204.291495,204.513075,204.270895,204.465155
2026-03-21 22:28:00,204.468395,204.526735,204.284055,204.356025
2026-03-21 22:29:00,204.359275,204.450035,204.217305,204.249505
2026-03-21 22:30:00,204.248735,204.266385,204.000165,204.002235
2026-03-21 22:31:00,203.998145,204.064935,203.894385,203.894385
2026-03-21 22:32:00,203.919615,204.005135,203.817765,203.990245
2026-03-21 22:33:00,203.993725,204.166375,203.991885,204.161525
2026-03-21 22:34:00,204.147105,204.226895,204.008035,204.025295
2026-03-21 22:35:00,204.026165,204.026165,203.774945,203.910215
2026-03-21 22:36:00,203.907225,204.185745,203.773715,204.145395
2026-03-21 22:37:00,204.147575,204.216055,203.948495,203.969625
2026-03-21 22:38:00,203.972955,204.006265,203.781775,203.856245
2026-03-21 22:39:00,203.857745,204.017285,203.837855,203.878415
2026-03-21 22:40:00,203.881585,203.942965,203.760955,203.799755
2026-03-21 22:41:00,203.805265,203.880575,203.734475,203.737845
2026-03-21 22:42:00,203.740945,203.929915,203.607955,203.921785
2026-03-21 22:43:00,203.914275,204.023055,203.818265,203.933455
2026-03-21 22:44:00,203.931615,203.957175,203.818765,203.921765
2026-03-21 22:45:00,203.922175,203.925965,203.500805,203.536315
2026-03-21 22:46:00,203.518365,203.677775,203.482635,203.621885
2026-03-21 22:47:00,203.625565,203.687125,203.470455,203.649975
2026-03-21 22:48:00,203.649545,203.850885,203.649545,203.694235
2026-03-21 22:49:00,203.676685,203.774395,203.573235,203.619995
2026-03-21 22:50:00,203.636335,203.680385,203.551205,203.652365
2026-03-21 22:51:00,203.649175,203.874805,203.649175,203.872775
2026-03-21 22:52:00,203.873025,203.893575,203.635835,203.780405
2026-03-21 22:53:00,203.781145,204.208005,203.779965,204.207835
2026-03-21 22:54:00,204.232155,204.336775,204.090985,204.277105
2026-03-21 22:55:00,204.292385,204.341485,204.053025,204.065565
2026-03-21 22:56:00,204.067685,204.086195,203.765445,203.800265
2026-03-21 22:57:00,203.807805,203.808525,203.411265,203.420155
2026-03-21 22:58:00,203.416775,203.763085,203.416775,203.763085
2026-03-21 22:59:00,203.759955,203.864635,203.668225,203.706985
2026-03-21 23:00:00,203.704015,203.749985,203.592955,203.619765
2026-03-21 23:01:00,203.617115,203.662025,203.434315,203.456825
2026-03-21 23:02:00,203.453855,203.518015,203.399445,203.515085
2026-03-21 23:03:00,203.511295,203.565075,203.364065,203.531385
2026-03-21 23:04:00,203.533165,203.674275,203.497615,203.633845
2026-03-21 23:05:00,203.645985,203.677935,203.401595,203.409765
2026-03-21 23:06:00,203.443875,203.564935,203.412635,203.459435
2026-03-21 23:07:00,203.437735,203.674215,203.437735,203.529695
2026-03-21 23:08:00,203.529245,203.592865,203.310045,203.408455
2026-03-21 23:09:00,203.413785,203.524275,203.339955,203.350185
2026-03-21 23:10:00,203.353755,203.353755,203.013105,203.013105
2026-03-21 23:11:00,203.009015,203.251405,202.898525,203.118195
2026-03-21 23:12:00,203.112295,203.265075,203.095285,203.153615
2026-03-21 23:13:00,203.119135,203.321585,203.119135,203.284425
2026-03-21 23:14:00,203.269005,203.343065,203.197865,203.259755
2026-03-21 23:15:00,203.263945,203.498905,203.197845,203.326715
2026-03-21 23:16:00,203.341425,203.344505,203.097695,203.162585
2026-03-21 23:17:00,203.148275,203.241485,203.071335,203.176695
2026-03-21 23:18:00,203.185325,203.213405,203.099925,203.156865
2026-03-21 23:19:00,203.155785,203.177375,202.982645,203.042085
2026-03-21 23:20:00,203.039895,203.239075,203.039895,203.116585
2026-03-21 23:21:00,203.114615,203.288635,203.114615,203.274605
2026-03-21 23:22:00,203.277085,203.524785,203.259565,203.447795
2026-03-21 23:23:00,203.441895,203.478365,203.312525,203.334085
2026-03-21 23:24:00,203.330995,203.459145,203.232885,203.420125
2026-03-21 23:25:00,203.419525,203.855665,203.419525,203.804815
2026-03-21 23:26:00,203.801415,203.947655,203.727275,203.744275
2026-03-21 23:27:00,203.722125,203.774505,203.424225,203.428905
2026-03-21 23:28:00,203.430235,203.488025,203.179305,203.188135
2026-03-21 23:29:00,203.185735,203.357845,203.033525,203.268925
2026-03-21 23:30:00,203.288565,203.331255,203.110415,203.303795
2026-03-21 23:31:00,203.292265,203.370645,203.155485,203.365215
2026-03-21 23:32:00,203.386105,203.526835,203.339395,203.451295
2026-03-21 23:33:00,203.452885,203.730155,203.452885,203.672985
2026-03-21 23:34:00,203.702835,203.751155,203.535035,203.620555
2026-03-21 23:35:00,203.612435,203.658305,203.419345,203.492295
2026-03-21 23:36:00,203.505345,203.704025,203.504535,203.629445
2026-03-21 23:37:00,203.618695,203.828965,203.610575,203.817545
2026-03-21 23:38:00,203.802935,204.171065,203.771135,203.954015
2026-03-21 23:39:00,203.933295,204.166535,203.894525,204.142815
2026-03-21 23:40:00,204.143155,204.219455,204.080435,204.176195
2026-03-21 23:41:00,204.156805,204.192395,203.887155,203.887975
2026-03-21 23:42:00,203.890025,203.988975,203.757515,203.822205
2026-03-21 23:43:00,203.825675,203.955605,203.773905,203.912305
2026-03-21 23:44:00,203.911445,204.134615,203.911445,204.066055
2026-03-21 23:45:00,204.035365,204.208335,203.966685,204.201375
2026-03-21 23:46:00,204.203955,204.356635,204.203955,204.255465
2026-03-21 23:47:00,204.257655,204.289335,204.081985,204.141005
2026-03-21 23:48:00,204.128035,204.293055,204.039865,204.265955
2026-03-21 23:49:00,204.256135,204.430985,204.147415,204.157355
2026-03-21 23:50:00,204.158555,204.338625,204.130925,204.321625
2026-03-21 23:51:00,204.339565,204.353475,204.087445,204.165765
2026-03-21 23:52:00,204.158785,204.250995,204.027725,204.077595
2026-03-21 23:53:00,204.080395,204.121825,203.893435,203.940725
2026-03-21 23:54:00,203.938885,204.056955,203.863235,203.999765
2026-03-21 23:55:00,204.016795,204.341255,203.974445,204.329195
2026-03-21 23:56:00,204.336765,204.383775,204.180795,204.333255
2026-03-21 23:57:00,204.331915,204.424845,204.006115,204.054455
2026-03-21 23:58:00,204.093655,204.206725,204.007035,204.085015
2026-03-21 23:59:00,204.077575,204.085635,203.787885,203.896505
2026-03-22 00:00:00,203.871765,203.881845,203.586485,203.701965
2026-03-22 00:01:00,203.700135,204.017655,203.691265,203.942945
2026-03-22 00:02:00,203.937225,204.022715,203.874815,203.997765
2026-03-22 00:03:00,203.995585,204.093955,203.954425,203.987275
2026-03-22 00:04:00,203.961665,204.072145,203.913605,203.914245
2026-03-22 00:05:00,203.913115,204.158535,203.872555,204.149365
2026-03-22 00:06:00,204.142785,204.160325,203.801355,203.961495
2026-03-22 00:07:00,203.971735,203.985295,203.560685,203.581785
2026-03-22 00:08:00,203.522295,203.555635,203.383835,203.393885
2026-03-22 00:09:00,203.401175,203.454665,203.318525,203.424335
2026-03-22 00:10:00,203.427055,203.682405,203.414745,203.548035
2026-03-22 00:11:00,203.546055,203.821365,203.522305,203.564695
2026-03-22 00:12:00,203.567845,203.739245,203.558665,203.679685
2026-03-22 00:13:00,203.676765,203.726345,203.623015,203.650465
2026-03-22 00:14:00,203.662855,203.885795,203.630245,203.881795
2026-03-22 00:15:00,203.882085,204.082085,203.882085,204.020885
2026-03-22 00:16:00,204.021145,204.081315,203.768715,203.768715
2026-03-22 00:17:00,203.781475,203.849485,203.659105,203.845135
2026-03-22 00:18:00,203.845345,203.845345,203.615575,203.703195
2026-03-22 00:19:00,203.694145,203.728775,203.572505,203.678735
2026-03-22 00:20:00,203.676975,203.794445,203.438605,203.450595
2026-03-22 00:21:00,203.452685,203.475465,203.161085,203.205745
2026-03-22 00:22:00,203.203725,203.332785,203.017095,203.044095
2026-03-22 00:23:00,203.034805,203.119005,202.824425,202.997115
2026-03-22 00:24:00,203.000935,203.007495,202.696055,202.699255
2026-03-22 00:25:00,202.695905,202.698695,202.443205,202.597305
2026-03-22 00:26:00,202.580205,202.880495,202.571075,202.872085
2026-03-22 00:27:00,202.870705,202.954375,202.805935,202.807495
2026-03-22 00:28:00,202.808765,203.029385,202.748265,202.966785
2026-03-22 00:29:00,202.997285,203.126055,202.838065,203.118005
2026-03-22 00:30:00,203.084405,203.084405,202.911305,203.015355
2026-03-22 00:31:00,203.028245,203.283675,203.017885,203.234425
2026-03-22 00:32:00,203.237645,203.271765,203.075485,203.235795
2026-03-22 00:33:00,203.235525,203.301695,203.123955,203.268125
2026-03-22 00:34:00,203.265865,203.304385,203.114175,203.125685
2026-03-22 00:35:00,203.118215,203.186645,202.990325,203.132145
2026-03-22 00:36:00,203.125235,203.236635,202.928505,203.220345
2026-03-22 00:37:00,203.220985,203.321355,203.080605,203.148605
2026-03-22 00:38:00,203.150775,203.175335,203.003385,203.081885
2026-03-22 00:39:00,203.096455,203.140795,202.951765,203.059855
2026-03-22 00:40:00,203.056965,203.080435,202.771095,202.803395
2026-03-22 00:41:00,202.804195,203.022865,202.779615,202.783985
2026-03-22 00:42:00,202.783845,202.960385,202.685725,202.901715
2026-03-22 00:43:00,202.908735,202.988385,202.810385,202.975545
2026-03-22 00:44:00,202.949085,203.018825,202.842195,202.986445
2026-03-22 00:45:00,202.980325,203.022345,202.892075,202.899995
2026-03-22 00:46:00,202.882035,202.886785,202.678215,202.736915
2026-03-22 00:47:00,202.735585,203.016145,202.591765,203.001955
2026-03-22 00:48:00,202.995515,203.048755,202.555335,202.555335
2026-03-22 00:49:00,202.556315,202.556315,202.392985,202.440435
2026-03-22 00:50:00,202.439885,202.595835,202.387905,202.439395
2026-03-22 00:51:00,202.462775,202.733205,202.462775,202.729015
2026-03-22 00:52:00,202.708385,202.848865,202.610555,202.623955
2026-03-22 00:53:00,202.627085,202.709315,202.438005,202.574565
2026-03-22 00:54:00,202.571965,203.003565,202.571965,202.927965
2026-03-22 00:55:00,202.946705,202.959185,202.694505,202.872585
2026-03-22 00:56:00,202.873955,203.153365,202.785205,203.127295
2026-03-22 00:57:00,203.130435,203.148445,202.960145,202.969905
2026-03-22 00:58:00,202.974855,203.072075,202.915965,203.068775
2026-03-22 00:59:00,203.081045,203.084605,202.807025,202.849325
2026-03-22 01:00:00,202.858695,202.908605,202.657935,202.666455
2026-03-22 01:01:00,202.670135,202.862345,202.663475,202.692965
2026-03-22 01:02:00,202.672235,202.827955,202.585225,202.826895
2026-03-22 01:03:00,202.817325,202.920235,202.708395,202.799605
2026-03-22 01:04:00,202.791745,202.791745,202.426045,202.426415
2026-03-22 01:05:00,202.425905,202.685585,202.410025,202.685585
2026-03-22 01:06:00,202.685725,202.709975,202.590745,202.614535
2026-03-22 01:07:00,202.615335,202.854655,202.594715,202.765445
2026-03-22 01:08:00,202.749165,202.755015,202.621165,202.711485
2026-03-22 01:09:00,202.713895,202.822725,202.617385,202.682875
2026-03-22 01:10:00,202.659005,202.869655,202.631235,202.730245
2026-03-22 01:11:00,202.743575,203.040705,202.704335,202.857835
2026-03-22 01:12:00,202.853935,202.853935,202.469655,202.536595
2026-03-22 01:13:00,202.557495,202.769765,202.557495,202.625765
2026-03-22 01:14:00,202.619885,202.619885,202.395255,202.540085
2026-03-22 01:15:00,202.541815,202.636915,202.478095,202.611615
2026-03-22 01:16:00,202.609985,202.690845,202.516825,202.517115
2026-03-22 01:17:00,202.518865,202.820495,202.480705,202.752215
2026-03-22 01:18:00,202.749895,202.916085,202.705235,202.897915
2026-03-22 01:19:00,202.893615,203.053245,202.796515,202.833085
2026-03-22 01:20:00,202.836805,202.909855,202.770745,202.842315
2026-03-22 01:21:00,202.862635,203.079965,202.834745,202.887075
2026-03-22 01:22:00,202.891065,203.091705,202.853845,202.880945
2026-03-22 01:23:00,202.882575,202.902835,202.736475,202.762085
2026-03-22 01:24:00,202.759875,202.822045,202.657205,202.699185
2026-03-22 01:25:00,202.694215,202.786355,202.639445,202.670185
2026-03-22 01:26:00,202.669195,202.830865,202.615055,202.802095
2026-03-22 01:27:00,202.771995,202.976385,202.644895,202.948395
2026-03-22 01:28:00,202.928555,203.224445,202.904445,203.221005
2026-03-22 01:29:00,203.223375,203.233645,203.024565,203.096275
2026-03-22 01:30:00,203.091485,203.096045,202.936005,202.977575
2026-03-22 01:31:00,202.961105,203.146425,202.872285,203.086725
2026-03-22 01:32:00,203.060945,203.127855,202.955475,203.090325
2026-03-22 01:33:00,203.082895,203.186355,203.053185,203.109215
2026-03-22 01:34:00,203.107645,203.107645,202.956685,202.963185
2026-03-22 01:35:00,202.952365,203.261515,202.929175,203.240215
2026-03-22 01:36:00,203.238645,203.420145,203.223795,203.272195
2026-03-22 01:37:00,203.274025,203.318925,203.120995,203.145395
2026-03-22 01:38:00,203.142505,203.153895,202.934455,202.934455
2026-03-22 01:39:00,202.938435,203.424945,202.922765,203.385485
2026-03-22 01:40:00,203.364895,203.411565,203.299275,203.343375
2026-03-22 01:41:00,203.341425,203.392415,203.086015,203.091355
2026-03-22 01:42:00,203.088675,203.113565,202.761005,202.768445
2026-03-22 01:43:00,202.765265,202.811575,202.680065,202.728105
2026-03-22 01:44:00,202.727285,202.812705,202.658245,202.659285
2026-03-22 01:45:00,202.715795,202.718045,202.563565,202.711395
2026-03-22 01:46:00,202.704255,202.826595,202.652295,202.675365
2026-03-22 01:47:00,202.677335,202.686015,202.452425,202.589525
2026-03-22 01:48:00,202.590545,202.638945,202.291435,202.374935
2026-03-22 01:49:00,202.375595,202.666765,202.375595,202.560575
2026-03-22 01:50:00,202.563805,202.801505,202.535475,202.801505
2026-03-22 01:51:00,202.800375,202.896595,202.613155,202.673345
2026-03-22 01:52:00,202.676205,202.809775,202.636085,202.779335
2026-03-22 01:53:00,202.769205,202.898725,202.653925,202.771125
2026-03-22 01:54:00,202.774875,202.826555,202.596555,202.659935
2026-03-22 01:55:00,202.680165,202.812005,202.590655,202.597345
2026-03-22 01:56:00,202.593585,202.810145,202.538465,202.666755
2026-03-22 01:57:00,202.653275,202.706925,202.478115,202.489595
2026-03-22 01:58:00,202.491535,202.847205,202.491535,202.847205
2026-03-22 01:59:00,202.841455,202.859735,202.620275,202.620275
2026-03-22 02:00:00,202.614455,202.643015,202.428005,202.603835
2026-03-22 02:01:00,202.623285,202.640695,202.430685,202.477825
2026-03-22 02:02:00,202.470545,202.686765,202.430455,202.486705
2026-03-22 02:03:00,202.487485,202.588175,202.409145,202.432035
2026-03-22 02:04:00,202.436705,202.469435,202.186475,202.200275
2026-03-22 02:05:00,202.202705,202.257925,201.883335,201.888645
2026-03-22 02:06:00,201.890775,202.172925,201.878255,202.160895
2026-03-22 02:07:00,202.163065,202.304255,202.092245,202.268575
2026-03-22 02:08:00,202.272735,202.324875,202.160115,202.239145
2026-03-22 02:09:00,202.235235,202.448695,202.156485,202.432285
2026-03-22 02:10:00,202.430875,202.506695,202.356745,202.416845
2026-03-22 02:11:00,202.419745,202.476415,202.355235,202.466945
2026-03-22 02:12:00,202.479245,202.673225,202.420705,202.664845
2026-03-22 02:13:00,202.656885,202.841005,202.632265,202.760955
2026-03-22 02:14:00,202.756895,202.849565,202.728275,202.776225
2026-03-22 02:15:00,202.785095,202.793725,202.570605,202.620775
2026-03-22 02:16:00,202.618255,202.642375,202.301405,202.316535
2026-03-22 02:17:00,202.320725,202.371205,202.023245,202.060915
2026-03-22 02:18:00,202.057825,202.323345,202.057205,202.302275
2026-03-22 02:19:00,202.301575,202.314375,202.053435,202.128255
2026-03-22 02:20:00,202.128545,202.198475,201.916285,201.919355
2026-03-22 02:21:00,201.954305,201.954305,201.630935,201.660475
2026-03-22 02:22:00,201.659425,201.849995,201.659425,201.774015
2026-03-22 02:23:00,201.771895,201.779395,201.508005,201.537625
2026-03-22 02:24:00,201.538115,201.759585,201.526885,201.676895
2026-03-22 02:25:00,201.674745,201.887135,201.645565,201.881835
2026-03-22 02:26:00,201.872225,201.905905,201.743185,201.842955
2026-03-22 02:27:00,201.789745,201.913475,201.652405,201.884215
2026-03-22 02:28:00,201.901795,201.901795,201.638535,201.679045
2026-03-22 02:29:00,201.676475,201.677105,201.527595,201.657235
2026-03-22 02:30:00,201.655795,201.826225,201.649985,201.743995
2026-03-22 02:31:00,201.750885,201.892485,201.750885,201.835475
2026-03-22 02:32:00,201.832715,201.988255,201.728525,201.730955
2026-03-22 02:33:00,201.733875,201.905535,201.662405,201.682285
2026-03-22 02:34:00,201.686555,201.876385,201.640485,201.839425
2026-03-22 02:35:00,201.836205,202.037255,201.836205,201.891385
2026-03-22 02:36:00,201.895795,202.114865,201.836305,202.103225
2026-03-22 02:37:00,202.108575,202.288255,202.087805,202.193475
2026-03-22 02:38:00,202.192085,202.256205,202.002695,202.054305
2026-03-22 02:39:00,202.050545,202.219595,201.886755,202.192665
2026-03-22 02:40:00,202.191925,202.224895,202.082595,202.110215
2026-03-22 02:41:00,202.114445,202.340315,202.114445,202.263615
2026-03-22 02:42:00,202.271255,202.273965,201.981485,202.058415
2026-03-22 02:43:00,202.060525,202.390325,202.060525,202.341505
2026-03-22 02:44:00,202.341015,202.496465,202.244465,202.409385
2026-03-22 02:45:00,202.406915,202.636985,202.385505,202.443445
2026-03-22 02:46:00,202.473595,202.595115,202.369715,202.370855
2026-03-22 02:47:00,202.375205,202.481965,202.363895,202.442945
2026-03-22 02:48:00,202.440555,202.444255,202.278775,202.355315
2026-03-22 02:49:00,202.356805,202.566125,202.347275,202.416145
2026-03-22 02:50:00,202.414845,202.505535,202.287975,202.404845
2026-03-22 02:51:00,202.402465,202.422885,202.114275,202.114275
2026-03-22 02:52:00,202.111135,202.120395,201.849225,202.045555
2026-03-22 02:53:00,202.049645,202.336405,202.046255,202.336405
2026-03-22 02:54:00,202.340215,202.406645,202.094225,202.137575
2026-03-22 02:55:00,202.104945,202.411315,202.081995,202.407965
2026-03-22 02:56:00,202.404345,202.771705,202.404345,202.771705
2026-03-22 02:57:00,202.775725,203.064895,202.737875,203.064895
2026-03-22 02:58:00,203.068475,203.242195,202.923375,202.928775
2026-03-22 02:59:00,202.926835,203.308875,202.892655,203.234355
2026-03-22 03:00:00,203.237665,203.282555,203.033185,203.128125
2026-03-22 03:01:00,203.149695,203.296455,203.071295,203.249035
2026-03-22 03:02:00,203.247655,203.388885,203.172285,203.235405
2026-03-22 03:03:00,203.236345,203.330915,203.093295,203.281705
2026-03-22 03:04:00,203.277585,203.285535,203.067405,203.143855
2026-03-22 03:05:00,203.140085,203.202445,202.944965,203.157655
2026-03-22 03:06:00,203.159095,203.427125,203.141595,203.403495
2026-03-22 03:07:00,203.400695,203.400695,203.217545,203.304415
2026-03-22 03:08:00,203.281175,203.463895,203.278765,203.405465
2026-03-22 03:09:00,203.406195,203.521065,203.360505,203.504065
2026-03-22 03:10:00,203.517875,203.580915,203.360585,203.580365
2026-03-22 03:11:00,203.563265,203.791645,203.560675,203.765685
2026-03-22 03:12:00,203.768805,204.038415,203.747775,203.986925
2026-03-22 03:13:00,203.985445,204.205105,203.936315,204.184475
2026-03-22 03:14:00,204.175305,204.286615,203.998945,203.998945
2026-03-22 03:15:00,204.010835,204.036295,203.753975,203.769365
2026-03-22 03:16:00,203.762265,203.806665,203.708645,203.730295
2026-03-22 03:17:00,203.726725,203.760215,203.611855,203.699275
2026-03-22 03:18:00,203.700925,203.837395,203.599625,203.637815
2026-03-22 03:19:00,203.639455,203.719215,203.492615,203.698895
2026-03-22 03:20:00,203.706375,203.827285,203.519085,203.794625
2026-03-22 03:21:00,203.794595,203.848425,203.542935,203.561555
2026-03-22 03:22:00,203.562465,203.589555,203.342845,203.385855
2026-03-22 03:23:00,203.386345,203.429755,203.313615,203.377885
2026-03-22 03:24:00,203.381745,203.403235,202.960755,202.971745
2026-03-22 03:25:00,202.969615,203.036345,202.887295,202.893715
2026-03-22 03:26:00,202.867925,203.068905,202.810625,202.912515
2026-03-22 03:27:00,202.936425,202.944625,202.629055,202.693525
2026-03-22 03:28:00,202.694525,202.811955,202.603465,202.787095
2026-03-22 03:29:00,202.784305,202.947765,202.776135,202.814195
2026-03-22 03:30:00,202.811475,202.881695,202.724275,202.813575
2026-03-22 03:31:00,202.810935,202.819445,202.589295,202.594075
2026-03-22 03:32:00,202.573605,202.707505,202.572445,202.647315
2026-03-22 03:33:00,202.665885,202.838045,202.496155,202.838045
2026-03-22 03:34:00,202.836685,202.880725,202.647155,202.733235
2026-03-22 03:35:00,202.729135,202.952575,202.628715,202.936065
2026-03-22 03:36:00,202.935875,203.092085,202.875045,203.080265
2026-03-22 03:37:00,203.080765,203.220495,203.074675,203.170125
2026-03-22 03:38:00,203.166855,203.214105,202.858045,202.866895
2026-03-22 03:39:00,202.867005,203.139025,202.829855,203.115125
2026-03-22 03:40:00,203.119035,203.151845,202.714195,202.714195
2026-03-22 03:41:00,202.722625,202.823965,202.669825,202.756855
2026-03-22 03:42:00,202.762365,202.950295,202.734755,202.925415
2026-03-22 03:43:00,202.908535,202.997055,202.855605,202.902715
2026-03-22 03:44:00,202.906635,202.999065,202.833325,202.960095
2026-03-22 03:45:00,202.966045,203.201495,202.958125,203.201495
2026-03-22 03:46:00,203.199945,203.422385,203.135955,203.390125
2026-03-22 03:47:00,203.394315,203.499105,203.253625,203.253625
2026-03-22 03:48:00,203.251625,203.551935,203.247725,203.522045
2026-03-22 03:49:00,203.525225,203.534595,203.262675,203.331975
2026-03-22 03:50:00,203.329915,203.471775,203.234805,203.437205
2026-03-22 03:51:00,203.456355,203.615985,203.367995,203.456115
2026-03-22 03:52:00,203.454025,203.479705,203.107415,203.131825
2026-03-22 03:53:00,203.132535,203.140545,202.879575,202.908535
2026-03-22 03:54:00,202.906225,202.989985,202.798575,202.870955
2026-03-22 03:55:00,202.857395,202.932085,202.761705,202.867475
2026-03-22 03:56:00,202.870755,203.100765,202.777185,203.058515
2026-03-22 03:57:00,203.058495,203.153435,202.965715,203.049955
2026-03-22 03:58:00,203.056675,203.194565,203.056675,203.167535
2026-03-22 03:59:00,203.169675,203.554085,203.161045,203.546465
2026-03-22 04:00:00,203.544285,203.837925,203.473255,203.560095
2026-03-22 04:01:00,203.563895,203.595335,203.344765,203.389895
2026-03-22 04:02:00,203.385995,203.622145,203.378455,203.538465
2026-03-22 04:03:00,203.564415,203.747525,203.538195,203.677145
2026-03-22 04:04:00,203.662425,203.692205,203.399645,203.436105
2026-03-22 04:05:00,203.433355,203.462535,203.239025,203.255325
2026-03-22 04:06:00,203.257105,203.459445,203.226685,203.359955
2026-03-22 04:07:00,203.378135,203.554165,203.344175,203.495935
2026-03-22 04:08:00,203.470345,203.612415,203.355095,203.604885
2026-03-22 04:09:00,203.596795,203.730835,203.520945,203.595895
2026-03-22 04:10:00,203.592895,203.841945,203.557455,203.798345
2026-03-22 04:11:00,203.792995,203.797035,203.656585,203.679235
2026-03-22 04:12:00,203.620115,203.919375,203.615255,203.919375
2026-03-22 04:13:00,203.915375,204.019555,203.893055,203.893055
2026-03-22 04:14:00,203.891775,203.958165,203.751075,203.809965
2026-03-22 04:15:00,203.810975,204.037485,203.742275,204.023135
2026-03-22 04:16:00,204.049535,204.186905,203.879435,203.914025
2026-03-22 04:17:00,203.912085,203.942455,203.604865,203.912845
2026-03-22 04:18:00,203.920925,203.937605,203.689555,203.693425
2026-03-22 04:19:00,203.699755,203.727825,203.564435,203.614115
2026-03-22 04:20:00,203.613525,203.817425,203.598595,203.688445
2026-03-22 04:21:00,203.695925,203.862325,203.676815,203.856575
2026-03-22 04:22:00,203.854475,203.906525,203.609795,203.665875
2026-03-22 04:23:00,203.666845,203.739875,203.594055,203.674425
2026-03-22 04:24:00,203.691705,203.691705,203.399865,203.458205
2026-03-22 04:25:00,203.461425,203.601265,203.378915,203.419535
2026-03-22 04:26:00,203.426035,203.459905,203.347885,203.412415
2026-03-22 04:27:00,203.399785,203.480145,203.327725,203.468455
2026-03-22 04:28:00,203.472185,203.475955,203.333715,203.469745
2026-03-22 04:29:00,203.468215,203.565115,203.404395,203.409455
2026-03-22 04:30:00,203.407735,203.482825,203.224305,203.314495
2026-03-22 04:31:00,203.318555,203.318555,202.974035,203.058505
2026-03-22 04:32:00,203.066675,203.096505,202.789355,202.911645
2026-03-22 04:33:00,202.906175,202.906175,202.634515,202.727525
2026-03-22 04:34:00,202.730165,202.841505,202.557325,202.759375
2026-03-22 04:35:00,202.760335,202.774135,202.615965,202.750745
2026-03-22 04:36:00,202.747435,202.855575,202.533085,202.712355
2026-03-22 04:37:00,202.711025,202.741485,202.533195,202.569365
2026-03-22 04:38:00,202.567455,202.716985,202.472325,202.529535
2026-03-22 04:39:00,202.531405,202.575205,202.257785,202.327645
2026-03-22 04:40:00,202.307995,202.347435,202.153495,202.206175
2026-03-22 04:41:00,202.204535,202.327375,202.063165,202.240125
2026-03-22 04:42:00,202.239335,202.323835,202.066545,202.085375
2026-03-22 04:43:00,202.091365,202.226135,202.023945,202.122845
2026-03-22 04:44:00,202.118925,202.143505,201.970845,202.102235
2026-03-22 04:45:00,202.104715,202.156015,201.972755,202.001025
2026-03-22 04:46:00,201.999855,202.147875,201.905145,202.096985
2026-03-22 04:47:00,202.111145,202.121875,201.954475,201.994285
2026-03-22 04:48:00,201.993125,202.093305,201.835575,201.948265
2026-03-22 04:49:00,201.944355,201.961085,201.810505,201.859705
2026-03-22 04:50:00,201.874095,201.917145,201.534665,201.555465
2026-03-22 04:51:00,201.553235,201.575605,201.279965,201.339115
2026-03-22 04:52:00,201.345295,201.488385,201.169015,201.215695
2026-03-22 04:53:00,201.213505,201.346935,201.213505,201.321575
2026-03-22 04:54:00,201.325195,201.460235,201.273645,201.422535
2026-03-22 04:55:00,201.425715,201.460595,201.229145,201.260225
2026-03-22 04:56:00,201.256435,201.324305,201.179275,201.215095
2026-03-22 04:57:00,201.222575,201.249835,200.937315,200.986375
2026-03-22 04:58:00,200.986125,201.002435,200.854955,200.916705
2026-03-22 04:59:00,200.905975,200.997455,200.827745,200.946995
2026-03-22 05:00:00,200.942515,201.054185,200.881295,201.009925
2026-03-22 05:01:00,201.024985,201.144635,201.013735,201.081805
2026-03-22 05:02:00,201.088655,201.206335,200.700345,200.700345
2026-03-22 05:03:00,200.700865,200.977125,200.634595,200.975195
2026-03-22 05:04:00,200.964365,201.319365,200.876735,201.073915
2026-03-22 05:05:00,201.077765,201.104615,200.951545,201.003505
2026-03-22 05:06:00,200.976515,201.002215,200.744645,200.744645
2026-03-22 05:07:00,200.753995,201.055205,200.732335,201.049355
2026-03-22 05:08:00,201.028785,201.212425,200.981925,201.137385
2026-03-22 05:09:00,201.134715,201.134715,200.898595,200.921785
2026-03-22 05:10:00,200.917455,201.039965,200.787225,200.795285
2026-03-22 05:11:00,200.797155,200.996615,200.743925,200.893485
2026-03-22 05:12:00,200.894825,200.953965,200.728115,200.896485
2026-03-22 05:13:00,200.898075,200.909555,200.587675,200.654415
2026-03-22 05:14:00,200.658725,200.915295,200.637245,200.911995
2026-03-22 05:15:00,200.927105,201.003795,200.808205,200.811265
2026-03-22 05:16:00,200.814425,200.971005,200.814425,200.903745
2026-03-22 05:17:00,200.924625,201.207455,200.894065,201.186125
2026-03-22 05:18:00,201.183445,201.195155,200.962875,200.974795
2026-03-22 05:19:00,200.973085,201.258645,200.855175,201.258645
2026-03-22 05:20:00,201.261595,201.315435,201.182955,201.251485
2026-03-22 05:21:00,201.237055,201.567575,201.166375,201.444695
2026-03-22 05:22:00,201.443545,201.567285,201.265275,201.319675
2026-03-22 05:23:00,201.318145,201.350095,201.132795,201.170265
2026-03-22 05:24:00,201.114875,201.217685,201.071215,201.147805
2026-03-22 05:25:00,201.179455,201.489335,201.175315,201.482095
2026-03-22 05:26:00,201.481335,201.543235,201.275485,201.438045
2026-03-22 05:27:00,201.512935,201.590495,201.291355,201.545565
2026-03-22 05:28:00,201.557465,201.572085,201.305545,201.324305
2026-03-22 05:29:00,201.321455,201.434655,201.304555,201.334215
2026-03-22 05:30:00,201.333475,201.432205,201.258085,201.364595
2026-03-22 05:31:00,201.357465,201.587995,201.357465,201.554365
2026-03-22 05:32:00,201.549975,201.552915,201.342515,201.411105
2026-03-22 05:33:00,201.418355,201.513005,201.353405,201.513005
2026-03-22 05:34:00,201.510545,201.762785,201.495155,201.680335
2026-03-22 05:35:00,201.679125,201.955855,201.668675,201.947045
2026-03-22 05:36:00,201.948675,201.975885,201.627215,201.627215
2026-03-22 05:37:00,201.622015,201.733625,201.479955,201.733625
2026-03-22 05:38:00,201.734715,201.784655,201.623225,201.680395
2026-03-22 05:39:00,201.676745,201.981305,201.669695,201.929545
2026-03-22 05:40:00,201.925605,202.051695,201.885175,201.956835
2026-03-22 05:41:00,201.952825,202.030195,201.688365,201.711245
2026-03-22 05:42:00,201.715175,201.813035,201.589145,201.804655
2026-03-22 05:43:00,201.803345,201.975115,201.608435,201.653265
2026-03-22 05:44:00,201.649845,201.922725,201.620525,201.878665
2026-03-22 05:45:00,201.882175,202.031225,201.854375,201.988235
2026-03-22 05:46:00,202.005465,202.035815,201.829925,201.864205
2026-03-22 05:47:00,201.868275,201.955545,201.755555,201.832415
2026-03-22 05:48:00,201.823785,201.849505,201.622795,201.843435
2026-03-22 05:49:00,201.850785,201.905145,201.711775,201.905145
2026-03-22 05:50:00,201.903305,201.948275,201.692195,201.693595
2026-03-22 05:51:00,201.681695,201.713955,201.450075,201.545075
2026-03-22 05:52:00,201.541665,201.544155,201.291845,201.457105
2026-03-22 05:53:00,201.458445,201.480155,201.179055,201.340155
2026-03-22 05:54:00,201.335755,201.335755,201.169995,201.198165
2026-03-22 05:55:00,201.200445,201.336435,200.984035,201.000955
2026-03-22 05:56:00,200.996875,200.999525,200.680345,200.680345
2026-03-22 05:57:00,200.685165,200.771765,200.661745,200.697915
2026-03-22 05:58:00,200.701265,201.157045,200.701265,201.122615
2026-03-22 05:59:00,201.123105,201.331235,201.095875,201.252435
2026-03-22 06:00:00,201.250495,201.288605,201.091865,201.163815
2026-03-22 06:01:00,201.162705,201.316355,201.109355,201.256585
2026-03-22 06:02:00,201.253665,201.538545,201.224145,201.448055
2026-03-22 06:03:00,201.446095,201.463985,201.201445,201.229755
2026-03-22 06:04:00,201.238355,201.270415,201.086635,201.200725
2026-03-22 06:05:00,201.202275,201.480345,201.187825,201.431195
2026-03-22 06:06:00,201.430245,201.622945,201.380245,201.595245
2026-03-22 06:07:00,201.587005,201.711985,201.541195,201.687655
2026-03-22 06:08:00,201.695215,201.837895,201.653885,201.803645
2026-03-22 06:09:00,201.802505,201.869135,201.468835,201.496845
2026-03-22 06:10:00,201.496195,201.724095,201.490135,201.704275
2026-03-22 06:11:00,201.709395,201.806055,201.579935,201.602045
2026-03-22 06:12:00,201.595175,201.775255,201.559175,201.657355
2026-03-22 06:13:00,201.657195,201.728055,201.578465,201.584615
2026-03-22 06:14:00,201.574065,201.697815,201.455255,201.643885
2026-03-22 06:15:00,201.645135,201.754915,201.600695,201.723435
2026-03-22 06:16:00,201.716465,202.030435,201.716365,201.951555
2026-03-22 06:17:00,201.959585,202.098905,201.880275,202.098905
2026-03-22 06:18:00,202.090025,202.378185,202.065975,202.378185
2026-03-22 06:19:00,202.369855,202.472295,202.326095,202.374235
2026-03-22 06:20:00,202.373795,202.786555,202.368765,202.768125
2026-03-22 06:21:00,202.772355,202.794035,202.649675,202.677415
2026-03-22 06:22:00,202.653475,202.686325,202.530695,202.575075
2026-03-22 06:23:00,202.574125,202.616915,202.440005,202.597765
2026-03-22 06:24:00,202.582155,202.656205,202.526065,202.604695
2026-03-22 06:25:00,202.615445,202.692375,202.501625,202.591765
2026-03-22 06:26:00,202.582625,202.682195,202.504415,202.643185
2026-03-22 06:27:00,202.644315,202.675155,202.176875,202.184355
2026-03-22 06:28:00,202.176015,202.257845,202.092395,202.216435
2026-03-22 06:29:00,202.204085,202.274375,202.028765,202.048445
2026-03-22 06:30:00,202.047355,202.263615,201.988395,202.236175
2026-03-22 06:31:00,202.231855,202.243875,201.949735,202.116895
2026-03-22 06:32:00,202.118645,202.184035,202.028975,202.043645
2026-03-22 06:33:00,202.042385,202.255985,201.992025,202.253995
2026-03-22 06:34:00,202.245265,202.458915,202.218735,202.344095
2026-03-22 06:35:00,202.341625,202.507375,202.324655,202.481025
2026-03-22 06:36:00,202.462895,202.556845,202.289305,202.338985
2026-03-22 06:37:00,202.333665,202.430255,202.173425,202.219995
2026-03-22 06:38:00,202.216195,202.225295,201.921705,201.946975
2026-03-22 06:39:00,201.944725,202.268345,201.932425,202.223455
2026-03-22 06:40:00,202.223555,202.428975,202.177385,202.397055
2026-03-22 06:41:00,202.418725,202.524485,202.338855,202.466035
2026-03-22 06:42:00,202.457245,202.458255,202.224005,202.281715
2026-03-22 06:43:00,202.282965,202.339145,202.181305,202.269055
2026-03-22 06:44:00,202.248815,202.250455,201.834745,201.849345
2026-03-22 06:45:00,201.836685,202.087485,201.791485,202.008085
2026-03-22 06:46:00,202.008305,202.106285,201.963925,202.106285
2026-03-22 06:47:00,202.117315,202.335695,202.077755,202.123725
2026-03-22 06:48:00,202.128865,202.159525,201.962655,201.984015
2026-03-22 06:49:00,201.965205,202.136075,201.949445,201.977995
2026-03-22 06:50:00,201.975765,201.980605,201.792685,201.804805
2026-03-22 06:51:00,201.801925,201.872135,201.475125,201.486255
2026-03-22 06:52:00,201.485295,201.519565,201.293235,201.397425
2026-03-22 06:53:00,201.406435,201.422195,201.205855,201.205855
2026-03-22 06:54:00,201.201285,201.280915,201.098395,201.249905
2026-03-22 06:55:00,201.271405,201.467445,201.259115,201.395445
2026-03-22 06:56:00,201.398825,201.402765,201.082825,201.082825
2026-03-22 06:57:00,201.095445,201.300145,201.059225,201.281615
2026-03-22 06:58:00,201.278465,201.413185,201.233935,201.238395
2026-03-22 06:59:00,201.269865,201.341565,201.049825,201.060335
2026-03-22 07:00:00,201.065035,201.128215,200.833575,200.888845
2026-03-22 07:01:00,200.889395,201.169255,200.889395,201.134895
2026-03-22 07:02:00,201.130375,201.290665,201.037615,201.257855
2026-03-22 07:03:00,201.256695,201.434295,201.231825,201.336305
2026-03-22 07:04:00,201.374045,201.376965,201.149525,201.163405
2026-03-22 07:05:00,201.174145,201.186835,200.931215,200.961725
2026-03-22 07:06:00,200.959845,201.129775,200.956935,201.111295
2026-03-22 07:07:00,201.107425,201.154775,200.899765,201.027735
2026-03-22 07:08:00,201.027975,201.191545,201.003065,201.147505
2026-03-22 07:09:00,201.150215,201.315995,201.043105,201.281075
2026-03-22 07:10:00,201.281625,201.729145,201.277915,201.705195
2026-03-22 07:11:00,201.707575,201.743595,201.591695,201.625395
2026-03-22 07:12:00,201.625535,201.631365,201.259625,201.363325
2026-03-22 07:13:00,201.362935,201.667435,201.355635,201.527875
2026-03-22 07:14:00,201.575405,201.585305,201.438755,201.559805
2026-03-22 07:15:00,201.556415,201.591105,201.387175,201.521635
2026-03-22 07:16:00,201.517245,201.598545,201.404895,201.538925
2026-03-22 07:17:00,201.535365,201.754255,201.474235,201.730795
2026-03-22 07:18:00,201.722205,201.899925,201.678825,201.881555
2026-03-22 07:19:00,201.883125,201.883125,201.574435,201.670215
2026-03-22 07:20:00,201.666245,201.957875,201.660255,201.834965
2026-03-22 07:21:00,201.839775,201.874605,201.766055,201.842575
2026-03-22 07:22:00,201.844985,201.959275,201.802405,201.926025
2026-03-22 07:23:00,201.930465,202.025055,201.860005,201.918825
2026-03-22 07:24:00,201.937425,202.217615,201.937425,202.091435
2026-03-22 07:25:00,202.090765,202.100385,201.835955,201.880465
2026-03-22 07:26:00,201.877085,202.089725,201.864555,202.046705
2026-03-22 07:27:00,202.050035,202.384505,202.015895,202.251905
2026-03-22 07:28:00,202.250615,202.363785,202.077855,202.077855
2026-03-22 07:29:00,202.075145,202.160835,201.978855,202.024575
2026-03-22 07:30:00,202.023345,202.120455,201.941135,202.008375
2026-03-22 07:31:00,202.024845,202.192425,202.021915,202.159755
2026-03-22 07:32:00,202.157885,202.335865,202.149945,202.286935
2026-03-22 07:33:00,202.292835,202.413385,202.248235,202.331285
2026-03-22 07:34:00,202.330805,202.377755,202.064975,202.376825
2026-03-22 07:35:00,202.380275,202.581175,202.380275,202.476755
2026-03-22 07:36:00,202.478815,202.604015,202.422775,202.540725
2026-03-22 07:37:00,202.524925,202.632915,202.365495,202.508725
2026-03-22 07:38:00,202.509305,202.627555,202.408845,202.619715
2026-03-22 07:39:00,202.612985,202.803485,202.602845,202.765395
2026-03-22 07:40:00,202.774235,202.786215,202.579715,202.680465
2026-03-22 07:41:00,202.671925,202.857805,202.599095,202.750565
2026-03-22 07:42:00,202.749055,202.915835,202.711355,202.812065
2026-03-22 07:43:00,202.812945,202.834235,202.687775,202.802045
2026-03-22 07:44:00,202.814255,203.032945,202.814255,202.865435
2026-03-22 07:45:00,202.879495,202.972655,202.825895,202.903535
2026-03-22 07:46:00,202.904325,203.144995,202.864195,203.093985
2026-03-22 07:47:00,203.114725,203.260805,203.048145,203.108475
2026-03-22 07:48:00,203.111135,203.133225,202.808225,202.872685
2026-03-22 07:49:00,202.872035,203.083965,202.858215,203.009245
2026-03-22 07:50:00,203.026185,203.243045,203.017785,203.100885
2026-03-22 07:51:00,203.101075,203.271845,203.057675,203.186605
2026-03-22 07:52:00,203.163335,203.285085,202.980095,203.166155
2026-03-22 07:53:00,203.158355,203.357345,203.123555,203.187795
2026-03-22 07:54:00,203.184695,203.352675,203.129935,203.337255
2026-03-22 07:55:00,203.339285,203.408945,203.169045,203.169045
2026-03-22 07:56:00,203.167635,203.270615,202.954975,203.049545
2026-03-22 07:57:00,203.058525,203.258105,203.042225,203.195035
2026-03-22 07:58:00,203.205625,203.240695,202.967035,202.974305
2026-03-22 07:59:00,202.975355,203.031885,202.875985,203.017025
2026-03-22 08:00:00,203.002135,203.149095,202.949505,203.095345
2026-03-22 08:01:00,203.096415,203.212775,203.035685,203.112885
2026-03-22 08:02:00,203.118735,203.290045,203.065095,203.089565
2026-03-22 08:03:00,203.090075,203.104145,202.856465,202.861435
2026-03-22 08:04:00,202.858795,203.231015,202.854365,203.222385
2026-03-22 08:05:00,203.214015,203.376745,203.172785,203.253515
2026-03-22 08:06:00,203.259135,203.332225,203.143875,203.255055
2026-03-22 08:07:00,203.258815,203.258815,203.061805,203.116575
2026-03-22 08:08:00,203.113035,203.177885,202.935035,202.939305
2026-03-22 08:09:00,202.951365,203.038305,202.844325,203.038165
2026-03-22 08:10:00,203.016365,203.116005,202.946915,203.033945
2026-03-22 08:11:00,203.035295,203.035295,202.838945,202.873495
2026-03-22 08:12:00,202.894115,203.295035,202.880325,203.200415
2026-03-22 08:13:00,203.228705,203.235725,203.097115,203.172115
2026-03-22 08:14:00,203.172075,203.236485,203.017755,203.025445
2026-03-22 08:15:00,203.047835,203.066035,202.862605,202.910785
2026-03-22 08:16:00,202.901835,202.907175,202.754935,202.816695
2026-03-22 08:17:00,202.817935,202.817935,202.619825,202.758475
2026-03-22 08:18:00,202.751385,202.979765,202.718625,202.937375
2026-03-22 08:19:00,202.939005,203.082905,202.929065,203.000825
2026-03-22 08:20:00,203.002335,203.082425,202.969885,203.057175
2026-03-22 08:21:00,203.059705,203.224355,202.871675,203.224355
2026-03-22 08:22:00,203.185785,203.194055,202.972095,203.013055
2026-03-22 08:23:00,203.013745,203.068185,202.938635,202.977005
2026-03-22 08:24:00,202.983155,203.182275,202.850915,203.163255
2026-03-22 08:25:00,203.162815,203.242135,203.068465,203.117565
2026-03-22 08:26:00,203.131095,203.183875,202.970685,203.149215
2026-03-22 08:27:00,203.147975,203.173155,203.068705,203.137885
2026-03-22 08:28:00,203.135575,203.162245,203.007995,203.140105
2026-03-22 08:29:00,203.139195,203.485325,203.139195,203.474255
2026-03-22 08:30:00,203.478145,203.676375,203.478145,203.614795
2026-03-22 08:31:00,203.615305,203.849935,203.593145,203.753785
2026-03-22 08:32:00,203.754655,204.021425,203.686355,203.921965
2026-03-22 08:33:00,203.926375,204.065415,203.791065,203.810775
2026-03-22 08:34:00,203.806845,203.982045,203.749105,203.847295
2026-03-22 08:35:00,203.868645,204.080435,203.805345,204.052565
2026-03-22 08:36:00,204.056935,204.131765,203.979135,204.120545
2026-03-22 08:37:00,204.117365,204.264145,204.068595,204.255895
2026-03-22 08:38:00,204.265985,204.265985,204.014725,204.192695
2026-03-22 08:39:00,204.197075,204.368065,204.188055,204.252135
2026-03-22 08:40:00,204.263925,204.407105,204.229485,204.292645
2026-03-22 08:41:00,204.293635,204.308495,204.173545,204.209265
2026-03-22 08:42:00,204.211645,204.212855,203.944755,204.010785
2026-03-22 08:43:00,204.014695,204.043235,203.749335,203.804845
2026-03-22 08:44:00,203.804945,203.930665,203.669555,203.905555
2026-03-22 08:45:00,203.895535,204.049195,203.804265,204.049195
2026-03-22 08:46:00,204.020805,204.085225,203.755195,203.784775
2026-03-22 08:47:00,203.754085,203.935645,203.681045,203.888255
2026-03-22 08:48:00,203.885215,204.059935,203.860325,203.974525
2026-03-22 08:49:00,203.967355,204.125125,203.903395,204.124285
2026-03-22 08:50:00,204.128575,204.215655,204.028535,204.087925
2026-03-22 08:51:00,204.089915,204.218005,204.052005,204.166485
2026-03-22 08:52:00,204.173815,204.356125,204.068945,204.341135
2026-03-22 08:53:00,204.336685,204.461235,204.265365,204.276835
2026-03-22 08:54:00,204.267945,204.311165,204.002605,204.270305
2026-03-22 08:55:00,204.261485,204.681655,204.225205,204.665255
2026-03-22 08:56:00,204.656765,204.728685,204.503705,204.552895
2026-03-22 08:57:00,204.548105,204.737095,204.502965,204.732935
2026-03-22 08:58:00,204.730155,204.891885,204.697005,204.800385
2026-03-22 08:59:00,204.811885,204.857915,204.570335,204.643895
2026-03-22 09:00:00,204.630815,205.004595,204.569585,204.717645
2026-03-22 09:01:00,204.713905,204.813275,204.552505,204.553225
2026-03-22 09:02:00,204.571535,204.575415,204.317605,204.483825
2026-03-22 09:03:00,204.472765,204.840225,204.451515,204.840225
2026-03-22 09:04:00,204.824685,204.946705,204.803735,204.844145
2026-03-22 09:05:00,204.844065,204.960885,204.823575,204.930635
2026-03-22 09:06:00,204.930615,204.997685,204.862905,204.904985
2026-03-22 09:07:00,204.914735,204.983075,204.682405,204.810265
2026-03-22 09:08:00,204.840545,204.885275,204.639055,204.680665
2026-03-22 09:09:00,204.690215,204.983735,204.663895,204.969195
2026-03-22 09:10:00,204.971375,205.068385,204.717625,204.757645
2026-03-22 09:11:00,204.748865,204.883705,204.643815,204.799965
2026-03-22 09:12:00,204.800295,204.800295,204.420595,204.622655
2026-03-22 09:13:00,204.625795,204.833475,204.580015,204.758225
2026-03-22 09:14:00,204.749935,204.828935,204.634685,204.751885
2026-03-22 09:15:00,204.773485,204.773485,204.486935,204.507775
2026-03-22 09:16:00,204.511185,204.644805,204.388685,204.538525
2026-03-22 09:17:00,204.541885,204.679515,204.453235,204.675455
2026-03-22 09:18:00,204.670295,204.759585,204.604035,204.726785
2026-03-22 09:19:00,204.729155,204.765025,204.540305,204.616735
2026-03-22 09:20:00,204.615035,204.752525,204.574755,204.651345
2026-03-22 09:21:00,204.643665,204.741305,204.558175,204.671055
2026-03-22 09:22:00,204.671235,204.795735,204.621755,204.686395
2026-03-22 09:23:00,204.679985,204.774345,204.489475,204.493655
2026-03-22 09:24:00,204.502385,204.526335,204.316555,204.416545
2026-03-22 09:25:00,204.412155,204.412155,204.186365,204.210335
2026-03-22 09:26:00,204.210575,204.525165,204.205545,204.523405
2026-03-22 09:27:00,204.527785,204.536655,204.226675,204.298465
2026-03-22 09:28:00,204.299755,204.302585,204.131965,204.154945
2026-03-22 09:29:00,204.161865,204.492955,204.133195,204.441405
2026-03-22 09:30:00,204.439285,204.616535,204.421055,204.496115
2026-03-22 09:31:00,204.493865,204.640775,204.462485,204.604485
2026-03-22 09:32:00,204.596705,204.626925,204.363235,204.402245
2026-03-22 09:33:00,204.400425,204.583815,204.325935,204.325935
2026-03-22 09:34:00,204.310435,204.497565,204.062555,204.073385
2026-03-22 09:35:00,204.077485,204.204515,204.014125,204.129505
2026-03-22 09:36:00,204.119645,204.190525,203.979115,204.123625
2026-03-22 09:37:00,204.127555,204.127555,203.869925,203.915085
2026-03-22 09:38:00,203.913285,204.299145,203.913285,204.299145
2026-03-22 09:39:00,204.302565,204.440995,204.282555,204.335055
2026-03-22 09:40:00,204.333455,204.535385,204.303915,204.535385
2026-03-22 09:41:00,204.528175,204.620975,204.337915,204.362435
2026-03-22 09:42:00,204.363115,204.479975,204.306735,204.465215
2026-03-22 09:43:00,204.463305,204.634665,204.387925,204.435975
2026-03-22 09:44:00,204.431305,204.578595,204.419615,204.465405
2026-03-22 09:45:00,204.458645,204.765775,204.450385,204.687005
2026-03-22 09:46:00,204.683845,204.775565,204.566345,204.581655
2026-03-22 09:47:00,204.568005,204.571545,204.379645,204.449695
2026-03-22 09:48:00,204.433575,204.446445,204.077855,204.124195
2026-03-22 09:49:00,204.121325,204.387145,204.121225,204.258735
2026-03-22 09:50:00,204.253885,204.305265,204.019615,204.033425
2026-03-22 09:51:00,204.037955,204.240075,204.030055,204.212995
2026-03-22 09:52:00,204.212355,204.256445,203.939815,204.025845
2026-03-22 09:53:00,204.021805,204.358915,204.021805,204.269905
2026-03-22 09:54:00,204.267225,204.557545,204.228165,204.557545
2026-03-22 09:55:00,204.556475,204.655645,204.451395,204.505865
2026-03-22 09:56:00,204.500575,204.647395,204.474535,204.594605
2026-03-22 09:57:00,204.557725,204.808315,204.557725,204.658795
2026-03-22 09:58:00,204.654495,205.118885,204.615945,205.029245
2026-03-22 09:59:00,205.029555,205.110605,204.976955,205.010745
2026-03-22 10:00:00,205.005615,205.125655,204.901535,205.118165
2026-03-22 10:01:00,205.121315,205.135545,204.943005,205.053935
2026-03-22 10:02:00,205.056935,205.210805,205.029415,205.124495
2026-03-22 10:03:00,205.115575,205.395425,205.115545,205.360045
2026-03-22 10:04:00,205.357875,205.418465,205.186945,205.384035
2026-03-22 10:05:00,205.371315,205.544025,205.342605,205.511585
2026-03-22 10:06:00,205.513955,205.532875,205.240815,205.284815
2026-03-22 10:07:00,205.283255,205.337315,205.174295,205.268685
2026-03-22 10:08:00,205.276345,205.405775,205.088795,205.372075
2026-03-22 10:09:00,205.377945,205.502725,205.098255,205.157385
2026-03-22 10:10:00,205.140425,205.180765,204.995785,205.042555
2026-03-22 10:11:00,205.029195,205.157985,204.978455,205.091825
2026-03-22 10:12:00,205.094675,205.220895,205.068115,205.121055
2026-03-22 10:13:00,205.119775,205.126375,204.815915,204.963455
2026-03-22 10:14:00,204.954635,205.084125,204.910125,205.063945
2026-03-22 10:15:00,205.067735,205.188105,205.052625,205.146745
2026-03-22 10:16:00,205.145625,205.295715,205.072015,205.271065
2026-03-22 10:17:00,205.266815,205.336605,205.135615,205.186695
2026-03-22 10:18:00,205.190925,205.232535,205.043985,205.077895
2026-03-22 10:19:00,205.097725,205.192725,205.002235,205.049715
2026-03-22 10:20:00,205.052435,205.093575,204.899945,204.974745
2026-03-22 10:21:00,204.971115,205.009425,204.698185,204.702075
2026-03-22 10:22:00,204.698985,204.702505,204.440455,204.485625
2026-03-22 10:23:00,204.491555,204.569365,204.369855,204.555785
2026-03-22 10:24:00,204.551435,204.703655,204.520775,204.552415
2026-03-22 10:25:00,204.540825,204.571815,204.242665,204.342875
2026-03-22 10:26:00,204.344725,204.374645,204.186465,204.374645
2026-03-22 10:27:00,204.358985,204.507115,204.294735,204.507115
2026-03-22 10:28:00,204.505825,204.545415,204.379235,204.450065
2026-03-22 10:29:00,204.447245,204.450365,204.083915,204.087585
2026-03-22 10:30:00,204.107255,204.334355,204.061595,204.332215
2026-03-22 10:31:00,204.324475,204.324475,204.018595,204.052435
2026-03-22 10:32:00,204.041445,204.315165,204.041445,204.081555
2026-03-22 10:33:00,204.077235,204.275005,203.990705,204.096955
2026-03-22 10:34:00,204.100545,204.149895,203.941495,204.149895
2026-03-22 10:35:00,204.158395,204.196035,203.951755,203.990135
2026-03-22 10:36:00,203.981575,204.137505,203.910845,203.910845
2026-03-22 10:37:00,203.910655,204.057575,203.858995,203.885535
2026-03-22 10:38:00,203.889585,203.916935,203.722205,203.871025
2026-03-22 10:39:00,203.875105,203.878615,203.622415,203.741645
2026-03-22 10:40:00,203.721005,203.744825,203.352075,203.364475
2026-03-22 10:41:00,203.382385,203.486225,203.253125,203.318475
2026-03-22 10:42:00,203.334115,203.351425,203.252865,203.304175
2026-03-22 10:43:00,203.303515,203.499885,203.121015,203.487215
2026-03-22 10:44:00,203.490625,203.627915,203.488305,203.531335
2026-03-22 10:45:00,203.517085,203.730405,203.484515,203.615715
2026-03-22 10:46:00,203.611995,203.670245,203.561275,203.668085
2026-03-22 10:47:00,203.672325,203.718525,203.568835,203.580555
2026-03-22 10:48:00,203.571135,203.733415,203.571135,203.733415
2026-03-22 10:49:00,203.724575,203.965635,203.700065,203.840055
2026-03-22 10:50:00,203.837835,204.120555,203.789715,204.102705
2026-03-22 10:51:00,204.101345,204.285975,203.997775,203.997775
2026-03-22 10:52:00,203.997025,204.020375,203.875875,204.006185
2026-03-22 10:53:00,204.017855,204.202545,204.010765,204.138125
2026-03-22 10:54:00,204.140045,204.234055,204.038455,204.071145
2026-03-22 10:55:00,204.085935,204.381765,203.976175,204.300375
2026-03-22 10:56:00,204.300135,204.398015,204.100335,204.208275
2026-03-22 10:57:00,204.207425,204.209145,203.973405,204.066065
2026-03-22 10:58:00,204.052715,204.277815,204.052715,204.135705
2026-03-22 10:59:00,204.136465,204.167175,203.965285,203.998715
2026-03-22 11:00:00,203.998945,204.135765,203.925965,204.085625
2026-03-22 11:01:00,204.081225,204.146595,203.951905,203.958645
2026-03-22 11:02:00,203.956445,204.007715,203.831005,203.847865
2026-03-22 11:03:00,203.846045,203.949785,203.719835,203.840615
2026-03-22 11:04:00,203.841445,204.018815,203.821935,203.895335
2026-03-22 11:05:00,203.898915,203.912405,203.708025,203.708025
2026-03-22 11:06:00,203.705355,203.760775,203.536595,203.539055
2026-03-22 11:07:00,203.527065,203.536265,203.257505,203.324495
2026-03-22 11:08:00,203.327155,203.327155,202.977015,203.006425
2026-03-22 11:09:00,203.004045,203.095075,202.850335,202.894895
2026-03-22 11:10:00,202.894045,203.005955,202.831285,202.938585
2026-03-22 11:11:00,202.919795,203.000655,202.789445,202.947535
2026-03-22 11:12:00,202.947645,202.990765,202.717175,202.830285
2026-03-22 11:13:00,202.833545,202.914905,202.712965,202.712965
2026-03-22 11:14:00,202.695125,202.760475,202.582285,202.727445
2026-03-22 11:15:00,202.729685,202.805465,202.589875,202.800485
2026-03-22 11:16:00,202.803445,202.881925,202.742845,202.798015
2026-03-22 11:17:00,202.821335,202.973585,202.767965,202.833775
2026-03-22 11:18:00,202.825535,202.862235,202.757685,202.840195
2026-03-22 11:19:00,202.853515,202.908095,202.714765,202.829005
2026-03-22 11:20:00,202.824415,202.824825,202.661515,202.707775
2026-03-22 11:21:00,202.714865,202.970925,202.696585,202.970925
2026-03-22 11:22:00,202.974075,203.089315,202.905225,202.918505
2026-03-22 11:23:00,202.931955,203.159435,202.884885,202.908915
2026-03-22 11:24:00,202.907715,203.127035,202.907715,203.031895
2026-03-22 11:25:00,203.030215,203.266405,203.005955,203.266405
2026-03-22 11:26:00,203.267065,203.345665,203.056825,203.118055
2026-03-22 11:27:00,203.102395,203.202735,202.971245,202.980315
2026-03-22 11:28:00,202.981815,203.172135,202.908315,203.157085
2026-03-22 11:29:00,203.160015,203.270975,203.061595,203.220065
2026-03-22 11:30:00,203.217115,203.373965,203.175145,203.321235
2026-03-22 11:31:00,203.332955,203.379255,203.133965,203.243935
2026-03-22 11:32:00,203.234185,203.362135,203.170915,203.362135
2026-03-22 11:33:00,203.364785,203.626435,203.351935,203.489875
2026-03-22 11:34:00,203.481205,203.560015,203.309175,203.329575
2026-03-22 11:35:00,203.331405,203.444685,203.272435,203.403175
2026-03-22 11:36:00,203.398205,203.489605,203.210055,203.423565
2026-03-22 11:37:00,203.422775,203.538425,203.294915,203.355705
2026-03-22 11:38:00,203.353185,203.612735,203.332295,203.592735
2026-03-22 11:39:00,203.584445,203.821945,203.567685,203.719835
2026-03-22 11:40:00,203.721005,203.810915,203.655985,203.735685
2026-03-22 11:41:00,203.747145,203.852265,203.562885,203.706865
2026-03-22 11:42:00,203.703935,204.012625,203.696585,203.912435
2026-03-22 11:43:00,203.918845,204.072415,203.831175,203.981575
2026-03-22 11:44:00,203.982155,204.167145,203.958125,204.154785
2026-03-22 11:45:00,204.150815,204.330435,204.051625,204.255435
2026-03-22 11:46:00,204.256615,204.280345,203.946795,204.051465
2026-03-22 11:47:00,204.049355,204.177885,203.995985,204.157185
2026-03-22 11:48:00,204.159145,204.173945,203.605645,203.605645
2026-03-22 11:49:00,203.615505,203.707415,203.516635,203.687405
2026-03-22 11:50:00,203.688485,203.802285,203.544555,203.796725
2026-03-22 11:51:00,203.795715,203.795715,203.463115,203.524925
2026-03-22 11:52:00,203.539975,203.742335,203.539665,203.704695
2026-03-22 11:53:00,203.699725,203.866155,203.638905,203.866155
2026-03-22 11:54:00,203.868495,203.952785,203.428575,203.471505
2026-03-22 11:55:00,203.495825,203.539395,203.320675,203.450095
2026-03-22 11:56:00,203.442695,203.473835,203.252735,203.384915
2026-03-22 11:57:00,203.388755,203.533275,203.338375,203.521645
2026-03-22 11:58:00,203.521485,203.677365,203.336615,203.657695
2026-03-22 11:59:00,203.635855,203.756085,203.423165,203.449285
2026-03-22 12:00:00,203.439395,203.742625,203.378785,203.735475
2026-03-22 12:01:00,203.718485,203.721275,203.380945,203.383315
2026-03-22 12:02:00,203.378445,203.392865,203.117615,203.215095
2026-03-22 12:03:00,203.217915,203.391395,203.175025,203.200555
2026-03-22 12:04:00,203.189305,203.281945,203.139185,203.262665
2026-03-22 12:05:00,203.262355,203.305535,203.181465,203.233145
2026-03-22 12:06:00,203.237115,203.444495,203.170255,203.432355
2026-03-22 12:07:00,203.435435,203.499635,203.302195,203.411585
2026-03-22 12:08:00,203.409985,203.453505,203.348735,203.402355
2026-03-22 12:09:00,203.398295,203.415485,203.177355,203.213885
2026-03-22 12:10:00,203.217585,203.359385,203.177335,203.305475
2026-03-22 12:11:00,203.283265,203.422255,203.254625,203.413215
2026-03-22 12:12:00,203.425375,203.446185,203.243855,203.286165
2026-03-22 12:13:00,203.311675,203.402415,203.262755,203.299235
2026-03-22 12:14:00,203.329235,203.393315,203.211705,203.219445
2026-03-22 12:15:00,203.220955,203.325315,203.139465,203.154925
2026-03-22 12:16:00,203.151115,203.159475,202.929875,203.064185
2026-03-22 12:17:00,203.062335,203.210585,202.990065,203.143275
2026-03-22 12:18:00,203.146415,203.196545,203.052135,203.196545
2026-03-22 12:19:00,203.188655,203.289745,203.116895,203.267265
2026-03-22 12:20:00,203.282955,203.314395,203.148115,203.266685
2026-03-22 12:21:00,203.274355,203.565725,203.271175,203.492425
2026-03-22 12:22:00,203.497755,203.603045,203.424565,203.503005
2026-03-22 12:23:00,203.506965,203.566535,203.426695,203.492355
2026-03-22 12:24:00,203.494965,203.559305,203.469925,203.511735
2026-03-22 12:25:00,203.495045,203.506595,203.194555,203.241585
2026-03-22 12:26:00,203.255625,203.449865,203.171165,203.384095
2026-03-22 12:27:00,203.381225,203.676365,203.359615,203.621335
2026-03-22 12:28:00,203.607305,203.815035,203.483885,203.694205
2026-03-22 12:29:00,203.686425,203.842785,203.654985,203.752715
2026-03-22 12:30:00,203.773675,203.773675,203.318075,203.449015
2026-03-22 12:31:00,203.457835,203.554715,203.296265,203.363435
2026-03-22 12:32:00,203.368545,203.669605,203.316385,203.652045
2026-03-22 12:33:00,203.651115,203.696235,203.312245,203.399025
2026-03-22 12:34:00,203.406345,203.486565,203.194415,203.228295
2026-03-22 12:35:00,203.227755,203.390255,203.124815,203.381165
2026-03-22 12:36:00,203.380265,203.408595,203.218045,203.285085
2026-03-22 12:37:00,203.284105,203.421045,203.230535,203.230535
2026-03-22 12:38:00,203.235235,203.429535,203.201415,203.241245
2026-03-22 12:39:00,203.237655,203.269625,203.123815,203.244675
2026-03-22 12:40:00,203.229125,203.341865,203.063875,203.137915
2026-03-22 12:41:00,203.145575,203.149055,202.978715,203.063415
2026-03-22 12:42:00,203.063655,203.257165,203.023275,203.161995
2026-03-22 12:43:00,203.158005,203.219305,202.987625,202.996575
2026-03-22 12:44:00,203.000995,203.011345,202.765315,202.873805
2026-03-22 12:45:00,202.857435,203.004675,202.828565,202.850085
2026-03-22 12:46:00,202.845685,202.886425,202.753535,202.800955
2026-03-22 12:47:00,202.807665,202.835235,202.613715,202.688015
2026-03-22 12:48:00,202.674205,202.969395,202.654545,202.938905
2026-03-22 12:49:00,202.935185,202.951795,202.654255,202.654255
2026-03-22 12:50:00,202.657475,202.682995,202.280695,202.326495
2026-03-22 12:51:00,202.330015,202.428015,202.279035,202.309415
2026-03-22 12:52:00,202.291985,202.407375,202.243985,202.383075
2026-03-22 12:53:00,202.384125,202.384405,202.155035,202.198115
2026-03-22 12:54:00,202.195945,202.454525,202.194305,202.447675
2026-03-22 12:55:00,202.438495,202.454935,202.285655,202.321425
2026-03-22 12:56:00,202.324275,202.326565,201.987775,202.084195
2026-03-22 12:57:00,202.083305,202.423115,202.057095,202.402765
2026-03-22 12:58:00,202.403505,202.783445,202.403505,202.767115
2026-03-22 12:59:00,202.764765,202.767195,202.516685,202.520745
2026-03-22 13:00:00,202.511365,202.556825,202.385895,202.385895
2026-03-22 13:01:00,202.383755,202.515655,202.313125,202.403725
2026-03-22 13:02:00,202.405575,202.462375,202.268705,202.328345
2026-03-22 13:03:00,202.340935,202.395725,202.243325,202.369565
2026-03-22 13:04:00,202.368715,202.586995,202.346915,202.500155
2026-03-22 13:05:00,202.496045,202.921205,202.455355,202.840535
2026-03-22 13:06:00,202.835215,202.875125,202.698985,202.827395
2026-03-22 13:07:00,202.826565,202.869845,202.594685,202.692695
2026-03-22 13:08:00,202.690455,202.804765,202.662475,202.725715
2026-03-22 13:09:00,202.725075,203.012165,202.695825,202.864075
2026-03-22 13:10:00,202.867795,202.939925,202.811215,202.832325
2026-03-22 13:11:00,202.823735,203.012685,202.821375,202.931215
2026-03-22 13:12:00,202.933135,203.015815,202.773355,202.785845
2026-03-22 13:13:00,202.782355,202.879825,202.719915,202.825425
2026-03-22 13:14:00,202.814455,202.819245,202.616375,202.633175
2026-03-22 13:15:00,202.628785,202.834945,202.486415,202.544845
2026-03-22 13:16:00,202.530545,202.714145,202.502325,202.677495
2026-03-22 13:17:00,202.683135,202.775065,202.405095,202.455565
2026-03-22 13:18:00,202.455365,202.468405,202.334035,202.393185
2026-03-22 13:19:00,202.394385,202.569845,202.360705,202.429745
2026-03-22 13:20:00,202.431525,202.539775,202.412875,202.466735
2026-03-22 13:21:00,202.468255,202.875735,202.461935,202.836345
2026-03-22 13:22:00,202.854145,203.086215,202.842785,203.009465
2026-03-22 13:23:00,202.999285,203.077955,202.837815,202.871585
2026-03-22 13:24:00,202.864925,203.011025,202.804835,202.990665
2026-03-22 13:25:00,202.993675,203.058325,202.866165,203.051325
2026-03-22 13:26:00,203.047415,203.142975,203.003595,203.010985
2026-03-22 13:27:00,203.030425,203.377305,202.996465,203.373275
2026-03-22 13:28:00,203.376525,203.385375,203.210655,203.326635
2026-03-22 13:29:00,203.323305,203.351625,203.094965,203.120535
2026-03-22 13:30:00,203.115295,203.115295,202.826255,202.994505
2026-03-22 13:31:00,202.995255,203.140045,202.926665,203.097595
2026-03-22 13:32:00,203.093535,203.106495,202.753415,202.753415
2026-03-22 13:33:00,202.756935,202.762835,202.469655,202.537325
2026-03-22 13:34:00,202.541125,202.560155,202.391555,202.432265
2026-03-22 13:35:00,202.431115,202.539005,202.390495,202.405315
2026-03-22 13:36:00,202.404055,202.514015,202.368275,202.455025
2026-03-22 13:37:00,202.455555,202.880245,202.425585,202.847215
2026-03-22 13:38:00,202.850945,203.127045,202.823655,203.068045
2026-03-22 13:39:00,203.065255,203.110415,202.913365,203.023375
2026-03-22 13:40:00,203.003625,203.014125,202.835435,202.875565
2026-03-22 13:41:00,202.877025,203.021345,202.687895,202.816405
2026-03-22 13:42:00,202.814695,203.021885,202.644185,202.646465
2026-03-22 13:43:00,202.641875,202.871795,202.641875,202.700605
2026-03-22 13:44:00,202.698565,202.886895,202.654975,202.790315
2026-03-22 13:45:00,202.787425,202.839475,202.467625,202.467625
2026-03-22 13:46:00,202.463935,202.525325,202.226875,202.264575
2026-03-22 13:47:00,202.268175,202.296395,201.964215,202.035545
2026-03-22 13:48:00,202.038455,202.038455,201.735705,201.768405
2026-03-22 13:49:00,201.766625,201.768185,201.628845,201.645015
2026-03-22 13:50:00,201.653275,201.675105,201.547105,201.612525
2026-03-22 13:51:00,201.609245,201.855005,201.605735,201.823235
2026-03-22 13:52:00,201.830975,202.045025,201.787475,201.853185
2026-03-22 13:53:00,201.836985,201.905165,201.757415,201.812755
2026-03-22 13:54:00,201.814695,201.814695,201.585045,201.609235
2026-03-22 13:55:00,201.606175,201.631315,201.363895,201.365625
2026-03-22 13:56:00,201.358675,201.408505,201.294795,201.365565
2026-03-22 13:57:00,201.362595,201.364205,201.108645,201.152695
2026-03-22 13:58:00,201.146325,201.308285,201.114555,201.265735
2026-03-22 13:59:00,201.292725,201.377175,201.224985,201.369125
2026-03-22 14:00:00,201.372605,201.390115,201.198325,201.210045
2026-03-22 14:01:00,201.207335,201.467125,201.182345,201.466345
2026-03-22 14:02:00,201.478315,201.488175,201.242705,201.427285
2026-03-22 14:03:00,201.419105,201.460255,201.051875,201.051875
2026-03-22 14:04:00,201.047905,201.193415,201.022955,201.096765
2026-03-22 14:05:00,201.104625,201.127065,200.875565,200.904055
2026-03-22 14:06:00,200.907925,201.063015,200.784935,201.037965
2026-03-22 14:07:00,201.039955,201.270985,200.998015,201.252595
2026-03-22 14:08:00,201.254645,201.327705,201.130835,201.131765
2026-03-22 14:09:00,201.130915,201.186425,201.005205,201.115925
2026-03-22 14:10:00,201.114105,201.212115,201.018215,201.159805
2026-03-22 14:11:00,201.166455,201.231465,201.033995,201.057385
2026-03-22 14:12:00,201.065945,201.124825,200.864205,200.892985
2026-03-22 14:13:00,200.899305,200.960645,200.726055,200.842595
2026-03-22 14:14:00,200.834845,200.896725,200.663245,200.732335
2026-03-22 14:15:00,200.731725,200.786985,200.684625,200.741035
2026-03-22 14:16:00,200.737605,200.879855,200.735415,200.868385
2026-03-22 14:17:00,200.866345,200.911055,200.776375,200.812465
2026-03-22 14:18:00,200.807345,200.998085,200.806465,200.887225
2026-03-22 14:19:00,200.898475,201.072925,200.780275,200.948225
2026-03-22 14:20:00,200.952225,201.203845,200.952225,201.050415
2026-03-22 14:21:00,201.042945,201.183285,200.982435,201.043945
2026-03-22 14:22:00,201.046315,201.076045,200.901905,201.035045
2026-03-22 14:23:00,201.032345,201.073235,200.863255,201.040075
2026-03-22 14:24:00,201.041035,201.278775,200.951815,201.213405
2026-03-22 14:25:00,201.230515,201.275125,200.956375,201.021685
2026-03-22 14:26:00,201.030235,201.147875,200.949025,201.112635
2026-03-22 14:27:00,201.114495,201.170825,201.015345,201.106235
2026-03-22 14:28:00,201.102025,201.110415,200.911285,200.945065
2026-03-22 14:29:00,200.946785,201.287285,200.930115,201.267955
2026-03-22 14:30:00,201.261685,201.303215,201.160445,201.182805
2026-03-22 14:31:00,201.179675,201.263515,200.846025,200.861555
2026-03-22 14:32:00,200.858205,201.002585,200.769065,200.940865
2026-03-22 14:33:00,200.958935,201.147895,200.949045,201.106825
2026-03-22 14:34:00,201.105005,201.262135,201.074595,201.262135
2026-03-22 14:35:00,201.263535,201.437145,201.247285,201.282895
2026-03-22 14:36:00,201.255345,201.270025,201.000585,201.226995
2026-03-22 14:37:00,201.222845,201.493125,201.088785,201.438875
2026-03-22 14:38:00,201.433255,201.463695,201.253275,201.463695
2026-03-22 14:39:00,201.477545,201.803315,201.391825,201.688825
2026-03-22 14:40:00,201.688885,201.688885,201.469755,201.469755
2026-03-22 14:41:00,201.491705,201.588415,201.426505,201.538955
2026-03-22 14:42:00,201.539275,201.709765,201.522145,201.689305
2026-03-22 14:43:00,201.688495,201.946615,201.677125,201.936075
2026-03-22 14:44:00,201.935175,202.074535,201.916735,201.962975
2026-03-22 14:45:00,201.965935,201.966005,201.816165,201.832695
2026-03-22 14:46:00,201.828635,201.859775,201.644225,201.654985
2026-03-22 14:47:00,201.670095,201.813445,201.620905,201.693015
2026-03-22 14:48:00,201.685705,201.741135,201.610555,201.657415
2026-03-22 14:49:00,201.655725,201.836575,201.441805,201.786395
2026-03-22 14:50:00,201.783695,201.969485,201.711035,201.720125
2026-03-22 14:51:00,201.724345,201.728675,201.315725,201.375815
2026-03-22 14:52:00,201.364965,201.380585,201.194445,201.254305
2026-03-22 14:53:00,201.246925,201.247275,201.045055,201.130125
2026-03-22 14:54:00,201.127485,201.645075,201.087355,201.637615
2026-03-22 14:55:00,201.639495,201.652405,201.398035,201.443605
2026-03-22 14:56:00,201.438735,201.545035,201.292695,201.402745
2026-03-22 14:57:00,201.393965,201.602315,201.369435,201.602315
2026-03-22 14:58:00,201.615635,201.682895,201.147085,201.185165
2026-03-22 14:59:00,201.179885,201.239675,201.034125,201.111285
2026-03-22 15:00:00,201.107215,201.162915,200.942195,201.009195
2026-03-22 15:01:00,201.022895,201.182755,200.984975,201.162405
2026-03-22 15:02:00,201.174595,201.334425,201.106795,201.246045
2026-03-22 15:03:00,201.243315,201.359685,201.057945,201.259825
2026-03-22 15:04:00,201.257745,201.337885,201.117535,201.237445
2026-03-22 15:05:00,201.238475,201.293265,201.121305,201.244685
2026-03-22 15:06:00,201.238995,201.639955,201.196195,201.639955
2026-03-22 15:07:00,201.639615,201.818175,201.615625,201.770905
2026-03-22 15:08:00,201.768285,201.889355,201.628925,201.765755
2026-03-22 15:09:00,201.771995,201.835835,201.644025,201.708715
2026-03-22 15:10:00,201.708075,201.708075,201.567015,201.636055
2026-03-22 15:11:00,201.631925,201.632335,201.380975,201.428585
2026-03-22 15:12:00,201.431055,201.632245,201.302055,201.557075
2026-03-22 15:13:00,201.551345,201.649115,201.472575,201.545445
2026-03-22 15:14:00,201.549785,201.594475,201.434685,201.462515
2026-03-22 15:15:00,201.460495,201.541565,201.254325,201.271835
2026-03-22 15:16:00,201.271765,201.441495,201.256575,201.296305
2026-03-22 15:17:00,201.294885,201.294885,201.065945,201.142735
2026-03-22 15:18:00,201.141365,201.354035,201.136265,201.320595
2026-03-22 15:19:00,201.332225,201.447115,201.288635,201.360885
2026-03-22 15:20:00,201.365265,201.667625,201.365265,201.656285
2026-03-22 15:21:00,201.658565,201.754945,201.569675,201.571855
2026-03-22 15:22:00,201.575555,201.609695,201.338995,201.591415
2026-03-22 15:23:00,201.589995,201.618015,201.297965,201.300025
2026-03-22 15:24:00,201.296065,201.320235,201.095815,201.173795
2026-03-22 15:25:00,201.177635,201.224485,201.073615,201.215585
2026-03-22 15:26:00,201.171265,201.224375,201.035285,201.039575
2026-03-22 15:27:00,201.039535,201.226205,200.892015,201.074885
2026-03-22 15:28:00,201.072995,201.227235,201.054095,201.217075
2026-03-22 15:29:00,201.241275,201.347585,201.058055,201.141685
2026-03-22 15:30:00,201.139915,201.190055,200.961735,201.137065
2026-03-22 15:31:00,201.130645,201.145455,200.989255,201.072535
2026-03-22 15:32:00,201.075435,201.108605,200.887745,200.960565
2026-03-22 15:33:00,200.961635,201.039115,200.827005,200.895515
2026-03-22 15:34:00,200.899035,200.906655,200.650925,200.650925
2026-03-22 15:35:00,200.663265,200.807065,200.615785,200.774735
2026-03-22 15:36:00,200.768855,200.795395,200.641325,200.783575
2026-03-22 15:37:00,200.811135,200.947305,200.735945,200.754295
2026-03-22 15:38:00,200.752765,200.906195,200.654265,200.830775
2026-03-22 15:39:00,200.831635,200.910025,200.703855,200.722235
2026-03-22 15:40:00,200.733505,200.888495,200.718085,200.748665
2026-03-22 15:41:00,200.745385,200.769755,200.626035,200.730935
2026-03-22 15:42:00,200.718125,200.732195,200.525295,200.562265
2026-03-22 15:43:00,200.556445,200.641275,200.512365,200.619275
2026-03-22 15:44:00,200.627495,200.636555,200.210735,200.221745
2026-03-22 15:45:00,200.220215,200.311505,200.067535,200.089305
2026-03-22 15:46:00,200.083055,200.529815,200.072065,200.323035
2026-03-22 15:47:00,200.326995,200.399145,200.257115,200.374445
2026-03-22 15:48:00,200.368335,200.651965,200.325475,200.644195
2026-03-22 15:49:00,200.636335,201.007165,200.602945,201.001935
2026-03-22 15:50:00,200.982655,201.059925,200.894265,200.925905
2026-03-22 15:51:00,200.923455,201.084055,200.837855,200.995585
2026-03-22 15:52:00,200.980565,201.142225,200.957895,201.107975
2026-03-22 15:53:00,201.114135,201.114135,200.682945,200.787275
2026-03-22 15:54:00,200.785495,200.789505,200.594555,200.597435
2026-03-22 15:55:00,200.598475,200.780695,200.503985,200.774735
2026-03-22 15:56:00,200.767285,200.958205,200.638185,200.825995
2026-03-22 15:57:00,200.823335,200.917405,200.685455,200.901805
2026-03-22 15:58:00,200.883985,200.929655,200.739775,200.929655
2026-03-22 15:59:00,200.929975,200.976575,200.698475,200.810655
2026-03-22 16:00:00,200.815685,201.268645,200.799025,201.198035
2026-03-22 16:01:00,201.208995,201.324445,200.885065,200.928545
2026-03-22 16:02:00,200.920385,201.081595,200.908405,201.013705
2026-03-22 16:03:00,201.011505,201.153675,200.926695,200.989885
2026-03-22 16:04:00,200.990475,201.009765,200.547955,200.561105
2026-03-22 16:05:00,200.561435,200.662335,200.476415,200.654585
2026-03-22 16:06:00,200.658685,201.113345,200.654245,200.998115
2026-03-22 16:07:00,200.987885,201.263485,200.966525,201.176545
2026-03-22 16:08:00,201.159085,201.416745,201.082125,201.416745
2026-03-22 16:09:00,201.411195,201.411195,201.211335,201.408205
2026-03-22 16:10:00,201.410245,201.485085,201.236565,201.440005
2026-03-22 16:11:00,201.438185,201.543805,201.381405,201.515175
2026-03-22 16:12:00,201.517585,201.743345,201.517585,201.707295
2026-03-22 16:13:00,201.699515,201.879835,201.626795,201.869985
2026-03-22 16:14:00,201.876945,201.889215,201.643695,201.738345
2026-03-22 16:15:00,201.735515,201.854255,201.710735,201.738555
2026-03-22 16:16:00,201.728885,201.842485,201.728885,201.754945
2026-03-22 16:17:00,201.759265,201.781335,201.577325,201.726285
2026-03-22 16:18:00,201.728315,201.929065,201.725455,201.877435
2026-03-22 16:19:00,201.852805,201.941305,201.721575,201.820675
2026-03-22 16:20:00,201.826695,202.095975,201.803765,202.091535
2026-03-22 16:21:00,202.061415,202.568815,202.060815,202.433245
2026-03-22 16:22:00,202.434335,202.527155,202.402765,202.473055
2026-03-22 16:23:00,202.471845,202.608515,202.209875,202.293585
2026-03-22 16:24:00,202.288415,202.342215,202.036805,202.059605
2026-03-22 16:25:00,202.059635,202.147815,201.849015,201.850645
2026-03-22 16:26:00,201.844095,201.963525,201.712095,201.907325
2026-03-22 16:27:00,201.891835,202.146425,201.877395,202.135715
2026-03-22 16:28:00,202.135535,202.398425,202.127945,202.347195
2026-03-22 16:29:00,202.344685,202.386045,202.039995,202.056435
2026-03-22 16:30:00,202.059995,202.103315,201.944355,202.020765
2026-03-22 16:31:00,202.022925,202.183555,201.998755,202.105245
2026-03-22 16:32:00,202.110285,202.205105,201.924385,201.990135
2026-03-22 16:33:00,201.986865,202.141345,201.906075,202.130405
2026-03-22 16:34:00,202.134945,202.210635,202.014285,202.042635
2026-03-22 16:35:00,202.050765,202.418215,201.877665,202.413925
2026-03-22 16:36:00,202.415275,202.415715,202.066485,202.105615
2026-03-22 16:37:00,202.104565,202.159375,201.978415,201.978415
2026-03-22 16:38:00,201.980285,201.993195,201.811145,201.886875
2026-03-22 16:39:00,201.883705,201.994635,201.817945,201.883675
2026-03-22 16:40:00,201.896975,201.911195,201.726665,201.738435
2026-03-22 16:41:00,201.737665,201.747295,201.506175,201.542355
2026-03-22 16:42:00,201.545585,201.728785,201.445715,201.723105
2026-03-22 16:43:00,201.724325,201.853685,201.650725,201.695235
2026-03-22 16:44:00,201.694345,201.735565,201.482695,201.567535
2026-03-22 16:45:00,201.556105,201.813905,201.480835,201.810155
2026-03-22 16:46:00,201.810785,201.881225,201.686975,201.687085
2026-03-22 16:47:00,201.682945,201.706565,201.584415,201.646055
2026-03-22 16:48:00,201.669655,201.744265,201.532285,201.598235
2026-03-22 16:49:00,201.598155,201.818515,201.598155,201.758385
2026-03-22 16:50:00,201.735735,201.798025,201.662375,201.759015
2026-03-22 16:51:00,201.742445,201.833595,201.703285,201.782665
2026-03-22 16:52:00,201.780945,201.947215,201.671955,201.940235
2026-03-22 16:53:00,201.941075,202.136265,201.921935,202.024805
2026-03-22 16:54:00,202.016495,202.119865,201.896665,202.006475
2026-03-22 16:55:00,201.999735,201.999735,201.779785,201.898315
2026-03-22 16:56:00,201.896765,202.160735,201.859585,202.114415
2026-03-22 16:57:00,202.112995,202.242455,202.078565,202.191825
2026-03-22 16:58:00,202.189105,202.233785,201.992475,201.998615
2026-03-22 16:59:00,202.001055,202.327085,201.987025,202.313905
2026-03-22 17:00:00,202.313065,202.333435,202.002055,202.220465
2026-03-22 17:01:00,202.223435,202.275565,201.819775,201.820145
2026-03-22 17:02:00,201.822785,201.822785,201.572905,201.601865
2026-03-22 17:03:00,201.602655,201.656925,201.414515,201.656925
2026-03-22 17:04:00,201.648655,201.710155,201.576435,201.652785
2026-03-22 17:05:00,201.643455,202.039055,201.610935,201.986705
2026-03-22 17:06:00,201.998615,202.008185,201.768595,201.802285
2026-03-22 17:07:00,201.800025,201.938505,201.641585,201.641585
2026-03-22 17:08:00,201.640585,201.761835,201.566715,201.760955
2026-03-22 17:09:00,201.775985,201.820585,201.657665,201.811285
2026-03-22 17:10:00,201.809885,201.854545,201.625665,201.681795
2026-03-22 17:11:00,201.678155,201.678255,201.527275,201.528955
2026-03-22 17:12:00,201.524535,201.576955,201.420285,201.549405
2026-03-22 17:13:00,201.545095,201.609235,201.191655,201.407505
2026-03-22 17:14:00,201.405325,201.488915,201.209025,201.209025
2026-03-22 17:15:00,201.212085,201.317475,201.029965,201.029965
2026-03-22 17:16:00,201.029405,201.055755,200.925195,201.042015
2026-03-22 17:17:00,201.049515,201.086915,200.787755,200.827445
2026-03-22 17:18:00,200.829235,200.970105,200.631895,200.732225
2026-03-22 17:19:00,200.723775,200.881235,200.707925,200.802405
2026-03-22 17:20:00,200.800895,200.850855,200.697805,200.698035
2026-03-22 17:21:00,200.701095,200.798415,200.624155,200.667475
2026-03-22 17:22:00,200.683435,200.907135,200.676645,200.875705
2026-03-22 17:23:00,200.837035,200.871545,200.682945,200.716785
2026-03-22 17:24:00,200.721345,200.802175,200.589725,200.708885
2026-03-22 17:25:00,200.710685,200.773695,200.455155,200.549815
2026-03-22 17:26:00,200.554085,200.621875,200.500705,200.595725
2026-03-22 17:27:00,200.591595,200.598835,200.413455,200.454975
2026-03-22 17:28:00,200.454795,200.663815,200.408835,200.579685
2026-03-22 17:29:00,200.582775,200.820845,200.518695,200.644595
2026-03-22 17:30:00,200.647785,200.728705,200.584765,200.614455
2026-03-22 17:31:00,200.625905,200.773215,200.574295,200.730565
2026-03-22 17:32:00,200.734145,200.734145,200.577095,200.577945
2026-03-22 17:33:00,200.577185,200.847755,200.510495,200.731205
2026-03-22 17:34:00,200.738595,200.738595,200.455585,200.593255
2026-03-22 17:35:00,200.591245,200.786755,200.591245,200.745195
2026-03-22 17:36:00,200.745205,200.762385,200.595295,200.620055
2026-03-22 17:37:00,200.621845,200.795165,200.601765,200.654765
2026-03-22 17:38:00,200.660115,200.766205,200.497385,200.497385
2026-03-22 17:39:00,200.496565,200.789125,200.460545,200.694635
2026-03-22 17:40:00,200.690795,200.884805,200.690795,200.813805
2026-03-22 17:41:00,200.811685,200.828825,200.689555,200.775595
2026-03-22 17:42:00,200.777245,200.913325,200.750085,200.835485
2026-03-22 17:43:00,200.838265,200.904875,200.678825,200.696835
2026-03-22 17:44:00,200.698855,200.896225,200.690855,200.768375
2026-03-22 17:45:00,200.767005,200.803205,200.652725,200.773225
2026-03-22 17:46:00,200.777735,201.002095,200.645865,200.645865
2026-03-22 17:47:00,200.640045,200.740615,200.632395,200.716655
2026-03-22 17:48:00,200.713855,200.832685,200.677955,200.776115
2026-03-22 17:49:00,200.777805,200.777855,200.558335,200.660715
2026-03-22 17:50:00,200.665725,200.665725,200.394165,200.520525
2026-03-22 17:51:00,200.522895,200.591715,200.369355,200.427765
2026-03-22 17:52:00,200.408655,200.628865,200.369635,200.450565
2026-03-22 17:53:00,200.451815,200.649925,200.352145,200.640945
2026-03-22 17:54:00,200.638485,200.807135,200.597445,200.795025
2026-03-22 17:55:00,200.799585,201.353525,200.744745,201.248725
2026-03-22 17:56:00,201.243935,201.392185,201.173975,201.257595
2026-03-22 17:57:00,201.266395,201.328895,201.054985,201.070955
2026-03-22 17:58:00,201.069735,201.133805,200.945995,201.058285
2026-03-22 17:59:00,201.062015,201.328385,201.043435,201.189425
2026-03-22 18:00:00,201.189975,201.344985,201.128935,201.271705
2026-03-22 18:01:00,201.271435,201.293525,201.074915,201.139895
2026-03-22 18:02:00,201.143145,201.450695,201.143145,201.408455
2026-03-22 18:03:00,201.398235,201.398235,200.947575,200.982115
2026-03-22 18:04:00,200.986125,201.083785,200.778125,201.069135
2026-03-22 18:05:00,201.076255,201.302935,201.002965,201.297945
2026-03-22 18:06:00,201.304785,201.470115,201.268145,201.448245
2026-03-22 18:07:00,201.450175,201.460055,201.303105,201.419185
2026-03-22 18:08:00,201.434275,201.716145,201.421365,201.605635
2026-03-22 18:09:00,201.627385,201.674495,201.478635,201.652085
2026-03-22 18:10:00,201.651305,201.737115,201.573095,201.646145
2026-03-22 18:11:00,201.644505,201.725305,201.576065,201.667825
2026-03-22 18:12:00,201.666545,201.919585,201.653485,201.763655
2026-03-22 18:13:00,201.765975,201.840505,201.579875,201.583835
2026-03-22 18:14:00,201.603405,201.849985,201.603405,201.735405
2026-03-22 18:15:00,201.738685,201.830695,201.695115,201.715985
2026-03-22 18:16:00,201.699305,202.028165,201.686205,202.028165
2026-03-22 18:17:00,202.036815,202.262555,202.012795,202.204055
2026-03-22 18:18:00,202.190125,202.544565,202.189385,202.514235
2026-03-22 18:19:00,202.516195,202.521005,202.292125,202.302185
2026-03-22 18:20:00,202.300415,202.576495,202.257925,202.534015
2026-03-22 18:21:00,202.533495,202.678365,202.452525,202.589175
2026-03-22 18:22:00,202.579595,202.608955,202.425065,202.519815
2026-03-22 18:23:00,202.519735,202.551385,202.325935,202.520585
2026-03-22 18:24:00,202.516355,202.827625,202.422205,202.827625
2026-03-22 18:25:00,202.828025,202.949015,202.765125,202.765125
2026-03-22 18:26:00,202.761985,202.790045,202.504835,202.625735
2026-03-22 18:27:00,202.602735,202.647495,202.422315,202.465995
2026-03-22 18:28:00,202.469165,202.499035,202.330495,202.364965
2026-03-22 18:29:00,202.363815,202.363815,202.222875,202.238825
2026-03-22 18:30:00,202.251005,202.438135,202.131745,202.438135
2026-03-22 18:31:00,202.435665,202.763005,202.401715,202.747785
2026-03-22 18:32:00,202.761745,202.893245,202.740085,202.781935
2026-03-22 18:33:00,202.777115,203.002765,202.750515,202.799795
2026-03-22 18:34:00,202.798205,202.807905,202.629325,202.640665
2026-03-22 18:35:00,202.636555,202.778535,202.599715,202.716505
2026-03-22 18:36:00,202.712635,202.749345,202.638835,202.727955
2026-03-22 18:37:00,202.725395,202.784385,202.497115,202.644785
2026-03-22 18:38:00,202.659255,202.767715,202.591805,202.646395
2026-03-22 18:39:00,202.645835,202.687315,202.549395,202.585715
2026-03-22 18:40:00,202.596285,202.746975,202.596285,202.668865
2026-03-22 18:41:00,202.687175,202.903105,202.638745,202.890055
2026-03-22 18:42:00,202.889545,203.398035,202.869335,203.390925
2026-03-22 18:43:00,203.390345,203.764585,203.390245,203.723665
2026-03-22 18:44:00,203.727745,203.932905,203.690005,203.805495
2026-03-22 18:45:00,203.799685,203.810165,203.591525,203.591525
2026-03-22 18:46:00,203.588685,203.677095,203.341735,203.581955
2026-03-22 18:47:00,203.584845,203.818225,203.509565,203.702765
2026-03-22 18:48:00,203.703185,203.799545,203.654255,203.753205
2026-03-22 18:49:00,203.753505,203.881005,203.680435,203.688435
2026-03-22 18:50:00,203.689815,204.002015,203.689815,203.943315
2026-03-22 18:51:00,203.945655,203.956745,203.634355,203.646545
2026-03-22 18:52:00,203.649355,203.807855,203.643865,203.666835
2026-03-22 18:53:00,203.650245,203.828595,203.505715,203.828595
2026-03-22 18:54:00,203.806445,203.871035,203.669235,203.694505
2026-03-22 18:55:00,203.710045,203.725635,203.554635,203.611065
2026-03-22 18:56:00,203.587325,203.799645,203.531545,203.790335
2026-03-22 18:57:00,203.781805,203.954675,203.719825,203.734285
2026-03-22 18:58:00,203.748985,203.840945,203.643125,203.643125
2026-03-22 18:59:00,203.646105,203.809105,203.512355,203.553035
2026-03-22 19:00:00,203.552455,203.703665,203.488945,203.684795
2026-03-22 19:01:00,203.687555,203.706645,203.482455,203.521205
2026-03-22 19:02:00,203.524895,203.729705,203.522735,203.647195
2026-03-22 19:03:00,203.648215,203.911315,203.640545,203.766685
2026-03-22 19:04:00,203.764675,203.786965,203.436065,203.465755
2026-03-22 19:05:00,203.464825,203.570055,203.410725,203.413345
2026-03-22 19:06:00,203.408395,203.603545,203.399055,203.484625
2026-03-22 19:07:00,203.465165,203.488705,203.245335,203.488705
2026-03-22 19:08:00,203.481785,203.595805,203.362785,203.447615
2026-03-22 19:09:00,203.449645,203.500815,203.350185,203.405155
2026-03-22 19:10:00,203.397045,203.529305,203.289965,203.474985
2026-03-22 19:11:00,203.479155,203.479155,203.279975,203.295815
2026-03-22 19:12:00,203.285245,203.341245,203.187895,203.194695
2026-03-22 19:13:00,203.184205,203.375925,203.099245,203.260385
2026-03-22 19:14:00,203.260975,203.337695,203.040185,203.040185
2026-03-22 19:15:00,203.039195,203.253705,203.023805,203.253615
2026-03-22 19:16:00,203.245495,203.277385,203.117715,203.119505
2026-03-22 19:17:00,203.114795,203.351655,203.100395,203.343825
2026-03-22 19:18:00,203.341245,203.742825,203.307745,203.633365
2026-03-22 19:19:00,203.631985,203.768535,203.594025,203.671045
2026-03-22 19:20:00,203.659355,203.772325,203.627255,203.631955
2026-03-22 19:21:00,203.634585,203.858635,203.565805,203.846015
2026-03-22 19:22:00,203.848645,203.871535,203.499415,203.540105
2026-03-22 19:23:00,203.539885,203.744195,203.428075,203.734455
2026-03-22 19:24:00,203.728795,203.729265,203.197525,203.247855
2026-03-22 19:25:00,203.242515,203.337225,203.157625,203.174265
2026-03-22 19:26:00,203.166185,203.299185,203.148765,203.201865
2026-03-22 19:27:00,203.193155,203.368735,203.186595,203.243275
2026-03-22 19:28:00,203.246095,203.246095,202.961645,203.109895
2026-03-22 19:29:00,203.105265,203.129765,202.955445,203.095525
2026-03-22 19:30:00,203.097365,203.316525,203.066345,203.310215
2026-03-22 19:31:00,203.307345,203.413995,203.224675,203.372175
2026-03-22 19:32:00,203.368365,203.504395,203.368365,203.399685
2026-03-22 19:33:00,203.392975,203.412005,203.222995,203.265655
2026-03-22 19:34:00,203.264705,203.340345,203.186585,203.324275
2026-03-22 19:35:00,203.325545,203.506715,203.274585,203.398385
2026-03-22 19:36:00,203.402765,203.585075,203.365785,203.521895
2026-03-22 19:37:00,203.533325,203.738145,203.527775,203.698445
2026-03-22 19:38:00,203.694215,203.787885,203.554925,203.733645
2026-03-22 19:39:00,203.728065,203.729745,203.466905,203.482725
2026-03-22 19:40:00,203.493345,203.722055,203.492665,203.688235
2026-03-22 19:41:00,203.673065,203.673065,203.392935,203.403205
2026-03-22 19:42:00,203.400675,203.536535,203.318675,203.413235
2026-03-22 19:43:00,203.409405,203.561135,203.405135,203.522435
2026-03-22 19:44:00,203.529985,203.624665,203.399335,203.591375
2026-03-22 19:45:00,203.573245,203.605615,203.421835,203.436545
2026-03-22 19:46:00,203.437965,203.623675,203.366885,203.469305
2026-03-22 19:47:00,203.475815,203.605775,203.450695,203.464535
2026-03-22 19:48:00,203.462785,203.566615,203.428235,203.496615
2026-03-22 19:49:00,203.487945,203.623155,203.431235,203.464925
2026-03-22 19:50:00,203.460365,203.548265,203.305595,203.388105
2026-03-22 19:51:00,203.386405,203.411875,203.146845,203.216385
2026-03-22 19:52:00,203.215465,203.215465,202.982995,203.110315
2026-03-22 19:53:00,203.108005,203.300865,203.093305,203.210945
2026-03-22 19:54:00,203.199215,203.230645,202.817855,202.845975
2026-03-22 19:55:00,202.842155,202.860645,202.703085,202.819375
2026-03-22 19:56:00,202.815625,202.927095,202.745475,202.905455
2026-03-22 19:57:00,202.906935,203.117995,202.718335,203.075735
2026-03-22 19:58:00,203.075295,203.078045,202.825345,202.825345
2026-03-22 19:59:00,202.823315,202.900815,202.671475,202.885145
2026-03-22 20:00:00,202.887155,203.218235,202.885425,203.177065
2026-03-22 20:01:00,203.174335,203.269325,203.085675,203.085675
2026-03-22 20:02:00,203.082655,203.325415,203.021765,203.280115
2026-03-22 20:03:00,203.289095,203.318655,202.921365,203.083085
2026-03-22 20:04:00,203.094145,203.178255,202.924535,202.968205
2026-03-22 20:05:00,202.966985,203.039155,202.913505,202.913505
2026-03-22 20:06:00,202.907885,202.917345,202.777655,202.807645
2026-03-22 20:07:00,202.803175,203.025845,202.785485,202.981015
2026-03-22 20:08:00,202.986175,203.064075,202.941955,203.017545
2026-03-22 20:09:00,203.019735,203.188345,202.973505,202.973505
2026-03-22 20:10:00,202.981525,203.062835,202.906735,202.912025
2026-03-22 20:11:00,202.914425,202.996645,202.770345,202.915605
2026-03-22 20:12:00,202.922225,203.030185,202.773155,202.838015
2026-03-22 20:13:00,202.853315,202.982975,202.810785,202.951275
2026-03-22 20:14:00,202.943825,203.112685,202.943155,203.021145
2026-03-22 20:15:00,203.018225,203.034155,202.678985,202.705535
2026-03-22 20:16:00,202.700145,202.942645,202.693295,202.759175
2026-03-22 20:17:00,202.758115,202.774605,202.587915,202.715345
2026-03-22 20:18:00,202.712365,202.864685,202.693985,202.860795
2026-03-22 20:19:00,202.865135,203.029965,202.819365,203.018875
2026-03-22 20:20:00,203.012545,203.106435,202.916605,202.929525
2026-03-22 20:21:00,202.927105,202.937495,202.785965,202.850615
2026-03-22 20:22:00,202.864675,202.922885,202.703155,202.754755
2026-03-22 20:23:00,202.757745,202.792525,202.571945,202.713365
2026-03-22 20:24:00,202.694695,202.869695,202.527055,202.563415
2026-03-22 20:25:00,202.565165,202.676495,202.535395,202.664685
2026-03-22 20:26:00,202.665365,202.901635,202.649535,202.861345
2026-03-22 20:27:00,202.862635,203.064685,202.815075,202.859865
2026-03-22 20:28:00,202.858485,202.966355,202.653205,202.754455
2026-03-22 20:29:00,202.758815,202.815435,202.670885,202.670885
2026-03-22 20:30:00,202.669085,202.706085,202.526015,202.597425
2026-03-22 20:31:00,202.594065,202.635905,202.513605,202.611705
2026-03-22 20:32:00,202.615475,202.786245,202.594245,202.776625
2026-03-22 20:33:00,202.774975,202.911985,202.774495,202.841055
2026-03-22 20:34:00,202.839715,203.205825,202.826265,203.205825
2026-03-22 20:35:00,203.197605,203.197605,202.862515,202.866945
2026-03-22 20:36:00,202.871365,202.898655,202.503145,202.524125
2026-03-22 20:37:00,202.528805,202.571235,202.388505,202.438825
2026-03-22 20:38:00,202.448575,202.532395,202.423335,202.447515
2026-03-22 20:39:00,202.449155,202.614825,202.383125,202.614825
2026-03-22 20:40:00,202.616105,202.801435,202.566165,202.779285
2026-03-22 20:41:00,202.778135,202.778135,202.547965,202.624325
2026-03-22 20:42:00,202.635485,202.635485,202.459575,202.523835
2026-03-22 20:43:00,202.521965,202.631775,202.447335,202.514655
2026-03-22 20:44:00,202.510315,202.542165,202.240785,202.267315
2026-03-22 20:45:00,202.255025,202.354165,202.125605,202.141725
2026-03-22 20:46:00,202.154715,202.358445,202.148525,202.291265
2026-03-22 20:47:00,202.287695,202.515745,202.287695,202.375115
2026-03-22 20:48:00,202.375785,202.517575,202.336975,202.336975
2026-03-22 20:49:00,202.342125,202.370695,202.114695,202.120725
2026-03-22 20:50:00,202.123845,202.208535,201.998945,202.011445
2026-03-22 20:51:00,202.009895,202.250985,201.968305,202.102675
2026-03-22 20:52:00,202.088615,202.206525,201.988575,202.052095
2026-03-22 20:53:00,202.062145,202.117825,201.746555,201.769445
2026-03-22 20:54:00,201.775485,201.823525,201.701705,201.761095
2026-03-22 20:55:00,201.765405,201.826675,201.516215,201.569135
2026-03-22 20:56:00,201.572175,201.603635,201.380715,201.593705
2026-03-22 20:57:00,201.597745,201.784065,201.591385,201.717485
2026-03-22 20:58:00,201.716235,201.802555,201.641245,201.735735
2026-03-22 20:59:00,201.742135,201.787375,201.419095,201.517955
2026-03-22 21:00:00,201.515335,201.628855,201.433795,201.511315
2026-03-22 21:01:00,201.507795,201.646855,201.447075,201.579405
2026-03-22 21:02:00,201.583325,201.587625,201.286925,201.294855
2026-03-22 21:03:00,201.290565,201.535345,201.253485,201.471925
2026-03-22 21:04:00,201.488495,201.656925,201.432035,201.513475
2026-03-22 21:05:00,201.513075,201.576075,201.393125,201.434545
2026-03-22 21:06:00,201.444865,201.547455,201.362985,201.491645
2026-03-22 21:07:00,201.476855,201.548175,201.389345,201.517945
2026-03-22 21:08:00,201.519555,201.639985,201.367075,201.609535
2026-03-22 21:09:00,201.606445,201.744285,201.594065,201.720425
2026-03-22 21:10:00,201.721635,201.843375,201.703195,201.802085
2026-03-22 21:11:00,201.803005,201.904445,201.743675,201.888395
2026-03-22 21:12:00,201.889855,201.982745,201.834085,201.834085
2026-03-22 21:13:00,201.831505,202.097635,201.823505,202.018215
2026-03-22 21:14:00,202.006185,202.152245,201.934775,202.109705
2026-03-22 21:15:00,202.111465,202.214235,201.948125,202.195835
2026-03-22 21:16:00,202.196175,202.196175,202.000765,202.167185
2026-03-22 21:17:00,202.171815,202.327935,202.111305,202.196325
2026-03-22 21:18:00,202.187895,202.428635,202.187895,202.389355
2026-03-22 21:19:00,202.394155,202.438185,202.092505,202.148775
2026-03-22 21:20:00,202.155795,202.577115,202.146715,202.480275
2026-03-22 21:21:00,202.479475,202.517515,202.365095,202.389445
2026-03-22 21:22:00,202.365285,202.427365,202.275075,202.421035
2026-03-22 21:23:00,202.415715,202.540145,202.412705,202.536795
2026-03-22 21:24:00,202.537555,202.584575,202.316555,202.581305
2026-03-22 21:25:00,202.575345,202.666025,202.511555,202.666025
2026-03-22 21:26:00,202.686325,202.709115,202.364115,202.465365
2026-03-22 21:27:00,202.467895,202.549645,202.233555,202.549645
2026-03-22 21:28:00,202.536335,202.709515,202.529175,202.596425
2026-03-22 21:29:00,202.595485,202.729775,202.511375,202.716745
2026-03-22 21:30:00,202.719235,202.834495,202.589365,202.834495
2026-03-22 21:31:00,202.848095,202.923575,202.774695,202.855715
2026-03-22 21:32:00,202.843495,202.920825,202.633915,202.778515
2026-03-22 21:33:00,202.781315,202.850385,202.688255,202.778275
2026-03-22 21:34:00,202.776215,202.812095,202.605595,202.618315
2026-03-22 21:35:00,202.611235,203.095755,202.551595,203.089075
2026-03-22 21:36:00,203.109365,203.265855,203.098865,203.207025
2026-03-22 21:37:00,203.221755,203.282395,203.117855,203.176265
2026-03-22 21:38:00,203.174625,203.314275,203.070435,203.184275
2026-03-22 21:39:00,203.157975,203.267895,203.086105,203.225265
2026-03-22 21:40:00,203.221675,203.288575,203.089915,203.141615
2026-03-22 21:41:00,203.125115,203.339595,203.123155,203.210935
2026-03-22 21:42:00,203.210225,203.360415,202.923825,202.991845
2026-03-22 21:43:00,202.993215,203.044145,202.945645,202.945645
2026-03-22 21:44:00,202.943025,203.061525,202.842295,202.910715
2026-03-22 21:45:00,202.911995,202.971395,202.767815,202.804525
2026-03-22 21:46:00,202.804795,203.007235,202.804795,202.890705
2026-03-22 21:47:00,202.890565,203.350755,202.858785,203.332475
2026-03-22 21:48:00,203.329195,203.361585,203.247905,203.290675
2026-03-22 21:49:00,203.287155,203.413035,203.215945,203.308745
2026-03-22 21:50:00,203.305835,203.352525,202.877935,202.887275
2026-03-22 21:51:00,202.894365,202.896325,202.555745,202.570785
2026-03-22 21:52:00,202.572605,202.605095,202.425095,202.431025
2026-03-22 21:53:00,202.387445,202.631265,202.386675,202.621075
2026-03-22 21:54:00,202.591065,202.639685,202.462935,202.601755
2026-03-22 21:55:00,202.613605,202.699945,202.524665,202.542165
2026-03-22 21:56:00,202.537555,202.635885,202.353365,202.353365
2026-03-22 21:57:00,202.338415,202.623985,202.324325,202.620555
2026-03-22 21:58:00,202.604055,202.604055,202.354125,202.472225
2026-03-22 21:59:00,202.474005,202.656885,202.408685,202.580405
2026-03-22 22:00:00,202.577345,202.713055,202.428505,202.657265
2026-03-22 22:01:00,202.657275,202.715295,202.521465,202.609105
2026-03-22 22:02:00,202.609055,202.658715,202.449755,202.602885
2026-03-22 22:03:00,202.599135,202.749025,202.512945,202.669915
2026-03-22 22:04:00,202.677675,202.697795,202.465445,202.476895
2026-03-22 22:05:00,202.475785,202.549805,202.284685,202.295085
2026-03-22 22:06:00,202.298565,202.314395,201.992145,202.009705
2026-03-22 22:07:00,202.009005,202.252355,202.000725,202.067175
2026-03-22 22:08:00,202.069685,202.381505,201.970145,202.333045
2026-03-22 22:09:00,202.329935,202.657365,202.311945,202.641895
2026-03-22 22:10:00,202.641945,202.699385,202.442045,202.449245
2026-03-22 22:11:00,202.452915,202.667155,202.348075,202.649105
2026-03-22 22:12:00,202.645435,202.746935,202.607075,202.677605
2026-03-22 22:13:00,202.669995,202.711765,202.411495,202.481105
2026-03-22 22:14:00,202.483035,202.483035,202.108445,202.111645
2026-03-22 22:15:00,202.114115,202.247575,202.035295,202.205355
2026-03-22 22:16:00,202.193335,202.471515,202.139515,202.351845
2026-03-22 22:17:00,202.344035,202.520435,202.224455,202.463045
2026-03-22 22:18:00,202.456435,202.473825,202.179625,202.326265
2026-03-22 22:19:00,202.326495,202.423495,202.239885,202.346455
2026-03-22 22:20:00,202.356245,202.581525,202.356245,202.521505
2026-03-22 22:21:00,202.527025,202.543995,202.460785,202.485065
2026-03-22 22:22:00,202.483055,202.766085,202.447425,202.630925
2026-03-22 22:23:00,202.633605,202.667485,202.468865,202.652245
2026-03-22 22:24:00,202.696315,202.765465,202.631415,202.748175
2026-03-22 22:25:00,202.751665,202.956865,202.751665,202.877725
2026-03-22 22:26:00,202.873575,203.123635,202.807805,203.079155
2026-03-22 22:27:00,203.074865,203.182265,203.049735,203.100985
2026-03-22 22:28:00,203.100865,203.311025,203.099295,203.240525
2026-03-22 22:29:00,203.257095,203.425425,203.233505,203.350325
2026-03-22 22:30:00,203.346505,203.491025,203.332915,203.443225
2026-03-22 22:31:00,203.443925,203.586995,203.390935,203.507685
2026-03-22 22:32:00,203.505435,203.649915,203.444795,203.540285
2026-03-22 22:33:00,203.543655,203.808535,203.522775,203.781815
2026-03-22 22:34:00,203.777865,203.933355,203.734375,203.913895
2026-03-22 22:35:00,203.915555,203.962365,203.673585,203.684745
2026-03-22 22:36:00,203.683555,203.888235,203.656995,203.829005
2026-03-22 22:37:00,203.827725,203.827725,203.546945,203.546945
2026-03-22 22:38:00,203.546695,203.546955,203.358045,203.445595
2026-03-22 22:39:00,203.448585,203.746915,203.388755,203.715605
2026-03-22 22:40:00,203.713635,203.804675,203.561465,203.561465
2026-03-22 22:41:00,203.557985,203.655895,203.318125,203.642925
2026-03-22 22:42:00,203.640935,203.643145,203.467475,203.550445
2026-03-22 22:43:00,203.551515,203.610435,203.438815,203.586385
2026-03-22 22:44:00,203.590745,203.678855,203.400205,203.650655
2026-03-22 22:45:00,203.651205,203.788625,203.613065,203.681245
2026-03-22 22:46:00,203.685665,203.728665,203.519445,203.632595
2026-03-22 22:47:00,203.628555,203.650945,203.415125,203.521945
2026-03-22 22:48:00,203.523365,203.724975,203.523365,203.724975
2026-03-22 22:49:00,203.730765,203.827415,203.667015,203.673285
2026-03-22 22:50:00,203.673495,203.778735,203.464855,203.550105
2026-03-22 22:51:00,203.547285,203.696225,203.498045,203.611815
2026-03-22 22:52:00,203.614335,203.965885,203.614335,203.843325
2026-03-22 22:53:00,203.843845,203.922675,203.779395,203.852445
2026-03-22 22:54:00,203.865755,203.935655,203.790555,203.805865
2026-03-22 22:55:00,203.803995,203.936905,203.801465,203.882055
2026-03-22 22:56:00,203.885625,203.885625,203.623465,203.626785
2026-03-22 22:57:00,203.632255,203.632405,203.415505,203.415505
2026-03-22 22:58:00,203.415555,203.565965,203.346415,203.526875
2026-03-22 22:59:00,203.516425,203.516925,203.219545,203.219545
2026-03-22 23:00:00,203.216645,203.226715,202.912265,203.052755
2026-03-22 23:01:00,203.035075,203.239905,202.985765,203.239755
2026-03-22 23:02:00,203.239795,203.308355,203.127795,203.174915
2026-03-22 23:03:00,203.175685,203.499415,203.094475,203.431995
2026-03-22 23:04:00,203.429715,203.438965,203.077435,203.090555
2026-03-22 23:05:00,203.103535,203.248815,203.010935,203.184515
2026-03-22 23:06:00,203.181385,203.327515,203.154205,203.188335
2026-03-22 23:07:00,203.188095,203.344995,203.155535,203.292075
2026-03-22 23:08:00,203.295045,203.308195,203.157245,203.213145
2026-03-22 23:09:00,203.198885,203.297465,203.126645,203.130695
2026-03-22 23:10:00,203.129565,203.194565,202.950015,203.127875
2026-03-22 23:11:00,203.121635,203.260385,203.047645,203.204705
2026-03-22 23:12:00,203.195505,203.216455,202.934285,203.054895
2026-03-22 23:13:00,203.051685,203.103235,202.894915,202.926335
2026-03-22 23:14:00,202.929575,203.085065,202.915715,202.922195
2026-03-22 23:15:00,202.901605,202.943685,202.697245,202.716845
2026-03-22 23:16:00,202.699525,202.716255,202.470985,202.614045
2026-03-22 23:17:00,202.584475,202.782495,202.570615,202.708265
2026-03-22 23:18:00,202.705785,202.830695,202.602185,202.777465
2026-03-22 23:19:00,202.775875,202.859305,202.705705,202.811575
2026-03-22 23:20:00,202.803235,202.891085,202.681775,202.718045
2026-03-22 23:21:00,202.679225,202.826715,202.619195,202.826715
2026-03-22 23:22:00,202.828715,202.884685,202.547615,202.633485
2026-03-22 23:23:00,202.635495,202.860175,202.635495,202.836945
2026-03-22 23:24:00,202.833175,202.960075,202.704805,202.737355
2026-03-22 23:25:00,202.738885,202.740575,202.454495,202.604725
2026-03-22 23:26:00,202.624055,202.682205,202.194915,202.242235
2026-03-22 23:27:00,202.241985,202.302145,202.042275,202.068225
2026-03-22 23:28:00,202.065405,202.080355,201.898045,202.029145
2026-03-22 23:29:00,202.029465,202.084915,201.963815,202.012245
2026-03-22 23:30:00,202.010295,202.234055,201.942655,202.189675
2026-03-22 23:31:00,202.187295,202.341895,202.098345,202.273325
2026-03-22 23:32:00,202.284995,202.445565,202.210725,202.236945
2026-03-22 23:33:00,202.233385,202.239665,201.960325,202.064955
2026-03-22 23:34:00,202.036925,202.262105,202.014585,202.040645
2026-03-22 23:35:00,202.040975,202.115975,201.962795,202.030675
2026-03-22 23:36:00,202.033195,202.228135,202.029545,202.228135
2026-03-22 23:37:00,202.115815,202.176395,201.847115,201.850265
2026-03-22 23:38:00,201.846875,202.043685,201.764015,201.955685
2026-03-22 23:39:00,201.963675,202.020945,201.885865,201.919425
2026-03-22 23:40:00,201.919745,202.134225,201.898675,202.041365
2026-03-22 23:41:00,202.038275,202.102755,201.895625,201.940825
2026-03-22 23:42:00,201.943515,202.007815,201.839455,201.885835
2026-03-22 23:43:00,201.888015,201.888015,201.581925,201.621295
2026-03-22 23:44:00,201.609505,201.805225,201.516775,201.778775
2026-03-22 23:45:00,201.779555,202.110395,201.752645,202.110395
2026-03-22 23:46:00,202.113995,202.150745,202.006165,202.149795
2026-03-22 23:47:00,202.159775,202.208475,202.023665,202.141655
2026-03-22 23:48:00,202.135915,202.323515,202.129045,202.303485
2026-03-22 23:49:00,202.300785,202.450095,202.169345,202.450095
2026-03-22 23:50:00,202.439305,202.627495,202.384715,202.521545
2026-03-22 23:51:00,202.545935,202.731615,202.526145,202.681995
2026-03-22 23:52:00,202.679025,202.679025,202.456625,202.488345
2026-03-22 23:53:00,202.495355,202.720185,202.435195,202.690805
2026-03-22 23:54:00,202.709125,202.857475,202.513685,202.835085
2026-03-22 23:55:00,202.836845,203.173405,202.821475,203.170585
2026-03-22 23:56:00,203.172525,203.347925,203.015845,203.345905
2026-03-22 23:57:00,203.366135,203.401375,203.225935,203.225935
2026-03-22 23:58:00,203.219825,203.244135,202.988345,203.119955
2026-03-22 23:59:00,203.119105,203.165155,202.800735,202.841575
2026-03-23 00:00:00,202.822815,203.080405,202.767645,203.072545
2026-03-23 00:01:00,203.075615,203.133115,202.836015,202.848165
2026-03-23 00:02:00,202.863705,203.198235,202.804525,203.184915
2026-03-23 00:03:00,203.205265,203.217675,202.965985,203.047105
2026-03-23 00:04:00,203.055025,203.127775,202.963485,203.099505
2026-03-23 00:05:00,203.080855,203.127405,202.762445,202.805015
2026-03-23 00:06:00,202.804305,202.904645,202.706645,202.804585
2026-03-23 00:07:00,202.806875,202.910325,202.618925,202.902635
2026-03-23 00:08:00,202.906555,202.917945,202.742105,202.778695
2026-03-23 00:09:00,202.775455,202.931785,202.746335,202.930865
2026-03-23 00:10:00,202.931745,203.014695,202.848895,202.866695
2026-03-23 00:11:00,202.842065,202.853595,202.537475,202.589895
2026-03-23 00:12:00,202.606075,202.976805,202.602525,202.975265
2026-03-23 00:13:00,202.975165,203.071095,202.874775,202.929375
2026-03-23 00:14:00,202.943195,203.131945,202.799875,202.816715
2026-03-23 00:15:00,202.825485,202.930365,202.823955,202.834785
2026-03-23 00:16:00,202.835395,202.973085,202.674175,202.697975
2026-03-23 00:17:00,202.676725,202.754915,202.513845,202.529205
2026-03-23 00:18:00,202.529445,202.657705,202.472115,202.550505
2026-03-23 00:19:00,202.554545,202.799155,202.534275,202.785675
2026-03-23 00:20:00,202.778245,202.867165,202.634845,202.855355
2026-03-23 00:21:00,202.860345,202.894945,202.680305,202.689425
2026-03-23 00:22:00,202.690085,202.857705,202.641855,202.771905
2026-03-23 00:23:00,202.755555,202.984385,202.707145,202.984385
2026-03-23 00:24:00,202.980805,203.078495,202.950055,202.993025
2026-03-23 00:25:00,202.990095,203.278215,202.970995,203.278215
2026-03-23 00:26:00,203.277305,203.354585,203.225245,203.244235
2026-03-23 00:27:00,203.222665,203.230795,202.949085,203.131945
2026-03-23 00:28:00,203.133675,203.322255,203.047155,203.270565
2026-03-23 00:29:00,203.264245,203.281275,202.922155,202.922155
2026-03-23 00:30:00,202.926275,203.032115,202.822515,202.906575
2026-03-23 00:31:00,202.908295,203.037715,202.867345,202.934565
2026-03-23 00:32:00,202.920465,203.236115,202.910415,203.236115
2026-03-23 00:33:00,203.237425,203.332895,203.204815,203.314535
2026-03-23 00:34:00,203.317735,203.726525,203.283435,203.703925
2026-03-23 00:35:00,203.697565,203.855375,203.692265,203.788255
2026-03-23 00:36:00,203.785645,203.859175,203.732285,203.776775
2026-03-23 00:37:00,203.769865,203.946355,203.717475,203.838475
2026-03-23 00:38:00,203.839225,203.983115,203.782625,203.949945
2026-03-23 00:39:00,203.971995,204.211265,203.971995,204.159355
2026-03-23 00:40:00,204.157115,204.162855,203.896855,204.084125
2026-03-23 00:41:00,204.091865,204.202635,204.016875,204.158735
2026-03-23 00:42:00,204.160395,204.219025,204.092865,204.093985
2026-03-23 00:43:00,204.091905,204.286525,204.016115,204.151625
2026-03-23 00:44:00,204.154465,204.322955,204.083665,204.278375
2026-03-23 00:45:00,204.281345,204.456415,204.273695,204.319305
2026-03-23 00:46:00,204.315455,204.419185,204.212355,204.398135
2026-03-23 00:47:00,204.388235,204.411565,204.083665,204.115025
2026-03-23 00:48:00,204.116115,204.400965,204.020895,204.400965
2026-03-23 00:49:00,204.400235,204.494115,204.337845,204.408955
2026-03-23 00:50:00,204.414755,204.554675,204.324955,204.371475
2026-03-23 00:51:00,204.406845,204.469105,204.308055,204.364835
2026-03-23 00:52:00,204.356585,204.464135,204.308025,204.311895
2026-03-23 00:53:00,204.330675,204.424275,204.171145,204.171675
2026-03-23 00:54:00,204.170175,204.396785,204.170175,204.396785
2026-03-23 00:55:00,204.396665,204.431985,204.177885,204.194295
2026-03-23 00:56:00,204.198665,204.332305,204.132745,204.132745
2026-03-23 00:57:00,204.136755,204.157195,203.939215,203.982945
2026-03-23 00:58:00,203.984305,204.290955,203.949465,204.178105
2026-03-23 00:59:00,204.155335,204.275215,204.096925,204.161785
2026-03-23 01:00:00,204.155145,204.163805,203.665775,203.809965
2026-03-23 01:01:00,203.808935,203.889005,203.606005,203.606005
2026-03-23 01:02:00,203.610865,203.743775,203.542115,203.582285
2026-03-23 01:03:00,203.589635,203.934905,203.557145,203.924765
2026-03-23 01:04:00,203.927635,203.927635,203.521555,203.596765
2026-03-23 01:05:00,203.599705,203.703035,203.533335,203.539195
2026-03-23 01:06:00,203.531955,203.531955,203.154195,203.211555
2026-03-23 01:07:00,203.215175,203.382665,203.215175,203.367325
2026-03-23 01:08:00,203.362535,203.412475,203.177865,203.394805
2026-03-23 01:09:00,203.381545,203.474995,203.274965,203.396645
2026-03-23 01:10:00,203.394535,203.417025,203.201765,203.222245
2026-03-23 01:11:00,203.235825,203.357455,203.121015,203.192635
2026-03-23 01:12:00,203.175365,203.517075,203.129295,203.517075
2026-03-23 01:13:00,203.515265,203.571785,203.316025,203.347265
2026-03-23 01:14:00,203.344725,203.475695,202.876635,202.876635
2026-03-23 01:15:00,202.874715,203.033555,202.827545,202.988365
2026-03-23 01:16:00,202.995465,203.101895,202.836665,202.903425
2026-03-23 01:17:00,202.921235,203.144735,202.845555,203.139925
2026-03-23 01:18:00,203.130125,203.211235,203.016425,203.154275
2026-03-23 01:19:00,203.157675,203.530975,203.135415,203.452065
2026-03-23 01:20:00,203.452955,203.517325,203.345205,203.351745
2026-03-23 01:21:00,203.348705,203.586855,203.300675,203.464905
2026-03-23 01:22:00,203.460535,203.556805,203.239915,203.479015
2026-03-23 01:23:00,203.478665,203.496655,203.276475,203.322245
2026-03-23 01:24:00,203.320235,203.571095,203.298735,203.319075
2026-03-23 01:25:00,203.321215,203.356725,203.080895,203.147005
2026-03-23 01:26:00,203.144745,203.235055,203.084115,203.227775
2026-03-23 01:27:00,203.228275,203.448875,203.220315,203.435365
2026-03-23 01:28:00,203.423055,203.579205,203.260605,203.407985
2026-03-23 01:29:00,203.409215,203.746495,203.409215,203.626195
2026-03-23 01:30:00,203.606315,203.834615,203.463735,203.507295
2026-03-23 01:31:00,203.507145,203.588225,203.394725,203.426025
2026-03-23 01:32:00,203.418965,203.455065,203.210035,203.270845
2026-03-23 01:33:00,203.274885,203.313475,202.991505,203.051515
2026-03-23 01:34:00,203.049835,203.371085,202.998885,203.105895
2026-03-23 01:35:00,203.110135,203.147455,202.921435,202.989945
2026-03-23 01:36:00,202.990025,203.034935,202.936215,203.002795
2026-03-23 01:37:00,203.011405,203.149155,202.988285,203.125255
2026-03-23 01:38:00,203.133875,203.180545,202.929995,202.940255
2026-03-23 01:39:00,202.957805,203.172505,202.863265,203.161045
2026-03-23 01:40:00,203.157955,203.309865,203.156365,203.249985
2026-03-23 01:41:00,203.236905,203.346305,203.169285,203.197905
2026-03-23 01:42:00,203.197605,203.284565,203.135665,203.239125
2026-03-23 01:43:00,203.243195,203.278485,203.082505,203.278485
2026-03-23 01:44:00,203.279915,203.302575,203.099365,203.171115
2026-03-23 01:45:00,203.167855,203.201665,202.922135,203.038145
2026-03-23 01:46:00,203.032445,203.058515,202.908855,202.928515
2026-03-23 01:47:00,202.925115,203.040805,202.894105,202.965665
2026-03-23 01:48:00,202.963225,203.155195,202.959745,203.116425
2026-03-23 01:49:00,203.113855,203.191755,203.028325,203.066715
2026-03-23 01:50:00,203.069615,203.103705,202.956265,202.981185
2026-03-23 01:51:00,202.982985,203.172535,202.949865,203.109245
2026-03-23 01:52:00,203.112455,203.288885,203.101595,203.263005
2026-03-23 01:53:00,203.266085,203.266085,203.003845,203.007035
2026-03-23 01:54:00,202.996985,203.248895,202.991675,203.240125
2026-03-23 01:55:00,203.237755,203.253715,202.897945,202.943115
2026-03-23 01:56:00,202.939835,202.965385,202.838615,202.845825
2026-03-23 01:57:00,202.844535,202.851215,202.621125,202.641285
2026-03-23 01:58:00,202.637895,202.738805,202.578995,202.663775
2026-03-23 01:59:00,202.653695,202.775795,202.593415,202.755025
2026-03-23 02:00:00,202.762635,203.109175,202.762635,203.000875
2026-03-23 02:01:00,203.001125,203.017535,202.793135,202.797385
2026-03-23 02:02:00,202.798825,202.812935,202.433835,202.482075
2026-03-23 02:03:00,202.474765,202.649315,202.444425,202.634855
2026-03-23 02:04:00,202.630715,202.659355,202.469195,202.659355
2026-03-23 02:05:00,202.655455,202.770935,202.627855,202.752985
2026-03-23 02:06:00,202.737515,202.955065,202.624345,202.714375
2026-03-23 02:07:00,202.717625,202.927415,202.703045,202.898265
2026-03-23 02:08:00,202.897005,202.917295,202.519645,202.562195
2026-03-23 02:09:00,202.563085,202.636475,202.404615,202.516185
2026-03-23 02:10:00,202.516715,202.865685,202.464115,202.848835
2026-03-23 02:11:00,202.856915,202.858935,202.690285,202.785545
2026-03-23 02:12:00,202.787585,202.974575,202.776065,202.839675
2026-03-23 02:13:00,202.827255,203.026385,202.778645,202.896105
2026-03-23 02:14:00,202.897685,203.010255,202.747685,202.761915
2026-03-23 02:15:00,202.759325,203.014145,202.731565,202.981985
2026-03-23 02:16:00,202.980225,203.027205,202.883715,202.893965
2026-03-23 02:17:00,202.890545,202.947545,202.732845,202.900655
2026-03-23 02:18:00,202.909325,203.055635,202.752645,203.055635
2026-03-23 02:19:00,203.071545,203.275695,203.037945,203.077675
2026-03-23 02:20:00,203.081345,203.475515,203.059465,203.401245
2026-03-23 02:21:00,203.403825,203.784245,203.314975,203.762705
2026-03-23 02:22:00,203.740365,203.947765,203.675935,203.683565
2026-03-23 02:23:00,203.681635,203.681635,203.281135,203.306045
2026-03-23 02:24:00,203.306615,203.478065,203.112975,203.436785
2026-03-23 02:25:00,203.436925,203.470995,203.344275,203.417095
2026-03-23 02:26:00,203.430265,203.436435,203.207305,203.326115
2026-03-23 02:27:00,203.328335,203.359535,203.014395,203.037265
2026-03-23 02:28:00,203.039145,203.344425,203.021925,203.316245
2026-03-23 02:29:00,203.319575,203.603685,203.302325,203.543185
2026-03-23 02:30:00,203.536885,203.587695,203.413115,203.425435
2026-03-23 02:31:00,203.422555,203.526735,203.373505,203.391705
2026-03-23 02:32:00,203.374105,203.454785,203.192595,203.213285
2026-03-23 02:33:00,203.210255,203.317455,203.088395,203.145105
2026-03-23 02:34:00,203.143865,203.170705,203.043925,203.086485
2026-03-23 02:35:00,203.083955,203.202885,202.945435,203.202885
2026-03-23 02:36:00,203.203995,203.382685,203.091875,203.094215
2026-03-23 02:37:00,203.088605,203.139275,202.757705,202.810975
2026-03-23 02:38:00,202.807585,202.852395,202.620265,202.693625
2026-03-23 02:39:00,202.689465,202.689465,202.533525,202.673245
2026-03-23 02:40:00,202.673785,202.948935,202.611125,202.919795
2026-03-23 02:41:00,202.916575,202.967415,202.749205,202.920715
2026-03-23 02:42:00,202.924145,203.036485,202.757705,203.021225
2026-03-23 02:43:00,203.019625,203.069585,202.884525,202.911105
2026-03-23 02:44:00,202.916185,202.988775,202.727965,202.776745
2026-03-23 02:45:00,202.781355,202.930445,202.729035,202.792195
2026-03-23 02:46:00,202.789635,202.833765,202.677675,202.729415
2026-03-23 02:47:00,202.732405,202.753905,201.985625,201.998435
2026-03-23 02:48:00,201.991975,202.202555,201.974645,202.111285
2026-03-23 02:49:00,202.124505,202.298485,202.093325,202.298485
2026-03-23 02:50:00,202.324045,202.444575,202.231225,202.235645
2026-03-23 02:51:00,202.233505,202.402725,202.170135,202.395025
2026-03-23 02:52:00,202.392695,202.791065,202.392695,202.771515
2026-03-23 02:53:00,202.772835,202.855225,202.677845,202.683665
2026-03-23 02:54:00,202.673485,202.702935,202.550545,202.648385
2026-03-23 02:55:00,202.652215,202.771275,202.606705,202.701575
2026-03-23 02:56:00,202.731115,202.731115,202.267605,202.325455
2026-03-23 02:57:00,202.327955,202.366915,202.221085,202.250705
2026-03-23 02:58:00,202.253545,202.288045,202.120015,202.172025
2026-03-23 02:59:00,202.164865,202.256935,202.134315,202.153045
2026-03-23 03:00:00,202.160635,202.218735,201.895865,201.919525
2026-03-23 03:01:00,201.922335,202.009595,201.845715,201.967035
2026-03-23 03:02:00,201.966475,201.995365,201.722635,201.722635
2026-03-23 03:03:00,201.708705,201.797455,201.629995,201.753705
2026-03-23 03:04:00,201.747575,201.879125,201.652755,201.725205
2026-03-23 03:05:00,201.722145,201.794695,201.668635,201.739255
2026-03-23 03:06:00,201.739885,201.745925,201.611565,201.675325
2026-03-23 03:07:00,201.677855,201.691185,201.435675,201.435675
2026-03-23 03:08:00,201.436775,201.629405,201.422585,201.626425
2026-03-23 03:09:00,201.628415,201.639495,201.359235,201.369455
2026-03-23 03:10:00,201.370715,201.649985,201.315195,201.649985
2026-03-23 03:11:00,201.640075,201.692955,201.483795,201.599855
2026-03-23 03:12:00,201.595595,201.735375,201.527025,201.686445
2026-03-23 03:13:00,201.693855,201.717265,201.563995,201.673395
2026-03-23 03:14:00,201.669605,201.698545,201.452335,201.530425
2026-03-23 03:15:00,201.521965,201.651955,201.483815,201.609595
2026-03-23 03:16:00,201.609385,201.655585,201.483375,201.501155
2026-03-23 03:17:00,201.492595,201.494765,201.222445,201.346625
2026-03-23 03:18:00,201.347975,201.368665,201.162445,201.233725
2026-03-23 03:19:00,201.235635,201.317385,201.131055,201.213395
2026-03-23 03:20:00,201.207865,201.313945,201.126115,201.313945
2026-03-23 03:21:00,201.311545,201.395125,201.177105,201.395125
2026-03-23 03:22:00,201.390875,201.430935,201.286945,201.373105
2026-03-23 03:23:00,201.377025,201.632095,201.364725,201.598715
2026-03-23 03:24:00,201.599795,201.633815,201.509585,201.551565
2026-03-23 03:25:00,201.559215,201.614185,201.489975,201.606205
2026-03-23 03:26:00,201.604355,201.725625,201.442945,201.448535
2026-03-23 03:27:00,201.445885,201.770205,201.442785,201.698425
2026-03-23 03:28:00,201.694235,201.805245,201.650895,201.711485
2026-03-23 03:29:00,201.713745,201.888455,201.713745,201.756165
2026-03-23 03:30:00,201.755285,201.804265,201.620595,201.761555
2026-03-23 03:31:00,201.763435,201.848105,201.658295,201.658295
2026-03-23 03:32:00,201.654425,201.817125,201.622115,201.739815
2026-03-23 03:33:00,201.745445,201.847595,201.659095,201.771225
2026-03-23 03:34:00,201.774515,201.911695,201.773095,201.846755
2026-03-23 03:35:00,201.848725,201.887105,201.672985,201.684155
2026-03-23 03:36:00,201.693835,201.762895,201.614435,201.762895
2026-03-23 03:37:00,201.758225,201.895675,201.693505,201.805065
2026-03-23 03:38:00,201.803535,201.950855,201.699435,201.950855
2026-03-23 03:39:00,201.947105,202.020745,201.822015,201.869575
2026-03-23 03:40:00,201.866715,202.065435,201.728315,202.034075
2026-03-23 03:41:00,202.033245,202.143345,201.808325,201.812435
2026-03-23 03:42:00,201.823355,202.010815,201.744945,201.745515
2026-03-23 03:43:00,201.743225,201.883795,201.626165,201.883795
2026-03-23 03:44:00,201.881695,202.019385,201.820255,201.920085
2026-03-23 03:45:00,201.924195,202.055835,201.724245,201.965555
2026-03-23 03:46:00,201.962545,202.014415,201.819245,201.981005
2026-03-23 03:47:00,201.977755,201.977755,201.647465,201.803595
2026-03-23 03:48:00,201.785955,202.062655,201.745245,202.026055
2026-03-23 03:49:00,202.024155,202.159705,201.975115,201.986855
2026-03-23 03:50:00,201.989065,202.183855,201.955085,202.150815
2026-03-23 03:51:00,202.152915,202.215695,202.007385,202.029465
2026-03-23 03:52:00,202.005605,202.011855,201.804585,201.847665
2026-03-23 03:53:00,201.846175,201.859265,201.674415,201.803235
2026-03-23 03:54:00,201.797295,201.961615,201.782065,201.879195
2026-03-23 03:55:00,201.880545,202.041105,201.870515,202.005545
2026-03-23 03:56:00,202.005895,202.101805,201.891445,202.101805
2026-03-23 03:57:00,202.103655,202.387885,202.043875,202.373615
2026-03-23 03:58:00,202.371035,202.503255,202.270545,202.477915
2026-03-23 03:59:00,202.464205,202.474595,202.288455,202.391545
2026-03-23 04:00:00,202.392325,202.454525,202.279335,202.318705
2026-03-23 04:01:00,202.336375,202.387985,202.222015,202.256295
2026-03-23 04:02:00,202.258745,202.312215,202.093325,202.162835
2026-03-23 04:03:00,202.177035,202.238115,202.034655,202.184445
2026-03-23 04:04:00,202.166925,202.244595,202.114415,202.187045
2026-03-23 04:05:00,202.163625,202.208705,202.076675,202.165495
2026-03-23 04:06:00,202.161915,202.198155,201.927385,202.005985
2026-03-23 04:07:00,202.012745,202.042125,201.836905,201.903435
2026-03-23 04:08:00,201.907755,201.939095,201.733905,201.873165
2026-03-23 04:09:00,201.889785,201.978515,201.826505,201.890395
2026-03-23 04:10:00,201.883795,201.947805,201.655825,201.655825
2026-03-23 04:11:00,201.659005,201.737105,201.577515,201.660575
2026-03-23 04:12:00,201.653515,201.787695,201.596985,201.611015
2026-03-23 04:13:00,201.606135,201.659885,201.477925,201.513415
2026-03-23 04:14:00,201.530685,201.691145,201.487345,201.690195
2026-03-23 04:15:00,201.694145,201.697955,201.496615,201.496615
2026-03-23 04:16:00,201.499625,201.621265,201.393885,201.439145
2026-03-23 04:17:00,201.435585,201.465155,201.336555,201.342165
2026-03-23 04:18:00,201.360955,201.478655,201.287105,201.387465
2026-03-23 04:19:00,201.389965,201.647455,201.275675,201.584935
2026-03-23 04:20:00,201.594785,201.871245,201.594785,201.729295
2026-03-23 04:21:00,201.730165,201.864035,201.672725,201.775385
2026-03-23 04:22:00,201.774715,201.802195,201.676865,201.788425
2026-03-23 04:23:00,201.783275,202.150205,201.781485,202.150065
2026-03-23 04:24:00,202.158755,202.347425,202.089695,202.157205
2026-03-23 04:25:00,202.154185,202.184975,202.047215,202.171105
2026-03-23 04:26:00,202.201875,202.429245,202.174895,202.429245
2026-03-23 04:27:00,202.436815,202.604285,202.373565,202.418025
2026-03-23 04:28:00,202.417205,202.648645,202.375385,202.552695
2026-03-23 04:29:00,202.553315,202.705465,202.516745,202.518755
2026-03-23 04:30:00,202.526245,202.630485,202.449925,202.461825
2026-03-23 04:31:00,202.458825,202.490115,202.324775,202.415125
2026-03-23 04:32:00,202.409025,202.409025,202.112775,202.186355
2026-03-23 04:33:00,202.169615,202.169615,201.901875,202.018385
2026-03-23 04:34:00,202.021625,202.107095,201.941295,202.098255
2026-03-23 04:35:00,202.088105,202.100535,201.853485,201.998835
2026-03-23 04:36:00,202.001525,202.217135,201.979895,202.211505
2026-03-23 04:37:00,202.208915,202.590605,202.168125,202.545315
2026-03-23 04:38:00,202.548535,202.675395,202.477545,202.616895
2026-03-23 04:39:00,202.616945,202.956815,202.613515,202.931135
2026-03-23 04:40:00,202.927665,203.067285,202.826945,203.039095
2026-03-23 04:41:00,203.046815,203.107135,202.881935,202.933365
2026-03-23 04:42:00,202.937605,203.052405,202.867035,202.876675
2026-03-23 04:43:00,202.871935,203.112975,202.820005,203.112975
2026-03-23 04:44:00,203.132835,203.231385,203.071505,203.221055
2026-03-23 04:45:00,203.222215,203.237445,203.003845,203.023085
2026-03-23 04:46:00,203.025715,203.042605,202.733465,202.766895
2026-03-23 04:47:00,202.777975,202.879365,202.717485,202.832655
2026-03-23 04:48:00,202.834365,202.941345,202.816015,202.890335
2026-03-23 04:49:00,202.890945,203.015295,202.865765,202.989605
2026-03-23 04:50:00,203.001595,203.030775,202.872425,202.875325
2026-03-23 04:51:00,202.869685,202.952835,202.830915,202.911185
2026-03-23 04:52:00,202.899585,202.972075,202.808475,202.893775
2026-03-23 04:53:00,202.885255,202.904435,202.538125,202.565415
2026-03-23 04:54:00,202.583055,202.710565,202.353885,202.648775
2026-03-23 04:55:00,202.647135,202.726915,202.588025,202.627235
2026-03-23 04:56:00,202.637085,202.759685,202.589715,202.589715
2026-03-23 04:57:00,202.590765,202.646465,202.324575,202.402995
2026-03-23 04:58:00,202.404345,202.499325,202.340115,202.418825
2026-03-23 04:59:00,202.414785,202.489555,202.361465,202.371125
2026-03-23 05:00:00,202.375115,202.512585,202.340325,202.480495
2026-03-23 05:01:00,202.461325,202.697785,202.442345,202.694645
2026-03-23 05:02:00,202.701325,202.702445,202.424095,202.582095
2026-03-23 05:03:00,202.595715,202.769815,202.566105,202.739085
2026-03-23 05:04:00,202.734455,202.775555,202.615725,202.622115
2026-03-23 05:05:00,202.626855,202.673845,202.500155,202.523055
2026-03-23 05:06:00,202.525235,202.857175,202.388525,202.797795
2026-03-23 05:07:00,202.794455,202.929495,202.750285,202.879255
2026-03-23 05:08:00,202.876425,202.936395,202.704795,202.778465
2026-03-23 05:09:00,202.773435,203.138905,202.761765,203.076205
2026-03-23 05:10:00,203.074475,203.234825,203.038705,203.232065
2026-03-23 05:11:00,203.244765,203.552265,203.138705,203.527725
2026-03-23 05:12:00,203.513225,203.623855,203.501305,203.543325
2026-03-23 05:13:00,203.540425,203.785975,203.470345,203.783195
2026-03-23 05:14:00,203.770015,204.012515,203.734515,203.844575
2026-03-23 05:15:00,203.845295,204.054995,203.789345,203.846535
2026-03-23 05:16:00,203.842235,203.930215,203.557645,203.704585
2026-03-23 05:17:00,203.691395,203.850045,203.610325,203.656815
2026-03-23 05:18:00,203.655945,203.700905,203.539885,203.582385
2026-03-23 05:19:00,203.578395,203.610435,203.276735,203.295255
2026-03-23 05:20:00,203.289065,203.387225,203.055915,203.140345
2026-03-23 05:21:00,203.137285,203.281745,203.073455,203.230615
2026-03-23 05:22:00,203.231185,203.464935,203.227535,203.281495
2026-03-23 05:23:00,203.288855,203.371835,203.219445,203.219445
2026-03-23 05:24:00,203.219275,203.362415,203.169825,203.236465
2026-03-23 05:25:00,203.232425,203.351815,203.120095,203.267445
2026-03-23 05:26:00,203.256465,203.272775,203.070245,203.230505
2026-03-23 05:27:00,203.239895,203.240245,203.005355,203.082205
2026-03-23 05:28:00,203.057065,203.134495,203.012965,203.041185
2026-03-23 05:29:00,203.014755,203.193315,203.014755,203.170885
2026-03-23 05:30:00,203.174255,203.221945,202.932575,202.932575
2026-03-23 05:31:00,202.946695,203.050735,202.832845,202.972735
2026-03-23 05:32:00,202.970045,202.970045,202.740275,202.784985
2026-03-23 05:33:00,202.797085,202.797085,202.518705,202.561635
2026-03-23 05:34:00,202.565415,202.706265,202.431185,202.454185
2026-03-23 05:35:00,202.448395,202.472355,202.254425,202.259845
2026-03-23 05:36:00,202.260255,202.612575,202.242215,202.587355
2026-03-23 05:37:00,202.590735,202.782315,202.519495,202.734045
2026-03-23 05:38:00,202.736195,202.776365,202.450855,202.506055
2026-03-23 05:39:00,202.523695,202.523695,202.367315,202.407285
2026-03-23 05:40:00,202.402685,202.443815,202.150225,202.150225
2026-03-23 05:41:00,202.151175,202.212875,201.990125,202.163115
2026-03-23 05:42:00,202.165435,202.292395,202.108965,202.292395
2026-03-23 05:43:00,202.294925,202.657495,202.278165,202.637205
2026-03-23 05:44:00,202.634765,202.860245,202.613105,202.618125
2026-03-23 05:45:00,202.621825,202.679765,202.537365,202.602435
2026-03-23 05:46:00,202.598765,202.754355,202.591635,202.709785
2026-03-23 05:47:00,202.714115,202.792035,202.445965,202.455125
2026-03-23 05:48:00,202.456115,202.529635,202.238755,202.486055
2026-03-23 05:49:00,202.477185,202.546855,202.286055,202.385085
2026-03-23 05:50:00,202.379825,202.627945,202.378635,202.508915
2026-03-23 05:51:00,202.513975,202.548855,202.387345,202.500825
2026-03-23 05:52:00,202.516385,202.652175,202.514575,202.568485
2026-03-23 05:53:00,202.569735,202.630225,202.430915,202.615175
2026-03-23 05:54:00,202.614455,202.630725,202.210775,202.220875
2026-03-23 05:55:00,202.218755,202.242275,202.062175,202.099605
2026-03-23 05:56:00,202.098935,202.325045,202.098935,202.244265
2026-03-23 05:57:00,202.265625,202.332635,202.092305,202.135555
2026-03-23 05:58:00,202.138795,202.140315,201.833325,201.870195
2026-03-23 05:59:00,201.848845,201.901655,201.590945,201.692125
2026-03-23 06:00:00,201.691125,201.921585,201.675675,201.830925
2026-03-23 06:01:00,201.826705,201.839495,201.494465,201.512995
2026-03-23 06:02:00,201.528015,201.675465,201.487055,201.675465
2026-03-23 06:03:00,201.679085,201.800165,201.636585,201.759125
2026-03-23 06:04:00,201.757025,201.858945,201.675305,201.773475
2026-03-23 06:05:00,201.781365,201.994145,201.745595,201.835765
2026-03-23 06:06:00,201.832225,202.236605,201.832225,202.229535
2026-03-23 06:07:00,202.233085,202.399395,202.192065,202.384985
2026-03-23 06:08:00,202.384585,202.427045,202.094535,202.118765
2026-03-23 06:09:00,202.114415,202.297275,202.089745,202.257735
2026-03-23 06:10:00,202.254175,202.307295,202.110385,202.121015
2026-03-23 06:11:00,202.120905,202.226265,202.037245,202.159615
2026-03-23 06:12:00,202.162185,202.340865,202.089075,202.254845
2026-03-23 06:13:00,202.262845,202.324725,202.097385,202.192215
2026-03-23 06:14:00,202.190355,202.356525,202.065465,202.301555
2026-03-23 06:15:00,202.296235,202.521765,202.136455,202.518355
2026-03-23 06:16:00,202.515965,202.515965,202.316075,202.475225
2026-03-23 06:17:00,202.471335,202.660415,202.305785,202.638135
2026-03-23 06:18:00,202.649085,202.777275,202.642585,202.727685
2026-03-23 06:19:00,202.729875,202.729875,202.599745,202.668285
2026-03-23 06:20:00,202.666885,202.742945,202.501315,202.718765
2026-03-23 06:21:00,202.743265,202.763465,202.526965,202.543455
2026-03-23 06:22:00,202.540785,202.784585,202.496255,202.641665
2026-03-23 06:23:00,202.645425,202.645425,202.480575,202.480575
2026-03-23 06:24:00,202.489875,202.502755,202.360385,202.459165
2026-03-23 06:25:00,202.438165,202.439245,202.241825,202.394495
2026-03-23 06:26:00,202.394805,202.739975,202.394805,202.708105
2026-03-23 06:27:00,202.734095,202.835875,202.496715,202.750835
2026-03-23 06:28:00,202.750595,202.849165,202.733155,202.798565
2026-03-23 06:29:00,202.800235,202.903785,202.687545,202.701945
2026-03-23 06:30:00,202.703995,202.940545,202.683465,202.940545
2026-03-23 06:31:00,202.953875,203.082815,202.944355,203.080505
2026-03-23 06:32:00,203.081425,203.081425,202.868635,202.887375
2026-03-23 06:33:00,202.891725,203.332075,202.888245,203.332075
2026-03-23 06:34:00,203.331745,203.487935,203.261245,203.397985
2026-03-23 06:35:00,203.398875,203.416865,203.141115,203.141115
2026-03-23 06:36:00,203.142555,203.147985,202.758095,202.777605
2026-03-23 06:37:00,202.801785,203.025795,202.713985,202.714115
2026-03-23 06:38:00,202.725335,202.802465,202.683545,202.800425
2026-03-23 06:39:00,202.800105,202.982205,202.710135,202.722905
2026-03-23 06:40:00,202.731065,202.813515,202.688105,202.769995
2026-03-23 06:41:00,202.771555,202.771555,202.591195,202.704435
2026-03-23 06:42:00,202.699305,202.793165,202.675265,202.743045
2026-03-23 06:43:00,202.729745,202.989915,202.719495,202.907545
2026-03-23 06:44:00,202.900115,203.071675,202.890185,202.973595
2026-03-23 06:45:00,202.973265,203.033075,202.794345,202.844565
2026-03-23 06:46:00,202.849485,202.876805,202.273535,202.334895
2026-03-23 06:47:00,202.332355,202.697515,202.272145,202.586775
2026-03-23 06:48:00,202.590635,202.703045,202.475865,202.593275
2026-03-23 06:49:00,202.598755,202.719455,202.370835,202.682145
2026-03-23 06:50:00,202.691885,202.781805,202.662635,202.708825
2026-03-23 06:51:00,202.705795,202.898775,202.584665,202.845185
2026-03-23 06:52:00,202.842055,202.860125,202.693145,202.746145
2026-03-23 06:53:00,202.748305,202.806405,202.628845,202.629065
2026-03-23 06:54:00,202.630155,202.709945,202.555805,202.691145
2026-03-23 06:55:00,202.688455,202.785075,202.648375,202.656745
2026-03-23 06:56:00,202.669235,202.771405,202.499375,202.771405
2026-03-23 06:57:00,202.782775,203.069735,202.782775,203.010625
2026-03-23 06:58:00,203.012685,203.255555,203.012455,203.164035
2026-03-23 06:59:00,203.167925,203.447245,203.167925,203.366125
2026-03-23 07:00:00,203.367715,203.636535,203.363905,203.630285
2026-03-23 07:01:00,203.633665,203.745645,203.594835,203.637215
2026-03-23 07:02:00,203.636995,203.704265,203.444705,203.461555
2026-03-23 07:03:00,203.460525,203.658405,203.432695,203.630005
2026-03-23 07:04:00,203.628805,203.729725,203.542265,203.584985
2026-03-23 07:05:00,203.584915,203.667185,203.439585,203.630595
2026-03-23 07:06:00,203.631495,203.805315,203.631495,203.729995
2026-03-23 07:07:00,203.729445,203.851735,203.709275,203.809595
2026-03-23 07:08:00,203.779795,203.972475,203.564265,203.846975
2026-03-23 07:09:00,203.848735,203.857025,203.640105,203.758145
2026-03-23 07:10:00,203.762455,203.884645,203.664405,203.775015
2026-03-23 07:11:00,203.785095,204.044105,203.727235,204.022185
2026-03-23 07:12:00,204.024975,204.227105,204.013535,204.121575
2026-03-23 07:13:00,204.122805,204.212285,204.090825,204.120555
2026-03-23 07:14:00,204.124335,204.373035,204.104475,204.353825
2026-03-23 07:15:00,204.335465,204.437765,204.229455,204.389725
2026-03-23 07:16:00,204.371205,204.714615,204.371205,204.586935
2026-03-23 07:17:00,204.588175,204.632215,204.418415,204.534595
2026-03-23 07:18:00,204.529445,204.844075,204.494185,204.844075
2026-03-23 07:19:00,204.844725,204.912195,204.678215,204.732945
2026-03-23 07:20:00,204.735255,204.735255,204.560155,204.652455
2026-03-23 07:21:00,204.633515,204.733825,204.578365,204.638575
2026-03-23 07:22:00,204.625595,204.657005,204.517195,204.539455
2026-03-23 07:23:00,204.534635,204.756035,204.524205,204.550015
2026-03-23 07:24:00,204.548705,205.009445,204.548705,204.956145
2026-03-23 07:25:00,204.935315,205.057625,204.894495,204.998715
2026-03-23 07:26:00,205.009795,205.108055,204.796325,204.841895
2026-03-23 07:27:00,204.832995,204.894165,204.759665,204.801875
2026-03-23 07:28:00,204.800445,204.847015,204.638595,204.647215
2026-03-23 07:29:00,204.650265,204.692045,204.490715,204.530225
2026-03-23 07:30:00,204.524425,204.650565,204.432675,204.624285
2026-03-23 07:31:00,204.621925,204.852045,204.567675,204.732965
2026-03-23 07:32:00,204.732155,205.019145,204.656915,204.986555
2026-03-23 07:33:00,204.982405,205.313625,204.937905,205.313625
2026-03-23 07:34:00,205.316255,205.390875,205.216025,205.368735
2026-03-23 07:35:00,205.366795,205.406345,205.247415,205.281215
2026-03-23 07:36:00,205.272075,205.280375,205.079685,205.180295
2026-03-23 07:37:00,205.179765,205.255615,205.088175,205.099005
2026-03-23 07:38:00,205.099775,205.421805,205.044795,205.379995
2026-03-23 07:39:00,205.375735,205.375735,204.948695,205.110965
2026-03-23 07:40:00,205.132185,205.206945,204.987535,205.003715
2026-03-23 07:41:00,205.008045,205.185785,204.992055,205.032385
2026-03-23 07:42:00,205.028045,205.117245,204.931975,204.980625
2026-03-23 07:43:00,204.980165,204.980165,204.819265,204.930685
2026-03-23 07:44:00,204.934845,205.140455,204.839875,205.080585
2026-03-23 07:45:00,205.081345,205.189715,204.986235,205.009785
2026-03-23 07:46:00,204.994265,205.119875,204.913505,204.990885
2026-03-23 07:47:00,204.991205,205.305895,204.957915,205.246825
2026-03-23 07:48:00,205.245185,205.343795,205.159605,205.256715
2026-03-23 07:49:00,205.256485,205.276455,205.100895,205.138305
2026-03-23 07:50:00,205.144745,205.221095,205.059925,205.130905
2026-03-23 07:51:00,205.140685,205.140685,204.825455,204.949055
2026-03-23 07:52:00,204.945225,204.947505,204.629835,204.674005
2026-03-23 07:53:00,204.668225,204.854515,204.667145,204.833115
2026-03-23 07:54:00,204.828145,204.828145,204.541575,204.601665
2026-03-23 07:55:00,204.604365,204.639255,204.487815,204.585545
2026-03-23 07:56:00,204.591235,204.797545,204.548515,204.676345
2026-03-23 07:57:00,204.678895,205.007325,204.623115,204.994925
2026-03-23 07:58:00,204.999265,205.186385,204.937555,205.053195
2026-03-23 07:59:00,205.053995,205.618155,205.006975,205.546775
2026-03-23 08:00:00,205.546605,205.773195,205.546605,205.708815
2026-03-23 08:01:00,205.706245,205.727275,205.317205,205.331185
2026-03-23 08:02:00,205.321455,205.609545,205.315305,205.554685
2026-03-23 08:03:00,205.554375,205.714025,205.476785,205.695585
2026-03-23 08:04:00,205.701745,206.014795,205.649035,205.985645
2026-03-23 08:05:00,205.974225,206.136035,205.910575,205.948335
2026-03-23 08:06:00,205.932895,205.981065,205.660135,205.660135
2026-03-23 08:07:00,205.659625,205.703195,205.511785,205.628695
2026-03-23 08:08:00,205.628785,205.706515,205.518655,205.656795
2026-03-23 08:09:00,205.646825,205.781795,205.613755,205.779725
2026-03-23 08:10:00,205.776265,205.776265,205.451505,205.657685
2026-03-23 08:11:00,205.654845,205.832115,205.583725,205.661535
2026-03-23 08:12:00,205.652605,205.654375,205.413805,205.456735
2026-03-23 08:13:00,205.458705,205.793225,205.456545,205.775005
2026-03-23 08:14:00,205.748205,205.810425,205.598485,205.810425
2026-03-23 08:15:00,205.813025,205.839115,205.584525,205.695995
2026-03-23 08:16:00,205.694225,205.820825,205.602295,205.720875
2026-03-23 08:17:00,205.698995,205.845725,205.604005,205.702675
2026-03-23 08:18:00,205.702785,205.711225,205.453405,205.455575
2026-03-23 08:19:00,205.458135,205.844545,205.450395,205.838215
2026-03-23 08:20:00,205.899885,205.992005,205.554015,205.564305
2026-03-23 08:21:00,205.566035,205.742205,205.502845,205.742205
2026-03-23 08:22:00,205.744195,206.101565,205.744195,206.077685
2026-03-23 08:23:00,206.079185,206.231305,206.041285,206.190695
2026-03-23 08:24:00,206.200785,206.281045,206.178525,206.278575
2026-03-23 08:25:00,206.278705,206.429835,206.251595,206.377905
2026-03-23 08:26:00,206.381685,206.613775,206.364135,206.605725
2026-03-23 08:27:00,206.601205,206.670895,206.437235,206.437235
2026-03-23 08:28:00,206.420525,206.518905,206.263145,206.331095
2026-03-23 08:29:00,206.337955,206.423955,206.071375,206.199495
2026-03-23 08:30:00,206.200795,206.320115,206.110885,206.251795
2026-03-23 08:31:00,206.250335,206.392125,205.915835,205.976415
2026-03-23 08:32:00,205.966805,206.000455,205.611495,205.611495
2026-03-23 08:33:00,205.623445,205.808695,205.615105,205.658865
2026-03-23 08:34:00,205.660195,205.798715,205.568795,205.743975
2026-03-23 08:35:00,205.747505,205.803045,205.580595,205.594785
2026-03-23 08:36:00,205.557715,205.710505,205.475605,205.552665
2026-03-23 08:37:00,205.550315,205.583245,205.342275,205.368465
2026-03-23 08:38:00,205.371145,205.384505,205.074225,205.076895
2026-03-23 08:39:00,205.086455,205.205405,204.910155,204.913525
2026-03-23 08:40:00,204.913755,204.951725,204.802645,204.889295
2026-03-23 08:41:00,204.887125,204.996805,204.840995,204.892835
2026-03-23 08:42:00,204.908235,204.965515,204.745435,204.963635
2026-03-23 08:43:00,204.966795,205.017915,204.864495,204.962495
2026-03-23 08:44:00,204.971195,205.017945,204.761665,204.877635
2026-03-23 08:45:00,204.898745,204.906035,204.510725,204.601185
2026-03-23 08:46:00,204.605685,204.799685,204.557635,204.640025
2026-03-23 08:47:00,204.640515,204.765465,204.562745,204.701285
2026-03-23 08:48:00,204.703095,204.707215,204.467455,204.552115
2026-03-23 08:49:00,204.593195,204.727555,204.519675,204.567155
2026-03-23 08:50:00,204.570755,204.679885,204.505795,204.513615
2026-03-23 08:51:00,204.513095,204.667805,204.402145,204.659365
2026-03-23 08:52:00,204.660485,204.739305,204.600875,204.654815
2026-03-23 08:53:00,204.658575,204.685925,204.512995,204.518375
2026-03-23 08:54:00,204.477635,204.721515,204.457085,204.562375
2026-03-23 08:55:00,204.560275,204.953685,204.560275,204.910835
2026-03-23 08:56:00,204.911065,205.106845,204.878225,205.013315
2026-03-23 08:57:00,205.011135,205.124645,204.896595,204.947465
2026-03-23 08:58:00,204.935465,205.129065,204.932175,204.949335
2026-03-23 08:59:00,204.952125,205.087845,204.892865,204.950345
2026-03-23 09:00:00,204.947715,205.117435,204.832105,205.009695
2026-03-23 09:01:00,205.006355,205.013795,204.726895,204.735925
2026-03-23 09:02:00,204.733185,204.759935,204.495565,204.606405
2026-03-23 09:03:00,204.596345,204.632155,204.428445,204.563115
2026-03-23 09:04:00,204.572795,204.660725,204.551915,204.635085
2026-03-23 09:05:00,204.607245,204.815845,204.607245,204.754935
2026-03-23 09:06:00,204.732895,204.845045,204.594365,204.622385
2026-03-23 09:07:00,204.632005,204.771125,204.601535,204.644735
2026-03-23 09:08:00,204.645555,204.761675,204.573015,204.637165
2026-03-23 09:09:00,204.638025,204.678385,204.408485,204.586405
2026-03-23 09:10:00,204.581945,204.644405,204.515785,204.544515
2026-03-23 09:11:00,204.539385,204.806355,204.503575,204.750515
2026-03-23 09:12:00,204.757025,204.866165,204.752695,204.770395
2026-03-23 09:13:00,204.777325,205.053775,204.769295,205.012255
2026-03-23 09:14:00,205.011305,205.209875,204.883325,205.177975
2026-03-23 09:15:00,205.176935,205.239085,205.121885,205.232075
2026-03-23 09:16:00,205.236135,205.365905,205.197025,205.199665
2026-03-23 09:17:00,205.194385,205.356335,205.157675,205.289625
2026-03-23 09:18:00,205.272495,205.489185,205.238585,205.489185
2026-03-23 09:19:00,205.489065,205.610195,205.352515,205.596985
2026-03-23 09:20:00,205.584525,205.586635,205.412175,205.446895
2026-03-23 09:21:00,205.445155,205.508415,205.276265,205.470095
2026-03-23 09:22:00,205.464085,205.852395,205.460035,205.816605
2026-03-23 09:23:00,205.813865,205.930405,205.774205,205.795295
2026-03-23 09:24:00,205.798815,206.032365,205.727445,206.007455
2026-03-23 09:25:00,205.998985,206.061895,205.879085,205.982265
2026-03-23 09:26:00,205.986345,205.986345,205.598335,205.623555
2026-03-23 09:27:00,205.615685,205.683415,205.458855,205.634215
2026-03-23 09:28:00,205.654085,205.693135,205.311965,205.368925
2026-03-23 09:29:00,205.377695,205.554805,205.288055,205.488395
2026-03-23 09:30:00,205.486255,205.672665,205.470325,205.470325
2026-03-23 09:31:00,205.467455,205.488105,205.232735,205.319095
2026-03-23 09:32:00,205.304395,205.415955,205.244815,205.309535
2026-03-23 09:33:00,205.309575,205.327835,205.097895,205.225095
2026-03-23 09:34:00,205.221315,205.309825,205.017045,205.154915
2026-03-23 09:35:00,205.156245,205.160355,204.935005,205.019745
2026-03-23 09:36:00,205.023145,205.136545,204.910955,205.024095
2026-03-23 09:37:00,205.010985,205.387055,204.982535,205.387055
2026-03-23 09:38:00,205.391555,205.558785,205.375925,205.529505
2026-03-23 09:39:00,205.527075,205.615965,205.232045,205.243595
2026-03-23 09:40:00,205.239535,205.326605,205.149565,205.221965
2026-03-23 09:41:00,205.230835,205.470665,205.230835,205.373895
2026-03-23 09:42:00,205.356115,205.422165,205.196565,205.343915
2026-03-23 09:43:00,205.348395,205.348395,204.956575,204.965995
2026-03-23 09:44:00,204.980795,204.992945,204.785895,204.928175
2026-03-23 09:45:00,204.916285,205.099905,204.860605,205.069115
2026-03-23 09:46:00,205.097905,205.097905,204.821855,204.842105
2026-03-23 09:47:00,204.839905,204.895785,204.641195,204.641825
2026-03-23 09:48:00,204.637465,204.873875,204.612915,204.845385
2026-03-23 09:49:00,204.842195,205.124155,204.786605,205.095535
2026-03-23 09:50:00,205.099655,205.322935,205.086675,205.191215
2026-03-23 09:51:00,205.193615,205.230955,205.054545,205.056675
2026-03-23 09:52:00,205.047615,205.051005,204.675805,204.748005
2026-03-23 09:53:00,204.734665,204.965645,204.734665,204.965645
2026-03-23 09:54:00,204.968735,205.011255,204.791185,204.940025
2026-03-23 09:55:00,204.937275,205.197245,204.917865,205.105145
2026-03-23 09:56:00,205.102445,205.258845,205.078545,205.100555
2026-03-23 09:57:00,205.095225,205.279205,205.095225,205.245255
2026-03-23 09:58:00,205.234345,205.493515,205.139765,205.474935
2026-03-23 09:59:00,205.469055,205.554825,205.417635,205.490255
2026-03-23 10:00:00,205.491915,205.601535,205.407265,205.543085
2026-03-23 10:01:00,205.542955,205.649445,205.455575,205.598565
2026-03-23 10:02:00,205.600875,205.660845,205.389605,205.429195
2026-03-23 10:03:00,205.427195,205.533625,205.359925,205.524355
2026-03-23 10:04:00,205.531905,205.637815,205.329825,205.329825
2026-03-23 10:05:00,205.334115,205.428815,205.229315,205.315785
2026-03-23 10:06:00,205.322065,205.349975,205.116145,205.200875
2026-03-23 10:07:00,205.205175,205.231225,205.012045,205.047465
2026-03-23 10:08:00,205.049665,205.220695,204.998195,205.157465
2026-03-23 10:09:00,205.143125,205.208155,204.971085,204.971735
2026-03-23 10:10:00,204.973215,205.054865,204.864235,204.988345
2026-03-23 10:11:00,204.980025,205.053865,204.841535,204.872335
2026-03-23 10:12:00,204.874315,204.874315,204.675795,204.687215
2026-03-23 10:13:00,204.668625,204.689245,204.425525,204.655825
2026-03-23 10:14:00,204.655295,204.866325,204.603485,204.863165
2026-03-23 10:15:00,204.854805,204.854805,204.690765,204.730325
2026-03-23 10:16:00,204.727785,204.986885,204.708365,204.881455
2026-03-23 10:17:00,204.890235,204.890235,204.678125,204.837485
2026-03-23 10:18:00,204.835055,204.838155,204.501855,204.607225
2026-03-23 10:19:00,204.607395,204.795835,204.495295,204.795835
2026-03-23 10:20:00,204.799965,204.916085,204.641165,204.653295
2026-03-23 10:21:00,204.650815,204.747135,204.485865,204.520115
2026-03-23 10:22:00,204.537745,204.758725,204.515615,204.521855
2026-03-23 10:23:00,204.509465,204.595995,204.276095,204.300835
2026-03-23 10:24:00,204.289215,204.289215,204.038625,204.112655
2026-03-23 10:25:00,204.109705,204.213395,203.996955,204.173305
2026-03-23 10:26:00,204.171805,204.454355,204.165145,204.403655
2026-03-23 10:27:00,204.418125,204.456765,204.207955,204.305985
2026-03-23 10:28:00,204.309915,204.355705,204.192465,204.296945
2026-03-23 10:29:00,204.297585,204.316425,204.076995,204.117045
2026-03-23 10:30:00,204.121685,204.231125,204.073755,204.136595
2026-03-23 10:31:00,204.155675,204.425475,204.055395,204.295195
2026-03-23 10:32:00,204.291365,204.326155,204.053415,204.155455
2026-03-23 10:33:00,204.149835,204.210005,204.101375,204.168315
2026-03-23 10:34:00,204.167945,204.184245,203.930015,204.122695
2026-03-23 10:35:00,204.110095,204.118145,203.710535,203.714575
2026-03-23 10:36:00,203.691905,203.792665,203.653455,203.758185
2026-03-23 10:37:00,203.759005,203.872835,203.724375,203.842685
2026-03-23 10:38:00,203.850995,204.124095,203.850995,204.074585
2026-03-23 10:39:00,204.074635,204.448885,204.073905,204.347275
2026-03-23 10:40:00,204.349295,204.536725,204.060355,204.099585
2026-03-23 10:41:00,204.111435,204.139135,203.999105,204.139135
2026-03-23 10:42:00,204.136555,204.388125,204.132185,204.385095
2026-03-23 10:43:00,204.385695,204.541515,204.279815,204.386415
2026-03-23 10:44:00,204.401315,204.447825,204.199225,204.240055
2026-03-23 10:45:00,204.221095,204.413655,204.200645,204.226105
2026-03-23 10:46:00,204.228385,204.473135,204.222445,204.344375
2026-03-23 10:47:00,204.356205,204.705085,204.290375,204.615305
2026-03-23 10:48:00,204.645995,204.705635,204.503675,204.625095
2026-03-23 10:49:00,204.612285,204.624415,204.267015,204.291885
2026-03-23 10:50:00,204.295055,204.438475,204.217055,204.385875
2026-03-23 10:51:00,204.365665,204.527005,204.338015,204.360545
2026-03-23 10:52:00,204.350865,204.459105,204.281925,204.380355
2026-03-23 10:53:00,204.375925,204.401695,204.182815,204.278005
2026-03-23 10:54:00,204.281195,204.531335,204.274275,204.467515
2026-03-23 10:55:00,204.478935,204.526955,204.223945,204.420835
2026-03-23 10:56:00,204.424805,204.529585,204.264705,204.324135
2026-03-23 10:57:00,204.331055,204.730375,204.328255,204.553675
2026-03-23 10:58:00,204.557595,204.577635,204.425215,204.556285
2026-03-23 10:59:00,204.558045,204.621415,204.360075,204.403605
2026-03-23 11:00:00,204.411915,204.531545,204.315435,204.328535
2026-03-23 11:01:00,204.336435,204.373175,204.127925,204.184155
2026-03-23 11:02:00,204.183545,204.238785,204.029695,204.160715
2026-03-23 11:03:00,204.185065,204.239005,203.883455,204.007085
2026-03-23 11:04:00,204.013475,204.137995,203.911445,204.039755
2026-03-23 11:05:00,204.034275,204.219115,203.963075,204.151375
2026-03-23 11:06:00,204.144415,204.201725,203.793545,203.852845
2026-03-23 11:07:00,203.855445,204.020405,203.787715,203.959975
2026-03-23 11:08:00,203.955035,204.327735,203.955035,204.283825
2026-03-23 11:09:00,204.282365,204.415325,204.191215,204.406545
2026-03-23 11:10:00,204.404625,204.424965,204.317845,204.356445
2026-03-23 11:11:00,204.355755,204.461245,204.157645,204.240835
2026-03-23 11:12:00,204.244695,204.569515,204.244695,204.510805
2026-03-23 11:13:00,204.508735,204.633635,204.309305,204.329525
2026-03-23 11:14:00,204.333225,204.430885,204.140115,204.235065
2026-03-23 11:15:00,204.225475,204.260205,204.054075,204.065415
2026-03-23 11:16:00,204.078225,204.217305,204.007695,204.196805
2026-03-23 11:17:00,204.196765,204.524455,204.175955,204.523055
2026-03-23 11:18:00,204.521905,204.738665,204.416535,204.417625
2026-03-23 11:19:00,204.413395,204.652115,204.385595,204.607975
2026-03-23 11:20:00,204.608585,204.780045,204.597665,204.628215
2026-03-23 11:21:00,204.634515,204.698825,204.552245,204.608515
2026-03-23 11:22:00,204.609045,204.662365,204.452995,204.475595
2026-03-23 11:23:00,204.467895,204.670325,204.440635,204.599565
2026-03-23 11:24:00,204.601575,204.621325,204.477625,204.562935
2026-03-23 11:25:00,204.578545,204.615775,204.367795,204.499915
2026-03-23 11:26:00,204.505075,204.588055,204.356915,204.518645
2026-03-23 11:27:00,204.507315,204.508075,204.342515,204.483175
2026-03-23 11:28:00,204.510785,204.671205,204.448555,204.448555
2026-03-23 11:29:00,204.451035,204.807315,204.387855,204.797855
2026-03-23 11:30:00,204.801735,204.929575,204.711805,204.918165
2026-03-23 11:31:00,204.918085,205.115185,204.813855,204.925705
2026-03-23 11:32:00,204.921425,205.117245,204.908385,205.049815
2026-03-23 11:33:00,205.049655,205.131455,204.946535,204.985185
2026-03-23 11:34:00,204.988825,205.115285,204.946185,205.059455
2026-03-23 11:35:00,205.066415,205.179205,204.983155,205.140395
2026-03-23 11:36:00,204.998845,205.020885,204.836995,204.842875
2026-03-23 11:37:00,204.848935,204.913875,204.581195,204.620005
2026-03-23 11:38:00,204.610935,204.612225,204.413235,204.515805
2026-03-23 11:39:00,204.519475,204.519475,204.350435,204.365185
2026-03-23 11:40:00,204.355075,204.355075,204.072835,204.206285
2026-03-23 11:41:00,204.212365,204.303465,204.190075,204.221995
2026-03-23 11:42:00,204.226065,204.283715,204.034225,204.038215
2026-03-23 11:43:00,204.058055,204.116625,203.789225,203.839515
2026-03-23 11:44:00,203.827955,203.845155,203.577875,203.577875
2026-03-23 11:45:00,203.586365,203.590605,203.370365,203.374765
2026-03-23 11:46:00,203.377335,203.630705,203.365315,203.624885
2026-03-23 11:47:00,203.624575,203.644215,203.422825,203.468805
2026-03-23 11:48:00,203.472765,203.472765,203.210005,203.328675
2026-03-23 11:49:00,203.330695,203.419465,203.238845,203.249735
2026-03-23 11:50:00,203.251485,203.276445,203.126155,203.224655
2026-03-23 11:51:00,203.228315,203.334845,203.185195,203.304675
2026-03-23 11:52:00,203.253585,203.284765,203.097265,203.102595
2026-03-23 11:53:00,203.099055,203.152935,202.575205,202.642565
2026-03-23 11:54:00,202.655885,202.825915,202.643545,202.788085
2026-03-23 11:55:00,202.787495,202.830005,202.715015,202.827965
2026-03-23 11:56:00,202.827985,203.040885,202.782615,203.009915
2026-03-23 11:57:00,202.994645,203.079315,202.725205,202.802315
2026-03-23 11:58:00,202.804555,203.050655,202.746945,202.990505
2026-03-23 11:59:00,202.989855,203.054155,202.711215,202.892455
2026-03-23 12:00:00,202.893325,203.076415,202.827845,203.046305
2026-03-23 12:01:00,203.056615,203.196665,202.990825,203.172975
2026-03-23 12:02:00,203.177195,203.375935,203.015365,203.355595
2026-03-23 12:03:00,203.359215,203.574215,203.312795,203.485895
2026-03-23 12:04:00,203.467195,203.500475,203.360535,203.387335
2026-03-23 12:05:00,203.389895,203.389895,203.209595,203.263545
2026-03-23 12:06:00,203.266575,203.295955,202.921125,202.929205
2026-03-23 12:07:00,202.925135,203.028505,202.885355,202.929085
2026-03-23 12:08:00,202.929635,202.976715,202.832375,202.864715
2026-03-23 12:09:00,202.880145,203.069245,202.847855,202.943655
2026-03-23 12:10:00,202.942555,203.020165,202.728365,202.760425
2026-03-23 12:11:00,202.768185,202.830345,202.679065,202.790385
2026-03-23 12:12:00,202.791735,202.919695,202.742525,202.830505
2026-03-23 12:13:00,202.824115,202.991735,202.801015,202.951455
2026-03-23 12:14:00,202.952255,203.315355,202.936955,203.277855
2026-03-23 12:15:00,203.273795,203.479325,203.273795,203.441695
2026-03-23 12:16:00,203.438255,203.441085,203.052105,203.068845
2026-03-23 12:17:00,203.070465,203.087565,202.915355,202.988965
2026-03-23 12:18:00,202.989215,203.003775,202.672325,202.694055
2026-03-23 12:19:00,202.703215,202.773285,202.528125,202.758205
2026-03-23 12:20:00,202.747085,202.839825,202.661155,202.661155
2026-03-23 12:21:00,202.665535,202.672265,202.463795,202.502035
2026-03-23 12:22:00,202.500105,202.584555,202.427115,202.576385
2026-03-23 12:23:00,202.581865,202.621305,202.473495,202.525455
2026-03-23 12:24:00,202.529145,202.669865,202.481455,202.593095
2026-03-23 12:25:00,202.584725,202.637445,202.468425,202.518905
2026-03-23 12:26:00,202.534805,202.733595,202.495805,202.681935
2026-03-23 12:27:00,202.680405,203.153165,202.672185,203.109115
2026-03-23 12:28:00,203.129995,203.394205,203.049715,203.394205
2026-03-23 12:29:00,203.396065,203.433935,203.302415,203.389495
2026-03-23 12:30:00,203.388915,203.413775,203.313255,203.389215
2026-03-23 12:31:00,203.387715,203.391605,203.245995,203.305815
2026-03-23 12:32:00,203.310075,203.360645,202.988165,202.988165
2026-03-23 12:33:00,202.974215,203.090215,202.918345,202.945775
2026-03-23 12:34:00,202.936965,203.028355,202.745305,202.906505
2026-03-23 12:35:00,202.916785,203.078795,202.875635,202.952045
2026-03-23 12:36:00,202.953895,203.024595,202.850215,202.913015
2026-03-23 12:37:00,202.911585,202.928765,202.698165,202.700005
2026-03-23 12:38:00,202.697855,202.811255,202.596975,202.788545
2026-03-23 12:39:00,202.743965,202.873555,202.667085,202.851105
2026-03-23 12:40:00,202.861475,202.861475,202.632725,202.705895
2026-03-23 12:41:00,202.724155,202.727775,202.328685,202.334035
2026-03-23 12:42:00,202.335445,202.337525,202.089525,202.219945
2026-03-23 12:43:00,202.211385,202.326885,202.113075,202.149335
2026-03-23 12:44:00,202.159495,202.294035,202.090955,202.265055
2026-03-23 12:45:00,202.269345,202.439535,202.185935,202.389035
2026-03-23 12:46:00,202.386865,202.476135,202.260195,202.476135
2026-03-23 12:47:00,202.474295,202.507685,202.119935,202.256855
2026-03-23 12:48:00,202.259055,202.401005,202.198315,202.398475
2026-03-23 12:49:00,202.386025,202.657915,202.321675,202.657915
2026-03-23 12:50:00,202.667725,202.710825,202.516205,202.516205
2026-03-23 12:51:00,202.526255,202.632355,202.363715,202.426215
2026-03-23 12:52:00,202.429895,202.553965,202.421115,202.424925
2026-03-23 12:53:00,202.421965,202.484845,202.293775,202.355765
2026-03-23 12:54:00,202.350275,202.536155,202.350275,202.498275
2026-03-23 12:55:00,202.497595,202.599995,202.496295,202.532215
2026-03-23 12:56:00,202.531355,202.531355,202.223005,202.268435
2026-03-23 12:57:00,202.268955,202.475295,202.237445,202.454875
2026-03-23 12:58:00,202.451795,202.652855,202.397035,202.611545
2026-03-23 12:59:00,202.633545,202.633545,202.090045,202.129335
2026-03-23 13:00:00,202.115205,202.338825,202.042355,202.267625
2026-03-23 13:01:00,202.266665,202.310245,202.038505,202.087825
2026-03-23 13:02:00,202.103065,202.197195,202.014945,202.160265
2026-03-23 13:03:00,202.159175,202.196615,202.086545,202.123335
2026-03-23 13:04:00,202.126845,202.174395,202.072445,202.115635
2026-03-23 13:05:00,202.114835,202.120515,201.956915,202.074545
2026-03-23 13:06:00,202.048265,202.048265,201.866905,201.906325
2026-03-23 13:07:00,201.906875,202.003015,201.742185,201.990645
2026-03-23 13:08:00,201.994495,202.301915,201.994495,202.218715
2026-03-23 13:09:00,202.223805,202.371075,202.200905,202.371075
2026-03-23 13:10:00,202.362255,202.748355,202.326785,202.736155
2026-03-23 13:11:00,202.734385,202.739565,202.470355,202.491805
2026-03-23 13:12:00,202.489435,202.604375,202.416125,202.562225
2026-03-23 13:13:00,202.566105,202.667435,202.523735,202.667435
2026-03-23 13:14:00,202.682045,203.007935,202.679135,202.990305
2026-03-23 13:15:00,202.988185,203.494235,202.985115,203.432125
2026-03-23 13:16:00,203.435205,203.618005,203.384425,203.610865
2026-03-23 13:17:00,203.619795,203.739185,203.508725,203.621645
2026-03-23 13:18:00,203.620785,203.754905,203.611025,203.716615
2026-03-23 13:19:00,203.717335,203.906535,203.585845,203.869425
2026-03-23 13:20:00,203.866865,203.933905,203.749155,203.883765
2026-03-23 13:21:00,203.900705,203.900705,203.714155,203.751375
2026-03-23 13:22:00,203.743425,203.860385,203.705145,203.796265
2026-03-23 13:23:00,203.794705,203.857795,203.702755,203.704465
2026-03-23 13:24:00,203.709925,203.742825,203.449855,203.471215
2026-03-23 13:25:00,203.479845,203.480485,203.284595,203.343745
2026-03-23 13:26:00,203.340435,203.425425,203.230655,203.288605
2026-03-23 13:27:00,203.257515,203.276715,203.043475,203.069335
2026-03-23 13:28:00,203.077585,203.334445,203.072135,203.258455
2026-03-23 13:29:00,203.252855,203.343635,203.165305,203.238625
2026-03-23 13:30:00,203.239765,203.336055,203.155865,203.316335
2026-03-23 13:31:00,203.320655,203.345705,202.923695,203.014605
2026-03-23 13:32:00,203.009525,203.073385,202.774685,202.801935
2026-03-23 13:33:00,202.801445,202.890695,202.746315,202.890695
2026-03-23 13:34:00,202.898115,203.038235,202.776715,203.024505
2026-03-23 13:35:00,203.025345,203.156395,202.948775,203.156395
2026-03-23 13:36:00,203.152425,203.280055,203.100475,203.208705
2026-03-23 13:37:00,203.218635,203.260125,202.977985,202.988995
2026-03-23 13:38:00,202.985045,203.138605,202.894325,202.930445
2026-03-23 13:39:00,202.933255,203.070225,202.832225,202.937035
2026-03-23 13:40:00,202.937025,203.308095,202.912255,203.243455
2026-03-23 13:41:00,203.245265,203.364465,203.139755,203.220635
2026-03-23 13:42:00,203.204405,203.489955,203.172995,203.457245
2026-03-23 13:43:00,203.469275,203.470895,203.298095,203.433135
2026-03-23 13:44:00,203.409575,203.722275,203.368685,203.683945
2026-03-23 13:45:00,203.668535,203.874855,203.655755,203.843165
2026-03-23 13:46:00,203.834835,203.894215,203.668815,203.712565
2026-03-23 13:47:00,203.710335,203.783695,203.555855,203.613255
2026-03-23 13:48:00,203.611055,203.658545,203.489025,203.517975
2026-03-23 13:49:00,203.521405,203.625165,203.451485,203.596465
2026-03-23 13:50:00,203.611795,203.714685,203.487395,203.495795
2026-03-23 13:51:00,203.469675,203.782395,203.469675,203.782395
2026-03-23 13:52:00,203.775235,204.111295,203.693035,203.857565
2026-03-23 13:53:00,203.855785,203.908475,203.683225,203.684475
2026-03-23 13:54:00,203.680755,203.717805,203.311355,203.345085
2026-03-23 13:55:00,203.356105,203.592755,203.310625,203.473255
2026-03-23 13:56:00,203.471125,203.638135,203.443235,203.586025
2026-03-23 13:57:00,203.589165,203.742635,203.463655,203.487295
2026-03-23 13:58:00,203.490605,203.576385,203.434215,203.541325
2026-03-23 13:59:00,203.540785,203.648795,203.500555,203.635375
2026-03-23 14:00:00,203.634355,203.768285,203.617455,203.624205
2026-03-23 14:01:00,203.617905,204.004585,203.617905,203.983385
2026-03-23 14:02:00,203.994205,204.009995,203.861005,203.885075
2026-03-23 14:03:00,203.880035,204.004815,203.801505,203.971615
2026-03-23 14:04:00,203.974255,204.066805,203.888005,203.992025
2026-03-23 14:05:00,203.988495,204.260405,203.866765,204.215855
2026-03-23 14:06:00,204.216985,204.274435,203.910075,203.936595
2026-03-23 14:07:00,203.929755,204.163695,203.924015,204.052075
2026-03-23 14:08:00,204.051485,204.051485,203.927715,204.010775
2026-03-23 14:09:00,204.010895,204.030155,203.877225,203.958235
2026-03-23 14:10:00,203.940905,203.959035,203.864455,203.906135
2026-03-23 14:11:00,203.909655,203.931735,203.668795,203.835675
2026-03-23 14:12:00,203.858155,204.073815,203.824855,204.056445
2026-03-23 14:13:00,204.056495,204.081105,203.969545,204.032105
2026-03-23 14:14:00,204.036255,204.064365,203.863245,203.950945
2026-03-23 14:15:00,203.917765,204.052735,203.823175,203.920945
2026-03-23 14:16:00,203.924815,203.932525,203.607225,203.611225
2026-03-23 14:17:00,203.612775,203.646855,203.232415,203.277515
2026-03-23 14:18:00,203.276505,203.386355,203.268385,203.306315
2026-03-23 14:19:00,203.308225,203.336745,203.152285,203.179165
2026-03-23 14:20:00,203.189315,203.199975,202.912005,202.964325
2026-03-23 14:21:00,202.953535,203.224465,202.953535,203.173525
2026-03-23 14:22:00,203.177245,203.191955,202.987685,203.191955
2026-03-23 14:23:00,203.187995,203.198405,202.921025,203.014955
2026-03-23 14:24:00,203.012785,203.202765,203.001095,203.107555
2026-03-23 14:25:00,203.115575,203.167345,202.875795,202.877425
2026-03-23 14:26:00,202.874325,203.161285,202.874075,203.098815
2026-03-23 14:27:00,203.102465,203.102465,202.755955,202.817295
2026-03-23 14:28:00,202.817685,203.072855,202.809125,203.011855
2026-03-23 14:29:00,203.014715,203.197975,202.950615,203.179815
2026-03-23 14:30:00,203.185265,203.209375,202.765125,202.802535
2026-03-23 14:31:00,202.805565,202.807015,202.627495,202.676375
2026-03-23 14:32:00,202.688985,202.752285,202.547245,202.694245
2026-03-23 14:33:00,202.675665,202.722295,202.496245,202.555855
2026-03-23 14:34:00,202.557415,202.863655,202.518525,202.810315
2026-03-23 14:35:00,202.792055,202.865375,202.644985,202.800115
2026-03-23 14:36:00,202.804615,203.136155,202.796075,202.949605
2026-03-23 14:37:00,202.948915,203.100285,202.946925,203.017255
2026-03-23 14:38:00,203.012725,203.162465,202.878335,202.881955
2026-03-23 14:39:00,202.907095,202.926625,202.803185,202.825385
2026-03-23 14:40:00,202.824135,202.953305,202.768805,202.900465
2026-03-23 14:41:00,202.897775,202.898075,202.566755,202.669565
2026-03-23 14:42:00,202.658005,202.669665,202.525745,202.629665
2026-03-23 14:43:00,202.617745,202.933665,202.567995,202.631885
2026-03-23 14:44:00,202.635875,202.707075,202.510105,202.520405
2026-03-23 14:45:00,202.519665,202.677995,202.466425,202.536915
2026-03-23 14:46:00,202.558455,202.632505,202.460895,202.594525
2026-03-23 14:47:00,202.578365,202.654615,202.414675,202.651565
2026-03-23 14:48:00,202.642675,202.773435,202.479035,202.738255
2026-03-23 14:49:00,202.748505,202.748505,202.498305,202.582815
2026-03-23 14:50:00,202.579225,202.604205,202.306155,202.347665
2026-03-23 14:51:00,202.351405,202.659245,202.351405,202.655425
2026-03-23 14:52:00,202.652545,203.074345,202.649925,202.993635
2026-03-23 14:53:00,202.996965,203.117145,202.863715,202.969055
2026-03-23 14:54:00,202.966595,202.995485,202.631895,202.693805
2026-03-23 14:55:00,202.695325,202.895065,202.620415,202.876985
2026-03-23 14:56:00,202.879935,203.064535,202.680255,202.733795
2026-03-23 14:57:00,202.735835,202.808265,202.639015,202.688825
2026-03-23 14:58:00,202.728035,202.738355,202.444725,202.513815
2026-03-23 14:59:00,202.503795,202.643415,202.460335,202.578665
2026-03-23 15:00:00,202.576575,202.622545,202.285165,202.390385
2026-03-23 15:01:00,202.386215,202.508235,202.300615,202.368635
2026-03-23 15:02:00,202.372605,202.377545,202.124085,202.133335
2026-03-23 15:03:00,202.131375,202.273035,202.115525,202.221965
2026-03-23 15:04:00,202.220575,202.227015,202.018595,202.044755
2026-03-23 15:05:00,202.049855,202.077155,201.747445,201.763295
2026-03-23 15:06:00,201.753685,201.877525,201.624045,201.770525
2026-03-23 15:07:00,201.770375,201.994245,201.770375,201.984185
2026-03-23 15:08:00,201.995115,202.193235,201.890155,202.146205
2026-03-23 15:09:00,202.143305,202.448875,202.123905,202.435515
2026-03-23 15:10:00,202.431845,202.618925,202.417615,202.497695
2026-03-23 15:11:00,202.500545,202.827095,202.485695,202.800125
2026-03-23 15:12:00,202.797475,202.820905,202.679045,202.780355
2026-03-23 15:13:00,202.784085,202.928585,202.651695,202.885395
2026-03-23 15:14:00,202.883745,203.003125,202.825485,202.954635
2026-03-23 15:15:00,202.951335,203.042365,202.748635,202.785345
2026-03-23 15:16:00,202.788555,202.823795,202.594465,202.778135
2026-03-23 15:17:00,202.757395,202.934885,202.682165,202.847105
2026-03-23 15:18:00,202.861885,202.888655,202.679075,202.847215
2026-03-23 15:19:00,202.845075,202.948285,202.722415,202.802315
2026-03-23 15:20:00,202.798395,202.876845,202.674315,202.839405
2026-03-23 15:21:00,202.844345,203.109865,202.814585,203.109865
2026-03-23 15:22:00,203.113885,203.155655,203.045705,203.108075
2026-03-23 15:23:00,203.123305,203.188085,203.046525,203.076965
2026-03-23 15:24:00,203.084825,203.156055,202.915505,202.927075
2026-03-23 15:25:00,202.924325,203.052315,202.873615,202.951595
2026-03-23 15:26:00,202.948165,202.972995,202.691885,202.729915
2026-03-23 15:27:00,202.729865,202.731235,202.287785,202.329165
2026-03-23 15:28:00,202.329305,202.376175,202.224965,202.321895
2026-03-23 15:29:00,202.318105,202.400935,202.185665,202.190575
2026-03-23 15:30:00,202.190525,202.219845,201.997545,202.202035
2026-03-23 15:31:00,202.174285,202.363575,202.164295,202.198485
2026-03-23 15:32:00,202.198055,202.276855,202.112185,202.184945
2026-03-23 15:33:00,202.192815,202.345165,202.105255,202.339795
2026-03-23 15:34:00,202.340625,202.775855,202.313785,202.762375
2026-03-23 15:35:00,202.743165,202.923445,202.704585,202.748175
2026-03-23 15:36:00,202.752395,202.852005,202.741875,202.783255
2026-03-23 15:37:00,202.787875,203.003215,202.760475,202.951965
2026-03-23 15:38:00,202.952115,203.102335,202.904095,202.985515
2026-03-23 15:39:00,202.975235,203.075805,202.887175,203.027615
2026-03-23 15:40:00,203.030735,203.171875,202.984795,202.998115
2026-03-23 15:41:00,203.006775,203.006775,202.822765,202.825555
2026-03-23 15:42:00,202.825105,203.172565,202.799225,203.155095
2026-03-23 15:43:00,203.174715,203.215625,203.081205,203.135645
2026-03-23 15:44:00,203.144005,203.427155,203.099815,203.427155
2026-03-23 15:45:00,203.428025,203.691525,203.384245,203.539765
2026-03-23 15:46:00,203.551285,203.676955,203.504535,203.515625
2026-03-23 15:47:00,203.515805,203.619695,203.325075,203.380315
2026-03-23 15:48:00,203.355975,203.525535,203.281155,203.525535
2026-03-23 15:49:00,203.520975,203.520975,203.066435,203.108415
2026-03-23 15:50:00,203.116275,203.239645,202.966015,203.233855
2026-03-23 15:51:00,203.224925,203.517095,203.128105,203.377755
2026-03-23 15:52:00,203.374815,203.489265,203.354965,203.438315
2026-03-23 15:53:00,203.444685,203.623625,203.444685,203.547025
2026-03-23 15:54:00,203.556625,203.649575,203.356475,203.631785
2026-03-23 15:55:00,203.621025,203.661705,203.429905,203.634135
2026-03-23 15:56:00,203.631855,203.839275,203.612405,203.809565
2026-03-23 15:57:00,203.813705,203.814015,203.580635,203.674575
2026-03-23 15:58:00,203.691375,203.692945,203.450315,203.574205
2026-03-23 15:59:00,203.569775,203.713435,203.528505,203.711025
2026-03-23 16:00:00,203.703815,203.762515,203.574335,203.594105
2026-03-23 16:01:00,203.593935,203.983645,203.591935,203.966335
2026-03-23 16:02:00,203.958495,204.015335,203.808515,203.955335
2026-03-23 16:03:00,203.951545,204.048195,203.862365,203.930765
2026-03-23 16:04:00,203.933515,204.078185,203.922515,204.078185
2026-03-23 16:05:00,204.076265,204.288195,204.076265,204.137955
2026-03-23 16:06:00,204.139495,204.143685,203.828865,203.857975
2026-03-23 16:07:00,203.839395,203.844475,203.611085,203.643035
2026-03-23 16:08:00,203.654755,203.797905,203.481425,203.497185
2026-03-23 16:09:00,203.495215,203.669785,203.434885,203.659195
2026-03-23 16:10:00,203.651725,203.855675,203.618345,203.787755
2026-03-23 16:11:00,203.787295,203.957475,203.732525,203.852055
2026-03-23 16:12:00,203.848185,203.859095,203.642665,203.669915
2026-03-23 16:13:00,203.697555,203.729155,203.474355,203.492545
2026-03-23 16:14:00,203.494315,204.067375,203.449915,204.054975
2026-03-23 16:15:00,204.073505,204.076115,203.824875,204.049075
2026-03-23 16:16:00,204.049445,204.074525,203.789265,203.930785
2026-03-23 16:17:00,203.933155,203.947845,203.790535,203.872925
2026-03-23 16:18:00,203.872335,203.983915,203.593395,203.674835
2026-03-23 16:19:00,203.674655,203.880795,203.551245,203.869125
2026-03-23 16:20:00,203.872895,204.256445,203.865045,204.192085
2026-03-23 16:21:00,204.171075,204.426945,204.150465,204.397255
2026-03-23 16:22:00,204.395245,204.546795,204.127815,204.180255
2026-03-23 16:23:00,204.179015,204.254355,204.127355,204.213535
2026-03-23 16:24:00,204.211365,204.527355,204.112195,204.527355
2026-03-23 16:25:00,204.524725,204.565435,204.230675,204.230675
2026-03-23 16:26:00,204.234765,204.495055,204.232305,204.335785
2026-03-23 16:27:00,204.318715,204.632545,204.310925,204.545175
2026-03-23 16:28:00,204.542535,204.686275,204.417915,204.446975
2026-03-23 16:29:00,204.445535,204.510245,204.337785,204.411525
2026-03-23 16:30:00,204.421765,204.683665,204.417835,204.579555
2026-03-23 16:31:00,204.581155,204.655395,204.414005,204.414005
2026-03-23 16:32:00,204.416405,204.458035,204.225695,204.291775
2026-03-23 16:33:00,204.301085,204.386575,204.255125,204.346525
2026-03-23 16:34:00,204.346485,204.446375,204.252325,204.413575
2026-03-23 16:35:00,204.416685,204.550425,204.395485,204.538635
2026-03-23 16:36:00,204.542715,204.570535,204.408375,204.522305
2026-03-23 16:37:00,204.522555,204.524915,204.313395,204.354805
2026-03-23 16:38:00,204.357765,204.359125,204.190645,204.358805
2026-03-23 16:39:00,204.352835,204.471955,204.259305,204.307775
2026-03-23 16:40:00,204.282305,204.282305,204.078725,204.187155
2026-03-23 16:41:00,204.188795,204.275705,204.089715,204.137495
2026-03-23 16:42:00,204.129055,204.185585,203.997895,204.048975
2026-03-23 16:43:00,204.050145,204.057275,203.854475,203.916815
2026-03-23 16:44:00,203.934525,204.093405,203.868785,204.047615
2026-03-23 16:45:00,204.058985,204.092225,203.943355,204.059965
2026-03-23 16:46:00,204.070265,204.213865,203.860985,204.204705
2026-03-23 16:47:00,204.206755,204.213265,203.812875,203.833435
2026-03-23 16:48:00,203.837025,203.922955,203.806835,203.912095
2026-03-23 16:49:00,203.912325,204.115785,203.747055,203.804855
2026-03-23 16:50:00,203.807235,203.816435,203.611005,203.615905
2026-03-23 16:51:00,203.626195,203.650605,203.532275,203.607315
2026-03-23 16:52:00,203.609705,203.708745,203.548365,203.548365
2026-03-23 16:53:00,203.542215,203.590005,203.324735,203.355085
2026-03-23 16:54:00,203.358175,203.445885,203.239695,203.379995
2026-03-23 16:55:00,203.380235,203.617815,203.375245,203.455775
2026-03-23 16:56:00,203.453915,203.586135,203.420575,203.518145
2026-03-23 16:57:00,203.503815,203.508185,203.270065,203.395465
2026-03-23 16:58:00,203.412535,203.718025,203.394185,203.697155
2026-03-23 16:59:00,203.676455,203.849555,203.665015,203.798045
2026-03-23 17:00:00,203.799955,203.904175,203.706605,203.836055
2026-03-23 17:01:00,203.835375,204.057725,203.810555,203.965895
2026-03-23 17:02:00,203.961755,204.027035,203.883525,203.955345
2026-03-23 17:03:00,203.954095,204.022295,203.852855,203.967395
2026-03-23 17:04:00,203.973795,203.974885,203.744545,203.822125
2026-03-23 17:05:00,203.817885,203.863565,203.582285,203.794905
2026-03-23 17:06:00,203.795935,204.055065,203.795935,204.051185
2026-03-23 17:07:00,204.065215,204.403085,204.065215,204.195745
2026-03-23 17:08:00,204.201675,204.315105,204.148595,204.296465
2026-03-23 17:09:00,204.293615,204.302545,204.153815,204.158035
2026-03-23 17:10:00,204.135405,204.239365,204.030185,204.078715
2026-03-23 17:11:00,204.077145,204.163935,203.931365,203.934005
2026-03-23 17:12:00,203.941105,204.068295,203.785155,203.833035
2026-03-23 17:13:00,203.836095,204.082685,203.764295,204.017935
2026-03-23 17:14:00,204.037395,204.095085,203.828495,203.831595
2026-03-23 17:15:00,203.844145,203.844145,203.525755,203.531095
2026-03-23 17:16:00,203.504425,203.631215,203.427535,203.532245
2026-03-23 17:17:00,203.536315,203.553255,203.328735,203.330705
2026-03-23 17:18:00,203.330455,203.346315,203.048755,203.094065
2026-03-23 17:19:00,203.097985,203.292755,203.075255,203.241785
2026-03-23 17:20:00,203.262175,203.314025,203.204455,203.247685
2026-03-23 17:21:00,203.222275,203.453205,203.222275,203.449165
2026-03-23 17:22:00,203.434395,203.620465,203.346035,203.592045
2026-03-23 17:23:00,203.584055,203.747415,203.576275,203.708185
2026-03-23 17:24:00,203.706415,203.737625,203.604595,203.702575
2026-03-23 17:25:00,203.706495,203.726295,203.419965,203.419965
2026-03-23 17:26:00,203.362775,203.439915,203.268045,203.268045
2026-03-23 17:27:00,203.270235,203.283215,202.868925,202.868925
2026-03-23 17:28:00,202.872625,202.908905,202.673285,202.898865
2026-03-23 17:29:00,202.905685,202.942635,202.799625,202.907875
2026-03-23 17:30:00,202.903405,202.940285,202.790715,202.856815
2026-03-23 17:31:00,202.876265,202.903135,202.725595,202.812355
2026-03-23 17:32:00,202.823325,203.012555,202.821475,202.941925
2026-03-23 17:33:00,202.943305,202.996195,202.624375,202.831955
2026-03-23 17:34:00,202.815125,202.853815,202.556605,202.583995
2026-03-23 17:35:00,202.580865,202.732745,202.527025,202.727985
2026-03-23 17:36:00,202.731435,202.849775,202.559675,202.559675
2026-03-23 17:37:00,202.533035,202.854415,202.533035,202.805965
2026-03-23 17:38:00,202.780805,202.866925,202.675565,202.683465
2026-03-23 17:39:00,202.689485,202.718115,202.406655,202.406655
2026-03-23 17:40:00,202.407695,202.496965,202.313865,202.381845
2026-03-23 17:41:00,202.388855,202.388855,202.198845,202.219565
2026-03-23 17:42:00,202.233085,202.386765,202.128765,202.384745
2026-03-23 17:43:00,202.377885,202.459185,202.278005,202.424505
2026-03-23 17:44:00,202.419835,202.472625,202.258165,202.337005
2026-03-23 17:45:00,202.355975,202.434915,202.263805,202.372275
2026-03-23 17:46:00,202.400885,202.459355,202.211035,202.216055
2026-03-23 17:47:00,202.232635,202.408125,202.229945,202.356765
2026-03-23 17:48:00,202.357385,202.565465,202.352925,202.352925
2026-03-23 17:49:00,202.356385,202.381075,202.180975,202.184535
2026-03-23 17:50:00,202.175585,202.276915,202.082825,202.209695
2026-03-23 17:51:00,202.222765,202.398245,202.220655,202.374705
2026-03-23 17:52:00,202.372755,202.514635,202.248805,202.479795
2026-03-23 17:53:00,202.477505,202.528165,202.154465,202.184765
2026-03-23 17:54:00,202.186765,202.189165,201.965535,201.965535
2026-03-23 17:55:00,201.962315,202.002685,201.809275,201.973655
2026-03-23 17:56:00,201.957735,202.008745,201.854285,201.914525
2026-03-23 17:57:00,201.916095,202.201505,201.904305,202.166085
2026-03-23 17:58:00,202.164545,202.582135,202.164545,202.428425
2026-03-23 17:59:00,202.427295,202.505075,202.292975,202.294165
2026-03-23 18:00:00,202.294135,202.421465,202.194365,202.421465
2026-03-23 18:01:00,202.417215,202.502995,202.307895,202.502995
2026-03-23 18:02:00,202.503775,202.527245,202.287965,202.422045
2026-03-23 18:03:00,202.426735,202.503525,202.202295,202.228625
2026-03-23 18:04:00,202.232965,202.298665,202.076645,202.115665
2026-03-23 18:05:00,202.124215,202.296855,201.882985,201.903485
2026-03-23 18:06:00,201.905165,201.952895,201.609495,201.625335
2026-03-23 18:07:00,201.619825,201.827585,201.619825,201.734975
2026-03-23 18:08:00,201.732175,201.820985,201.686425,201.730675
2026-03-23 18:09:00,201.729925,201.823365,201.681895,201.781895
2026-03-23 18:10:00,201.785705,201.969875,201.764655,201.962375
2026-03-23 18:11:00,201.966535,202.143215,201.959025,202.143215
2026-03-23 18:12:00,202.142275,202.213775,202.031955,202.075875
2026-03-23 18:13:00,202.041905,202.256585,202.000875,202.138075
2026-03-23 18:14:00,202.135245,202.268395,202.102425,202.197585
2026-03-23 18:15:00,202.197545,202.345965,202.070185,202.323135
2026-03-23 18:16:00,202.312015,202.601865,202.275495,202.469805
2026-03-23 18:17:00,202.464555,202.672405,202.372885,202.376275
2026-03-23 18:18:00,202.383945,202.659815,202.383945,202.588685
2026-03-23 18:19:00,202.588735,202.779035,202.587595,202.708045
2026-03-23 18:20:00,202.710485,202.863255,202.697615,202.822345
2026-03-23 18:21:00,202.821275,202.912775,202.500655,202.560755
2026-03-23 18:22:00,202.577765,202.611945,202.314165,202.376675
2026-03-23 18:23:00,202.377075,202.489415,202.297165,202.483855
2026-03-23 18:24:00,202.485775,202.600395,202.407145,202.535695
2026-03-23 18:25:00,202.528525,202.659445,202.454985,202.659445
2026-03-23 18:26:00,202.657085,202.842125,202.589895,202.817525
2026-03-23 18:27:00,202.834575,202.943425,202.659975,202.778945
2026-03-23 18:28:00,202.772235,202.830745,202.597985,202.633435
2026-03-23 18:29:00,202.633695,202.699855,202.437925,202.469195
2026-03-23 18:30:00,202.470185,202.680645,202.409385,202.505005
2026-03-23 18:31:00,202.487515,202.563375,202.291115,202.340105
2026-03-23 18:32:00,202.323645,202.323645,202.139005,202.157155
2026-03-23 18:33:00,202.148565,202.205745,201.975545,201.982925
2026-03-23 18:34:00,201.984585,201.998665,201.839105,201.873885
2026-03-23 18:40:00,201.873885,201.873885,201.873885,201.873885
2026-03-23 18:41:00,201.873885,211.271515,201.873885,211.241815
2026-03-23 18:42:00,211.240685,211.399835,211.232485,211.278195
2026-03-23 18:43:00,211.276515,211.377735,211.204185,211.323045
2026-03-23 18:44:00,211.326325,211.350845,211.047225,211.140475
2026-03-23 18:45:00,211.140195,211.311615,210.962015,211.096945
2026-03-23 18:46:00,211.097035,211.388285,211.058195,211.294415
2026-03-23 18:47:00,211.290325,211.543295,211.214705,211.423895
2026-03-23 18:48:00,211.427875,211.529305,211.351125,211.412625
2026-03-23 18:49:00,211.419795,211.445245,211.161985,211.164085
2026-03-23 18:50:00,211.161115,211.515235,211.156145,211.501745
2026-03-23 18:51:00,211.509205,211.806085,211.509205,211.767625
2026-03-23 18:52:00,211.755445,211.841845,211.650105,211.841845
2026-03-23 18:53:00,211.864415,212.065635,211.810085,211.810085
2026-03-23 18:54:00,211.832685,211.862925,211.603465,211.609425
2026-03-23 18:55:00,211.611855,211.723795,211.521375,211.566285
2026-03-23 18:56:00,211.559435,211.626435,211.408615,211.411705
2026-03-23 18:57:00,211.414385,211.502065,211.046905,211.124205
2026-03-23 18:58:00,211.125065,211.127735,210.944625,210.966875
2026-03-23 18:59:00,210.963885,211.134595,210.893145,211.016605
2026-03-23 19:00:00,210.993855,211.117905,210.819065,210.914265
2026-03-23 19:01:00,210.904705,211.137305,210.904705,210.967675
2026-03-23 19:02:00,210.968335,211.065515,210.894545,210.941925
2026-03-23 19:03:00,210.941665,211.131805,210.900995,211.131805
2026-03-23 19:04:00,211.136385,211.239365,211.063585,211.122495
2026-03-23 19:05:00,211.126015,211.155315,210.962405,211.108525
2026-03-23 19:06:00,211.108165,211.199715,210.980185,211.177535
2026-03-23 19:07:00,211.174355,211.253965,210.980345,210.980835
2026-03-23 19:08:00,210.981945,211.225465,210.938115,211.219225
2026-03-23 19:09:00,211.203575,211.294965,211.137725,211.141305
2026-03-23 19:10:00,211.144755,211.252425,211.096335,211.207085
2026-03-23 19:11:00,211.202545,211.270085,210.971695,211.014045
2026-03-23 19:12:00,211.018475,211.072945,210.959195,211.037835
2026-03-23 19:13:00,211.040305,211.070975,210.945735,211.007685
2026-03-23 19:14:00,211.009205,211.168045,211.009205,211.162495
2026-03-23 19:15:00,211.153625,211.293365,211.104355,211.290585
2026-03-23 19:16:00,211.289525,211.537755,211.265535,211.402525
2026-03-23 19:17:00,211.395195,211.435265,211.189905,211.228365
2026-03-23 19:18:00,211.215205,211.372205,211.151485,211.323365
2026-03-23 19:19:00,211.326525,211.565155,211.292515,211.565155
2026-03-23 19:20:00,211.572615,211.578695,211.333155,211.376265
2026-03-23 19:21:00,211.371285,211.519355,211.293645,211.298155
2026-03-23 19:22:00,211.292805,211.678015,211.248325,211.588475
2026-03-23 19:23:00,211.592455,211.592455,211.260225,211.270765
2026-03-23 19:24:00,211.272645,211.315105,211.036205,211.100685
2026-03-23 19:25:00,211.097585,211.138055,211.008925,211.085565
2026-03-23 19:26:00,211.074875,211.080355,210.887525,210.908225
2026-03-23 19:27:00,210.909055,210.966095,210.743895,210.743895
2026-03-23 19:28:00,210.741865,210.741865,210.433905,210.516845
2026-03-23 19:29:00,210.517025,210.776065,210.475965,210.724415
2026-03-23 19:30:00,210.723025,211.024845,210.658535,210.945215
2026-03-23 19:31:00,210.968225,211.250855,210.955885,211.236195
2026-03-23 19:32:00,211.208575,211.326175,211.207125,211.319115
2026-03-23 19:33:00,211.336585,211.472745,211.139385,211.371465
2026-03-23 19:34:00,211.334565,211.371865,211.256475,211.338295
2026-03-23 19:35:00,211.348975,211.565075,211.325105,211.512925
2026-03-23 19:36:00,211.517305,211.589955,211.443135,211.459985
2026-03-23 19:37:00,211.516695,211.517025,211.181425,211.198895
2026-03-23 19:38:00,211.211085,211.277595,210.984045,211.004675
2026-03-23 19:39:00,210.991325,211.012145,210.840515,210.979305
2026-03-23 19:40:00,210.978375,211.195945,210.930545,210.930545
2026-03-23 19:41:00,210.931045,210.953685,210.672765,210.730865
2026-03-23 19:42:00,210.730465,210.773955,210.604855,210.624065
2026-03-23 19:43:00,210.620865,210.703465,210.487355,210.487755
2026-03-23 19:44:00,210.506635,210.695505,210.501605,210.617595
2026-03-23 19:45:00,210.617935,210.765435,210.595625,210.623225
2026-03-23 19:46:00,210.620785,210.736195,210.529695,210.648925
2026-03-23 19:47:00,210.654515,210.666625,210.489915,210.538505
2026-03-23 19:48:00,210.551545,210.619385,210.449725,210.523205
2026-03-23 19:49:00,210.502455,210.508135,210.237365,210.237365
2026-03-23 19:50:00,210.248795,210.297275,210.153495,210.234695
2026-03-23 19:51:00,210.224165,210.260955,209.863245,209.901235
2026-03-23 19:52:00,209.901215,210.106635,209.872705,209.916945
2026-03-23 19:53:00,209.918005,210.116235,209.903765,210.063495
2026-03-23 19:54:00,210.073705,210.452995,210.069125,210.406455
2026-03-23 19:55:00,210.406755,210.621475,210.351135,210.558515
2026-03-23 19:56:00,210.546235,210.629835,210.432195,210.441155
2026-03-23 19:57:00,210.435125,210.455555,210.094555,210.174745
2026-03-23 19:58:00,210.175785,210.461805,210.165675,210.433345
2026-03-23 19:59:00,210.437765,210.462015,210.242455,210.252725
2026-03-23 20:00:00,210.249295,210.249295,210.005205,210.036485
2026-03-23 20:01:00,210.061145,210.231635,210.022155,210.131885
2026-03-23 20:02:00,210.133405,210.186135,210.034115,210.135285
2026-03-23 20:03:00,210.127885,210.147115,209.967245,209.994435
2026-03-23 20:04:00,210.002385,210.020445,209.815975,209.922175
2026-03-23 20:05:00,209.919105,209.944925,209.718995,209.944925
2026-03-23 20:06:00,209.963135,210.464035,209.963135,210.410035
2026-03-23 20:07:00,210.402465,210.785325,210.376215,210.723145
2026-03-23 20:08:00,210.724115,210.838415,210.566915,210.644865
2026-03-23 20:09:00,210.642235,210.644385,210.474985,210.474985
2026-03-23 20:10:00,210.470365,210.498045,210.345145,210.396895
2026-03-23 20:11:00,210.397575,210.433675,210.009005,210.033735
2026-03-23 20:12:00,210.031005,210.128065,209.608195,209.608195
2026-03-23 20:13:00,209.606645,209.677805,209.462495,209.494715
2026-03-23 20:14:00,209.496575,209.633685,209.439125,209.550555
2026-03-23 20:15:00,209.541955,209.757225,209.504925,209.599915
2026-03-23 20:16:00,209.598725,209.598725,209.268655,209.378775
2026-03-23 20:17:00,209.381885,209.509695,209.294845,209.503785
2026-03-23 20:18:00,209.491455,209.547355,209.238925,209.243625
2026-03-23 20:19:00,209.247255,209.356625,209.159465,209.275315
2026-03-23 20:20:00,209.348315,209.546515,209.305915,209.541575
2026-03-23 20:21:00,209.550135,209.551375,209.221205,209.222935
2026-03-23 20:22:00,209.254725,209.289195,209.123965,209.142265
2026-03-23 20:23:00,209.148475,209.228575,209.021115,209.071785
2026-03-23 20:24:00,209.069925,209.262555,209.019515,209.155765
2026-03-23 20:25:00,209.156285,209.378505,209.148005,209.218355
2026-03-23 20:26:00,209.213815,209.213815,208.893275,209.191275
2026-03-23 20:27:00,209.193975,209.247225,209.044935,209.116105
2026-03-23 20:28:00,209.117575,209.117575,208.750665,208.794345
2026-03-23 20:29:00,208.789055,208.861675,208.727285,208.774495
2026-03-23 20:30:00,208.771205,208.940705,208.755755,208.818825
2026-03-23 20:31:00,208.819695,208.951455,208.734015,208.931035
2026-03-23 20:32:00,208.886465,209.001415,208.785975,208.825785
2026-03-23 20:33:00,208.827335,208.916245,208.770915,208.842875
2026-03-23 20:34:00,208.842865,208.871995,208.642555,208.757605
2026-03-23 20:35:00,208.753455,208.940705,208.705515,208.908845
2026-03-23 20:36:00,208.909285,208.987675,208.681175,208.823325
2026-03-23 20:37:00,208.836795,208.844485,208.286035,208.331445
2026-03-23 20:38:00,208.329465,208.342805,208.155655,208.199165
2026-03-23 20:39:00,208.197805,208.203615,208.010075,208.051895
2026-03-23 20:40:00,208.047375,208.409805,208.014705,208.252225
2026-03-23 20:41:00,208.252275,208.554505,208.224175,208.461955
2026-03-23 20:42:00,208.464025,208.516215,207.867555,207.949025
2026-03-23 20:43:00,207.951195,207.975125,207.706605,207.738305
2026-03-23 20:44:00,207.737905,207.852885,207.563125,207.727375
2026-03-23 20:45:00,207.731655,207.779525,207.571045,207.639485
2026-03-23 20:46:00,207.607025,207.667205,207.310615,207.318885
2026-03-23 20:47:00,207.316055,207.429705,207.184905,207.420345
2026-03-23 20:48:00,207.390535,207.606045,207.384615,207.551545
2026-03-23 20:49:00,207.545685,207.596935,207.329115,207.338695
2026-03-23 20:50:00,207.342965,207.543595,207.303655,207.536995
2026-03-23 20:51:00,207.543025,207.628255,207.428725,207.506815
2026-03-23 20:52:00,207.502025,207.543795,207.421095,207.449955
2026-03-23 20:53:00,207.434685,207.565225,207.393565,207.419875
2026-03-23 20:54:00,207.402525,207.403715,207.251795,207.398515
2026-03-23 20:55:00,207.401795,207.521715,207.223065,207.476035
2026-03-23 20:56:00,207.500185,207.686785,207.254855,207.373445
2026-03-23 20:57:00,207.375655,207.612485,207.305095,207.610325
2026-03-23 20:58:00,207.614675,207.643645,207.392515,207.400635
2026-03-23 20:59:00,207.396655,207.515255,207.386285,207.448845
2026-03-23 21:00:00,207.447845,207.505795,207.305955,207.401375
2026-03-23 21:01:00,207.396885,207.396885,207.256985,207.293385
2026-03-23 21:02:00,207.294955,207.322305,207.161665,207.161665
2026-03-23 21:03:00,207.172395,207.217085,206.824555,206.835905
2026-03-23 21:04:00,206.833385,206.905285,206.784255,206.879665
2026-03-23 21:05:00,206.878215,206.966875,206.685335,206.698415
2026-03-23 21:06:00,206.700215,206.700215,206.226205,206.226205
2026-03-23 21:07:00,206.224225,206.650365,206.224225,206.646885
2026-03-23 21:08:00,206.598455,206.690825,206.504095,206.527615
2026-03-23 21:09:00,206.525705,206.775465,206.369755,206.775465
2026-03-23 21:10:00,206.771595,206.880695,206.642415,206.646895
2026-03-23 21:11:00,206.643235,206.911395,206.591185,206.792315
2026-03-23 21:12:00,206.788995,206.915595,206.737965,206.876415
2026-03-23 21:13:00,206.879645,206.952575,206.742595,206.793985
2026-03-23 21:14:00,206.795235,206.904825,206.695255,206.790575
2026-03-23 21:15:00,206.771555,207.005115,206.737935,206.912205
2026-03-23 21:16:00,206.916245,207.013095,206.780595,206.831375
2026-03-23 21:17:00,206.826205,206.974595,206.801505,206.911035
2026-03-23 21:18:00,206.918475,207.188095,206.841855,207.110305
2026-03-23 21:19:00,207.111305,207.121885,206.852825,206.974995
2026-03-23 21:20:00,206.973225,206.975785,206.655605,206.681505
2026-03-23 21:21:00,206.685575,206.916865,206.655895,206.846025
2026-03-23 21:22:00,206.845985,206.866225,206.621195,206.733725
2026-03-23 21:23:00,206.717315,206.919915,206.687685,206.887945
2026-03-23 21:24:00,206.890345,207.245725,206.878675,207.222015
2026-03-23 21:25:00,207.218025,207.226135,206.995455,207.029965
2026-03-23 21:26:00,207.036215,207.070455,206.850635,207.013785
2026-03-23 21:27:00,207.007305,207.007305,206.812875,206.928775
2026-03-23 21:28:00,206.897965,206.963865,206.683715,206.683715
2026-03-23 21:29:00,206.680275,206.816005,206.630645,206.780075
2026-03-23 21:30:00,206.780595,206.936815,206.722395,206.882725
2026-03-23 21:31:00,206.880505,206.987265,206.764595,206.779235
2026-03-23 21:32:00,206.779535,206.894315,206.663135,206.734825
2026-03-23 21:33:00,206.739355,206.818495,206.541115,206.541115
2026-03-23 21:34:00,206.537575,206.553345,206.392795,206.441075
2026-03-23 21:35:00,206.435415,206.643565,206.404705,206.549245
2026-03-23 21:36:00,206.544825,206.777175,206.512375,206.758235
2026-03-23 21:37:00,206.757415,206.917265,206.657395,206.873835
2026-03-23 21:38:00,206.874125,206.945795,206.754765,206.862195
2026-03-23 21:39:00,206.863505,206.887515,206.693395,206.738815
2026-03-23 21:40:00,206.704805,206.792545,206.650235,206.752785
2026-03-23 21:41:00,206.763155,206.963335,206.763155,206.875355
2026-03-23 21:42:00,206.862595,206.880955,206.724945,206.745785
2026-03-23 21:43:00,206.732485,206.919315,206.652955,206.793435
2026-03-23 21:44:00,206.801385,206.863235,206.581065,206.641795
2026-03-23 21:45:00,206.645245,206.855335,206.590945,206.855335
2026-03-23 21:46:00,206.859105,206.895065,206.672505,206.718115
2026-03-23 21:47:00,206.713045,206.735505,206.493085,206.502255
2026-03-23 21:48:00,206.505645,206.618985,206.325615,206.325615
2026-03-23 21:49:00,206.327715,206.580805,206.327515,206.437065
2026-03-23 21:50:00,206.444315,206.642025,206.312775,206.363555
2026-03-23 21:51:00,206.362095,206.522045,206.287655,206.422165
2026-03-23 21:52:00,206.448775,206.558775,206.282705,206.422775
2026-03-23 21:53:00,206.423085,206.562865,206.359405,206.543585
2026-03-23 21:54:00,206.539085,206.563475,206.321565,206.361075
2026-03-23 21:55:00,206.367445,206.426355,206.283485,206.321805
2026-03-23 21:56:00,206.332755,206.455765,206.248535,206.417125
2026-03-23 21:57:00,206.407475,206.790945,206.365995,206.617645
2026-03-23 21:58:00,206.621325,206.695075,206.352795,206.393605
2026-03-23 21:59:00,206.401945,206.487495,206.293715,206.365675
2026-03-23 22:00:00,206.369775,206.643015,206.347195,206.615015
2026-03-23 22:01:00,206.620625,206.880615,206.595875,206.849035
2026-03-23 22:02:00,206.847905,206.998465,206.831015,206.895205
2026-03-23 22:03:00,206.893245,206.893245,206.703425,206.703425
2026-03-23 22:04:00,206.693575,206.920185,206.692345,206.917935
2026-03-23 22:05:00,206.918015,207.071155,206.913045,207.035235
2026-03-23 22:06:00,207.042425,207.142245,206.994525,207.057825
2026-03-23 22:07:00,207.060245,207.244335,207.053325,207.143695
2026-03-23 22:08:00,207.140795,207.180765,206.937865,207.014555
2026-03-23 22:09:00,207.016985,207.069025,206.945995,207.027385
2026-03-23 22:10:00,207.051555,207.111525,206.982455,207.024485
2026-03-23 22:11:00,207.025625,207.083835,206.778655,206.781205
2026-03-23 22:12:00,206.768995,206.932235,206.739345,206.850235
2026-03-23 22:13:00,206.838175,206.986755,206.829325,206.973145
2026-03-23 22:14:00,206.975205,207.010635,206.843225,206.908115
2026-03-23 22:15:00,206.898055,206.946595,206.751015,206.934645
2026-03-23 22:16:00,206.926945,207.055535,206.916885,206.928555
2026-03-23 22:17:00,206.917195,207.020885,206.897605,206.971085
2026-03-23 22:18:00,206.986095,206.986095,206.619145,206.658615
2026-03-23 22:19:00,206.658205,206.788155,206.504055,206.534765
2026-03-23 22:20:00,206.538515,206.620695,206.367355,206.450465
2026-03-23 22:21:00,206.454775,206.509585,206.295805,206.426145
2026-03-23 22:22:00,206.424365,206.795775,206.405375,206.640435
2026-03-23 22:23:00,206.637575,206.717425,206.527595,206.703175
2026-03-23 22:24:00,206.713585,206.737695,206.587585,206.601275
2026-03-23 22:25:00,206.603315,206.788055,206.593365,206.711765
2026-03-23 22:26:00,206.725595,206.882865,206.716865,206.849715
2026-03-23 22:27:00,206.851865,207.015965,206.851625,206.962685
2026-03-23 22:28:00,206.959965,207.168305,206.872635,207.168305
2026-03-23 22:29:00,207.177785,207.220255,207.071925,207.093495
2026-03-23 22:30:00,207.094295,207.377425,207.054335,207.364425
2026-03-23 22:31:00,207.373025,207.409135,207.093515,207.185375
2026-03-23 22:32:00,207.183005,207.274155,206.924845,206.974055
2026-03-23 22:33:00,206.987495,207.087465,206.921065,207.052735
2026-03-23 22:34:00,207.055645,207.169745,206.949185,207.067705
2026-03-23 22:35:00,207.071865,207.215735,207.028245,207.065945
2026-03-23 22:36:00,207.069625,207.133825,206.929115,207.075065
2026-03-23 22:37:00,207.075245,207.129395,206.817675,206.835605
2026-03-23 22:38:00,206.847165,207.144315,206.824995,207.138985
2026-03-23 22:39:00,207.124085,207.124085,206.945255,207.031595
2026-03-23 22:40:00,207.032335,207.033615,206.774525,206.790235
2026-03-23 22:41:00,206.789465,206.980875,206.720335,206.842115
2026-03-23 22:42:00,206.833935,206.873235,206.670065,206.707255
2026-03-23 22:43:00,206.709095,206.737105,206.556495,206.562725
2026-03-23 22:44:00,206.570335,206.738475,206.477245,206.705645
2026-03-23 22:45:00,206.697775,206.719025,206.440995,206.441445
2026-03-23 22:46:00,206.440665,206.499945,206.345515,206.419285
2026-03-23 22:47:00,206.420885,206.517165,206.398465,206.492785
2026-03-23 22:48:00,206.485625,206.729925,206.432915,206.713715
2026-03-23 22:49:00,206.711255,206.734755,206.526795,206.570995
2026-03-23 22:50:00,206.570235,206.963045,206.570235,206.685295
2026-03-23 22:51:00,206.683925,206.683925,206.434675,206.467645
2026-03-23 22:52:00,206.468995,206.468995,206.225455,206.290215
2026-03-23 22:53:00,206.293645,206.659505,206.286965,206.650325
2026-03-23 22:54:00,206.653035,206.690125,206.340725,206.409935
2026-03-23 22:55:00,206.410395,206.619075,206.329185,206.612725
2026-03-23 22:56:00,206.610965,206.667455,206.457935,206.541155
2026-03-23 22:57:00,206.546095,206.654605,206.480435,206.581295
2026-03-23 22:58:00,206.584655,206.692115,206.493415,206.528775
2026-03-23 22:59:00,206.527455,206.552665,206.325995,206.432595
2026-03-23 23:00:00,206.433045,206.850985,206.422945,206.850965
2026-03-23 23:01:00,206.855095,207.032325,206.850145,206.941065
2026-03-23 23:02:00,206.940545,206.976545,206.802065,206.816685
2026-03-23 23:03:00,206.806485,207.070295,206.759715,206.977775
2026-03-23 23:04:00,206.989865,207.051235,206.846345,206.918915
2026-03-23 23:05:00,206.916875,207.090355,206.649165,206.686175
2026-03-23 23:06:00,206.682975,206.757815,206.396075,206.430425
2026-03-23 23:07:00,206.417215,206.466085,206.350905,206.370545
2026-03-23 23:08:00,206.373755,206.707885,206.362885,206.538285
2026-03-23 23:09:00,206.534875,206.578075,206.252935,206.266635
2026-03-23 23:10:00,206.266515,206.316685,206.158925,206.193595
2026-03-23 23:11:00,206.187505,206.258225,206.072585,206.140765
2026-03-23 23:12:00,206.144695,206.305975,206.104985,206.224355
2026-03-23 23:13:00,206.199095,206.220015,206.081815,206.131095
2026-03-23 23:14:00,206.169815,206.196335,205.848445,205.848445
2026-03-23 23:15:00,205.836255,205.993715,205.799895,205.968405
2026-03-23 23:16:00,205.967425,206.019295,205.851785,205.963405
2026-03-23 23:17:00,205.913275,206.072065,205.774115,205.909655
2026-03-23 23:18:00,205.907315,205.963095,205.782835,205.963095
2026-03-23 23:19:00,205.959645,206.128915,205.922445,206.110695
2026-03-23 23:20:00,206.107755,206.188165,206.053625,206.064505
2026-03-23 23:21:00,206.069315,206.201445,205.945705,205.998555
2026-03-23 23:22:00,205.994485,206.045765,205.917995,206.009475
2026-03-23 23:23:00,206.006305,206.114095,205.863675,205.878275
2026-03-23 23:24:00,205.911675,206.147585,205.907545,205.974405
2026-03-23 23:25:00,205.974695,205.984415,205.550675,205.753775
2026-03-23 23:26:00,205.744755,205.754705,205.571765,205.604215
2026-03-23 23:27:00,205.615635,205.678075,205.506165,205.584125
2026-03-23 23:28:00,205.580275,205.827685,205.580275,205.659205
2026-03-23 23:29:00,205.646995,205.646995,205.469715,205.560385
2026-03-23 23:30:00,205.558645,205.623365,205.497755,205.520075
2026-03-23 23:31:00,205.518575,205.664865,205.388955,205.452475
2026-03-23 23:32:00,205.455545,205.566725,205.285875,205.335535
2026-03-23 23:33:00,205.332525,205.336395,205.165065,205.176925
2026-03-23 23:34:00,205.176595,205.194985,204.981515,205.090415
2026-03-23 23:35:00,205.087965,205.255145,205.039885,205.039885
2026-03-23 23:36:00,205.042575,205.165035,204.930835,204.951375
2026-03-23 23:37:00,204.949515,204.949515,204.585875,204.653385
2026-03-23 23:38:00,204.651825,204.748505,204.584765,204.626725
2026-03-23 23:39:00,204.617905,204.727015,204.563165,204.594725
2026-03-23 23:40:00,204.561755,204.606535,204.439315,204.548555
2026-03-23 23:41:00,204.579985,204.680965,204.494655,204.539115
2026-03-23 23:42:00,204.541075,204.591145,204.272505,204.312655
2026-03-23 23:43:00,204.307615,204.392705,204.208405,204.357025
2026-03-23 23:44:00,204.371975,204.612475,204.362145,204.595905
2026-03-23 23:45:00,204.603985,204.672205,204.486395,204.524315
2026-03-23 23:46:00,204.529705,204.769245,204.497785,204.670095
2026-03-23 23:47:00,204.646945,205.027285,204.641725,205.024625
2026-03-23 23:48:00,205.032085,205.135555,204.963935,204.963935
2026-03-23 23:49:00,204.959945,205.077635,204.884535,205.011225
2026-03-23 23:50:00,205.011605,205.031225,204.645395,204.758035
2026-03-23 23:51:00,204.757075,205.000335,204.710705,204.872695
2026-03-23 23:52:00,204.876175,204.933135,204.776245,204.876675
2026-03-23 23:53:00,204.879665,205.013875,204.750375,204.802575
2026-03-23 23:54:00,204.798385,204.914975,204.690785,204.914975
2026-03-23 23:55:00,204.918515,204.946325,204.796745,204.944685
2026-03-23 23:56:00,204.939315,205.002105,204.579675,204.579675
2026-03-23 23:57:00,204.572735,204.600515,204.353425,204.476965
2026-03-23 23:58:00,204.478675,204.556525,204.350785,204.484955
2026-03-23 23:59:00,204.502935,204.579825,204.398765,204.434335
2026-03-24 00:00:00,204.429825,204.598015,204.379475,204.557675
2026-03-24 00:01:00,204.609705,204.805325,204.539775,204.790735
2026-03-24 00:02:00,204.794025,205.101735,204.794025,204.949535
2026-03-24 00:03:00,204.952275,204.999605,204.630175,204.630175
2026-03-24 00:04:00,204.632325,204.763435,204.531745,204.728105
2026-03-24 00:05:00,204.740215,204.790445,204.639925,204.661025
2026-03-24 00:06:00,204.656365,204.928295,204.651195,204.895695
2026-03-24 00:07:00,204.891235,205.021655,204.884595,204.968425
2026-03-24 00:08:00,204.959295,204.984855,204.775915,204.943405
2026-03-24 00:09:00,204.945925,205.059905,204.800795,204.800795
2026-03-24 00:10:00,204.810405,204.878555,204.735265,204.870955
2026-03-24 00:11:00,204.869615,204.894595,204.757495,204.793285
2026-03-24 00:12:00,204.794855,204.849365,204.531425,204.534365
2026-03-24 00:13:00,204.542165,204.741125,204.497615,204.697765
2026-03-24 00:14:00,204.702835,204.763025,204.587525,204.763025
2026-03-24 00:15:00,204.763225,204.816745,204.615525,204.664275
2026-03-24 00:16:00,204.664555,204.783135,204.546405,204.683565
2026-03-24 00:17:00,204.666625,204.869035,204.620315,204.821075
2026-03-24 00:18:00,204.782465,204.822185,204.537375,204.537375
2026-03-24 00:19:00,204.541585,204.666655,204.468045,204.579585
2026-03-24 00:20:00,204.576765,204.671525,204.378815,204.423465
2026-03-24 00:21:00,204.422315,204.571365,204.413015,204.429445
2026-03-24 00:22:00,204.417525,204.505825,204.347705,204.350105
2026-03-24 00:23:00,204.366915,204.626725,204.283825,204.626725
2026-03-24 00:24:00,204.624215,205.017635,204.554865,205.017635
2026-03-24 00:25:00,205.025915,205.200005,205.004255,205.102645
2026-03-24 00:26:00,205.098415,205.298285,205.078605,205.099245
2026-03-24 00:27:00,205.103015,205.156325,204.949115,205.077145
2026-03-24 00:28:00,205.077515,205.217645,205.016575,205.217635
2026-03-24 00:29:00,205.220685,205.399835,205.208505,205.260985
2026-03-24 00:30:00,205.240785,205.394835,205.226715,205.300275
2026-03-24 00:31:00,205.306075,205.456585,205.228195,205.454975
2026-03-24 00:32:00,205.454165,205.503915,205.263955,205.268555
2026-03-24 00:33:00,205.260405,205.274065,205.136065,205.274065
2026-03-24 00:34:00,205.270355,205.425945,205.255715,205.285475
2026-03-24 00:35:00,205.285975,205.636865,205.260715,205.595625
2026-03-24 00:36:00,205.582705,205.783195,205.545635,205.733005
2026-03-24 00:37:00,205.729765,205.932155,205.671445,205.932155
2026-03-24 00:38:00,205.900995,205.906065,205.605655,205.673215
2026-03-24 00:39:00,205.674095,205.740535,205.596495,205.600215
2026-03-24 00:40:00,205.603595,205.638825,205.503495,205.514245
2026-03-24 00:41:00,205.509065,205.588465,205.417795,205.588465
2026-03-24 00:42:00,205.591925,205.593245,205.173615,205.313405
2026-03-24 00:43:00,205.318785,205.339635,205.233015,205.275035
2026-03-24 00:44:00,205.295035,205.430745,205.234915,205.357125
2026-03-24 00:45:00,205.355685,205.433595,205.136285,205.159465
2026-03-24 00:46:00,205.158335,205.376885,205.125845,205.333235
2026-03-24 00:47:00,205.324665,205.384505,205.247195,205.379985
2026-03-24 00:48:00,205.380305,205.403915,205.132585,205.143335
2026-03-24 00:49:00,205.132555,205.173895,204.939605,205.055915
2026-03-24 00:50:00,205.072705,205.258255,204.906565,205.238575
2026-03-24 00:51:00,205.267425,205.444915,205.242865,205.272605
2026-03-24 00:52:00,205.273535,205.398205,205.259275,205.276205
2026-03-24 00:53:00,205.271065,205.368745,205.197885,205.232285
2026-03-24 00:54:00,205.232425,205.485985,205.219205,205.483045
2026-03-24 00:55:00,205.487505,205.675775,205.420805,205.661195
2026-03-24 00:56:00,205.627355,205.627355,205.338625,205.374725
2026-03-24 00:57:00,205.389225,205.494095,205.332185,205.457475
2026-03-24 00:58:00,205.461205,205.798915,205.428895,205.798915
2026-03-24 00:59:00,205.791705,205.858535,205.599875,205.688925
2026-03-24 01:00:00,205.684745,205.749285,205.527445,205.593155
2026-03-24 01:01:00,205.599235,205.701825,205.354825,205.433005
2026-03-24 01:02:00,205.427905,205.709185,205.392125,205.701895
2026-03-24 01:03:00,205.709835,205.743415,205.517705,205.713765
2026-03-24 01:04:00,205.717645,205.718105,205.449385,205.559165
2026-03-24 01:05:00,205.558285,205.784155,205.516985,205.784155
2026-03-24 01:06:00,205.780055,205.849315,205.722485,205.780595
2026-03-24 01:07:00,205.777125,205.901635,205.717915,205.827065
2026-03-24 01:08:00,205.814525,205.918755,205.637585,205.750185
2026-03-24 01:09:00,205.756955,205.814445,205.619925,205.715095
2026-03-24 01:10:00,205.732465,205.757115,205.596685,205.693995
2026-03-24 01:11:00,205.702245,205.788435,205.552555,205.554305
2026-03-24 01:12:00,205.558305,205.602035,205.362375,205.362375
2026-03-24 01:13:00,205.340885,205.462365,205.219985,205.453885
2026-03-24 01:14:00,205.453315,205.549605,205.382215,205.471495
2026-03-24 01:15:00,205.494305,205.617635,205.411795,205.488545
2026-03-24 01:16:00,205.491735,205.591605,205.406775,205.520505
2026-03-24 01:17:00,205.518105,205.754045,205.447185,205.670335
2026-03-24 01:18:00,205.644705,205.841975,205.613315,205.841975
2026-03-24 01:19:00,205.852045,206.058985,205.833465,205.981015
2026-03-24 01:20:00,205.981175,206.358135,205.967755,206.294725
2026-03-24 01:21:00,206.297255,206.303315,206.105845,206.193355
2026-03-24 01:22:00,206.192715,206.426835,206.151715,206.346005
2026-03-24 01:23:00,206.348365,206.362335,206.148375,206.335305
2026-03-24 01:24:00,206.335975,206.361855,206.145305,206.279775
2026-03-24 01:25:00,206.280175,206.411275,206.235715,206.405695
2026-03-24 01:26:00,206.391095,206.496805,206.301435,206.474535
2026-03-24 01:27:00,206.474195,206.493945,206.077675,206.325475
2026-03-24 01:28:00,206.331025,206.370065,206.220895,206.370065
2026-03-24 01:29:00,206.346695,206.373395,206.192005,206.311155
2026-03-24 01:30:00,206.330715,206.447105,206.182665,206.216655
2026-03-24 01:31:00,206.184515,206.413595,206.152385,206.259505
2026-03-24 01:32:00,206.261185,206.372235,206.222615,206.304595
2026-03-24 01:33:00,206.305355,206.722675,206.293245,206.715155
2026-03-24 01:34:00,206.714585,206.777555,206.450485,206.469695
2026-03-24 01:35:00,206.468455,206.798155,206.404375,206.747805
2026-03-24 01:36:00,206.743895,206.892185,206.717915,206.858815
2026-03-24 01:37:00,206.861255,206.948155,206.842345,206.844775
2026-03-24 01:38:00,206.847915,206.993435,206.698335,206.910015
2026-03-24 01:39:00,206.914045,207.121315,206.861705,207.055375
2026-03-24 01:40:00,207.048065,207.094895,206.849645,207.015825
2026-03-24 01:41:00,206.999485,207.091345,206.944325,207.024785
2026-03-24 01:42:00,207.026995,207.170975,206.985315,207.045315
2026-03-24 01:43:00,207.062775,207.146355,206.935905,207.041865
2026-03-24 01:44:00,207.044685,207.164315,206.982885,207.045475
2026-03-24 01:45:00,207.072205,207.229115,206.999905,207.224145
2026-03-24 01:46:00,207.224735,207.271895,207.123115,207.141225
2026-03-24 01:47:00,207.141045,207.194185,206.871385,206.894955
2026-03-24 01:48:00,206.897155,207.169475,206.897155,207.135625
2026-03-24 01:49:00,207.133825,207.270435,207.077545,207.192435
2026-03-24 01:50:00,207.213905,207.216485,207.043065,207.185565
2026-03-24 01:51:00,207.180015,207.354325,207.113385,207.350735
2026-03-24 01:52:00,207.339865,207.456335,207.218975,207.436035
2026-03-24 01:53:00,207.450175,207.526955,207.246995,207.275715
2026-03-24 01:54:00,207.284405,207.472055,207.277035,207.420515
2026-03-24 01:55:00,207.428855,207.537265,207.348105,207.471195
2026-03-24 01:56:00,207.464315,207.610795,207.387535,207.479755
2026-03-24 01:57:00,207.503665,207.592175,207.320475,207.589895
2026-03-24 01:58:00,207.602665,207.644195,207.111965,207.118265
2026-03-24 01:59:00,207.106345,207.322125,207.039945,207.057035
2026-03-24 02:00:00,207.054755,207.100645,206.912355,206.984215
2026-03-24 02:01:00,206.987675,207.210495,206.986145,207.153305
2026-03-24 02:02:00,207.171445,207.402105,207.151035,207.308185
2026-03-24 02:03:00,207.311375,207.347935,206.884495,206.950415
2026-03-24 02:04:00,206.953335,207.035915,206.689685,206.719055
2026-03-24 02:05:00,206.695685,206.695685,206.524535,206.609645
2026-03-24 02:06:00,206.606775,206.647195,206.448485,206.584505
2026-03-24 02:07:00,206.582885,206.648805,206.327955,206.451795
2026-03-24 02:08:00,206.447475,206.478425,206.334565,206.417255
2026-03-24 02:09:00,206.409045,206.427775,206.138005,206.177045
2026-03-24 02:10:00,206.180735,206.334175,206.116645,206.307345
2026-03-24 02:11:00,206.303995,206.413615,206.198495,206.332325
2026-03-24 02:12:00,206.336425,206.494925,206.262745,206.454135
2026-03-24 02:13:00,206.455665,206.500865,206.228845,206.246815
2026-03-24 02:14:00,206.245175,206.427385,206.210375,206.379355
2026-03-24 02:15:00,206.379935,206.522645,206.336395,206.405065
2026-03-24 02:16:00,206.400915,206.536505,206.376085,206.534985
2026-03-24 02:17:00,206.532055,206.555845,206.251805,206.252635
2026-03-24 02:18:00,206.245275,206.245275,206.006115,206.024245
2026-03-24 02:19:00,206.029425,206.233365,205.986095,205.988875
2026-03-24 02:20:00,205.987315,206.099475,205.937785,206.031525
2026-03-24 02:21:00,206.033845,206.400145,206.024075,206.400145
2026-03-24 02:22:00,206.400105,206.564905,206.393185,206.523915
2026-03-24 02:23:00,206.528995,206.750245,206.509855,206.693665
2026-03-24 02:24:00,206.665845,207.036055,206.650075,207.036055
2026-03-24 02:25:00,207.018305,207.075355,206.852045,206.912325
2026-03-24 02:26:00,206.912595,207.065765,206.843325,207.049005
2026-03-24 02:27:00,207.045275,207.321245,206.994745,207.264465
2026-03-24 02:28:00,207.272415,207.288075,207.126045,207.131335
2026-03-24 02:29:00,207.111985,207.399425,207.111985,207.347895
2026-03-24 02:30:00,207.328855,207.375905,207.062685,207.093925
2026-03-24 02:31:00,207.094915,207.218325,207.015495,207.047995
2026-03-24 02:32:00,207.050515,207.308235,206.930645,207.203495
2026-03-24 02:33:00,207.200655,207.447985,207.184955,207.315055
2026-03-24 02:34:00,207.312475,207.342825,207.118075,207.248915
2026-03-24 02:35:00,207.261045,207.287205,207.059675,207.135605
2026-03-24 02:36:00,207.135145,207.441835,207.135145,207.441835
2026-03-24 02:37:00,207.426505,207.601805,207.425025,207.508205
2026-03-24 02:38:00,207.501335,207.572515,207.422895,207.446505
2026-03-24 02:39:00,207.448015,207.566495,207.173695,207.246485
2026-03-24 02:40:00,207.242055,207.244075,206.995635,207.031175
2026-03-24 02:41:00,207.041125,207.181955,206.882545,207.096945
2026-03-24 02:42:00,207.085315,207.096045,206.792085,206.897795
2026-03-24 02:43:00,206.901375,206.973355,206.771445,206.870655
2026-03-24 02:44:00,206.872295,207.004825,206.793025,206.991655
2026-03-24 02:45:00,206.987745,207.059945,206.816965,206.940355
2026-03-24 02:46:00,206.939345,207.036625,206.690045,206.703705
2026-03-24 02:47:00,206.707615,206.715915,206.505835,206.519935
2026-03-24 02:48:00,206.515895,206.916015,206.511235,206.912945
